ISO-10303-21;
HEADER;

/* File generated by HOOPS Exchange Version 25.2.0 */

FILE_DESCRIPTION(('HOOPS Exchange Step'),'2;1');

FILE_NAME('C:\\Users\\2534832\\OneDrive - University of Chester\\UOC_2ndSem_Assignments\\cad_model\\Cad_step.stp',
'2026-07-15T20:06:31+01:00',
('2534832'),
('Unknown organisation'),
'HOOPS Exchange 2025.2',
'HOOPS Exchange',
'Unknown authorisation');

FILE_SCHEMA( ('AUTOMOTIVE_DESIGN { 1 0 10303 214 1 1 1 1 }') );

ENDSEC;

DATA;
#3=(NAMED_UNIT(*)PLANE_ANGLE_UNIT()SI_UNIT($,.RADIAN.));
#4=PLANE_ANGLE_MEASURE_WITH_UNIT(PLANE_ANGLE_MEASURE(0.0174532925),#3);
#5=(CONVERSION_BASED_UNIT('DEGREE',#4)NAMED_UNIT(#6)PLANE_ANGLE_UNIT());
#6=DIMENSIONAL_EXPONENTS(0.,0.,0.,0.,0.,0.,0.);
#7=(NAMED_UNIT(*)SI_UNIT($,.STERADIAN.)SOLID_ANGLE_UNIT());
#8=(LENGTH_UNIT()NAMED_UNIT(*)SI_UNIT(.MILLI.,.METRE.));
#9=UNCERTAINTY_MEASURE_WITH_UNIT(LENGTH_MEASURE(1.000000E-03),#8,'DISTANCE_ACCURACY_VALUE','Maximum Tolerance applied to model');
#10=(GEOMETRIC_REPRESENTATION_CONTEXT(3)GLOBAL_UNCERTAINTY_ASSIGNED_CONTEXT((#9))GLOBAL_UNIT_ASSIGNED_CONTEXT((#8,#5,#7))REPRESENTATION_CONTEXT('','Geom'));
#12=CARTESIAN_POINT('',(0.,0.,0.));
#13=DIRECTION('',(0.,0.,1.));
#14=DIRECTION('',(1.,0.,0.));
#15=AXIS2_PLACEMENT_3D('',#12,#13,#14);
#26=(NAMED_UNIT(*)PLANE_ANGLE_UNIT()SI_UNIT($,.RADIAN.));
#27=PLANE_ANGLE_MEASURE_WITH_UNIT(PLANE_ANGLE_MEASURE(0.0174532925),#26);
#28=(CONVERSION_BASED_UNIT('DEGREE',#27)NAMED_UNIT(#29)PLANE_ANGLE_UNIT());
#29=DIMENSIONAL_EXPONENTS(0.,0.,0.,0.,0.,0.,0.);
#30=(NAMED_UNIT(*)SI_UNIT($,.STERADIAN.)SOLID_ANGLE_UNIT());
#31=(LENGTH_UNIT()NAMED_UNIT(*)SI_UNIT(.MILLI.,.METRE.));
#32=UNCERTAINTY_MEASURE_WITH_UNIT(LENGTH_MEASURE(1.000000E-03),#31,'DISTANCE_ACCURACY_VALUE','Maximum Tolerance applied to model');
#33=(GEOMETRIC_REPRESENTATION_CONTEXT(3)GLOBAL_UNCERTAINTY_ASSIGNED_CONTEXT((#32))GLOBAL_UNIT_ASSIGNED_CONTEXT((#31,#28,#30))REPRESENTATION_CONTEXT('','Geom'));
#45=CARTESIAN_POINT('',(0.,0.,0.));
#46=DIRECTION('',(0.,0.,1.));
#47=DIRECTION('',(1.,0.,-0.));
#48=AXIS2_PLACEMENT_3D('',#45,#46,#47);
#49=ITEM_DEFINED_TRANSFORMATION('','',#48,#15);
#50=(REPRESENTATION_RELATIONSHIP('','',#35,#16)REPRESENTATION_RELATIONSHIP_WITH_TRANSFORMATION(#49)SHAPE_REPRESENTATION_RELATIONSHIP());
#51=NEXT_ASSEMBLY_USAGE_OCCURRENCE('Geom_1','Geom','Geom',#25,#44,$);
#52=PRODUCT_DEFINITION_SHAPE('','',#51);
#53=CONTEXT_DEPENDENT_SHAPE_REPRESENTATION(#50,#52);
#55=CARTESIAN_POINT('',(112.5,531.,0.));
#56=DIRECTION('',(0.,-1.,0.));
#57=DIRECTION('',(1.,0.,0.));
#58=AXIS2_PLACEMENT_3D('',#55,#56,#57);
#59=CYLINDRICAL_SURFACE('',#58,12.5);
#60=CARTESIAN_POINT('',(125.000000008,478.991353438,-0.));
#61=VERTEX_POINT('',#60);
#62=CARTESIAN_POINT('',(125.,581.,-0.));
#63=VERTEX_POINT('',#62);
#64=CARTESIAN_POINT('',(125.,478.991353438,0.));
#65=DIRECTION('',(-0.,1.,-0.));
#66=VECTOR('',#65,102.008646562);
#67=LINE('',#64,#66);
#68=EDGE_CURVE('',#61,#63,#67,.T.);
#69=ORIENTED_EDGE('',*,*,#68,.T.);
#70=CARTESIAN_POINT('',(112.5,581.,0.));
#71=DIRECTION('',(0.,-1.,0.));
#72=DIRECTION('',(1.,0.,0.));
#73=AXIS2_PLACEMENT_3D('',#70,#71,#72);
#74=CIRCLE('',#73,12.5);
#75=EDGE_CURVE('214',#63,#63,#74,.T.);
#76=ORIENTED_EDGE('',*,*,#75,.T.);
#77=ORIENTED_EDGE('',*,*,#68,.F.);
#78=CARTESIAN_POINT('',(112.5,480.,-12.5));
#79=VERTEX_POINT('75',#78);
#80=CARTESIAN_POINT('',(112.5,480.,12.5));
#81=CARTESIAN_POINT('',(113.324375655,479.933476313,12.5));
#82=CARTESIAN_POINT('',(114.149198539,479.866921289,12.417497864));
#83=CARTESIAN_POINT('',(114.948342524,479.802437935,12.257879869));
#84=CARTESIAN_POINT('',(115.747486509,479.737954581,12.098261875));
#85=CARTESIAN_POINT('',(116.525732453,479.675156704,11.862327691));
#86=CARTESIAN_POINT('',(117.282738157,479.614072608,11.548827461));
#87=CARTESIAN_POINT('',(117.66124101,479.58353056,11.392077346));
#88=CARTESIAN_POINT('',(118.035547817,479.553327098,11.214957856));
#89=CARTESIAN_POINT('',(118.396493717,479.524201751,11.021858366));
#90=CARTESIAN_POINT('',(118.757439617,479.495076404,10.828758876));
#91=CARTESIAN_POINT('',(119.106929297,479.466875479,10.619038853));
#92=CARTESIAN_POINT('',(119.445174228,479.439581912,10.393005097));
#93=CARTESIAN_POINT('',(119.783419159,479.412288345,10.166971341));
#94=CARTESIAN_POINT('',(120.110418881,479.385902173,9.924623183));
#95=CARTESIAN_POINT('',(120.426059051,479.360432623,9.665794738));
#96=CARTESIAN_POINT('',(120.741699222,479.334963074,9.406966292));
#97=CARTESIAN_POINT('',(121.046816527,479.310342077,9.130817869));
#98=CARTESIAN_POINT('',(121.338303502,479.286822045,8.839365996));
#99=CARTESIAN_POINT('',(121.921277451,479.239781982,8.25646225));
#100=CARTESIAN_POINT('',(122.438220047,479.198067882,7.625373877));
#101=CARTESIAN_POINT('',(122.891318815,479.161506561,6.947696977));
#102=CARTESIAN_POINT('',(123.117868199,479.1432259,6.608858526));
#103=CARTESIAN_POINT('',(123.328339985,479.126242569,6.258287843));
#104=CARTESIAN_POINT('',(123.522300011,479.1105916,5.89566811));
#105=CARTESIAN_POINT('',(123.619280024,479.102766115,5.714358244));
#106=CARTESIAN_POINT('',(123.712362779,479.095255107,5.529501464));
#107=CARTESIAN_POINT('',(123.800449433,479.088147243,5.343205276));
#108=CARTESIAN_POINT('',(123.888536087,479.081039379,5.156909087));
#109=CARTESIAN_POINT('',(123.971692673,479.074329331,4.969126032));
#110=CARTESIAN_POINT('',(124.050009336,479.068009824,4.779883298));
#111=CARTESIAN_POINT('',(124.363275986,479.042731798,4.022912361));
#112=CARTESIAN_POINT('',(124.599794626,479.023646701,3.242794882));
#113=CARTESIAN_POINT('',(124.759632546,479.010749103,2.439551156));
#114=CARTESIAN_POINT('',(124.799592026,479.007524704,2.238740225));
#115=CARTESIAN_POINT('',(124.834715812,479.004690505,2.036470889));
#116=CARTESIAN_POINT('',(124.864916079,479.002253593,1.832716663));
#117=CARTESIAN_POINT('',(124.895116346,478.999816682,1.628962436));
#118=CARTESIAN_POINT('',(124.920411099,478.997775667,1.423307017));
#119=CARTESIAN_POINT('',(124.940484291,478.996155864,1.21833928));
#120=CARTESIAN_POINT('',(124.980630676,478.992916258,0.808403806));
#121=CARTESIAN_POINT('',(125.00028048,478.991330806,0.399404742));
#122=CARTESIAN_POINT('',(124.999996984,478.991353682,-0.008683649));
#123=CARTESIAN_POINT('',(124.999429992,478.991399434,-0.82486043));
#124=CARTESIAN_POINT('',(124.919706513,478.997828048,-1.637420878));
#125=CARTESIAN_POINT('',(124.758297753,479.01085681,-2.446249414));
#126=CARTESIAN_POINT('',(124.717945563,479.014114,-2.648456548));
#127=CARTESIAN_POINT('',(124.672399716,479.017788071,-2.850438081));
#128=CARTESIAN_POINT('',(124.622210463,479.021837928,-3.049920244));
#129=CARTESIAN_POINT('',(124.57202121,479.025887785,-3.249402407));
#130=CARTESIAN_POINT('',(124.517083471,479.030320806,-3.446961544));
#131=CARTESIAN_POINT('',(124.457476658,479.035130583,-3.642629815));
#132=CARTESIAN_POINT('',(124.338263032,479.044750136,-4.033966355));
#133=CARTESIAN_POINT('',(124.200406164,479.055874044,-4.417752816));
#134=CARTESIAN_POINT('',(124.044124829,479.068484655,-4.794077797));
#135=CARTESIAN_POINT('',(123.887843495,479.081095266,-5.170402777));
#136=CARTESIAN_POINT('',(123.713138159,479.09519254,-5.539266466));
#137=CARTESIAN_POINT('',(123.519692349,479.110802016,-5.900540698));
#138=CARTESIAN_POINT('',(123.326246539,479.126411492,-6.26181493));
#139=CARTESIAN_POINT('',(123.112714845,479.143641733,-6.617323059));
#140=CARTESIAN_POINT('',(122.88408177,479.16209053,-6.958508877));
#141=CARTESIAN_POINT('',(122.426815622,479.198988125,-7.640880511));
#142=CARTESIAN_POINT('',(121.908922052,479.24077785,-8.269678483));
#143=CARTESIAN_POINT('',(121.331653864,479.287358616,-8.846009836));
#144=CARTESIAN_POINT('',(121.04301977,479.310648999,-9.134175513));
#145=CARTESIAN_POINT('',(120.739436415,479.335145847,-9.409131202));
#146=CARTESIAN_POINT('',(120.420400408,479.360889229,-9.67043212));
#147=CARTESIAN_POINT('',(120.1013644,479.386632611,-9.931733037));
#148=CARTESIAN_POINT('',(119.7711492,479.413278429,-10.175793559));
#149=CARTESIAN_POINT('',(119.431708525,479.440668483,-10.401991007));
#150=CARTESIAN_POINT('',(118.752827175,479.49544859,-10.854385904));
#151=CARTESIAN_POINT('',(118.035269352,479.553349568,-11.237497132));
#152=CARTESIAN_POINT('',(117.278597726,479.614406707,-11.550541276));
#153=CARTESIAN_POINT('',(116.900261913,479.644935276,-11.707063348));
#154=CARTESIAN_POINT('',(116.510337318,479.676399044,-11.846298698));
#155=CARTESIAN_POINT('',(116.118477768,479.708018771,-11.964807505));
#156=CARTESIAN_POINT('',(115.726618219,479.739638498,-12.083316313));
#157=CARTESIAN_POINT('',(115.331290285,479.771537675,-12.18191419));
#158=CARTESIAN_POINT('',(114.932567012,479.80371087,-12.261020257));
#159=CARTESIAN_POINT('',(114.533843738,479.835884064,-12.340126323));
#160=CARTESIAN_POINT('',(114.131727641,479.868365264,-12.399739281));
#161=CARTESIAN_POINT('',(113.72618515,479.901055047,-12.43971342));
#162=CARTESIAN_POINT('',(113.523413904,479.917399939,-12.45970049));
#163=CARTESIAN_POINT('',(113.319787788,479.933837184,-12.474769203));
#164=CARTESIAN_POINT('',(113.115292754,479.950349479,-12.484847409));
#165=CARTESIAN_POINT('',(113.013045237,479.958605627,-12.489886512));
#166=CARTESIAN_POINT('',(112.910578464,479.966856685,-12.493677407));
#167=CARTESIAN_POINT('',(112.807894412,479.975154578,-12.496207466));
#168=CARTESIAN_POINT('',(112.756552385,479.979303525,-12.497472495));
#169=CARTESIAN_POINT('',(112.705154101,479.983440253,-12.498422277));
#170=CARTESIAN_POINT('',(112.653701847,479.987597049,-12.499054994));
#171=CARTESIAN_POINT('',(112.627975719,479.989675447,-12.499371353));
#172=CARTESIAN_POINT('',(112.602270358,479.992183036,-12.499608626));
#173=CARTESIAN_POINT('',(112.576481533,479.99382982,-12.499766022));
#174=CARTESIAN_POINT('',(112.550692707,479.995476604,-12.499923418));
#175=CARTESIAN_POINT('',(112.526132059,479.997891272,-12.5));
#176=CARTESIAN_POINT('',(112.5,480.,-12.5));
#177=B_SPLINE_CURVE_WITH_KNOTS('',3,(#80,#81,#82,#83,#84,#85,#86,#87,#88,#89,#90,#91,#92,#93,#94,#95,#96,#97,#98,#99,#100,#101,#102,#103,#104,#105,
#106,#107,#108,#109,#110,#111,#112,#113,#114,#115,#116,#117,#118,#119,#120,#121,#122,#123,#124,#125,#126,#127,#128,#129,#130,
#131,#132,#133,#134,#135,#136,#137,#138,#139,#140,#141,#142,#143,#144,#145,#146,#147,#148,#149,#150,#151,#152,#153,#154,#155,
#156,#157,#158,#159,#160,#161,#162,#163,#164,#165,#166,#167,#168,#169,#170,#171,#172,#173,#174,#175,#176),.UNSPECIFIED.,.F.,.F.,(4,3,3,3,3,3,3,3,3,3,3,3,3,3,3,3,3,3,3,3,3,3,3,3,3,3,
3,3,3,3,3,3,4),(-0.000055841,0.002390151,0.004836142,0.006059138,0.007282134,0.00850513,0.009728126,0.012174118,0.013397114,0.014008612,0.01462011,0.017066102,0.0176776,0.018289098,0.019512094,0.021958086,0.022569584,0.023181082,0.024404078,0.025627074,0.02685007,0.029296062,0.030519058,0.031742054,0.034188046,0.035411042,
0.036634038,0.037857034,0.038468532,0.038774281,0.038927156,0.039003593,0.03908003),.UNSPECIFIED.);
#178=EDGE_CURVE('216',#61,#79,#177,.T.);
#179=ORIENTED_EDGE('',*,*,#178,.T.);
#180=CARTESIAN_POINT('',(112.5,480.,12.5));
#181=VERTEX_POINT('77',#180);
#182=CARTESIAN_POINT('',(112.5,480.,12.5));
#183=CARTESIAN_POINT('',(111.675388321,480.066567975,12.499999982));
#184=CARTESIAN_POINT('',(110.850349193,480.134250041,12.417445164));
#185=CARTESIAN_POINT('',(110.051102245,480.201024582,12.257768956));
#186=CARTESIAN_POINT('',(109.251855297,480.267799124,12.098092749));
#187=CARTESIAN_POINT('',(108.473699605,480.333965796,11.86211669));
#188=CARTESIAN_POINT('',(107.716946502,480.399457877,11.548696863));
#189=CARTESIAN_POINT('',(107.33856995,480.432203917,11.391986949));
#190=CARTESIAN_POINT('',(106.964314121,480.464890184,11.214889944));
#191=CARTESIAN_POINT('',(106.603365043,480.496689313,11.021782804));
#192=CARTESIAN_POINT('',(106.242415965,480.528488441,10.828675665));
#193=CARTESIAN_POINT('',(105.892947893,480.559556382,10.618960704));
#194=CARTESIAN_POINT('',(105.554742506,480.589873931,10.392949454));
#195=CARTESIAN_POINT('',(105.21653712,480.620191481,10.166938204));
#196=CARTESIAN_POINT('',(104.889594918,480.649758741,9.924629961));
#197=CARTESIAN_POINT('',(104.574024042,480.678526869,9.665862874));
#198=CARTESIAN_POINT('',(104.258453166,480.707294998,9.407095788));
#199=CARTESIAN_POINT('',(103.953453879,480.735338847,9.13106809));
#200=CARTESIAN_POINT('',(103.662002084,480.762340465,8.839671534));
#201=CARTESIAN_POINT('',(103.079098493,480.816343703,8.256878424));
#202=CARTESIAN_POINT('',(102.562188737,480.865079376,7.625899802));
#203=CARTESIAN_POINT('',(102.109085956,480.90828353,6.948302334));
#204=CARTESIAN_POINT('',(101.882534566,480.929885607,6.6095036));
#205=CARTESIAN_POINT('',(101.672051655,480.950095308,6.258964908));
#206=CARTESIAN_POINT('',(101.478072447,480.968818273,5.89636439));
#207=CARTESIAN_POINT('',(101.381082843,480.978179755,5.71506413));
#208=CARTESIAN_POINT('',(101.287988478,480.987192044,5.530213924));
#209=CARTESIAN_POINT('',(101.199887098,480.995742241,5.343916953));
#210=CARTESIAN_POINT('',(101.111785718,481.004292438,5.157619983));
#211=CARTESIAN_POINT('',(101.028612516,481.012386616,4.969831227));
#212=CARTESIAN_POINT('',(100.950278014,481.020026715,4.780577584));
#213=CARTESIAN_POINT('',(100.636940006,481.05058711,4.023563014));
#214=CARTESIAN_POINT('',(100.400329648,481.073935808,3.243319286));
#215=CARTESIAN_POINT('',(100.240425634,481.089757238,2.439843511));
#216=CARTESIAN_POINT('',(100.20044963,481.093712595,2.238974568));
#217=CARTESIAN_POINT('',(100.165310985,481.097194136,2.03664056));
#218=CARTESIAN_POINT('',(100.135098426,481.100189953,1.83281452));
#219=CARTESIAN_POINT('',(100.104885866,481.103185769,1.62898848));
#220=CARTESIAN_POINT('',(100.079584779,481.105697258,1.423276711));
#221=CARTESIAN_POINT('',(100.059508914,481.107691109,1.218269894));
#222=CARTESIAN_POINT('',(100.019357183,481.11167881,0.808256258));
#223=CARTESIAN_POINT('',(99.999708702,481.113633723,0.399168004));
#224=CARTESIAN_POINT('',(100.000003255,481.113604434,-0.009020121));
#225=CARTESIAN_POINT('',(100.00059236,481.113545856,-0.825396371));
#226=CARTESIAN_POINT('',(100.080375828,481.105595592,-1.638198131));
#227=CARTESIAN_POINT('',(100.24191401,481.089609975,-2.447310331));
#228=CARTESIAN_POINT('',(100.282298555,481.08561357,-2.64958838));
#229=CARTESIAN_POINT('',(100.327867988,481.081110616,-2.851582069));
#230=CARTESIAN_POINT('',(100.378079729,481.076156487,-3.051073407));
#231=CARTESIAN_POINT('',(100.428291469,481.071202357,-3.250564744));
#232=CARTESIAN_POINT('',(100.483251847,481.065787274,-3.448131045));
#233=CARTESIAN_POINT('',(100.542881323,481.059923645,-3.643804736));
#234=CARTESIAN_POINT('',(100.662140275,481.048196389,-4.035152119));
#235=CARTESIAN_POINT('',(100.800042518,481.034677627,-4.418942461));
#236=CARTESIAN_POINT('',(100.95636883,481.019432703,-4.795266356));
#237=CARTESIAN_POINT('',(101.112695143,481.004187779,-5.17159025));
#238=CARTESIAN_POINT('',(101.287445063,480.987216681,-5.54044788));
#239=CARTESIAN_POINT('',(101.480935393,480.968541948,-5.901712903));
#240=CARTESIAN_POINT('',(101.674425723,480.949867214,-6.262977926));
#241=CARTESIAN_POINT('',(101.887996325,480.929361738,-6.618458431));
#242=CARTESIAN_POINT('',(102.116618422,480.907565348,-6.95955365));
#243=CARTESIAN_POINT('',(102.573862618,480.863972568,-7.641744089));
#244=CARTESIAN_POINT('',(103.091692252,480.815171473,-8.270359864));
#245=CARTESIAN_POINT('',(103.66886894,480.76170431,-8.846531761));
#246=CARTESIAN_POINT('',(103.957457285,480.734970729,-9.13461771));
#247=CARTESIAN_POINT('',(104.260988104,480.707060749,-9.409499145));
#248=CARTESIAN_POINT('',(104.579967227,480.677985104,-9.670733213));
#249=CARTESIAN_POINT('',(104.898946351,480.648909459,-9.931967281));
#250=CARTESIAN_POINT('',(105.229045366,480.619063349,-10.175928477));
#251=CARTESIAN_POINT('',(105.5684032,480.588649495,-10.402065458));
#252=CARTESIAN_POINT('',(106.247118869,480.527821786,-10.854339421));
#253=CARTESIAN_POINT('',(106.964532974,480.464570118,-11.237393363));
#254=CARTESIAN_POINT('',(107.721115706,480.399097071,-11.550422715));
#255=CARTESIAN_POINT('',(108.099407072,480.366360547,-11.706937391));
#256=CARTESIAN_POINT('',(108.489289762,480.332917778,-11.846171599));
#257=CARTESIAN_POINT('',(108.881121869,480.299610996,-11.964686418));
#258=CARTESIAN_POINT('',(109.272953976,480.266304213,-12.083201236));
#259=CARTESIAN_POINT('',(109.668277548,480.233000977,-12.181814474));
#260=CARTESIAN_POINT('',(110.067019755,480.199694876,-12.260938265));
#261=CARTESIAN_POINT('',(110.465761962,480.166388775,-12.340062055));
#262=CARTESIAN_POINT('',(110.867921161,480.133057811,-12.399695336));
#263=CARTESIAN_POINT('',(111.273532385,480.099801483,-12.439685574));
#264=CARTESIAN_POINT('',(111.476337996,480.083173319,-12.459680694));
#265=CARTESIAN_POINT('',(111.680005164,480.066528048,-12.474756361));
#266=CARTESIAN_POINT('',(111.884547195,480.049871578,-12.48483952));
#267=CARTESIAN_POINT('',(111.98681821,480.041543343,-12.4898811));
#268=CARTESIAN_POINT('',(112.089310337,480.033239881,-12.49367397));
#269=CARTESIAN_POINT('',(112.192021081,480.024904319,-12.496205383));
#270=CARTESIAN_POINT('',(112.243376453,480.020736538,-12.49747109));
#271=CARTESIAN_POINT('',(112.294788612,480.0165863,-12.498421394));
#272=CARTESIAN_POINT('',(112.346255037,480.012419418,-12.499054464));
#273=CARTESIAN_POINT('',(112.37198825,480.010335977,-12.499370998));
#274=CARTESIAN_POINT('',(112.397735839,480.008258116,-12.499608222));
#275=CARTESIAN_POINT('',(112.423497082,480.006176621,-12.49976589));
#276=CARTESIAN_POINT('',(112.449258326,480.004095126,-12.499923558));
#277=CARTESIAN_POINT('',(112.473860076,480.002110162,-12.5));
#278=CARTESIAN_POINT('',(112.5,480.,-12.5));
#279=B_SPLINE_CURVE_WITH_KNOTS('',3,(#182,#183,#184,#185,#186,#187,#188,#189,#190,#191,#192,#193,#194,#195,#196,#197,#198,#199,#200,#201,#202,#203,#204,#205,#206,#207,
#208,#209,#210,#211,#212,#213,#214,#215,#216,#217,#218,#219,#220,#221,#222,#223,#224,#225,#226,#227,#228,#229,#230,#231,#232,
#233,#234,#235,#236,#237,#238,#239,#240,#241,#242,#243,#244,#245,#246,#247,#248,#249,#250,#251,#252,#253,#254,#255,#256,#257,
#258,#259,#260,#261,#262,#263,#264,#265,#266,#267,#268,#269,#270,#271,#272,#273,#274,#275,#276,#277,#278),.UNSPECIFIED.,.F.,.F.,(4,3,3,3,3,3,3,3,3,3,3,3,3,3,3,3,3,3,3,3,3,3,3,3,3,3,
3,3,3,3,3,3,4),(-0.000055841,0.002390831,0.004837504,0.00606084,0.007284177,0.008507513,0.009730849,0.012177522,0.013400858,0.014012527,0.014624195,0.017070868,0.017682536,0.018294204,0.01951754,0.021964213,0.022575881,0.023187549,0.024410886,0.025634222,0.026857558,0.029304231,0.030527567,0.031750904,0.034197577,0.035420913,
0.036644249,0.037867586,0.038479254,0.038785088,0.038938005,0.039014463,0.039090922),.UNSPECIFIED.);
#280=EDGE_CURVE('126',#181,#79,#279,.T.);
#281=ORIENTED_EDGE('',*,*,#280,.F.);
#282=CARTESIAN_POINT('',(112.5,480.,12.5));
#283=CARTESIAN_POINT('',(113.324375655,479.933476313,12.5));
#284=CARTESIAN_POINT('',(114.149198539,479.866921289,12.417497864));
#285=CARTESIAN_POINT('',(114.948342524,479.802437935,12.257879869));
#286=CARTESIAN_POINT('',(115.747486509,479.737954581,12.098261875));
#287=CARTESIAN_POINT('',(116.525732453,479.675156704,11.862327691));
#288=CARTESIAN_POINT('',(117.282738157,479.614072608,11.548827461));
#289=CARTESIAN_POINT('',(117.66124101,479.58353056,11.392077346));
#290=CARTESIAN_POINT('',(118.035547817,479.553327098,11.214957856));
#291=CARTESIAN_POINT('',(118.396493717,479.524201751,11.021858366));
#292=CARTESIAN_POINT('',(118.757439617,479.495076404,10.828758876));
#293=CARTESIAN_POINT('',(119.106929297,479.466875479,10.619038853));
#294=CARTESIAN_POINT('',(119.445174228,479.439581912,10.393005097));
#295=CARTESIAN_POINT('',(119.783419159,479.412288345,10.166971341));
#296=CARTESIAN_POINT('',(120.110418881,479.385902173,9.924623183));
#297=CARTESIAN_POINT('',(120.426059051,479.360432623,9.665794738));
#298=CARTESIAN_POINT('',(120.741699222,479.334963074,9.406966292));
#299=CARTESIAN_POINT('',(121.046816527,479.310342077,9.130817869));
#300=CARTESIAN_POINT('',(121.338303502,479.286822045,8.839365996));
#301=CARTESIAN_POINT('',(121.921277451,479.239781982,8.25646225));
#302=CARTESIAN_POINT('',(122.438220047,479.198067882,7.625373877));
#303=CARTESIAN_POINT('',(122.891318815,479.161506561,6.947696977));
#304=CARTESIAN_POINT('',(123.117868199,479.1432259,6.608858526));
#305=CARTESIAN_POINT('',(123.328339985,479.126242569,6.258287843));
#306=CARTESIAN_POINT('',(123.522300011,479.1105916,5.89566811));
#307=CARTESIAN_POINT('',(123.619280024,479.102766115,5.714358244));
#308=CARTESIAN_POINT('',(123.712362779,479.095255107,5.529501464));
#309=CARTESIAN_POINT('',(123.800449433,479.088147243,5.343205276));
#310=CARTESIAN_POINT('',(123.888536087,479.081039379,5.156909087));
#311=CARTESIAN_POINT('',(123.971692673,479.074329331,4.969126032));
#312=CARTESIAN_POINT('',(124.050009336,479.068009824,4.779883298));
#313=CARTESIAN_POINT('',(124.363275986,479.042731798,4.022912361));
#314=CARTESIAN_POINT('',(124.599794626,479.023646701,3.242794882));
#315=CARTESIAN_POINT('',(124.759632546,479.010749103,2.439551156));
#316=CARTESIAN_POINT('',(124.799592026,479.007524704,2.238740225));
#317=CARTESIAN_POINT('',(124.834715812,479.004690505,2.036470889));
#318=CARTESIAN_POINT('',(124.864916079,479.002253593,1.832716663));
#319=CARTESIAN_POINT('',(124.895116346,478.999816682,1.628962436));
#320=CARTESIAN_POINT('',(124.920411099,478.997775667,1.423307017));
#321=CARTESIAN_POINT('',(124.940484291,478.996155864,1.21833928));
#322=CARTESIAN_POINT('',(124.980630676,478.992916258,0.808403806));
#323=CARTESIAN_POINT('',(125.00028048,478.991330806,0.399404742));
#324=CARTESIAN_POINT('',(124.999996984,478.991353682,-0.008683649));
#325=CARTESIAN_POINT('',(124.999429992,478.991399434,-0.82486043));
#326=CARTESIAN_POINT('',(124.919706513,478.997828048,-1.637420878));
#327=CARTESIAN_POINT('',(124.758297753,479.01085681,-2.446249414));
#328=CARTESIAN_POINT('',(124.717945563,479.014114,-2.648456548));
#329=CARTESIAN_POINT('',(124.672399716,479.017788071,-2.850438081));
#330=CARTESIAN_POINT('',(124.622210463,479.021837928,-3.049920244));
#331=CARTESIAN_POINT('',(124.57202121,479.025887785,-3.249402407));
#332=CARTESIAN_POINT('',(124.517083471,479.030320806,-3.446961544));
#333=CARTESIAN_POINT('',(124.457476658,479.035130583,-3.642629815));
#334=CARTESIAN_POINT('',(124.338263032,479.044750136,-4.033966355));
#335=CARTESIAN_POINT('',(124.200406164,479.055874044,-4.417752816));
#336=CARTESIAN_POINT('',(124.044124829,479.068484655,-4.794077797));
#337=CARTESIAN_POINT('',(123.887843495,479.081095266,-5.170402777));
#338=CARTESIAN_POINT('',(123.713138159,479.09519254,-5.539266466));
#339=CARTESIAN_POINT('',(123.519692349,479.110802016,-5.900540698));
#340=CARTESIAN_POINT('',(123.326246539,479.126411492,-6.26181493));
#341=CARTESIAN_POINT('',(123.112714845,479.143641733,-6.617323059));
#342=CARTESIAN_POINT('',(122.88408177,479.16209053,-6.958508877));
#343=CARTESIAN_POINT('',(122.426815622,479.198988125,-7.640880511));
#344=CARTESIAN_POINT('',(121.908922052,479.24077785,-8.269678483));
#345=CARTESIAN_POINT('',(121.331653864,479.287358616,-8.846009836));
#346=CARTESIAN_POINT('',(121.04301977,479.310648999,-9.134175513));
#347=CARTESIAN_POINT('',(120.739436415,479.335145847,-9.409131202));
#348=CARTESIAN_POINT('',(120.420400408,479.360889229,-9.67043212));
#349=CARTESIAN_POINT('',(120.1013644,479.386632611,-9.931733037));
#350=CARTESIAN_POINT('',(119.7711492,479.413278429,-10.175793559));
#351=CARTESIAN_POINT('',(119.431708525,479.440668483,-10.401991007));
#352=CARTESIAN_POINT('',(118.752827175,479.49544859,-10.854385904));
#353=CARTESIAN_POINT('',(118.035269352,479.553349568,-11.237497132));
#354=CARTESIAN_POINT('',(117.278597726,479.614406707,-11.550541276));
#355=CARTESIAN_POINT('',(116.900261913,479.644935276,-11.707063348));
#356=CARTESIAN_POINT('',(116.510337318,479.676399044,-11.846298698));
#357=CARTESIAN_POINT('',(116.118477768,479.708018771,-11.964807505));
#358=CARTESIAN_POINT('',(115.726618219,479.739638498,-12.083316313));
#359=CARTESIAN_POINT('',(115.331290285,479.771537675,-12.18191419));
#360=CARTESIAN_POINT('',(114.932567012,479.80371087,-12.261020257));
#361=CARTESIAN_POINT('',(114.533843738,479.835884064,-12.340126323));
#362=CARTESIAN_POINT('',(114.131727641,479.868365264,-12.399739281));
#363=CARTESIAN_POINT('',(113.72618515,479.901055047,-12.43971342));
#364=CARTESIAN_POINT('',(113.523413904,479.917399939,-12.45970049));
#365=CARTESIAN_POINT('',(113.319787788,479.933837184,-12.474769203));
#366=CARTESIAN_POINT('',(113.115292754,479.950349479,-12.484847409));
#367=CARTESIAN_POINT('',(113.013045237,479.958605627,-12.489886512));
#368=CARTESIAN_POINT('',(112.910578464,479.966856685,-12.493677407));
#369=CARTESIAN_POINT('',(112.807894412,479.975154578,-12.496207466));
#370=CARTESIAN_POINT('',(112.756552385,479.979303525,-12.497472495));
#371=CARTESIAN_POINT('',(112.705154101,479.983440253,-12.498422277));
#372=CARTESIAN_POINT('',(112.653701847,479.987597049,-12.499054994));
#373=CARTESIAN_POINT('',(112.627975719,479.989675447,-12.499371353));
#374=CARTESIAN_POINT('',(112.602270358,479.992183036,-12.499608626));
#375=CARTESIAN_POINT('',(112.576481533,479.99382982,-12.499766022));
#376=CARTESIAN_POINT('',(112.550692707,479.995476604,-12.499923418));
#377=CARTESIAN_POINT('',(112.526132059,479.997891272,-12.5));
#378=CARTESIAN_POINT('',(112.5,480.,-12.5));
#379=B_SPLINE_CURVE_WITH_KNOTS('',3,(#282,#283,#284,#285,#286,#287,#288,#289,#290,#291,#292,#293,#294,#295,#296,#297,#298,#299,#300,#301,#302,#303,#304,#305,#306,#307,
#308,#309,#310,#311,#312,#313,#314,#315,#316,#317,#318,#319,#320,#321,#322,#323,#324,#325,#326,#327,#328,#329,#330,#331,#332,
#333,#334,#335,#336,#337,#338,#339,#340,#341,#342,#343,#344,#345,#346,#347,#348,#349,#350,#351,#352,#353,#354,#355,#356,#357,
#358,#359,#360,#361,#362,#363,#364,#365,#366,#367,#368,#369,#370,#371,#372,#373,#374,#375,#376,#377,#378),.UNSPECIFIED.,.F.,.F.,(4,3,3,3,3,3,3,3,3,3,3,3,3,3,3,3,3,3,3,3,3,3,3,3,3,3,
3,3,3,3,3,3,4),(-0.000055841,0.002390151,0.004836142,0.006059138,0.007282134,0.00850513,0.009728126,0.012174118,0.013397114,0.014008612,0.01462011,0.017066102,0.0176776,0.018289098,0.019512094,0.021958086,0.022569584,0.023181082,0.024404078,0.025627074,0.02685007,0.029296062,0.030519058,0.031742054,0.034188046,0.035411042,
0.036634038,0.037857034,0.038468532,0.038774281,0.038927156,0.039003593,0.03908003),.UNSPECIFIED.);
#380=EDGE_CURVE('216',#181,#61,#379,.T.);
#381=ORIENTED_EDGE('',*,*,#380,.T.);
#382=EDGE_LOOP('',(#69,#76,#77,#179,#281,#381));
#383=FACE_BOUND('',#382,.T.);
#384=ADVANCED_FACE('116',(#383),#59,.T.);
#385=CARTESIAN_POINT('',(125.000000009,478.991353493,0.));
#386=CARTESIAN_POINT('',(124.978413454,478.858465013,0.));
#387=CARTESIAN_POINT('',(124.956826899,478.725576534,0.));
#388=CARTESIAN_POINT('',(124.919079314,478.493199514,0.));
#389=CARTESIAN_POINT('',(124.902918283,478.393710974,0.));
#390=CARTESIAN_POINT('',(124.870596222,478.194733894,0.));
#391=CARTESIAN_POINT('',(124.8571775,478.112121508,0.));
#392=CARTESIAN_POINT('',(124.824138289,477.908739584,0.));
#393=CARTESIAN_POINT('',(124.805598187,477.79653285,0.));
#394=CARTESIAN_POINT('',(124.772006189,477.597464899,0.));
#395=CARTESIAN_POINT('',(124.754904952,477.49798351,0.));
#396=CARTESIAN_POINT('',(124.702686487,477.199702378,0.));
#397=CARTESIAN_POINT('',(124.666654498,477.001065661,0.));
#398=CARTESIAN_POINT('',(124.554907555,476.405850004,0.));
#399=CARTESIAN_POINT('',(124.475541454,476.009965483,0.));
#400=CARTESIAN_POINT('',(124.222909417,474.825431933,0.));
#401=CARTESIAN_POINT('',(124.03510674,474.039902236,0.));
#402=CARTESIAN_POINT('',(123.414224588,471.698565551,0.));
#403=CARTESIAN_POINT('',(122.923621754,470.158019092,0.));
#404=CARTESIAN_POINT('',(121.228881527,465.619701018,0.));
#405=CARTESIAN_POINT('',(119.801310044,462.705905551,0.));
#406=CARTESIAN_POINT('',(114.706283045,454.464913924,0.));
#407=CARTESIAN_POINT('',(110.218540968,449.648457466,0.));
#408=CARTESIAN_POINT('',(99.737364742,442.096589328,0.));
#409=CARTESIAN_POINT('',(93.748053595,439.364148342,0.));
#410=CARTESIAN_POINT('',(84.318064391,437.139615421,0.));
#411=CARTESIAN_POINT('',(81.102219826,436.707749586,0.));
#412=CARTESIAN_POINT('',(76.260814608,436.536662202,0.));
#413=CARTESIAN_POINT('',(74.644188681,436.558914014,0.));
#414=CARTESIAN_POINT('',(72.226709838,436.71105923,0.));
#415=CARTESIAN_POINT('',(71.422124929,436.781556565,0.));
#416=CARTESIAN_POINT('',(70.218531507,436.91685457,0.));
#417=CARTESIAN_POINT('',(69.817880623,436.96687858,0.));
#418=CARTESIAN_POINT('',(69.217898203,437.049280962,0.));
#419=CARTESIAN_POINT('',(69.018069681,437.077976116,0.));
#420=CARTESIAN_POINT('',(68.718596706,437.122857503,0.));
#421=CARTESIAN_POINT('',(68.618817347,437.138124407,0.));
#422=CARTESIAN_POINT('',(68.419352095,437.169270592,0.));
#423=CARTESIAN_POINT('',(68.307046251,437.187200567,0.));
#424=CARTESIAN_POINT('',(68.103663813,437.220236618,0.));
#425=CARTESIAN_POINT('',(68.021051721,437.233657147,0.));
#426=CARTESIAN_POINT('',(67.822074641,437.265979209,0.));
#427=CARTESIAN_POINT('',(67.722586101,437.28214024,0.));
#428=CARTESIAN_POINT('',(67.490201653,437.319889032,0.));
#429=CARTESIAN_POINT('',(67.357305745,437.341476793,0.));
#430=CARTESIAN_POINT('',(67.224409837,437.363064554,0.));
#431=CARTESIAN_POINT('',(125.000000009,478.991353493,25.));
#432=CARTESIAN_POINT('',(124.978413454,478.858465013,25.));
#433=CARTESIAN_POINT('',(124.956826899,478.725576534,25.));
#434=CARTESIAN_POINT('',(124.919079314,478.493199514,25.));
#435=CARTESIAN_POINT('',(124.902918283,478.393710974,25.));
#436=CARTESIAN_POINT('',(124.870596222,478.194733894,25.));
#437=CARTESIAN_POINT('',(124.8571775,478.112121508,25.));
#438=CARTESIAN_POINT('',(124.824138289,477.908739584,25.));
#439=CARTESIAN_POINT('',(124.805598187,477.79653285,25.));
#440=CARTESIAN_POINT('',(124.772006189,477.597464899,25.));
#441=CARTESIAN_POINT('',(124.754904952,477.49798351,25.));
#442=CARTESIAN_POINT('',(124.702686487,477.199702378,25.));
#443=CARTESIAN_POINT('',(124.666654498,477.001065661,25.));
#444=CARTESIAN_POINT('',(124.554907555,476.405850004,25.));
#445=CARTESIAN_POINT('',(124.475541454,476.009965483,25.));
#446=CARTESIAN_POINT('',(124.222909417,474.825431933,25.));
#447=CARTESIAN_POINT('',(124.03510674,474.039902236,25.));
#448=CARTESIAN_POINT('',(123.414224588,471.698565551,25.));
#449=CARTESIAN_POINT('',(122.923621754,470.158019092,25.));
#450=CARTESIAN_POINT('',(121.228881527,465.619701018,25.));
#451=CARTESIAN_POINT('',(119.801310044,462.705905551,25.));
#452=CARTESIAN_POINT('',(114.706283045,454.464913924,25.));
#453=CARTESIAN_POINT('',(110.218540968,449.648457466,25.));
#454=CARTESIAN_POINT('',(99.737364742,442.096589328,25.));
#455=CARTESIAN_POINT('',(93.748053595,439.364148342,25.));
#456=CARTESIAN_POINT('',(84.318064391,437.139615421,25.));
#457=CARTESIAN_POINT('',(81.102219826,436.707749586,25.));
#458=CARTESIAN_POINT('',(76.260814608,436.536662202,25.));
#459=CARTESIAN_POINT('',(74.644188681,436.558914014,25.));
#460=CARTESIAN_POINT('',(72.226709838,436.71105923,25.));
#461=CARTESIAN_POINT('',(71.422124929,436.781556565,25.));
#462=CARTESIAN_POINT('',(70.218531507,436.91685457,25.));
#463=CARTESIAN_POINT('',(69.817880623,436.96687858,25.));
#464=CARTESIAN_POINT('',(69.217898203,437.049280962,25.));
#465=CARTESIAN_POINT('',(69.018069681,437.077976116,25.));
#466=CARTESIAN_POINT('',(68.718596706,437.122857503,25.));
#467=CARTESIAN_POINT('',(68.618817347,437.138124407,25.));
#468=CARTESIAN_POINT('',(68.419352095,437.169270592,25.));
#469=CARTESIAN_POINT('',(68.307046251,437.187200567,25.));
#470=CARTESIAN_POINT('',(68.103663813,437.220236618,25.));
#471=CARTESIAN_POINT('',(68.021051721,437.233657147,25.));
#472=CARTESIAN_POINT('',(67.822074641,437.265979209,25.));
#473=CARTESIAN_POINT('',(67.722586101,437.28214024,25.));
#474=CARTESIAN_POINT('',(67.490201653,437.319889032,25.));
#475=CARTESIAN_POINT('',(67.357305745,437.341476793,25.));
#476=CARTESIAN_POINT('',(67.224409837,437.363064554,25.));
#477=CARTESIAN_POINT('',(100.323451688,482.999839864,25.));
#478=CARTESIAN_POINT('',(100.301865134,482.866951385,25.));
#479=CARTESIAN_POINT('',(100.280278579,482.734062905,25.));
#480=CARTESIAN_POINT('',(100.242530994,482.501685886,25.));
#481=CARTESIAN_POINT('',(100.226369963,482.402197346,25.));
#482=CARTESIAN_POINT('',(100.194047901,482.203220266,25.));
#483=CARTESIAN_POINT('',(100.17514591,482.086855347,25.));
#484=CARTESIAN_POINT('',(100.151690344,481.942466016,25.));
#485=CARTESIAN_POINT('',(100.145604803,481.905953934,25.));
#486=CARTESIAN_POINT('',(100.129031835,481.807741653,25.));
#487=CARTESIAN_POINT('',(100.120594758,481.758661457,25.));
#488=CARTESIAN_POINT('',(100.094832226,481.611501303,25.));
#489=CARTESIAN_POINT('',(100.077055463,481.513501776,25.));
#490=CARTESIAN_POINT('',(100.021923926,481.219845832,25.));
#491=CARTESIAN_POINT('',(99.982767819,481.024532012,25.));
#492=CARTESIAN_POINT('',(99.85812913,480.440129847,25.));
#493=CARTESIAN_POINT('',(99.765474692,480.052580456,25.));
#494=CARTESIAN_POINT('',(99.45915591,478.897457218,25.));
#495=CARTESIAN_POINT('',(99.217111808,478.137412316,25.));
#496=CARTESIAN_POINT('',(98.380993778,475.898385055,25.));
#497=CARTESIAN_POINT('',(97.676686276,474.460833218,25.));
#498=CARTESIAN_POINT('',(95.163000773,470.395052766,25.));
#499=CARTESIAN_POINT('',(92.948925716,468.018802989,25.));
#500=CARTESIAN_POINT('',(87.777926479,464.293008904,25.));
#501=CARTESIAN_POINT('',(84.823036426,462.94493022,25.));
#502=CARTESIAN_POINT('',(80.170651433,461.847433356,25.));
#503=CARTESIAN_POINT('',(78.584080476,461.634367775,25.));
#504=CARTESIAN_POINT('',(76.195521964,461.549960003,25.));
#505=CARTESIAN_POINT('',(75.397942451,461.56093817,25.));
#506=CARTESIAN_POINT('',(74.205253674,461.636000623,25.));
#507=CARTESIAN_POINT('',(73.808303192,461.67078123,25.));
#508=CARTESIAN_POINT('',(73.214497637,461.737531933,25.));
#509=CARTESIAN_POINT('',(73.016832282,461.762211807,25.));
#510=CARTESIAN_POINT('',(72.720824605,461.802865895,25.));
#511=CARTESIAN_POINT('',(72.622237088,461.817022952,25.));
#512=CARTESIAN_POINT('',(72.474488926,461.83916566,25.));
#513=CARTESIAN_POINT('',(72.425261723,461.846697749,25.));
#514=CARTESIAN_POINT('',(72.326853429,461.862064049,25.));
#515=CARTESIAN_POINT('',(72.290292451,461.867848578,25.));
#516=CARTESIAN_POINT('',(72.145902866,461.891302585,25.));
#517=CARTESIAN_POINT('',(72.029538093,461.910205468,25.));
#518=CARTESIAN_POINT('',(71.830561013,461.942527529,25.));
#519=CARTESIAN_POINT('',(71.731072473,461.95868856,25.));
#520=CARTESIAN_POINT('',(71.498688025,461.996437352,25.));
#521=CARTESIAN_POINT('',(71.365792117,462.018025113,25.));
#522=CARTESIAN_POINT('',(71.232896209,462.039612875,25.));
#523=CARTESIAN_POINT('',(100.323451688,482.999839864,0.));
#524=CARTESIAN_POINT('',(100.301865134,482.866951385,0.));
#525=CARTESIAN_POINT('',(100.280278579,482.734062905,0.));
#526=CARTESIAN_POINT('',(100.242530994,482.501685886,0.));
#527=CARTESIAN_POINT('',(100.226369963,482.402197346,0.));
#528=CARTESIAN_POINT('',(100.194047901,482.203220266,0.));
#529=CARTESIAN_POINT('',(100.17514591,482.086855347,0.));
#530=CARTESIAN_POINT('',(100.151690344,481.942466016,0.));
#531=CARTESIAN_POINT('',(100.145604803,481.905953934,0.));
#532=CARTESIAN_POINT('',(100.129031835,481.807741653,0.));
#533=CARTESIAN_POINT('',(100.120594758,481.758661457,0.));
#534=CARTESIAN_POINT('',(100.094832226,481.611501303,0.));
#535=CARTESIAN_POINT('',(100.077055463,481.513501776,0.));
#536=CARTESIAN_POINT('',(100.021923926,481.219845832,0.));
#537=CARTESIAN_POINT('',(99.982767819,481.024532012,0.));
#538=CARTESIAN_POINT('',(99.85812913,480.440129847,0.));
#539=CARTESIAN_POINT('',(99.765474692,480.052580456,0.));
#540=CARTESIAN_POINT('',(99.45915591,478.897457218,0.));
#541=CARTESIAN_POINT('',(99.217111808,478.137412316,0.));
#542=CARTESIAN_POINT('',(98.380993778,475.898385055,0.));
#543=CARTESIAN_POINT('',(97.676686276,474.460833218,0.));
#544=CARTESIAN_POINT('',(95.163000773,470.395052766,0.));
#545=CARTESIAN_POINT('',(92.948925716,468.018802989,0.));
#546=CARTESIAN_POINT('',(87.777926479,464.293008904,0.));
#547=CARTESIAN_POINT('',(84.823036426,462.94493022,0.));
#548=CARTESIAN_POINT('',(80.170651433,461.847433356,0.));
#549=CARTESIAN_POINT('',(78.584080476,461.634367775,0.));
#550=CARTESIAN_POINT('',(76.195521964,461.549960003,0.));
#551=CARTESIAN_POINT('',(75.397942451,461.56093817,0.));
#552=CARTESIAN_POINT('',(74.205253674,461.636000623,0.));
#553=CARTESIAN_POINT('',(73.808303192,461.67078123,0.));
#554=CARTESIAN_POINT('',(73.214497637,461.737531933,0.));
#555=CARTESIAN_POINT('',(73.016832282,461.762211807,0.));
#556=CARTESIAN_POINT('',(72.720824605,461.802865895,0.));
#557=CARTESIAN_POINT('',(72.622237088,461.817022952,0.));
#558=CARTESIAN_POINT('',(72.474488926,461.83916566,0.));
#559=CARTESIAN_POINT('',(72.425261723,461.846697749,0.));
#560=CARTESIAN_POINT('',(72.326853429,461.862064049,0.));
#561=CARTESIAN_POINT('',(72.290292451,461.867848578,0.));
#562=CARTESIAN_POINT('',(72.145902866,461.891302585,0.));
#563=CARTESIAN_POINT('',(72.029538093,461.910205468,0.));
#564=CARTESIAN_POINT('',(71.830561013,461.942527529,0.));
#565=CARTESIAN_POINT('',(71.731072473,461.95868856,0.));
#566=CARTESIAN_POINT('',(71.498688025,461.996437352,0.));
#567=CARTESIAN_POINT('',(71.365792117,462.018025113,0.));
#568=CARTESIAN_POINT('',(71.232896209,462.039612875,0.));
#569=CARTESIAN_POINT('',(100.323451688,482.999839864,-25.));
#570=CARTESIAN_POINT('',(100.301865134,482.866951385,-25.));
#571=CARTESIAN_POINT('',(100.280278579,482.734062905,-25.));
#572=CARTESIAN_POINT('',(100.242530994,482.501685886,-25.));
#573=CARTESIAN_POINT('',(100.226369963,482.402197346,-25.));
#574=CARTESIAN_POINT('',(100.194047901,482.203220266,-25.));
#575=CARTESIAN_POINT('',(100.17514591,482.086855347,-25.));
#576=CARTESIAN_POINT('',(100.151690344,481.942466016,-25.));
#577=CARTESIAN_POINT('',(100.145604803,481.905953934,-25.));
#578=CARTESIAN_POINT('',(100.129031835,481.807741653,-25.));
#579=CARTESIAN_POINT('',(100.120594758,481.758661457,-25.));
#580=CARTESIAN_POINT('',(100.094832226,481.611501303,-25.));
#581=CARTESIAN_POINT('',(100.077055463,481.513501776,-25.));
#582=CARTESIAN_POINT('',(100.021923926,481.219845832,-25.));
#583=CARTESIAN_POINT('',(99.982767819,481.024532012,-25.));
#584=CARTESIAN_POINT('',(99.85812913,480.440129847,-25.));
#585=CARTESIAN_POINT('',(99.765474692,480.052580456,-25.));
#586=CARTESIAN_POINT('',(99.45915591,478.897457218,-25.));
#587=CARTESIAN_POINT('',(99.217111808,478.137412316,-25.));
#588=CARTESIAN_POINT('',(98.380993778,475.898385055,-25.));
#589=CARTESIAN_POINT('',(97.676686276,474.460833218,-25.));
#590=CARTESIAN_POINT('',(95.163000773,470.395052766,-25.));
#591=CARTESIAN_POINT('',(92.948925716,468.018802989,-25.));
#592=CARTESIAN_POINT('',(87.777926479,464.293008904,-25.));
#593=CARTESIAN_POINT('',(84.823036426,462.94493022,-25.));
#594=CARTESIAN_POINT('',(80.170651433,461.847433356,-25.));
#595=CARTESIAN_POINT('',(78.584080476,461.634367775,-25.));
#596=CARTESIAN_POINT('',(76.195521964,461.549960003,-25.));
#597=CARTESIAN_POINT('',(75.397942451,461.56093817,-25.));
#598=CARTESIAN_POINT('',(74.205253674,461.636000623,-25.));
#599=CARTESIAN_POINT('',(73.808303192,461.67078123,-25.));
#600=CARTESIAN_POINT('',(73.214497637,461.737531933,-25.));
#601=CARTESIAN_POINT('',(73.016832282,461.762211807,-25.));
#602=CARTESIAN_POINT('',(72.720824605,461.802865895,-25.));
#603=CARTESIAN_POINT('',(72.622237088,461.817022952,-25.));
#604=CARTESIAN_POINT('',(72.474488926,461.83916566,-25.));
#605=CARTESIAN_POINT('',(72.425261723,461.846697749,-25.));
#606=CARTESIAN_POINT('',(72.326853429,461.862064049,-25.));
#607=CARTESIAN_POINT('',(72.290292451,461.867848578,-25.));
#608=CARTESIAN_POINT('',(72.145902866,461.891302585,-25.));
#609=CARTESIAN_POINT('',(72.029538093,461.910205468,-25.));
#610=CARTESIAN_POINT('',(71.830561013,461.942527529,-25.));
#611=CARTESIAN_POINT('',(71.731072473,461.95868856,-25.));
#612=CARTESIAN_POINT('',(71.498688025,461.996437352,-25.));
#613=CARTESIAN_POINT('',(71.365792117,462.018025113,-25.));
#614=CARTESIAN_POINT('',(71.232896209,462.039612875,-25.));
#615=CARTESIAN_POINT('',(125.000000009,478.991353493,-25.));
#616=CARTESIAN_POINT('',(124.978413454,478.858465013,-25.));
#617=CARTESIAN_POINT('',(124.956826899,478.725576534,-25.));
#618=CARTESIAN_POINT('',(124.919079314,478.493199514,-25.));
#619=CARTESIAN_POINT('',(124.902918283,478.393710974,-25.));
#620=CARTESIAN_POINT('',(124.870596222,478.194733894,-25.));
#621=CARTESIAN_POINT('',(124.8571775,478.112121508,-25.));
#622=CARTESIAN_POINT('',(124.824138289,477.908739584,-25.));
#623=CARTESIAN_POINT('',(124.805598187,477.79653285,-25.));
#624=CARTESIAN_POINT('',(124.772006189,477.597464899,-25.));
#625=CARTESIAN_POINT('',(124.754904952,477.49798351,-25.));
#626=CARTESIAN_POINT('',(124.702686487,477.199702378,-25.));
#627=CARTESIAN_POINT('',(124.666654498,477.001065661,-25.));
#628=CARTESIAN_POINT('',(124.554907555,476.405850004,-25.));
#629=CARTESIAN_POINT('',(124.475541454,476.009965483,-25.));
#630=CARTESIAN_POINT('',(124.222909417,474.825431933,-25.));
#631=CARTESIAN_POINT('',(124.03510674,474.039902236,-25.));
#632=CARTESIAN_POINT('',(123.414224588,471.698565551,-25.));
#633=CARTESIAN_POINT('',(122.923621754,470.158019092,-25.));
#634=CARTESIAN_POINT('',(121.228881527,465.619701018,-25.));
#635=CARTESIAN_POINT('',(119.801310044,462.705905551,-25.));
#636=CARTESIAN_POINT('',(114.706283045,454.464913924,-25.));
#637=CARTESIAN_POINT('',(110.218540968,449.648457466,-25.));
#638=CARTESIAN_POINT('',(99.737364742,442.096589328,-25.));
#639=CARTESIAN_POINT('',(93.748053595,439.364148342,-25.));
#640=CARTESIAN_POINT('',(84.318064391,437.139615421,-25.));
#641=CARTESIAN_POINT('',(81.102219826,436.707749586,-25.));
#642=CARTESIAN_POINT('',(76.260814608,436.536662202,-25.));
#643=CARTESIAN_POINT('',(74.644188681,436.558914014,-25.));
#644=CARTESIAN_POINT('',(72.226709838,436.71105923,-25.));
#645=CARTESIAN_POINT('',(71.422124929,436.781556565,-25.));
#646=CARTESIAN_POINT('',(70.218531507,436.91685457,-25.));
#647=CARTESIAN_POINT('',(69.817880623,436.96687858,-25.));
#648=CARTESIAN_POINT('',(69.217898203,437.049280962,-25.));
#649=CARTESIAN_POINT('',(69.018069681,437.077976116,-25.));
#650=CARTESIAN_POINT('',(68.718596706,437.122857503,-25.));
#651=CARTESIAN_POINT('',(68.618817347,437.138124407,-25.));
#652=CARTESIAN_POINT('',(68.419352095,437.169270592,-25.));
#653=CARTESIAN_POINT('',(68.307046251,437.187200567,-25.));
#654=CARTESIAN_POINT('',(68.103663813,437.220236618,-25.));
#655=CARTESIAN_POINT('',(68.021051721,437.233657147,-25.));
#656=CARTESIAN_POINT('',(67.822074641,437.265979209,-25.));
#657=CARTESIAN_POINT('',(67.722586101,437.28214024,-25.));
#658=CARTESIAN_POINT('',(67.490201653,437.319889032,-25.));
#659=CARTESIAN_POINT('',(67.357305745,437.341476793,-25.));
#660=CARTESIAN_POINT('',(67.224409837,437.363064554,-25.));
#661=CARTESIAN_POINT('',(125.000000009,478.991353493,0.));
#662=CARTESIAN_POINT('',(124.978413454,478.858465013,0.));
#663=CARTESIAN_POINT('',(124.956826899,478.725576534,0.));
#664=CARTESIAN_POINT('',(124.919079314,478.493199514,0.));
#665=CARTESIAN_POINT('',(124.902918283,478.393710974,0.));
#666=CARTESIAN_POINT('',(124.870596222,478.194733894,0.));
#667=CARTESIAN_POINT('',(124.8571775,478.112121508,0.));
#668=CARTESIAN_POINT('',(124.824138289,477.908739584,0.));
#669=CARTESIAN_POINT('',(124.805598187,477.79653285,0.));
#670=CARTESIAN_POINT('',(124.772006189,477.597464899,0.));
#671=CARTESIAN_POINT('',(124.754904952,477.49798351,0.));
#672=CARTESIAN_POINT('',(124.702686487,477.199702378,0.));
#673=CARTESIAN_POINT('',(124.666654498,477.001065661,0.));
#674=CARTESIAN_POINT('',(124.554907555,476.405850004,0.));
#675=CARTESIAN_POINT('',(124.475541454,476.009965483,0.));
#676=CARTESIAN_POINT('',(124.222909417,474.825431933,0.));
#677=CARTESIAN_POINT('',(124.03510674,474.039902236,0.));
#678=CARTESIAN_POINT('',(123.414224588,471.698565551,0.));
#679=CARTESIAN_POINT('',(122.923621754,470.158019092,0.));
#680=CARTESIAN_POINT('',(121.228881527,465.619701018,0.));
#681=CARTESIAN_POINT('',(119.801310044,462.705905551,0.));
#682=CARTESIAN_POINT('',(114.706283045,454.464913924,0.));
#683=CARTESIAN_POINT('',(110.218540968,449.648457466,0.));
#684=CARTESIAN_POINT('',(99.737364742,442.096589328,0.));
#685=CARTESIAN_POINT('',(93.748053595,439.364148342,0.));
#686=CARTESIAN_POINT('',(84.318064391,437.139615421,0.));
#687=CARTESIAN_POINT('',(81.102219826,436.707749586,0.));
#688=CARTESIAN_POINT('',(76.260814608,436.536662202,0.));
#689=CARTESIAN_POINT('',(74.644188681,436.558914014,0.));
#690=CARTESIAN_POINT('',(72.226709838,436.71105923,0.));
#691=CARTESIAN_POINT('',(71.422124929,436.781556565,0.));
#692=CARTESIAN_POINT('',(70.218531507,436.91685457,0.));
#693=CARTESIAN_POINT('',(69.817880623,436.96687858,0.));
#694=CARTESIAN_POINT('',(69.217898203,437.049280962,0.));
#695=CARTESIAN_POINT('',(69.018069681,437.077976116,0.));
#696=CARTESIAN_POINT('',(68.718596706,437.122857503,0.));
#697=CARTESIAN_POINT('',(68.618817347,437.138124407,0.));
#698=CARTESIAN_POINT('',(68.419352095,437.169270592,0.));
#699=CARTESIAN_POINT('',(68.307046251,437.187200567,0.));
#700=CARTESIAN_POINT('',(68.103663813,437.220236618,0.));
#701=CARTESIAN_POINT('',(68.021051721,437.233657147,0.));
#702=CARTESIAN_POINT('',(67.822074641,437.265979209,0.));
#703=CARTESIAN_POINT('',(67.722586101,437.28214024,0.));
#704=CARTESIAN_POINT('',(67.490201653,437.319889032,0.));
#705=CARTESIAN_POINT('',(67.357305745,437.341476793,0.));
#706=CARTESIAN_POINT('',(67.224409837,437.363064554,0.));
#707=(BOUNDED_SURFACE()
B_SPLINE_SURFACE(3,3,((#385,#386,#387,#388,#389,#390,#391,#392,#393,#394,#395,#396,#397,#398,#399,#400,#401,#402,#403,#404,#405,#406,#407,#408,#409,#410,
#411,#412,#413,#414,#415,#416,#417,#418,#419,#420,#421,#422,#423,#424,#425,#426,#427,#428,#429,#430),(#431,#432,#433,#434,#435,#436,#437,#438,#439,#440,#441,#442,#443,#444,#445,#446,#447,#448,#449,#450,#451,#452,#453,#454,#455,#456,
#457,#458,#459,#460,#461,#462,#463,#464,#465,#466,#467,#468,#469,#470,#471,#472,#473,#474,#475,#476),(#477,#478,#479,#480,#481,#482,#483,#484,#485,#486,#487,#488,#489,#490,#491,#492,#493,#494,#495,#496,#497,#498,#499,#500,#501,#502,
#503,#504,#505,#506,#507,#508,#509,#510,#511,#512,#513,#514,#515,#516,#517,#518,#519,#520,#521,#522),(#523,#524,#525,#526,#527,#528,#529,#530,#531,#532,#533,#534,#535,#536,#537,#538,#539,#540,#541,#542,#543,#544,#545,#546,#547,#548,
#549,#550,#551,#552,#553,#554,#555,#556,#557,#558,#559,#560,#561,#562,#563,#564,#565,#566,#567,#568),(#569,#570,#571,#572,#573,#574,#575,#576,#577,#578,#579,#580,#581,#582,#583,#584,#585,#586,#587,#588,#589,#590,#591,#592,#593,#594,
#595,#596,#597,#598,#599,#600,#601,#602,#603,#604,#605,#606,#607,#608,#609,#610,#611,#612,#613,#614),(#615,#616,#617,#618,#619,#620,#621,#622,#623,#624,#625,#626,#627,#628,#629,#630,#631,#632,#633,#634,#635,#636,#637,#638,#639,#640,
#641,#642,#643,#644,#645,#646,#647,#648,#649,#650,#651,#652,#653,#654,#655,#656,#657,#658,#659,#660),(#661,#662,#663,#664,#665,#666,#667,#668,#669,#670,#671,#672,#673,#674,#675,#676,#677,#678,#679,#680,#681,#682,#683,#684,#685,#686,
#687,#688,#689,#690,#691,#692,#693,#694,#695,#696,#697,#698,#699,#700,#701,#702,#703,#704,#705,#706)),.UNSPECIFIED.,.T.,.F.,.U.)
B_SPLINE_SURFACE_WITH_KNOTS((4,3,4),(4,2,2,2,2,2,2,2,2,2,2,2,2,2,2,2,2,2,2,2,2,2,4),(0.,0.5,1.),(-0.017424693,-0.010447347,-0.005223673,0.,0.00390625,0.0078125,0.015625,0.03125,0.0625,0.125,0.25,0.5,0.75,0.875,0.9375,0.96875,0.984375,0.9921875,0.99609375,1.,1.005223673,1.010447347,1.017425083),.UNSPECIFIED.)
GEOMETRIC_REPRESENTATION_ITEM()
RATIONAL_B_SPLINE_SURFACE(((1.,1.,1.,1.,1.,1.,1.,1.,1.,1.,1.,1.,1.,1.,1.,1.,1.,1.,1.,1.,1.,1.,1.,1.,1.,1.,
1.,1.,1.,1.,1.,1.,1.,1.,1.,1.,1.,1.,1.,1.,1.,1.,1.,1.,1.,1.),(0.333333333,0.333333333,0.333333333,0.333333333,0.333333333,0.333333333,0.333333333,0.333333333,0.333333333,0.333333333,0.333333333,0.333333333,0.333333333,0.333333333,0.333333333,0.333333333,0.333333333,0.333333333,0.333333333,0.333333333,0.333333333,0.333333333,0.333333333,0.333333333,0.333333333,0.333333333,
0.333333333,0.333333333,0.333333333,0.333333333,0.333333333,0.333333333,0.333333333,0.333333333,0.333333333,0.333333333,0.333333333,0.333333333,0.333333333,0.333333333,0.333333333,0.333333333,0.333333333,0.333333333,0.333333333,0.333333333),(0.333333333,0.333333333,0.333333333,0.333333333,0.333333333,0.333333333,0.333333333,0.333333333,0.333333333,0.333333333,0.333333333,0.333333333,0.333333333,0.333333333,0.333333333,0.333333333,0.333333333,0.333333333,0.333333333,0.333333333,0.333333333,0.333333333,0.333333333,0.333333333,0.333333333,0.333333333,
0.333333333,0.333333333,0.333333333,0.333333333,0.333333333,0.333333333,0.333333333,0.333333333,0.333333333,0.333333333,0.333333333,0.333333333,0.333333333,0.333333333,0.333333333,0.333333333,0.333333333,0.333333333,0.333333333,0.333333333),(1.,1.,1.,1.,1.,1.,1.,1.,1.,1.,1.,1.,1.,1.,1.,1.,1.,1.,1.,1.,1.,1.,1.,1.,1.,1.,
1.,1.,1.,1.,1.,1.,1.,1.,1.,1.,1.,1.,1.,1.,1.,1.,1.,1.,1.,1.),(0.333333333,0.333333333,0.333333333,0.333333333,0.333333333,0.333333333,0.333333333,0.333333333,0.333333333,0.333333333,0.333333333,0.333333333,0.333333333,0.333333333,0.333333333,0.333333333,0.333333333,0.333333333,0.333333333,0.333333333,0.333333333,0.333333333,0.333333333,0.333333333,0.333333333,0.333333333,
0.333333333,0.333333333,0.333333333,0.333333333,0.333333333,0.333333333,0.333333333,0.333333333,0.333333333,0.333333333,0.333333333,0.333333333,0.333333333,0.333333333,0.333333333,0.333333333,0.333333333,0.333333333,0.333333333,0.333333333),(0.333333333,0.333333333,0.333333333,0.333333333,0.333333333,0.333333333,0.333333333,0.333333333,0.333333333,0.333333333,0.333333333,0.333333333,0.333333333,0.333333333,0.333333333,0.333333333,0.333333333,0.333333333,0.333333333,0.333333333,0.333333333,0.333333333,0.333333333,0.333333333,0.333333333,0.333333333,
0.333333333,0.333333333,0.333333333,0.333333333,0.333333333,0.333333333,0.333333333,0.333333333,0.333333333,0.333333333,0.333333333,0.333333333,0.333333333,0.333333333,0.333333333,0.333333333,0.333333333,0.333333333,0.333333333,0.333333333),(1.,1.,1.,1.,1.,1.,1.,1.,1.,1.,1.,1.,1.,1.,1.,1.,1.,1.,1.,1.,1.,1.,1.,1.,1.,1.,
1.,1.,1.,1.,1.,1.,1.,1.,1.,1.,1.,1.,1.,1.,1.,1.,1.,1.,1.,1.)))
REPRESENTATION_ITEM('')
SURFACE()
);
#708=CARTESIAN_POINT('',(69.289569109,437.039609238,-0.));
#709=VERTEX_POINT('',#708);
#710=CARTESIAN_POINT('',(69.28956911,437.039609246,0.));
#711=CARTESIAN_POINT('',(69.332335849,437.033621164,0.));
#712=CARTESIAN_POINT('',(69.375110307,437.027689243,0.));
#713=CARTESIAN_POINT('',(69.817880623,436.96687858,0.));
#714=CARTESIAN_POINT('',(70.218531507,436.91685457,0.));
#715=CARTESIAN_POINT('',(71.422124929,436.781556565,0.));
#716=CARTESIAN_POINT('',(72.226709838,436.71105923,0.));
#717=CARTESIAN_POINT('',(74.644188681,436.558914014,0.));
#718=CARTESIAN_POINT('',(76.260814608,436.536662202,0.));
#719=CARTESIAN_POINT('',(81.102219826,436.707749586,0.));
#720=CARTESIAN_POINT('',(84.318064391,437.139615421,0.));
#721=CARTESIAN_POINT('',(93.748053595,439.364148342,0.));
#722=CARTESIAN_POINT('',(99.737364742,442.096589328,0.));
#723=CARTESIAN_POINT('',(110.218540968,449.648457466,0.));
#724=CARTESIAN_POINT('',(114.706283045,454.464913924,0.));
#725=CARTESIAN_POINT('',(119.801310044,462.705905551,0.));
#726=CARTESIAN_POINT('',(121.228881527,465.619701018,0.));
#727=CARTESIAN_POINT('',(122.923621754,470.158019092,0.));
#728=CARTESIAN_POINT('',(123.414224588,471.698565551,0.));
#729=CARTESIAN_POINT('',(124.03510674,474.039902236,0.));
#730=CARTESIAN_POINT('',(124.222909417,474.825431933,0.));
#731=CARTESIAN_POINT('',(124.475541454,476.009965483,0.));
#732=CARTESIAN_POINT('',(124.554907555,476.405850004,0.));
#733=CARTESIAN_POINT('',(124.666654498,477.001065661,0.));
#734=CARTESIAN_POINT('',(124.702686487,477.199702378,0.));
#735=CARTESIAN_POINT('',(124.754904952,477.49798351,0.));
#736=CARTESIAN_POINT('',(124.772006189,477.597464899,0.));
#737=CARTESIAN_POINT('',(124.805598187,477.79653285,0.));
#738=CARTESIAN_POINT('',(124.824138289,477.908739584,0.));
#739=CARTESIAN_POINT('',(124.8571775,478.112121508,0.));
#740=CARTESIAN_POINT('',(124.870596222,478.194733894,0.));
#741=CARTESIAN_POINT('',(124.902918283,478.393710974,0.));
#742=CARTESIAN_POINT('',(124.919079314,478.493199514,0.));
#743=CARTESIAN_POINT('',(124.956826897,478.725576516,0.));
#744=CARTESIAN_POINT('',(124.978413448,478.858464978,0.));
#745=CARTESIAN_POINT('',(125.,478.991353439,0.));
#746=B_SPLINE_CURVE_WITH_KNOTS('',3,(#710,#711,#712,#713,#714,#715,#716,#717,#718,#719,#720,#721,#722,#723,#724,#725,#726,#727,#728,#729,#730,#731,#732,#733,#734,#735,
#736,#737,#738,#739,#740,#741,#742,#743,#744,#745),.UNSPECIFIED.,.F.,.F.,(4,2,2,2,2,2,2,2,2,2,2,2,2,2,2,2,2,4),(0.013953778,0.015625,0.03125,0.0625,0.125,0.25,0.5,0.75,0.875,0.9375,0.96875,0.984375,0.9921875,0.99609375,1.,1.005223673,1.010447347,1.017424692),.UNSPECIFIED.);
#747=EDGE_CURVE('',#709,#61,#746,.T.);
#748=ORIENTED_EDGE('',*,*,#747,.T.);
#749=ORIENTED_EDGE('',*,*,#380,.F.);
#750=ORIENTED_EDGE('',*,*,#280,.T.);
#751=ORIENTED_EDGE('',*,*,#178,.F.);
#752=ORIENTED_EDGE('',*,*,#747,.F.);
#753=CARTESIAN_POINT('',(70.224271987,449.539609246,-12.5));
#754=VERTEX_POINT('81',#753);
#755=CARTESIAN_POINT('',(70.224271987,449.539609246,-12.5));
#756=CARTESIAN_POINT('',(70.222164679,449.513482709,-12.5));
#757=CARTESIAN_POINT('',(70.220181226,449.488891955,-12.499923631));
#758=CARTESIAN_POINT('',(70.218105279,449.463143152,-12.499766115));
#759=CARTESIAN_POINT('',(70.216029331,449.437394349,-12.499608599));
#760=CARTESIAN_POINT('',(70.213958867,449.411659044,-12.499371603));
#761=CARTESIAN_POINT('',(70.211885483,449.385937853,-12.499055368));
#762=CARTESIAN_POINT('',(70.207738715,449.334495472,-12.498422898));
#763=CARTESIAN_POINT('',(70.203615598,449.283106777,-12.497473481));
#764=CARTESIAN_POINT('',(70.199485408,449.231773861,-12.49620892));
#765=CARTESIAN_POINT('',(70.191225029,449.12910803,-12.493679798));
#766=CARTESIAN_POINT('',(70.183026671,449.026658207,-12.489890251));
#767=CARTESIAN_POINT('',(70.174842028,448.924425986,-12.484852805));
#768=CARTESIAN_POINT('',(70.158472742,448.719961545,-12.474777913));
#769=CARTESIAN_POINT('',(70.142241612,448.516360577,-12.45971372));
#770=CARTESIAN_POINT('',(70.1261688,448.313608986,-12.439731644));
#771=CARTESIAN_POINT('',(70.094023175,447.908105804,-12.399767491));
#772=CARTESIAN_POINT('',(70.062327713,447.506008453,-12.34016629));
#773=CARTESIAN_POINT('',(70.031166108,447.107285741,-12.261068565));
#774=CARTESIAN_POINT('',(70.000004502,446.708563028,-12.181970841));
#775=CARTESIAN_POINT('',(69.969351783,446.313216716,-12.083377723));
#776=CARTESIAN_POINT('',(69.939184957,445.921322878,-11.964865388));
#777=CARTESIAN_POINT('',(69.909018132,445.529429039,-11.846353053));
#778=CARTESIAN_POINT('',(69.879223481,445.139463807,-11.707108472));
#779=CARTESIAN_POINT('',(69.850508669,444.761091357,-11.550574305));
#780=CARTESIAN_POINT('',(69.793079045,444.004346457,-11.237505973));
#781=CARTESIAN_POINT('',(69.739397323,443.286685413,-10.85434083));
#782=CARTESIAN_POINT('',(69.689159016,442.607695552,-10.401854284));
#783=CARTESIAN_POINT('',(69.664039863,442.268200621,-10.175611011));
#784=CARTESIAN_POINT('',(69.639747998,441.937900249,-9.931470856));
#785=CARTESIAN_POINT('',(69.616404958,441.61884481,-9.670133957));
#786=CARTESIAN_POINT('',(69.593061917,441.29978937,-9.408797058));
#787=CARTESIAN_POINT('',(69.570974026,440.996188292,-9.133802056));
#788=CARTESIAN_POINT('',(69.550068297,440.707539552,-8.845594662));
#789=CARTESIAN_POINT('',(69.508256838,440.130242072,-8.269179874));
#790=CARTESIAN_POINT('',(69.471139255,439.612331771,-7.640288657));
#791=CARTESIAN_POINT('',(69.438573055,439.155068161,-6.9578234));
#792=CARTESIAN_POINT('',(69.422289954,438.926436357,-6.616590771));
#793=CARTESIAN_POINT('',(69.407145022,438.712945979,-6.261091895));
#794=CARTESIAN_POINT('',(69.393462985,438.519541109,-5.899838834));
#795=CARTESIAN_POINT('',(69.379780948,438.32613624,-5.538585773));
#796=CARTESIAN_POINT('',(69.367465547,438.151467508,-5.169743276));
#797=CARTESIAN_POINT('',(69.356472438,437.995219459,-4.793439731));
#798=CARTESIAN_POINT('',(69.345479328,437.83897141,-4.417136185));
#799=CARTESIAN_POINT('',(69.335808642,437.701144503,-4.033371403));
#800=CARTESIAN_POINT('',(69.327458828,437.581958111,-3.642057019));
#801=CARTESIAN_POINT('',(69.32328392,437.522364915,-3.446399828));
#802=CARTESIAN_POINT('',(69.319439886,437.467440106,-3.248851889));
#803=CARTESIAN_POINT('',(69.315930596,437.417263142,-3.049381073));
#804=CARTESIAN_POINT('',(69.312421305,437.367086177,-2.849910257));
#805=CARTESIAN_POINT('',(69.309239514,437.321553263,-2.647942641));
#806=CARTESIAN_POINT('',(69.3064226,437.281219935,-2.445790566));
#807=CARTESIAN_POINT('',(69.295154943,437.119886623,-1.637182268));
#808=CARTESIAN_POINT('',(69.289609234,437.040185165,-0.824805104));
#809=CARTESIAN_POINT('',(69.289569325,437.039612326,-0.008774776));
#810=CARTESIAN_POINT('',(69.28954937,437.039325906,0.399240387));
#811=CARTESIAN_POINT('',(69.290917073,437.058965614,0.808175493));
#812=CARTESIAN_POINT('',(69.293714828,437.099097281,1.218056672));
#813=CARTESIAN_POINT('',(69.295113705,437.119163115,1.422997262));
#814=CARTESIAN_POINT('',(69.296876662,437.144447717,1.628611726));
#815=CARTESIAN_POINT('',(69.298982559,437.174633383,1.832313265));
#816=CARTESIAN_POINT('',(69.301088456,437.204819049,2.036014804));
#817=CARTESIAN_POINT('',(69.303538654,437.239926271,2.238236289));
#818=CARTESIAN_POINT('',(69.306328167,437.27986782,2.439003929));
#819=CARTESIAN_POINT('',(69.317486222,437.439634017,3.24207449));
#820=CARTESIAN_POINT('',(69.334018761,437.676059576,4.022091131));
#821=CARTESIAN_POINT('',(69.356051991,437.989243349,4.779021619));
#822=CARTESIAN_POINT('',(69.361560298,438.067539292,4.968254242));
#823=CARTESIAN_POINT('',(69.36741583,438.150675775,5.156030994));
#824=CARTESIAN_POINT('',(69.373627713,438.238743427,5.342324562));
#825=CARTESIAN_POINT('',(69.379839596,438.326811078,5.528618131));
#826=CARTESIAN_POINT('',(69.386412314,438.419872297,5.713468591));
#827=CARTESIAN_POINT('',(69.393271311,438.516831632,5.894775116));
#828=CARTESIAN_POINT('',(69.406989306,438.710750302,6.257388165));
#829=CARTESIAN_POINT('',(69.42191727,438.921185468,6.607965702));
#830=CARTESIAN_POINT('',(69.438048673,439.147705008,6.94682131));
#831=CARTESIAN_POINT('',(69.470311479,439.600744089,7.624532527));
#832=CARTESIAN_POINT('',(69.507349423,440.117654113,8.255696231));
#833=CARTESIAN_POINT('',(69.549568303,440.700635802,8.838696084));
#834=CARTESIAN_POINT('',(69.570677744,440.992126647,9.13019601));
#835=CARTESIAN_POINT('',(69.592879944,441.297283858,9.406421037));
#836=CARTESIAN_POINT('',(69.615975057,441.612968735,9.665317905));
#837=CARTESIAN_POINT('',(69.63907017,441.928653612,9.924214773));
#838=CARTESIAN_POINT('',(69.663119829,442.255711851,10.166632626));
#839=CARTESIAN_POINT('',(69.68814791,442.594028985,10.392733752));
#840=CARTESIAN_POINT('',(69.71317599,442.932346118,10.618834878));
#841=CARTESIAN_POINT('',(69.739182322,443.281921677,10.828619971));
#842=CARTESIAN_POINT('',(69.766219376,443.64296711,11.021778964));
#843=CARTESIAN_POINT('',(69.79325643,444.004012544,11.214937956));
#844=CARTESIAN_POINT('',(69.82146645,444.378385369,11.392085034));
#845=CARTESIAN_POINT('',(69.850189571,444.756886531,11.548833856));
#846=CARTESIAN_POINT('',(69.907635813,445.513888853,11.8623315));
#847=CARTESIAN_POINT('',(69.967474783,446.292171111,12.098279038));
#848=CARTESIAN_POINT('',(70.029922937,447.091377362,12.257901967));
#849=CARTESIAN_POINT('',(70.092371091,447.890583614,12.417524897));
#850=CARTESIAN_POINT('',(70.157792458,448.715399836,12.500000018));
#851=CARTESIAN_POINT('',(70.224271987,449.539609246,12.5));
#852=B_SPLINE_CURVE_WITH_KNOTS('',3,(#755,#756,#757,#758,#759,#760,#761,#762,#763,#764,#765,#766,#767,#768,#769,#770,#771,#772,#773,#774,#775,#776,#777,#778,#779,#780,
#781,#782,#783,#784,#785,#786,#787,#788,#789,#790,#791,#792,#793,#794,#795,#796,#797,#798,#799,#800,#801,#802,#803,#804,#805,
#806,#807,#808,#809,#810,#811,#812,#813,#814,#815,#816,#817,#818,#819,#820,#821,#822,#823,#824,#825,#826,#827,#828,#829,#830,
#831,#832,#833,#834,#835,#836,#837,#838,#839,#840,#841,#842,#843,#844,#845,#846,#847,#848,#849,#850,#851),.UNSPECIFIED.,.F.,.F.,(4,3,3,3,3,3,3,3,3,3,3,3,3,3,3,3,3,3,3,3,3,3,3,3,3,3,
3,3,3,3,3,3,4),(-0.000055844,0.000020578,0.000097,0.000249844,0.000555532,0.001166908,0.00238966,0.003612411,0.004835163,0.007280667,0.008503418,0.00972617,0.012171674,0.013394425,0.014617177,0.015839929,0.016451305,0.017062681,0.019508184,0.020730936,0.021342312,0.021953687,0.024399191,0.025010567,0.025621943,0.026844694,
0.029290198,0.03051295,0.031735701,0.032958453,0.034181205,0.036626708,0.039072212),.UNSPECIFIED.);
#853=EDGE_CURVE('212',#754,#709,#852,.T.);
#854=ORIENTED_EDGE('',*,*,#853,.F.);
#855=CARTESIAN_POINT('',(70.224271987,449.539609246,12.5));
#856=VERTEX_POINT('83',#855);
#857=CARTESIAN_POINT('',(70.224271987,449.539609246,-12.5));
#858=CARTESIAN_POINT('',(70.226380542,449.565741318,-12.5));
#859=CARTESIAN_POINT('',(70.2283646,449.590336712,-12.499923601));
#860=CARTESIAN_POINT('',(70.230443154,449.616090666,-12.499766022));
#861=CARTESIAN_POINT('',(70.232521709,449.64184462,-12.499608442));
#862=CARTESIAN_POINT('',(70.234595725,449.667585,-12.499371352));
#863=CARTESIAN_POINT('',(70.236673976,449.69331114,-12.499054993));
#864=CARTESIAN_POINT('',(70.240830479,449.744763419,-12.498422276));
#865=CARTESIAN_POINT('',(70.244966939,449.796161727,-12.497472493));
#866=CARTESIAN_POINT('',(70.249115647,449.847503774,-12.496207463));
#867=CARTESIAN_POINT('',(70.257413061,449.950187867,-12.493677402));
#868=CARTESIAN_POINT('',(70.265663734,450.052654674,-12.489886504));
#869=CARTESIAN_POINT('',(70.27391959,450.154902216,-12.484847398));
#870=CARTESIAN_POINT('',(70.290431301,450.359397301,-12.474769187));
#871=CARTESIAN_POINT('',(70.306868297,450.56302344,-12.459700466));
#872=CARTESIAN_POINT('',(70.323213173,450.765794689,-12.439713391));
#873=CARTESIAN_POINT('',(70.355902926,451.171337188,-12.399739242));
#874=CARTESIAN_POINT('',(70.388384989,451.573453218,-12.340126282));
#875=CARTESIAN_POINT('',(70.420559083,451.972176419,-12.261020225));
#876=CARTESIAN_POINT('',(70.452733177,452.370899619,-12.181914167));
#877=CARTESIAN_POINT('',(70.484633286,452.766227476,-12.083316309));
#878=CARTESIAN_POINT('',(70.516253186,453.158087005,-11.964807508));
#879=CARTESIAN_POINT('',(70.547873085,453.549946533,-11.846298708));
#880=CARTESIAN_POINT('',(70.579336709,453.93987114,-11.707063356));
#881=CARTESIAN_POINT('',(70.609865279,454.318206962,-11.55054128));
#882=CARTESIAN_POINT('',(70.670922419,455.074878606,-11.237497129));
#883=CARTESIAN_POINT('',(70.728823398,455.792436432,-10.854385897));
#884=CARTESIAN_POINT('',(70.783603505,456.471317773,-10.401991006));
#885=CARTESIAN_POINT('',(70.810993558,456.810758444,-10.175793561));
#886=CARTESIAN_POINT('',(70.837639374,457.140973618,-9.931733059));
#887=CARTESIAN_POINT('',(70.863382756,457.460009637,-9.670432133));
#888=CARTESIAN_POINT('',(70.889126139,457.779045656,-9.409131208));
#889=CARTESIAN_POINT('',(70.913622988,458.082629017,-9.134175512));
#890=CARTESIAN_POINT('',(70.936913371,458.371263115,-8.846009831));
#891=CARTESIAN_POINT('',(70.983494138,458.948531311,-8.26967847));
#892=CARTESIAN_POINT('',(71.025283863,459.466424876,-7.640880499));
#893=CARTESIAN_POINT('',(71.062181456,459.923691014,-6.958508881));
#894=CARTESIAN_POINT('',(71.080630253,460.152324083,-6.617323071));
#895=CARTESIAN_POINT('',(71.097860494,460.365855782,-6.261814936));
#896=CARTESIAN_POINT('',(71.113469971,460.559301597,-5.900540695));
#897=CARTESIAN_POINT('',(71.129079447,460.752747411,-5.539266455));
#898=CARTESIAN_POINT('',(71.143176722,460.927452748,-5.170402761));
#899=CARTESIAN_POINT('',(71.155787333,461.083734083,-4.794077779));
#900=CARTESIAN_POINT('',(71.168397943,461.240015417,-4.417752797));
#901=CARTESIAN_POINT('',(71.179521851,461.377872284,-4.033966338));
#902=CARTESIAN_POINT('',(71.189141404,461.497085908,-3.642629803));
#903=CARTESIAN_POINT('',(71.193951181,461.55669272,-3.446961536));
#904=CARTESIAN_POINT('',(71.198384202,461.611630457,-3.249402403));
#905=CARTESIAN_POINT('',(71.202434059,461.661819709,-3.049920245));
#906=CARTESIAN_POINT('',(71.206483916,461.71200896,-2.850438087));
#907=CARTESIAN_POINT('',(71.210157986,461.757554807,-2.648456559));
#908=CARTESIAN_POINT('',(71.213415177,461.797906998,-2.446249419));
#909=CARTESIAN_POINT('',(71.22644394,461.959315763,-1.637420859));
#910=CARTESIAN_POINT('',(71.232872553,462.03903924,-0.824860401));
#911=CARTESIAN_POINT('',(71.232918305,462.03960623,-0.008683626));
#912=CARTESIAN_POINT('',(71.232941181,462.039889725,0.399404762));
#913=CARTESIAN_POINT('',(71.231355729,462.020239921,0.80840382));
#914=CARTESIAN_POINT('',(71.228116123,461.980093537,1.218339283));
#915=CARTESIAN_POINT('',(71.22649632,461.960020345,1.423307015));
#916=CARTESIAN_POINT('',(71.224455305,461.934725592,1.628962434));
#917=CARTESIAN_POINT('',(71.222018394,461.904525324,1.832716666));
#918=CARTESIAN_POINT('',(71.219581482,461.874325056,2.036470898));
#919=CARTESIAN_POINT('',(71.216747283,461.839201269,2.238740238));
#920=CARTESIAN_POINT('',(71.213522884,461.799241788,2.439551173));
#921=CARTESIAN_POINT('',(71.200625285,461.639403865,3.242794913));
#922=CARTESIAN_POINT('',(71.181540189,461.402885221,4.022912391));
#923=CARTESIAN_POINT('',(71.156262162,461.089618576,4.779883313));
#924=CARTESIAN_POINT('',(71.149942656,461.011301914,4.969126043));
#925=CARTESIAN_POINT('',(71.143232608,460.92814533,5.156909093));
#926=CARTESIAN_POINT('',(71.136124744,460.840058678,5.343205277));
#927=CARTESIAN_POINT('',(71.12901688,460.751972027,5.52950146));
#928=CARTESIAN_POINT('',(71.121505872,460.65888927,5.714358245));
#929=CARTESIAN_POINT('',(71.113680387,460.561909254,5.895668116));
#930=CARTESIAN_POINT('',(71.098029418,460.367949223,6.258287858));
#931=CARTESIAN_POINT('',(71.081046086,460.157477433,6.608858546));
#932=CARTESIAN_POINT('',(71.062765425,459.930928047,6.947696999));
#933=CARTESIAN_POINT('',(71.026204103,459.477829274,7.625373904));
#934=CARTESIAN_POINT('',(70.984490003,458.96088668,8.256462267));
#935=CARTESIAN_POINT('',(70.937449942,458.377912748,8.839365995));
#936=CARTESIAN_POINT('',(70.913929911,458.086425783,9.13081786));
#937=CARTESIAN_POINT('',(70.889308912,457.781308456,9.406966302));
#938=CARTESIAN_POINT('',(70.863839362,457.465668281,9.665794751));
#939=CARTESIAN_POINT('',(70.838369812,457.150028106,9.9246232));
#940=CARTESIAN_POINT('',(70.81198364,456.823028381,10.166971358));
#941=CARTESIAN_POINT('',(70.784690073,456.48478345,10.393005113));
#942=CARTESIAN_POINT('',(70.757396506,456.146538519,10.619038867));
#943=CARTESIAN_POINT('',(70.729195582,455.797048843,10.828758887));
#944=CARTESIAN_POINT('',(70.700070235,455.436102951,11.021858373));
#945=CARTESIAN_POINT('',(70.670944888,455.075157059,11.214957858));
#946=CARTESIAN_POINT('',(70.640741427,454.700850254,11.392077347));
#947=CARTESIAN_POINT('',(70.610199378,454.322347393,11.548827465));
#948=CARTESIAN_POINT('',(70.54911528,453.56534167,11.862327702));
#949=CARTESIAN_POINT('',(70.48631721,452.787095734,12.09826187));
#950=CARTESIAN_POINT('',(70.421832051,451.987951902,12.257879843));
#951=CARTESIAN_POINT('',(70.357346893,451.18880807,12.417497816));
#952=CARTESIAN_POINT('',(70.290790245,450.363985335,12.5));
#953=CARTESIAN_POINT('',(70.224271987,449.539609246,12.5));
#954=B_SPLINE_CURVE_WITH_KNOTS('',3,(#857,#858,#859,#860,#861,#862,#863,#864,#865,#866,#867,#868,#869,#870,#871,#872,#873,#874,#875,#876,#877,#878,#879,#880,#881,#882,
#883,#884,#885,#886,#887,#888,#889,#890,#891,#892,#893,#894,#895,#896,#897,#898,#899,#900,#901,#902,#903,#904,#905,#906,#907,
#908,#909,#910,#911,#912,#913,#914,#915,#916,#917,#918,#919,#920,#921,#922,#923,#924,#925,#926,#927,#928,#929,#930,#931,#932,
#933,#934,#935,#936,#937,#938,#939,#940,#941,#942,#943,#944,#945,#946,#947,#948,#949,#950,#951,#952,#953),.UNSPECIFIED.,.F.,.F.,(4,3,3,3,3,3,3,3,3,3,3,3,3,3,3,3,3,3,3,3,3,3,3,3,3,3,
3,3,3,3,3,3,4),(-0.000055844,0.000020593,0.000097031,0.000249905,0.000555654,0.001167152,0.002390148,0.003613144,0.00483614,0.007282132,0.008505128,0.009728124,0.012174116,0.013397112,0.014620108,0.015843104,0.016454602,0.0170661,0.019512092,0.020735088,0.021346586,0.021958084,0.024404076,0.025015574,0.025627072,0.026850068,
0.02929606,0.030519056,0.031742052,0.032965048,0.034188044,0.036634036,0.039080028),.UNSPECIFIED.);
#955=EDGE_CURVE('143',#754,#856,#954,.T.);
#956=ORIENTED_EDGE('',*,*,#955,.T.);
#957=CARTESIAN_POINT('',(70.224271987,449.539609246,-12.5));
#958=CARTESIAN_POINT('',(70.222164679,449.513482709,-12.5));
#959=CARTESIAN_POINT('',(70.220181226,449.488891955,-12.499923631));
#960=CARTESIAN_POINT('',(70.218105279,449.463143152,-12.499766115));
#961=CARTESIAN_POINT('',(70.216029331,449.437394349,-12.499608599));
#962=CARTESIAN_POINT('',(70.213958867,449.411659044,-12.499371603));
#963=CARTESIAN_POINT('',(70.211885483,449.385937853,-12.499055368));
#964=CARTESIAN_POINT('',(70.207738715,449.334495472,-12.498422898));
#965=CARTESIAN_POINT('',(70.203615598,449.283106777,-12.497473481));
#966=CARTESIAN_POINT('',(70.199485408,449.231773861,-12.49620892));
#967=CARTESIAN_POINT('',(70.191225029,449.12910803,-12.493679798));
#968=CARTESIAN_POINT('',(70.183026671,449.026658207,-12.489890251));
#969=CARTESIAN_POINT('',(70.174842028,448.924425986,-12.484852805));
#970=CARTESIAN_POINT('',(70.158472742,448.719961545,-12.474777913));
#971=CARTESIAN_POINT('',(70.142241612,448.516360577,-12.45971372));
#972=CARTESIAN_POINT('',(70.1261688,448.313608986,-12.439731644));
#973=CARTESIAN_POINT('',(70.094023175,447.908105804,-12.399767491));
#974=CARTESIAN_POINT('',(70.062327713,447.506008453,-12.34016629));
#975=CARTESIAN_POINT('',(70.031166108,447.107285741,-12.261068565));
#976=CARTESIAN_POINT('',(70.000004502,446.708563028,-12.181970841));
#977=CARTESIAN_POINT('',(69.969351783,446.313216716,-12.083377723));
#978=CARTESIAN_POINT('',(69.939184957,445.921322878,-11.964865388));
#979=CARTESIAN_POINT('',(69.909018132,445.529429039,-11.846353053));
#980=CARTESIAN_POINT('',(69.879223481,445.139463807,-11.707108472));
#981=CARTESIAN_POINT('',(69.850508669,444.761091357,-11.550574305));
#982=CARTESIAN_POINT('',(69.793079045,444.004346457,-11.237505973));
#983=CARTESIAN_POINT('',(69.739397323,443.286685413,-10.85434083));
#984=CARTESIAN_POINT('',(69.689159016,442.607695552,-10.401854284));
#985=CARTESIAN_POINT('',(69.664039863,442.268200621,-10.175611011));
#986=CARTESIAN_POINT('',(69.639747998,441.937900249,-9.931470856));
#987=CARTESIAN_POINT('',(69.616404958,441.61884481,-9.670133957));
#988=CARTESIAN_POINT('',(69.593061917,441.29978937,-9.408797058));
#989=CARTESIAN_POINT('',(69.570974026,440.996188292,-9.133802056));
#990=CARTESIAN_POINT('',(69.550068297,440.707539552,-8.845594662));
#991=CARTESIAN_POINT('',(69.508256838,440.130242072,-8.269179874));
#992=CARTESIAN_POINT('',(69.471139255,439.612331771,-7.640288657));
#993=CARTESIAN_POINT('',(69.438573055,439.155068161,-6.9578234));
#994=CARTESIAN_POINT('',(69.422289954,438.926436357,-6.616590771));
#995=CARTESIAN_POINT('',(69.407145022,438.712945979,-6.261091895));
#996=CARTESIAN_POINT('',(69.393462985,438.519541109,-5.899838834));
#997=CARTESIAN_POINT('',(69.379780948,438.32613624,-5.538585773));
#998=CARTESIAN_POINT('',(69.367465547,438.151467508,-5.169743276));
#999=CARTESIAN_POINT('',(69.356472438,437.995219459,-4.793439731));
#1000=CARTESIAN_POINT('',(69.345479328,437.83897141,-4.417136185));
#1001=CARTESIAN_POINT('',(69.335808642,437.701144503,-4.033371403));
#1002=CARTESIAN_POINT('',(69.327458828,437.581958111,-3.642057019));
#1003=CARTESIAN_POINT('',(69.32328392,437.522364915,-3.446399828));
#1004=CARTESIAN_POINT('',(69.319439886,437.467440106,-3.248851889));
#1005=CARTESIAN_POINT('',(69.315930596,437.417263142,-3.049381073));
#1006=CARTESIAN_POINT('',(69.312421305,437.367086177,-2.849910257));
#1007=CARTESIAN_POINT('',(69.309239514,437.321553263,-2.647942641));
#1008=CARTESIAN_POINT('',(69.3064226,437.281219935,-2.445790566));
#1009=CARTESIAN_POINT('',(69.295154943,437.119886623,-1.637182268));
#1010=CARTESIAN_POINT('',(69.289609234,437.040185165,-0.824805104));
#1011=CARTESIAN_POINT('',(69.289569325,437.039612326,-0.008774776));
#1012=CARTESIAN_POINT('',(69.28954937,437.039325906,0.399240387));
#1013=CARTESIAN_POINT('',(69.290917073,437.058965614,0.808175493));
#1014=CARTESIAN_POINT('',(69.293714828,437.099097281,1.218056672));
#1015=CARTESIAN_POINT('',(69.295113705,437.119163115,1.422997262));
#1016=CARTESIAN_POINT('',(69.296876662,437.144447717,1.628611726));
#1017=CARTESIAN_POINT('',(69.298982559,437.174633383,1.832313265));
#1018=CARTESIAN_POINT('',(69.301088456,437.204819049,2.036014804));
#1019=CARTESIAN_POINT('',(69.303538654,437.239926271,2.238236289));
#1020=CARTESIAN_POINT('',(69.306328167,437.27986782,2.439003929));
#1021=CARTESIAN_POINT('',(69.317486222,437.439634017,3.24207449));
#1022=CARTESIAN_POINT('',(69.334018761,437.676059576,4.022091131));
#1023=CARTESIAN_POINT('',(69.356051991,437.989243349,4.779021619));
#1024=CARTESIAN_POINT('',(69.361560298,438.067539292,4.968254242));
#1025=CARTESIAN_POINT('',(69.36741583,438.150675775,5.156030994));
#1026=CARTESIAN_POINT('',(69.373627713,438.238743427,5.342324562));
#1027=CARTESIAN_POINT('',(69.379839596,438.326811078,5.528618131));
#1028=CARTESIAN_POINT('',(69.386412314,438.419872297,5.713468591));
#1029=CARTESIAN_POINT('',(69.393271311,438.516831632,5.894775116));
#1030=CARTESIAN_POINT('',(69.406989306,438.710750302,6.257388165));
#1031=CARTESIAN_POINT('',(69.42191727,438.921185468,6.607965702));
#1032=CARTESIAN_POINT('',(69.438048673,439.147705008,6.94682131));
#1033=CARTESIAN_POINT('',(69.470311479,439.600744089,7.624532527));
#1034=CARTESIAN_POINT('',(69.507349423,440.117654113,8.255696231));
#1035=CARTESIAN_POINT('',(69.549568303,440.700635802,8.838696084));
#1036=CARTESIAN_POINT('',(69.570677744,440.992126647,9.13019601));
#1037=CARTESIAN_POINT('',(69.592879944,441.297283858,9.406421037));
#1038=CARTESIAN_POINT('',(69.615975057,441.612968735,9.665317905));
#1039=CARTESIAN_POINT('',(69.63907017,441.928653612,9.924214773));
#1040=CARTESIAN_POINT('',(69.663119829,442.255711851,10.166632626));
#1041=CARTESIAN_POINT('',(69.68814791,442.594028985,10.392733752));
#1042=CARTESIAN_POINT('',(69.71317599,442.932346118,10.618834878));
#1043=CARTESIAN_POINT('',(69.739182322,443.281921677,10.828619971));
#1044=CARTESIAN_POINT('',(69.766219376,443.64296711,11.021778964));
#1045=CARTESIAN_POINT('',(69.79325643,444.004012544,11.214937956));
#1046=CARTESIAN_POINT('',(69.82146645,444.378385369,11.392085034));
#1047=CARTESIAN_POINT('',(69.850189571,444.756886531,11.548833856));
#1048=CARTESIAN_POINT('',(69.907635813,445.513888853,11.8623315));
#1049=CARTESIAN_POINT('',(69.967474783,446.292171111,12.098279038));
#1050=CARTESIAN_POINT('',(70.029922937,447.091377362,12.257901967));
#1051=CARTESIAN_POINT('',(70.092371091,447.890583614,12.417524897));
#1052=CARTESIAN_POINT('',(70.157792458,448.715399836,12.500000018));
#1053=CARTESIAN_POINT('',(70.224271987,449.539609246,12.5));
#1054=B_SPLINE_CURVE_WITH_KNOTS('',3,(#957,#958,#959,#960,#961,#962,#963,#964,#965,#966,#967,#968,#969,#970,#971,#972,#973,#974,#975,#976,#977,#978,#979,#980,#981,#982,
#983,#984,#985,#986,#987,#988,#989,#990,#991,#992,#993,#994,#995,#996,#997,#998,#999,#1000,#1001,#1002,#1003,#1004,#1005,#1006,#1007,
#1008,#1009,#1010,#1011,#1012,#1013,#1014,#1015,#1016,#1017,#1018,#1019,#1020,#1021,#1022,#1023,#1024,#1025,#1026,#1027,#1028,#1029,#1030,#1031,#1032,
#1033,#1034,#1035,#1036,#1037,#1038,#1039,#1040,#1041,#1042,#1043,#1044,#1045,#1046,#1047,#1048,#1049,#1050,#1051,#1052,#1053),.UNSPECIFIED.,.F.,.F.,(4,3,3,3,3,3,3,3,3,3,3,3,3,3,3,3,3,3,3,3,3,3,3,3,3,3,
3,3,3,3,3,3,4),(-0.000055844,0.000020578,0.000097,0.000249844,0.000555532,0.001166908,0.00238966,0.003612411,0.004835163,0.007280667,0.008503418,0.00972617,0.012171674,0.013394425,0.014617177,0.015839929,0.016451305,0.017062681,0.019508184,0.020730936,0.021342312,0.021953687,0.024399191,0.025010567,0.025621943,0.026844694,
0.029290198,0.03051295,0.031735701,0.032958453,0.034181205,0.036626708,0.039072212),.UNSPECIFIED.);
#1055=EDGE_CURVE('212',#709,#856,#1054,.T.);
#1056=ORIENTED_EDGE('',*,*,#1055,.F.);
#1057=EDGE_LOOP('',(#748,#749,#750,#751,#752,#854,#956,#1056));
#1058=FACE_BOUND('',#1057,.T.);
#1059=ADVANCED_FACE('119',(#1058),#707,.T.);
#1060=CARTESIAN_POINT('',(45.224271987,437.039609246,0.));
#1061=CARTESIAN_POINT('',(43.487916195,437.039609246,0.));
#1062=CARTESIAN_POINT('',(41.752425879,436.672672163,0.));
#1063=CARTESIAN_POINT('',(38.57691154,435.267028798,0.));
#1064=CARTESIAN_POINT('',(37.138470112,434.229023015,0.));
#1065=CARTESIAN_POINT('',(34.803678339,431.658328174,0.));
#1066=CARTESIAN_POINT('',(33.908491534,430.126920217,0.));
#1067=CARTESIAN_POINT('',(32.814048562,426.831177635,0.));
#1068=CARTESIAN_POINT('',(32.615337808,425.068485437,0.));
#1069=CARTESIAN_POINT('',(32.948570031,421.611799036,0.));
#1070=CARTESIAN_POINT('',(33.48034694,419.919527467,0.));
#1071=CARTESIAN_POINT('',(35.184217863,416.893548539,0.));
#1072=CARTESIAN_POINT('',(36.355462754,415.561349173,0.));
#1073=CARTESIAN_POINT('',(39.13833544,413.484008517,0.));
#1074=CARTESIAN_POINT('',(40.748576411,412.739902461,0.));
#1075=CARTESIAN_POINT('',(43.287741929,412.160046083,0.));
#1076=CARTESIAN_POINT('',(44.154164214,412.055274714,0.));
#1077=CARTESIAN_POINT('',(45.456266555,412.034225871,0.));
#1078=CARTESIAN_POINT('',(45.890674089,412.049839331,0.));
#1079=CARTESIAN_POINT('',(46.539305893,412.107079459,0.));
#1080=CARTESIAN_POINT('',(46.75502067,412.131792202,0.));
#1081=CARTESIAN_POINT('',(47.07742099,412.177262478,0.));
#1082=CARTESIAN_POINT('',(47.184692595,412.193819225,0.));
#1083=CARTESIAN_POINT('',(47.345255201,412.220746666,0.));
#1084=CARTESIAN_POINT('',(47.398718614,412.23007119,0.));
#1085=CARTESIAN_POINT('',(47.47882115,412.24457999,0.));
#1086=CARTESIAN_POINT('',(47.505506566,412.24950326,0.));
#1087=CARTESIAN_POINT('',(47.55884548,412.259523621,0.));
#1088=CARTESIAN_POINT('',(47.57218042,412.262029024,0.));
#1089=CARTESIAN_POINT('',(47.655863499,412.278314263,0.));
#1090=CARTESIAN_POINT('',(47.728742527,412.292497775,0.));
#1091=CARTESIAN_POINT('',(47.84534906,412.315190927,0.));
#1092=CARTESIAN_POINT('',(47.903652327,412.326537504,0.));
#1093=CARTESIAN_POINT('',(48.078562127,412.360577232,0.));
#1094=CARTESIAN_POINT('',(48.195168661,412.383270384,0.));
#1095=CARTESIAN_POINT('',(48.472840903,412.437309024,0.));
#1096=CARTESIAN_POINT('',(48.633906611,412.468654511,0.));
#1097=CARTESIAN_POINT('',(48.794972319,412.499999999,0.));
#1098=CARTESIAN_POINT('',(45.224271987,437.039609246,25.));
#1099=CARTESIAN_POINT('',(43.487916195,437.039609246,25.));
#1100=CARTESIAN_POINT('',(41.752425879,436.672672163,25.));
#1101=CARTESIAN_POINT('',(38.57691154,435.267028798,25.));
#1102=CARTESIAN_POINT('',(37.138470112,434.229023015,25.));
#1103=CARTESIAN_POINT('',(34.803678339,431.658328174,25.));
#1104=CARTESIAN_POINT('',(33.908491534,430.126920217,25.));
#1105=CARTESIAN_POINT('',(32.814048562,426.831177635,25.));
#1106=CARTESIAN_POINT('',(32.615337808,425.068485437,25.));
#1107=CARTESIAN_POINT('',(32.948570031,421.611799036,25.));
#1108=CARTESIAN_POINT('',(33.48034694,419.919527467,25.));
#1109=CARTESIAN_POINT('',(35.184217863,416.893548539,25.));
#1110=CARTESIAN_POINT('',(36.355462754,415.561349173,25.));
#1111=CARTESIAN_POINT('',(39.13833544,413.484008517,25.));
#1112=CARTESIAN_POINT('',(40.748576411,412.739902461,25.));
#1113=CARTESIAN_POINT('',(43.287741929,412.160046083,25.));
#1114=CARTESIAN_POINT('',(44.154164214,412.055274714,25.));
#1115=CARTESIAN_POINT('',(45.456266555,412.034225871,25.));
#1116=CARTESIAN_POINT('',(45.890674089,412.049839331,25.));
#1117=CARTESIAN_POINT('',(46.539305893,412.107079459,25.));
#1118=CARTESIAN_POINT('',(46.75502067,412.131792202,25.));
#1119=CARTESIAN_POINT('',(47.07742099,412.177262478,25.));
#1120=CARTESIAN_POINT('',(47.184692595,412.193819225,25.));
#1121=CARTESIAN_POINT('',(47.345255201,412.220746666,25.));
#1122=CARTESIAN_POINT('',(47.398718614,412.23007119,25.));
#1123=CARTESIAN_POINT('',(47.47882115,412.24457999,25.));
#1124=CARTESIAN_POINT('',(47.505506566,412.24950326,25.));
#1125=CARTESIAN_POINT('',(47.55884548,412.259523621,25.));
#1126=CARTESIAN_POINT('',(47.57218042,412.262029024,25.));
#1127=CARTESIAN_POINT('',(47.655863499,412.278314263,25.));
#1128=CARTESIAN_POINT('',(47.728742527,412.292497775,25.));
#1129=CARTESIAN_POINT('',(47.84534906,412.315190927,25.));
#1130=CARTESIAN_POINT('',(47.903652327,412.326537504,25.));
#1131=CARTESIAN_POINT('',(48.078562127,412.360577232,25.));
#1132=CARTESIAN_POINT('',(48.195168661,412.383270384,25.));
#1133=CARTESIAN_POINT('',(48.472840903,412.437309024,25.));
#1134=CARTESIAN_POINT('',(48.633906611,412.468654511,25.));
#1135=CARTESIAN_POINT('',(48.794972319,412.499999999,25.));
#1136=CARTESIAN_POINT('',(45.224271987,462.039609246,25.));
#1137=CARTESIAN_POINT('',(40.01520461,462.039609246,25.));
#1138=CARTESIAN_POINT('',(34.808733665,460.938797998,25.));
#1139=CARTESIAN_POINT('',(25.282190646,456.721867901,25.));
#1140=CARTESIAN_POINT('',(20.966866363,453.607850554,25.));
#1141=CARTESIAN_POINT('',(13.962491044,445.89576603,25.));
#1142=CARTESIAN_POINT('',(11.276930628,441.30154216,25.));
#1143=CARTESIAN_POINT('',(7.993601711,431.414314412,25.));
#1144=CARTESIAN_POINT('',(7.397469451,426.12623782,25.));
#1145=CARTESIAN_POINT('',(8.397166118,415.756178616,25.));
#1146=CARTESIAN_POINT('',(9.992496847,410.679363909,25.));
#1147=CARTESIAN_POINT('',(15.104109614,401.601427125,25.));
#1148=CARTESIAN_POINT('',(18.617844288,397.604829027,25.));
#1149=CARTESIAN_POINT('',(26.966462346,391.372807057,25.));
#1150=CARTESIAN_POINT('',(31.79718526,389.140488892,25.));
#1151=CARTESIAN_POINT('',(39.414681813,387.400919757,25.));
#1152=CARTESIAN_POINT('',(42.013948668,387.086605649,25.));
#1153=CARTESIAN_POINT('',(45.920255691,387.02345912,25.));
#1154=CARTESIAN_POINT('',(47.223478292,387.070299501,25.));
#1155=CARTESIAN_POINT('',(49.169373706,387.242019886,25.));
#1156=CARTESIAN_POINT('',(49.816518037,387.316158113,25.));
#1157=CARTESIAN_POINT('',(50.783718995,387.452568942,25.));
#1158=CARTESIAN_POINT('',(51.105533812,387.502239184,25.));
#1159=CARTESIAN_POINT('',(51.58722163,387.583021508,25.));
#1160=CARTESIAN_POINT('',(51.747611869,387.610995077,25.));
#1161=CARTESIAN_POINT('',(51.987919477,387.654521479,25.));
#1162=CARTESIAN_POINT('',(52.067975723,387.669291287,25.));
#1163=CARTESIAN_POINT('',(52.227992466,387.69935237,25.));
#1164=CARTESIAN_POINT('',(52.321271317,387.717236401,25.));
#1165=CARTESIAN_POINT('',(52.460743256,387.744377722,25.));
#1166=CARTESIAN_POINT('',(52.50447054,387.752888529,25.));
#1167=CARTESIAN_POINT('',(52.621077073,387.775581681,25.));
#1168=CARTESIAN_POINT('',(52.67938034,387.786928258,25.));
#1169=CARTESIAN_POINT('',(52.85429014,387.820967986,25.));
#1170=CARTESIAN_POINT('',(52.970896674,387.843661138,25.));
#1171=CARTESIAN_POINT('',(53.248568916,387.897699778,25.));
#1172=CARTESIAN_POINT('',(53.409634624,387.929045265,25.));
#1173=CARTESIAN_POINT('',(53.570700332,387.960390753,25.));
#1174=CARTESIAN_POINT('',(45.224271987,462.039609246,0.));
#1175=CARTESIAN_POINT('',(40.01520461,462.039609246,0.));
#1176=CARTESIAN_POINT('',(34.808733665,460.938797998,0.));
#1177=CARTESIAN_POINT('',(25.282190646,456.721867901,0.));
#1178=CARTESIAN_POINT('',(20.966866363,453.607850554,0.));
#1179=CARTESIAN_POINT('',(13.962491044,445.89576603,0.));
#1180=CARTESIAN_POINT('',(11.276930628,441.30154216,0.));
#1181=CARTESIAN_POINT('',(7.993601711,431.414314412,0.));
#1182=CARTESIAN_POINT('',(7.397469451,426.12623782,0.));
#1183=CARTESIAN_POINT('',(8.397166118,415.756178616,0.));
#1184=CARTESIAN_POINT('',(9.992496847,410.679363909,0.));
#1185=CARTESIAN_POINT('',(15.104109614,401.601427125,0.));
#1186=CARTESIAN_POINT('',(18.617844288,397.604829027,0.));
#1187=CARTESIAN_POINT('',(26.966462346,391.372807057,0.));
#1188=CARTESIAN_POINT('',(31.79718526,389.140488892,0.));
#1189=CARTESIAN_POINT('',(39.414681813,387.400919757,0.));
#1190=CARTESIAN_POINT('',(42.013948668,387.086605649,0.));
#1191=CARTESIAN_POINT('',(45.920255691,387.02345912,0.));
#1192=CARTESIAN_POINT('',(47.223478292,387.070299501,0.));
#1193=CARTESIAN_POINT('',(49.169373706,387.242019886,0.));
#1194=CARTESIAN_POINT('',(49.816518037,387.316158113,0.));
#1195=CARTESIAN_POINT('',(50.783718995,387.452568942,0.));
#1196=CARTESIAN_POINT('',(51.105533812,387.502239184,0.));
#1197=CARTESIAN_POINT('',(51.58722163,387.583021508,0.));
#1198=CARTESIAN_POINT('',(51.747611869,387.610995077,0.));
#1199=CARTESIAN_POINT('',(51.987919477,387.654521479,0.));
#1200=CARTESIAN_POINT('',(52.067975723,387.669291287,0.));
#1201=CARTESIAN_POINT('',(52.227992466,387.69935237,0.));
#1202=CARTESIAN_POINT('',(52.321271317,387.717236401,0.));
#1203=CARTESIAN_POINT('',(52.460743256,387.744377722,0.));
#1204=CARTESIAN_POINT('',(52.50447054,387.752888529,0.));
#1205=CARTESIAN_POINT('',(52.621077073,387.775581681,0.));
#1206=CARTESIAN_POINT('',(52.67938034,387.786928258,0.));
#1207=CARTESIAN_POINT('',(52.85429014,387.820967986,0.));
#1208=CARTESIAN_POINT('',(52.970896674,387.843661138,0.));
#1209=CARTESIAN_POINT('',(53.248568916,387.897699778,0.));
#1210=CARTESIAN_POINT('',(53.409634624,387.929045265,0.));
#1211=CARTESIAN_POINT('',(53.570700332,387.960390753,0.));
#1212=CARTESIAN_POINT('',(45.224271987,462.039609246,-25.));
#1213=CARTESIAN_POINT('',(40.01520461,462.039609246,-25.));
#1214=CARTESIAN_POINT('',(34.808733665,460.938797998,-25.));
#1215=CARTESIAN_POINT('',(25.282190646,456.721867901,-25.));
#1216=CARTESIAN_POINT('',(20.966866363,453.607850554,-25.));
#1217=CARTESIAN_POINT('',(13.962491044,445.89576603,-25.));
#1218=CARTESIAN_POINT('',(11.276930628,441.30154216,-25.));
#1219=CARTESIAN_POINT('',(7.993601711,431.414314412,-25.));
#1220=CARTESIAN_POINT('',(7.397469451,426.12623782,-25.));
#1221=CARTESIAN_POINT('',(8.397166118,415.756178616,-25.));
#1222=CARTESIAN_POINT('',(9.992496847,410.679363909,-25.));
#1223=CARTESIAN_POINT('',(15.104109614,401.601427125,-25.));
#1224=CARTESIAN_POINT('',(18.617844288,397.604829027,-25.));
#1225=CARTESIAN_POINT('',(26.966462346,391.372807057,-25.));
#1226=CARTESIAN_POINT('',(31.79718526,389.140488892,-25.));
#1227=CARTESIAN_POINT('',(39.414681813,387.400919757,-25.));
#1228=CARTESIAN_POINT('',(42.013948668,387.086605649,-25.));
#1229=CARTESIAN_POINT('',(45.920255691,387.02345912,-25.));
#1230=CARTESIAN_POINT('',(47.223478292,387.070299501,-25.));
#1231=CARTESIAN_POINT('',(49.169373706,387.242019886,-25.));
#1232=CARTESIAN_POINT('',(49.816518037,387.316158113,-25.));
#1233=CARTESIAN_POINT('',(50.783718995,387.452568942,-25.));
#1234=CARTESIAN_POINT('',(51.105533812,387.502239184,-25.));
#1235=CARTESIAN_POINT('',(51.58722163,387.583021508,-25.));
#1236=CARTESIAN_POINT('',(51.747611869,387.610995077,-25.));
#1237=CARTESIAN_POINT('',(51.987919477,387.654521479,-25.));
#1238=CARTESIAN_POINT('',(52.067975723,387.669291287,-25.));
#1239=CARTESIAN_POINT('',(52.227992466,387.69935237,-25.));
#1240=CARTESIAN_POINT('',(52.321271317,387.717236401,-25.));
#1241=CARTESIAN_POINT('',(52.460743256,387.744377722,-25.));
#1242=CARTESIAN_POINT('',(52.50447054,387.752888529,-25.));
#1243=CARTESIAN_POINT('',(52.621077073,387.775581681,-25.));
#1244=CARTESIAN_POINT('',(52.67938034,387.786928258,-25.));
#1245=CARTESIAN_POINT('',(52.85429014,387.820967986,-25.));
#1246=CARTESIAN_POINT('',(52.970896674,387.843661138,-25.));
#1247=CARTESIAN_POINT('',(53.248568916,387.897699778,-25.));
#1248=CARTESIAN_POINT('',(53.409634624,387.929045265,-25.));
#1249=CARTESIAN_POINT('',(53.570700332,387.960390753,-25.));
#1250=CARTESIAN_POINT('',(45.224271987,437.039609246,-25.));
#1251=CARTESIAN_POINT('',(43.487916195,437.039609246,-25.));
#1252=CARTESIAN_POINT('',(41.752425879,436.672672163,-25.));
#1253=CARTESIAN_POINT('',(38.57691154,435.267028798,-25.));
#1254=CARTESIAN_POINT('',(37.138470112,434.229023015,-25.));
#1255=CARTESIAN_POINT('',(34.803678339,431.658328174,-25.));
#1256=CARTESIAN_POINT('',(33.908491534,430.126920217,-25.));
#1257=CARTESIAN_POINT('',(32.814048562,426.831177635,-25.));
#1258=CARTESIAN_POINT('',(32.615337808,425.068485437,-25.));
#1259=CARTESIAN_POINT('',(32.948570031,421.611799036,-25.));
#1260=CARTESIAN_POINT('',(33.48034694,419.919527467,-25.));
#1261=CARTESIAN_POINT('',(35.184217863,416.893548539,-25.));
#1262=CARTESIAN_POINT('',(36.355462754,415.561349173,-25.));
#1263=CARTESIAN_POINT('',(39.13833544,413.484008517,-25.));
#1264=CARTESIAN_POINT('',(40.748576411,412.739902461,-25.));
#1265=CARTESIAN_POINT('',(43.287741929,412.160046083,-25.));
#1266=CARTESIAN_POINT('',(44.154164214,412.055274714,-25.));
#1267=CARTESIAN_POINT('',(45.456266555,412.034225871,-25.));
#1268=CARTESIAN_POINT('',(45.890674089,412.049839331,-25.));
#1269=CARTESIAN_POINT('',(46.539305893,412.107079459,-25.));
#1270=CARTESIAN_POINT('',(46.75502067,412.131792202,-25.));
#1271=CARTESIAN_POINT('',(47.07742099,412.177262478,-25.));
#1272=CARTESIAN_POINT('',(47.184692595,412.193819225,-25.));
#1273=CARTESIAN_POINT('',(47.345255201,412.220746666,-25.));
#1274=CARTESIAN_POINT('',(47.398718614,412.23007119,-25.));
#1275=CARTESIAN_POINT('',(47.47882115,412.24457999,-25.));
#1276=CARTESIAN_POINT('',(47.505506566,412.24950326,-25.));
#1277=CARTESIAN_POINT('',(47.55884548,412.259523621,-25.));
#1278=CARTESIAN_POINT('',(47.57218042,412.262029024,-25.));
#1279=CARTESIAN_POINT('',(47.655863499,412.278314263,-25.));
#1280=CARTESIAN_POINT('',(47.728742527,412.292497775,-25.));
#1281=CARTESIAN_POINT('',(47.84534906,412.315190927,-25.));
#1282=CARTESIAN_POINT('',(47.903652327,412.326537504,-25.));
#1283=CARTESIAN_POINT('',(48.078562127,412.360577232,-25.));
#1284=CARTESIAN_POINT('',(48.195168661,412.383270384,-25.));
#1285=CARTESIAN_POINT('',(48.472840903,412.437309024,-25.));
#1286=CARTESIAN_POINT('',(48.633906611,412.468654511,-25.));
#1287=CARTESIAN_POINT('',(48.794972319,412.499999999,-25.));
#1288=CARTESIAN_POINT('',(45.224271987,437.039609246,0.));
#1289=CARTESIAN_POINT('',(43.487916195,437.039609246,0.));
#1290=CARTESIAN_POINT('',(41.752425879,436.672672163,0.));
#1291=CARTESIAN_POINT('',(38.57691154,435.267028798,0.));
#1292=CARTESIAN_POINT('',(37.138470112,434.229023015,0.));
#1293=CARTESIAN_POINT('',(34.803678339,431.658328174,0.));
#1294=CARTESIAN_POINT('',(33.908491534,430.126920217,0.));
#1295=CARTESIAN_POINT('',(32.814048562,426.831177635,0.));
#1296=CARTESIAN_POINT('',(32.615337808,425.068485437,0.));
#1297=CARTESIAN_POINT('',(32.948570031,421.611799036,0.));
#1298=CARTESIAN_POINT('',(33.48034694,419.919527467,0.));
#1299=CARTESIAN_POINT('',(35.184217863,416.893548539,0.));
#1300=CARTESIAN_POINT('',(36.355462754,415.561349173,0.));
#1301=CARTESIAN_POINT('',(39.13833544,413.484008517,0.));
#1302=CARTESIAN_POINT('',(40.748576411,412.739902461,0.));
#1303=CARTESIAN_POINT('',(43.287741929,412.160046083,0.));
#1304=CARTESIAN_POINT('',(44.154164214,412.055274714,0.));
#1305=CARTESIAN_POINT('',(45.456266555,412.034225871,0.));
#1306=CARTESIAN_POINT('',(45.890674089,412.049839331,0.));
#1307=CARTESIAN_POINT('',(46.539305893,412.107079459,0.));
#1308=CARTESIAN_POINT('',(46.75502067,412.131792202,0.));
#1309=CARTESIAN_POINT('',(47.07742099,412.177262478,0.));
#1310=CARTESIAN_POINT('',(47.184692595,412.193819225,0.));
#1311=CARTESIAN_POINT('',(47.345255201,412.220746666,0.));
#1312=CARTESIAN_POINT('',(47.398718614,412.23007119,0.));
#1313=CARTESIAN_POINT('',(47.47882115,412.24457999,0.));
#1314=CARTESIAN_POINT('',(47.505506566,412.24950326,0.));
#1315=CARTESIAN_POINT('',(47.55884548,412.259523621,0.));
#1316=CARTESIAN_POINT('',(47.57218042,412.262029024,0.));
#1317=CARTESIAN_POINT('',(47.655863499,412.278314263,0.));
#1318=CARTESIAN_POINT('',(47.728742527,412.292497775,0.));
#1319=CARTESIAN_POINT('',(47.84534906,412.315190927,0.));
#1320=CARTESIAN_POINT('',(47.903652327,412.326537504,0.));
#1321=CARTESIAN_POINT('',(48.078562127,412.360577232,0.));
#1322=CARTESIAN_POINT('',(48.195168661,412.383270384,0.));
#1323=CARTESIAN_POINT('',(48.472840903,412.437309024,0.));
#1324=CARTESIAN_POINT('',(48.633906611,412.468654511,0.));
#1325=CARTESIAN_POINT('',(48.794972319,412.499999999,0.));
#1326=(BOUNDED_SURFACE()
B_SPLINE_SURFACE(3,3,((#1060,#1061,#1062,#1063,#1064,#1065,#1066,#1067,#1068,#1069,#1070,#1071,#1072,#1073,#1074,#1075,#1076,#1077,#1078,#1079,#1080,#1081,#1082,#1083,#1084,#1085,
#1086,#1087,#1088,#1089,#1090,#1091,#1092,#1093,#1094,#1095,#1096,#1097),(#1098,#1099,#1100,#1101,#1102,#1103,#1104,#1105,#1106,#1107,#1108,#1109,#1110,#1111,#1112,#1113,#1114,#1115,#1116,#1117,#1118,#1119,#1120,#1121,#1122,#1123,
#1124,#1125,#1126,#1127,#1128,#1129,#1130,#1131,#1132,#1133,#1134,#1135),(#1136,#1137,#1138,#1139,#1140,#1141,#1142,#1143,#1144,#1145,#1146,#1147,#1148,#1149,#1150,#1151,#1152,#1153,#1154,#1155,#1156,#1157,#1158,#1159,#1160,#1161,
#1162,#1163,#1164,#1165,#1166,#1167,#1168,#1169,#1170,#1171,#1172,#1173),(#1174,#1175,#1176,#1177,#1178,#1179,#1180,#1181,#1182,#1183,#1184,#1185,#1186,#1187,#1188,#1189,#1190,#1191,#1192,#1193,#1194,#1195,#1196,#1197,#1198,#1199,
#1200,#1201,#1202,#1203,#1204,#1205,#1206,#1207,#1208,#1209,#1210,#1211),(#1212,#1213,#1214,#1215,#1216,#1217,#1218,#1219,#1220,#1221,#1222,#1223,#1224,#1225,#1226,#1227,#1228,#1229,#1230,#1231,#1232,#1233,#1234,#1235,#1236,#1237,
#1238,#1239,#1240,#1241,#1242,#1243,#1244,#1245,#1246,#1247,#1248,#1249),(#1250,#1251,#1252,#1253,#1254,#1255,#1256,#1257,#1258,#1259,#1260,#1261,#1262,#1263,#1264,#1265,#1266,#1267,#1268,#1269,#1270,#1271,#1272,#1273,#1274,#1275,
#1276,#1277,#1278,#1279,#1280,#1281,#1282,#1283,#1284,#1285,#1286,#1287),(#1288,#1289,#1290,#1291,#1292,#1293,#1294,#1295,#1296,#1297,#1298,#1299,#1300,#1301,#1302,#1303,#1304,#1305,#1306,#1307,#1308,#1309,#1310,#1311,#1312,#1313,
#1314,#1315,#1316,#1317,#1318,#1319,#1320,#1321,#1322,#1323,#1324,#1325)),.UNSPECIFIED.,.T.,.F.,.U.)
B_SPLINE_SURFACE_WITH_KNOTS((4,3,4),(4,2,2,2,2,2,2,2,2,2,2,2,2,2,2,2,2,2,4),(0.,0.5,1.),(0.230744215,0.326901188,0.423058161,0.519215134,0.615372108,0.711529081,0.807686054,0.903843027,0.951921513,0.975960757,0.987980378,0.993990189,0.996995095,0.998497547,1.,1.001644289,1.003288578,1.006577156,1.011119587),.UNSPECIFIED.)
GEOMETRIC_REPRESENTATION_ITEM()
RATIONAL_B_SPLINE_SURFACE(((1.,1.,1.,1.,1.,1.,1.,1.,1.,1.,1.,1.,1.,1.,1.,1.,1.,1.,1.,1.,1.,1.,1.,1.,1.,1.,
1.,1.,1.,1.,1.,1.,1.,1.,1.,1.,1.,1.),(0.333333333,0.333333333,0.333333333,0.333333333,0.333333333,0.333333333,0.333333333,0.333333333,0.333333333,0.333333333,0.333333333,0.333333333,0.333333333,0.333333333,0.333333333,0.333333333,0.333333333,0.333333333,0.333333333,0.333333333,0.333333333,0.333333333,0.333333333,0.333333333,0.333333333,0.333333333,
0.333333333,0.333333333,0.333333333,0.333333333,0.333333333,0.333333333,0.333333333,0.333333333,0.333333333,0.333333333,0.333333333,0.333333333),(0.333333333,0.333333333,0.333333333,0.333333333,0.333333333,0.333333333,0.333333333,0.333333333,0.333333333,0.333333333,0.333333333,0.333333333,0.333333333,0.333333333,0.333333333,0.333333333,0.333333333,0.333333333,0.333333333,0.333333333,0.333333333,0.333333333,0.333333333,0.333333333,0.333333333,0.333333333,
0.333333333,0.333333333,0.333333333,0.333333333,0.333333333,0.333333333,0.333333333,0.333333333,0.333333333,0.333333333,0.333333333,0.333333333),(1.,1.,1.,1.,1.,1.,1.,1.,1.,1.,1.,1.,1.,1.,1.,1.,1.,1.,1.,1.,1.,1.,1.,1.,1.,1.,
1.,1.,1.,1.,1.,1.,1.,1.,1.,1.,1.,1.),(0.333333333,0.333333333,0.333333333,0.333333333,0.333333333,0.333333333,0.333333333,0.333333333,0.333333333,0.333333333,0.333333333,0.333333333,0.333333333,0.333333333,0.333333333,0.333333333,0.333333333,0.333333333,0.333333333,0.333333333,0.333333333,0.333333333,0.333333333,0.333333333,0.333333333,0.333333333,
0.333333333,0.333333333,0.333333333,0.333333333,0.333333333,0.333333333,0.333333333,0.333333333,0.333333333,0.333333333,0.333333333,0.333333333),(0.333333333,0.333333333,0.333333333,0.333333333,0.333333333,0.333333333,0.333333333,0.333333333,0.333333333,0.333333333,0.333333333,0.333333333,0.333333333,0.333333333,0.333333333,0.333333333,0.333333333,0.333333333,0.333333333,0.333333333,0.333333333,0.333333333,0.333333333,0.333333333,0.333333333,0.333333333,
0.333333333,0.333333333,0.333333333,0.333333333,0.333333333,0.333333333,0.333333333,0.333333333,0.333333333,0.333333333,0.333333333,0.333333333),(1.,1.,1.,1.,1.,1.,1.,1.,1.,1.,1.,1.,1.,1.,1.,1.,1.,1.,1.,1.,1.,1.,1.,1.,1.,1.,
1.,1.,1.,1.,1.,1.,1.,1.,1.,1.,1.,1.)))
REPRESENTATION_ITEM('')
SURFACE()
);
#1327=CARTESIAN_POINT('',(48.794972318,412.49999999,-0.));
#1328=VERTEX_POINT('',#1327);
#1329=CARTESIAN_POINT('',(45.224271987,437.039609246,0.));
#1330=VERTEX_POINT('',#1329);
#1331=CARTESIAN_POINT('',(48.794972316,412.499999998,0.));
#1332=CARTESIAN_POINT('',(48.633906609,412.468654511,0.));
#1333=CARTESIAN_POINT('',(48.472840901,412.437309024,0.));
#1334=CARTESIAN_POINT('',(48.195168661,412.383270384,0.));
#1335=CARTESIAN_POINT('',(48.078562127,412.360577232,0.));
#1336=CARTESIAN_POINT('',(47.903652327,412.326537504,0.));
#1337=CARTESIAN_POINT('',(47.84534906,412.315190927,0.));
#1338=CARTESIAN_POINT('',(47.728742527,412.292497775,0.));
#1339=CARTESIAN_POINT('',(47.655863499,412.278314263,0.));
#1340=CARTESIAN_POINT('',(47.57218042,412.262029024,0.));
#1341=CARTESIAN_POINT('',(47.55884548,412.259523621,0.));
#1342=CARTESIAN_POINT('',(47.505506566,412.24950326,0.));
#1343=CARTESIAN_POINT('',(47.47882115,412.24457999,0.));
#1344=CARTESIAN_POINT('',(47.398718614,412.23007119,0.));
#1345=CARTESIAN_POINT('',(47.345255201,412.220746666,0.));
#1346=CARTESIAN_POINT('',(47.184692595,412.193819225,0.));
#1347=CARTESIAN_POINT('',(47.07742099,412.177262478,0.));
#1348=CARTESIAN_POINT('',(46.75502067,412.131792202,0.));
#1349=CARTESIAN_POINT('',(46.539305893,412.107079459,0.));
#1350=CARTESIAN_POINT('',(45.890674089,412.049839331,0.));
#1351=CARTESIAN_POINT('',(45.456266555,412.034225871,0.));
#1352=CARTESIAN_POINT('',(44.154164214,412.055274714,0.));
#1353=CARTESIAN_POINT('',(43.287741929,412.160046083,0.));
#1354=CARTESIAN_POINT('',(40.748576411,412.739902461,0.));
#1355=CARTESIAN_POINT('',(39.13833544,413.484008517,0.));
#1356=CARTESIAN_POINT('',(36.355462754,415.561349173,0.));
#1357=CARTESIAN_POINT('',(35.184217863,416.893548539,0.));
#1358=CARTESIAN_POINT('',(33.48034694,419.919527467,0.));
#1359=CARTESIAN_POINT('',(32.948570031,421.611799036,0.));
#1360=CARTESIAN_POINT('',(32.615337808,425.068485437,0.));
#1361=CARTESIAN_POINT('',(32.814048562,426.831177635,0.));
#1362=CARTESIAN_POINT('',(33.908491534,430.126920217,0.));
#1363=CARTESIAN_POINT('',(34.803678339,431.658328174,0.));
#1364=CARTESIAN_POINT('',(37.138470112,434.229023015,0.));
#1365=CARTESIAN_POINT('',(38.57691154,435.267028798,0.));
#1366=CARTESIAN_POINT('',(41.752425879,436.672672163,0.));
#1367=CARTESIAN_POINT('',(43.487916195,437.039609246,0.));
#1368=CARTESIAN_POINT('',(45.224271987,437.039609246,0.));
#1369=B_SPLINE_CURVE_WITH_KNOTS('',3,(#1331,#1332,#1333,#1334,#1335,#1336,#1337,#1338,#1339,#1340,#1341,#1342,#1343,#1344,#1345,#1346,#1347,#1348,#1349,#1350,#1351,#1352,#1353,#1354,#1355,#1356,
#1357,#1358,#1359,#1360,#1361,#1362,#1363,#1364,#1365,#1366,#1367,#1368),.UNSPECIFIED.,.F.,.F.,(4,2,2,2,2,2,2,2,2,2,2,2,2,2,2,2,2,2,4),(0.23277894,0.237321371,0.240609949,0.242254238,0.243898527,0.24540098,0.246903433,0.249908338,0.255918149,0.26793777,0.291977014,0.3400555,0.436212473,0.532369446,0.62852642,0.724683393,0.820840366,0.916997339,1.013154312),.UNSPECIFIED.);
#1370=EDGE_CURVE('',#1328,#1330,#1369,.T.);
#1371=ORIENTED_EDGE('',*,*,#1370,.T.);
#1372=CARTESIAN_POINT('',(45.224271987,449.539609246,0.));
#1373=DIRECTION('',(-1.,0.,0.));
#1374=DIRECTION('',(-0.,-1.,0.));
#1375=AXIS2_PLACEMENT_3D('',#1372,#1373,#1374);
#1376=CIRCLE('',#1375,12.5);
#1377=EDGE_CURVE('101',#1330,#1330,#1376,.T.);
#1378=ORIENTED_EDGE('',*,*,#1377,.T.);
#1379=ORIENTED_EDGE('',*,*,#1370,.F.);
#1380=CARTESIAN_POINT('',(50.,400.,-12.5));
#1381=VERTEX_POINT('87',#1380);
#1382=CARTESIAN_POINT('',(50.,400.,12.5));
#1383=CARTESIAN_POINT('',(49.960305104,400.411787099,12.5));
#1384=CARTESIAN_POINT('',(49.920722299,400.822368303,12.479690547));
#1385=CARTESIAN_POINT('',(49.881288699,401.231423523,12.439195959));
#1386=CARTESIAN_POINT('',(49.841855099,401.640478743,12.398701371));
#1387=CARTESIAN_POINT('',(49.802493349,402.048594635,12.337750503));
#1388=CARTESIAN_POINT('',(49.763898144,402.449133127,12.25772193));
#1389=CARTESIAN_POINT('',(49.686707734,403.250210112,12.097664785));
#1390=CARTESIAN_POINT('',(49.611751336,404.027383268,11.861495291));
#1391=CARTESIAN_POINT('',(49.539120855,404.780794193,11.549632327));
#1392=CARTESIAN_POINT('',(49.520963235,404.969146924,11.471666586));
#1393=CARTESIAN_POINT('',(49.502947037,405.15600071,11.388927637));
#1394=CARTESIAN_POINT('',(49.48508384,405.341331269,11.301335332));
#1395=CARTESIAN_POINT('',(49.467220643,405.526661827,11.213743027));
#1396=CARTESIAN_POINT('',(49.449449481,405.710966436,11.121022526));
#1397=CARTESIAN_POINT('',(49.431968231,405.892310408,11.02409534));
#1398=CARTESIAN_POINT('',(49.39700573,406.254998351,10.830240966));
#1399=CARTESIAN_POINT('',(49.363218696,406.605463476,10.619965899));
#1400=CARTESIAN_POINT('',(49.330577044,406.94406205,10.393748229));
#1401=CARTESIAN_POINT('',(49.265293739,407.6212592,9.941312887));
#1402=CARTESIAN_POINT('',(49.204553642,408.251328732,9.425562741));
#1403=CARTESIAN_POINT('',(49.14848439,408.832946619,8.84471899));
#1404=CARTESIAN_POINT('',(49.036345885,409.996182394,7.683031489));
#1405=CARTESIAN_POINT('',(48.94748421,410.917962838,6.305390075));
#1406=CARTESIAN_POINT('',(48.886741403,411.548060467,4.78458979));
#1407=CARTESIAN_POINT('',(48.85637,411.863109281,4.024189647));
#1408=CARTESIAN_POINT('',(48.833574398,412.099572775,3.243124444));
#1409=CARTESIAN_POINT('',(48.818188355,412.259175345,2.441847634));
#1410=CARTESIAN_POINT('',(48.810495333,412.338976629,2.041209229));
#1411=CARTESIAN_POINT('',(48.804669812,412.399425128,1.635481704));
#1412=CARTESIAN_POINT('',(48.80076805,412.439879744,1.224496613));
#1413=CARTESIAN_POINT('',(48.796866289,412.48033436,0.813511522));
#1414=CARTESIAN_POINT('',(48.794947437,412.500253813,0.401364599));
#1415=CARTESIAN_POINT('',(48.794972561,412.499997549,-0.007828238));
#1416=CARTESIAN_POINT('',(48.79502281,412.499485021,-0.826213913));
#1417=CARTESIAN_POINT('',(48.802744539,412.419377223,-1.63805224));
#1418=CARTESIAN_POINT('',(48.818215843,412.258890208,-2.443278715));
#1419=CARTESIAN_POINT('',(48.825951494,412.1786467,-2.845891952));
#1420=CARTESIAN_POINT('',(48.835707684,412.077443736,-3.248705915));
#1421=CARTESIAN_POINT('',(48.847244405,411.957770957,-3.641663595));
#1422=CARTESIAN_POINT('',(48.858781126,411.838098178,-4.034621275));
#1423=CARTESIAN_POINT('',(48.872108477,411.699850826,-4.419239785));
#1424=CARTESIAN_POINT('',(48.887186056,411.543447997,-4.795707283));
#1425=CARTESIAN_POINT('',(48.917341214,411.230642339,-5.548642279));
#1426=CARTESIAN_POINT('',(48.954485848,410.845333575,-6.269836334));
#1427=CARTESIAN_POINT('',(48.998792148,410.385735039,-6.956041094));
#1428=CARTESIAN_POINT('',(49.043098448,409.926136503,-7.642245854));
#1429=CARTESIAN_POINT('',(49.093144122,409.407002602,-8.271698279));
#1430=CARTESIAN_POINT('',(49.148685771,408.830857652,-8.846804685));
#1431=CARTESIAN_POINT('',(49.176456595,408.542785176,-9.134357888));
#1432=CARTESIAN_POINT('',(49.205611667,408.24035362,-9.408223237));
#1433=CARTESIAN_POINT('',(49.236181423,407.923247251,-9.668099761));
#1434=CARTESIAN_POINT('',(49.266751179,407.606140883,-9.927976286));
#1435=CARTESIAN_POINT('',(49.298837838,407.273299364,-10.174304594));
#1436=CARTESIAN_POINT('',(49.331653654,406.932894157,-10.401200825));
#1437=CARTESIAN_POINT('',(49.397285285,406.252083745,-10.854993287));
#1438=CARTESIAN_POINT('',(49.466422842,405.534905644,-11.237405233));
#1439=CARTESIAN_POINT('',(49.539027325,404.781764397,-11.549230678));
#1440=CARTESIAN_POINT('',(49.575329567,404.405193774,-11.7051434));
#1441=CARTESIAN_POINT('',(49.612618645,404.018392669,-11.843634346));
#1442=CARTESIAN_POINT('',(49.65056302,403.62478169,-11.962899218));
#1443=CARTESIAN_POINT('',(49.688507394,403.231170712,-12.082164089));
#1444=CARTESIAN_POINT('',(49.726754041,402.834436549,-12.181218769));
#1445=CARTESIAN_POINT('',(49.765293131,402.434662644,-12.2606043));
#1446=CARTESIAN_POINT('',(49.80383222,402.034888739,-12.339989832));
#1447=CARTESIAN_POINT('',(49.842688027,401.632077055,-12.399703802));
#1448=CARTESIAN_POINT('',(49.881790792,401.226215291,-12.439710449));
#1449=CARTESIAN_POINT('',(49.901342175,401.023284408,-12.459713773));
#1450=CARTESIAN_POINT('',(49.920987396,400.819592738,-12.474781534));
#1451=CARTESIAN_POINT('',(49.94070157,400.615128796,-12.484855488));
#1452=CARTESIAN_POINT('',(49.950558657,400.512896825,-12.489892465));
#1453=CARTESIAN_POINT('',(49.960425147,400.410470942,-12.493680418));
#1454=CARTESIAN_POINT('',(49.970323491,400.307851621,-12.49620852));
#1455=CARTESIAN_POINT('',(49.975272663,400.256541961,-12.497472571));
#1456=CARTESIAN_POINT('',(49.980218066,400.205182805,-12.498421622));
#1457=CARTESIAN_POINT('',(49.98517635,400.15377551,-12.499054088));
#1458=CARTESIAN_POINT('',(49.987655492,400.128071863,-12.499370321));
#1459=CARTESIAN_POINT('',(49.990132757,400.102355689,-12.499607405));
#1460=CARTESIAN_POINT('',(49.992613299,400.076627453,-12.499765127));
#1461=CARTESIAN_POINT('',(49.99509384,400.050899217,-12.499922849));
#1462=CARTESIAN_POINT('',(49.997490893,400.026028771,-12.5));
#1463=CARTESIAN_POINT('',(50.,400.,-12.5));
#1464=B_SPLINE_CURVE_WITH_KNOTS('',3,(#1382,#1383,#1384,#1385,#1386,#1387,#1388,#1389,#1390,#1391,#1392,#1393,#1394,#1395,#1396,#1397,#1398,#1399,#1400,#1401,#1402,#1403,#1404,#1405,#1406,#1407,
#1408,#1409,#1410,#1411,#1412,#1413,#1414,#1415,#1416,#1417,#1418,#1419,#1420,#1421,#1422,#1423,#1424,#1425,#1426,#1427,#1428,#1429,#1430,#1431,#1432,
#1433,#1434,#1435,#1436,#1437,#1438,#1439,#1440,#1441,#1442,#1443,#1444,#1445,#1446,#1447,#1448,#1449,#1450,#1451,#1452,#1453,#1454,#1455,#1456,#1457,
#1458,#1459,#1460,#1461,#1462,#1463),.UNSPECIFIED.,.F.,.F.,(4,3,3,3,3,3,3,3,3,3,3,3,3,3,3,3,3,3,3,3,3,3,3,3,3,3,
3,4),(-0.000051162,0.001175993,0.002403148,0.004857459,0.005471036,0.006084614,0.007311769,0.009766079,0.0146747,0.01712901,0.018356165,0.01958332,0.022037631,0.023264786,0.024491941,0.026946251,0.029400561,0.030627717,0.031854872,0.034309182,0.035536337,0.036763492,0.037990647,0.038604225,0.038911014,0.039064408,
0.039141105,0.039217803),.UNSPECIFIED.);
#1465=EDGE_CURVE('194',#1328,#1381,#1464,.T.);
#1466=ORIENTED_EDGE('',*,*,#1465,.T.);
#1467=CARTESIAN_POINT('',(50.,400.,12.5));
#1468=VERTEX_POINT('85',#1467);
#1469=CARTESIAN_POINT('',(50.,400.,12.5));
#1470=CARTESIAN_POINT('',(50.039659327,399.588370144,12.5));
#1471=CARTESIAN_POINT('',(50.078747401,399.177909732,12.479705928));
#1472=CARTESIAN_POINT('',(50.117231078,398.768941993,12.439232138));
#1473=CARTESIAN_POINT('',(50.155714756,398.359974253,12.398758347));
#1474=CARTESIAN_POINT('',(50.193680278,397.951838185,12.337824365));
#1475=CARTESIAN_POINT('',(50.23050342,397.551237639,12.257796005));
#1476=CARTESIAN_POINT('',(50.304149705,396.750036546,12.097739285));
#1477=CARTESIAN_POINT('',(50.37406027,395.972642333,11.861524291));
#1478=CARTESIAN_POINT('',(50.440579743,395.218965015,11.549532652));
#1479=CARTESIAN_POINT('',(50.457209611,395.030545686,11.471534742));
#1480=CARTESIAN_POINT('',(50.473630859,394.843622372,11.388758485));
#1481=CARTESIAN_POINT('',(50.48983844,394.658220162,11.301123314));
#1482=CARTESIAN_POINT('',(50.506046021,394.472817952,11.213488143));
#1483=CARTESIAN_POINT('',(50.522095696,394.288435461,11.120716078));
#1484=CARTESIAN_POINT('',(50.537809943,394.10706273,11.023760263));
#1485=CARTESIAN_POINT('',(50.569238438,393.744317269,10.829848633));
#1486=CARTESIAN_POINT('',(50.599333653,393.393788389,10.619504328));
#1487=CARTESIAN_POINT('',(50.628186331,393.055125233,10.393205207));
#1488=CARTESIAN_POINT('',(50.685891686,392.377798921,9.940606965));
#1489=CARTESIAN_POINT('',(50.738667328,391.747597382,9.42464467));
#1490=CARTESIAN_POINT('',(50.786814115,391.165877191,8.84354421));
#1491=CARTESIAN_POINT('',(50.798850812,391.020447143,8.698269095));
#1492=CARTESIAN_POINT('',(50.810622128,390.877748163,8.548499768));
#1493=CARTESIAN_POINT('',(50.821987675,390.739558746,8.396084075));
#1494=CARTESIAN_POINT('',(50.833353222,390.60136933,8.243668382));
#1495=CARTESIAN_POINT('',(50.84433477,390.467428707,8.088381884));
#1496=CARTESIAN_POINT('',(50.854944988,390.337663503,7.930274486));
#1497=CARTESIAN_POINT('',(50.876165423,390.078133095,7.614059689));
#1498=CARTESIAN_POINT('',(50.895903486,389.835274852,7.286581248));
#1499=CARTESIAN_POINT('',(50.914222191,389.6088746,6.94798625));
#1500=CARTESIAN_POINT('',(50.932540895,389.382474349,6.609391252));
#1501=CARTESIAN_POINT('',(50.94944006,389.17253186,6.259679839));
#1502=CARTESIAN_POINT('',(50.964936105,388.979309785,5.898676731));
#1503=CARTESIAN_POINT('',(50.972684127,388.882698747,5.718175177));
#1504=CARTESIAN_POINT('',(50.980080661,388.790275233,5.534845683));
#1505=CARTESIAN_POINT('',(50.987123384,388.70211925,5.348634457));
#1506=CARTESIAN_POINT('',(50.994166108,388.613963267,5.162423232));
#1507=CARTESIAN_POINT('',(51.000858342,388.530032236,4.973144266));
#1508=CARTESIAN_POINT('',(51.007125584,388.451310912,4.783072272));
#1509=CARTESIAN_POINT('',(51.032194551,388.136425619,4.022784292));
#1510=CARTESIAN_POINT('',(51.050855636,387.900123033,3.241912574));
#1511=CARTESIAN_POINT('',(51.063430103,387.740640419,2.440922505));
#1512=CARTESIAN_POINT('',(51.069717336,387.660899113,2.04042747));
#1513=CARTESIAN_POINT('',(51.074467422,387.600500278,1.634866748));
#1514=CARTESIAN_POINT('',(51.077649241,387.560078712,1.224074488));
#1515=CARTESIAN_POINT('',(51.08083106,387.519657147,0.813282227));
#1516=CARTESIAN_POINT('',(51.082392692,387.499746309,0.401225885));
#1517=CARTESIAN_POINT('',(51.082372562,387.500002451,-0.007827285));
#1518=CARTESIAN_POINT('',(51.082332301,387.500514735,-0.825933626));
#1519=CARTESIAN_POINT('',(51.076051069,387.580568617,-1.637467354));
#1520=CARTESIAN_POINT('',(51.063407451,387.740927713,-2.442364975));
#1521=CARTESIAN_POINT('',(51.057085642,387.821107262,-2.844813785));
#1522=CARTESIAN_POINT('',(51.049102505,387.922232602,-3.247494266));
#1523=CARTESIAN_POINT('',(51.039633019,388.041845163,-3.640402849));
#1524=CARTESIAN_POINT('',(51.030163533,388.161457725,-4.033311432));
#1525=CARTESIAN_POINT('',(51.019201179,388.299642195,-4.417892762));
#1526=CARTESIAN_POINT('',(51.006753758,388.455981184,-4.79433307));
#1527=CARTESIAN_POINT('',(50.981858916,388.768659163,-5.547213686));
#1528=CARTESIAN_POINT('',(50.951050256,389.153746555,-6.268259095));
#1529=CARTESIAN_POINT('',(50.913863227,389.613310888,-6.954616402));
#1530=CARTESIAN_POINT('',(50.876676197,390.072875221,-7.640973709));
#1531=CARTESIAN_POINT('',(50.834310959,390.592030127,-8.270617123));
#1532=CARTESIAN_POINT('',(50.786617399,391.168253919,-8.845917768));
#1533=CARTESIAN_POINT('',(50.762770619,391.456365815,-9.133568091));
#1534=CARTESIAN_POINT('',(50.737581687,391.758851137,-9.407531578));
#1535=CARTESIAN_POINT('',(50.710967472,392.076025377,-9.667503616));
#1536=CARTESIAN_POINT('',(50.684353256,392.393199617,-9.927475655));
#1537=CARTESIAN_POINT('',(50.656220259,392.726133048,-10.173904018));
#1538=CARTESIAN_POINT('',(50.627205609,393.066635575,-10.400887354));
#1539=CARTESIAN_POINT('',(50.56917631,393.747640628,-10.854854025));
#1540=CARTESIAN_POINT('',(50.507121245,394.46503041,-11.237388407));
#1541=CARTESIAN_POINT('',(50.440632973,395.218361909,-11.549282972));
#1542=CARTESIAN_POINT('',(50.407388836,395.595027658,-11.705230254));
#1543=CARTESIAN_POINT('',(50.372921361,395.981932489,-11.843746617));
#1544=CARTESIAN_POINT('',(50.337476224,396.375601064,-11.963015186));
#1545=CARTESIAN_POINT('',(50.302031088,396.769269639,-12.082283756));
#1546=CARTESIAN_POINT('',(50.26593781,397.166033567,-12.181327932));
#1547=CARTESIAN_POINT('',(50.229163656,397.565804105,-12.260696976));
#1548=CARTESIAN_POINT('',(50.192389502,397.965574643,-12.340066021));
#1549=CARTESIAN_POINT('',(50.154904864,398.368349427,-12.399757443));
#1550=CARTESIAN_POINT('',(50.116742329,398.774135577,-12.43974503));
#1551=CARTESIAN_POINT('',(50.097661061,398.977028651,-12.459738824));
#1552=CARTESIAN_POINT('',(50.078375926,399.180672716,-12.474798034));
#1553=CARTESIAN_POINT('',(50.058911382,399.385078929,-12.484865721));
#1554=CARTESIAN_POINT('',(50.04917911,399.487282035,-12.489899565));
#1555=CARTESIAN_POINT('',(50.039406066,399.589676145,-12.49368497));
#1556=CARTESIAN_POINT('',(50.029573319,399.692261158,-12.496211298));
#1557=CARTESIAN_POINT('',(50.024656945,399.743553664,-12.497474462));
#1558=CARTESIAN_POINT('',(50.019735742,399.79489484,-12.498422821));
#1559=CARTESIAN_POINT('',(50.014794924,399.846283556,-12.499054814));
#1560=CARTESIAN_POINT('',(50.012324515,399.871977914,-12.499370811));
#1561=CARTESIAN_POINT('',(50.009853772,399.897684581,-12.499607715));
#1562=CARTESIAN_POINT('',(50.007378036,399.923403158,-12.499765315));
#1563=CARTESIAN_POINT('',(50.0049023,399.949121735,-12.499922915));
#1564=CARTESIAN_POINT('',(50.002506902,399.973980717,-12.5));
#1565=CARTESIAN_POINT('',(50.,400.,-12.5));
#1566=B_SPLINE_CURVE_WITH_KNOTS('',3,(#1469,#1470,#1471,#1472,#1473,#1474,#1475,#1476,#1477,#1478,#1479,#1480,#1481,#1482,#1483,#1484,#1485,#1486,#1487,#1488,#1489,#1490,#1491,#1492,#1493,#1494,
#1495,#1496,#1497,#1498,#1499,#1500,#1501,#1502,#1503,#1504,#1505,#1506,#1507,#1508,#1509,#1510,#1511,#1512,#1513,#1514,#1515,#1516,#1517,#1518,#1519,
#1520,#1521,#1522,#1523,#1524,#1525,#1526,#1527,#1528,#1529,#1530,#1531,#1532,#1533,#1534,#1535,#1536,#1537,#1538,#1539,#1540,#1541,#1542,#1543,#1544,
#1545,#1546,#1547,#1548,#1549,#1550,#1551,#1552,#1553,#1554,#1555,#1556,#1557,#1558,#1559,#1560,#1561,#1562,#1563,#1564,#1565),.UNSPECIFIED.,.F.,.F.,(4,3,3,3,3,3,3,3,3,3,3,3,3,3,3,3,3,3,3,3,3,3,3,3,3,3,
3,3,3,3,3,3,4),(-0.000051162,0.001175489,0.002402141,0.004855444,0.00546877,0.006082095,0.007308747,0.00976205,0.010375375,0.010988701,0.012215353,0.013442004,0.01405533,0.014668655,0.017121958,0.01834861,0.019575261,0.022028564,0.023255216,0.024481867,0.02693517,0.029388473,0.030615124,0.031841776,0.034295079,0.03552173,
0.036748382,0.037975033,0.038588359,0.038895022,0.039048353,0.039125019,0.039201684),.UNSPECIFIED.);
#1567=EDGE_CURVE('152',#1468,#1381,#1566,.T.);
#1568=ORIENTED_EDGE('',*,*,#1567,.F.);
#1569=CARTESIAN_POINT('',(50.,400.,12.5));
#1570=CARTESIAN_POINT('',(49.960305104,400.411787099,12.5));
#1571=CARTESIAN_POINT('',(49.920722299,400.822368303,12.479690547));
#1572=CARTESIAN_POINT('',(49.881288699,401.231423523,12.439195959));
#1573=CARTESIAN_POINT('',(49.841855099,401.640478743,12.398701371));
#1574=CARTESIAN_POINT('',(49.802493349,402.048594635,12.337750503));
#1575=CARTESIAN_POINT('',(49.763898144,402.449133127,12.25772193));
#1576=CARTESIAN_POINT('',(49.686707734,403.250210112,12.097664785));
#1577=CARTESIAN_POINT('',(49.611751336,404.027383268,11.861495291));
#1578=CARTESIAN_POINT('',(49.539120855,404.780794193,11.549632327));
#1579=CARTESIAN_POINT('',(49.520963235,404.969146924,11.471666586));
#1580=CARTESIAN_POINT('',(49.502947037,405.15600071,11.388927637));
#1581=CARTESIAN_POINT('',(49.48508384,405.341331269,11.301335332));
#1582=CARTESIAN_POINT('',(49.467220643,405.526661827,11.213743027));
#1583=CARTESIAN_POINT('',(49.449449481,405.710966436,11.121022526));
#1584=CARTESIAN_POINT('',(49.431968231,405.892310408,11.02409534));
#1585=CARTESIAN_POINT('',(49.39700573,406.254998351,10.830240966));
#1586=CARTESIAN_POINT('',(49.363218696,406.605463476,10.619965899));
#1587=CARTESIAN_POINT('',(49.330577044,406.94406205,10.393748229));
#1588=CARTESIAN_POINT('',(49.265293739,407.6212592,9.941312887));
#1589=CARTESIAN_POINT('',(49.204553642,408.251328732,9.425562741));
#1590=CARTESIAN_POINT('',(49.14848439,408.832946619,8.84471899));
#1591=CARTESIAN_POINT('',(49.036345885,409.996182394,7.683031489));
#1592=CARTESIAN_POINT('',(48.94748421,410.917962838,6.305390075));
#1593=CARTESIAN_POINT('',(48.886741403,411.548060467,4.78458979));
#1594=CARTESIAN_POINT('',(48.85637,411.863109281,4.024189647));
#1595=CARTESIAN_POINT('',(48.833574398,412.099572775,3.243124444));
#1596=CARTESIAN_POINT('',(48.818188355,412.259175345,2.441847634));
#1597=CARTESIAN_POINT('',(48.810495333,412.338976629,2.041209229));
#1598=CARTESIAN_POINT('',(48.804669812,412.399425128,1.635481704));
#1599=CARTESIAN_POINT('',(48.80076805,412.439879744,1.224496613));
#1600=CARTESIAN_POINT('',(48.796866289,412.48033436,0.813511522));
#1601=CARTESIAN_POINT('',(48.794947437,412.500253813,0.401364599));
#1602=CARTESIAN_POINT('',(48.794972561,412.499997549,-0.007828238));
#1603=CARTESIAN_POINT('',(48.79502281,412.499485021,-0.826213913));
#1604=CARTESIAN_POINT('',(48.802744539,412.419377223,-1.63805224));
#1605=CARTESIAN_POINT('',(48.818215843,412.258890208,-2.443278715));
#1606=CARTESIAN_POINT('',(48.825951494,412.1786467,-2.845891952));
#1607=CARTESIAN_POINT('',(48.835707684,412.077443736,-3.248705915));
#1608=CARTESIAN_POINT('',(48.847244405,411.957770957,-3.641663595));
#1609=CARTESIAN_POINT('',(48.858781126,411.838098178,-4.034621275));
#1610=CARTESIAN_POINT('',(48.872108477,411.699850826,-4.419239785));
#1611=CARTESIAN_POINT('',(48.887186056,411.543447997,-4.795707283));
#1612=CARTESIAN_POINT('',(48.917341214,411.230642339,-5.548642279));
#1613=CARTESIAN_POINT('',(48.954485848,410.845333575,-6.269836334));
#1614=CARTESIAN_POINT('',(48.998792148,410.385735039,-6.956041094));
#1615=CARTESIAN_POINT('',(49.043098448,409.926136503,-7.642245854));
#1616=CARTESIAN_POINT('',(49.093144122,409.407002602,-8.271698279));
#1617=CARTESIAN_POINT('',(49.148685771,408.830857652,-8.846804685));
#1618=CARTESIAN_POINT('',(49.176456595,408.542785176,-9.134357888));
#1619=CARTESIAN_POINT('',(49.205611667,408.24035362,-9.408223237));
#1620=CARTESIAN_POINT('',(49.236181423,407.923247251,-9.668099761));
#1621=CARTESIAN_POINT('',(49.266751179,407.606140883,-9.927976286));
#1622=CARTESIAN_POINT('',(49.298837838,407.273299364,-10.174304594));
#1623=CARTESIAN_POINT('',(49.331653654,406.932894157,-10.401200825));
#1624=CARTESIAN_POINT('',(49.397285285,406.252083745,-10.854993287));
#1625=CARTESIAN_POINT('',(49.466422842,405.534905644,-11.237405233));
#1626=CARTESIAN_POINT('',(49.539027325,404.781764397,-11.549230678));
#1627=CARTESIAN_POINT('',(49.575329567,404.405193774,-11.7051434));
#1628=CARTESIAN_POINT('',(49.612618645,404.018392669,-11.843634346));
#1629=CARTESIAN_POINT('',(49.65056302,403.62478169,-11.962899218));
#1630=CARTESIAN_POINT('',(49.688507394,403.231170712,-12.082164089));
#1631=CARTESIAN_POINT('',(49.726754041,402.834436549,-12.181218769));
#1632=CARTESIAN_POINT('',(49.765293131,402.434662644,-12.2606043));
#1633=CARTESIAN_POINT('',(49.80383222,402.034888739,-12.339989832));
#1634=CARTESIAN_POINT('',(49.842688027,401.632077055,-12.399703802));
#1635=CARTESIAN_POINT('',(49.881790792,401.226215291,-12.439710449));
#1636=CARTESIAN_POINT('',(49.901342175,401.023284408,-12.459713773));
#1637=CARTESIAN_POINT('',(49.920987396,400.819592738,-12.474781534));
#1638=CARTESIAN_POINT('',(49.94070157,400.615128796,-12.484855488));
#1639=CARTESIAN_POINT('',(49.950558657,400.512896825,-12.489892465));
#1640=CARTESIAN_POINT('',(49.960425147,400.410470942,-12.493680418));
#1641=CARTESIAN_POINT('',(49.970323491,400.307851621,-12.49620852));
#1642=CARTESIAN_POINT('',(49.975272663,400.256541961,-12.497472571));
#1643=CARTESIAN_POINT('',(49.980218066,400.205182805,-12.498421622));
#1644=CARTESIAN_POINT('',(49.98517635,400.15377551,-12.499054088));
#1645=CARTESIAN_POINT('',(49.987655492,400.128071863,-12.499370321));
#1646=CARTESIAN_POINT('',(49.990132757,400.102355689,-12.499607405));
#1647=CARTESIAN_POINT('',(49.992613299,400.076627453,-12.499765127));
#1648=CARTESIAN_POINT('',(49.99509384,400.050899217,-12.499922849));
#1649=CARTESIAN_POINT('',(49.997490893,400.026028771,-12.5));
#1650=CARTESIAN_POINT('',(50.,400.,-12.5));
#1651=B_SPLINE_CURVE_WITH_KNOTS('',3,(#1569,#1570,#1571,#1572,#1573,#1574,#1575,#1576,#1577,#1578,#1579,#1580,#1581,#1582,#1583,#1584,#1585,#1586,#1587,#1588,#1589,#1590,#1591,#1592,#1593,#1594,
#1595,#1596,#1597,#1598,#1599,#1600,#1601,#1602,#1603,#1604,#1605,#1606,#1607,#1608,#1609,#1610,#1611,#1612,#1613,#1614,#1615,#1616,#1617,#1618,#1619,
#1620,#1621,#1622,#1623,#1624,#1625,#1626,#1627,#1628,#1629,#1630,#1631,#1632,#1633,#1634,#1635,#1636,#1637,#1638,#1639,#1640,#1641,#1642,#1643,#1644,
#1645,#1646,#1647,#1648,#1649,#1650),.UNSPECIFIED.,.F.,.F.,(4,3,3,3,3,3,3,3,3,3,3,3,3,3,3,3,3,3,3,3,3,3,3,3,3,3,
3,4),(-0.000051162,0.001175993,0.002403148,0.004857459,0.005471036,0.006084614,0.007311769,0.009766079,0.0146747,0.01712901,0.018356165,0.01958332,0.022037631,0.023264786,0.024491941,0.026946251,0.029400561,0.030627717,0.031854872,0.034309182,0.035536337,0.036763492,0.037990647,0.038604225,0.038911014,0.039064408,
0.039141105,0.039217803),.UNSPECIFIED.);
#1652=EDGE_CURVE('194',#1468,#1328,#1651,.T.);
#1653=ORIENTED_EDGE('',*,*,#1652,.T.);
#1654=EDGE_LOOP('',(#1371,#1378,#1379,#1466,#1568,#1653));
#1655=FACE_BOUND('',#1654,.T.);
#1656=ADVANCED_FACE('197',(#1655),#1326,.T.);
#1657=CARTESIAN_POINT('',(71.433783204,449.539609246,0.));
#1658=DIRECTION('',(-1.,0.,0.));
#1659=DIRECTION('',(-0.,-1.,0.));
#1660=AXIS2_PLACEMENT_3D('',#1657,#1658,#1659);
#1661=CYLINDRICAL_SURFACE('',#1660,12.5);
#1662=CARTESIAN_POINT('',(45.224271987,437.039609246,0.));
#1663=DIRECTION('',(1.,-0.,-0.));
#1664=VECTOR('',#1663,24.065297122);
#1665=LINE('',#1662,#1664);
#1666=EDGE_CURVE('',#1330,#709,#1665,.T.);
#1667=ORIENTED_EDGE('',*,*,#1666,.T.);
#1668=ORIENTED_EDGE('',*,*,#1055,.T.);
#1669=ORIENTED_EDGE('',*,*,#955,.F.);
#1670=ORIENTED_EDGE('',*,*,#853,.T.);
#1671=ORIENTED_EDGE('',*,*,#1666,.F.);
#1672=ORIENTED_EDGE('',*,*,#1377,.F.);
#1673=EDGE_LOOP('',(#1667,#1668,#1669,#1670,#1671,#1672));
#1674=FACE_BOUND('',#1673,.T.);
#1675=ADVANCED_FACE('147',(#1674),#1661,.T.);
#1676=CARTESIAN_POINT('',(50.,200.,0.));
#1677=DIRECTION('',(1.,0.,0.));
#1678=DIRECTION('',(-0.,1.,0.));
#1679=AXIS2_PLACEMENT_3D('',#1676,#1677,#1678);
#1680=CYLINDRICAL_SURFACE('',#1679,12.5);
#1681=CARTESIAN_POINT('',(94.66820139,212.500000007,-0.));
#1682=VERTEX_POINT('',#1681);
#1683=CARTESIAN_POINT('',(50.,212.5,-0.));
#1684=VERTEX_POINT('',#1683);
#1685=CARTESIAN_POINT('',(94.66820139,212.5,0.));
#1686=DIRECTION('',(-1.,-0.,-0.));
#1687=VECTOR('',#1686,44.66820139);
#1688=LINE('',#1685,#1687);
#1689=EDGE_CURVE('',#1682,#1684,#1688,.T.);
#1690=ORIENTED_EDGE('',*,*,#1689,.T.);
#1691=CARTESIAN_POINT('',(50.,187.5,0.));
#1692=VERTEX_POINT('',#1691);
#1693=CARTESIAN_POINT('',(50.,200.,0.));
#1694=DIRECTION('',(1.,0.,0.));
#1695=DIRECTION('',(-0.,1.,0.));
#1696=AXIS2_PLACEMENT_3D('',#1693,#1694,#1695);
#1697=CIRCLE('',#1696,12.5);
#1698=EDGE_CURVE('169',#1684,#1692,#1697,.T.);
#1699=ORIENTED_EDGE('',*,*,#1698,.T.);
#1700=CARTESIAN_POINT('',(50.,200.,0.));
#1701=DIRECTION('',(1.,0.,0.));
#1702=DIRECTION('',(-0.,1.,0.));
#1703=AXIS2_PLACEMENT_3D('',#1700,#1701,#1702);
#1704=CIRCLE('',#1703,12.5);
#1705=EDGE_CURVE('169',#1692,#1684,#1704,.T.);
#1706=ORIENTED_EDGE('',*,*,#1705,.T.);
#1707=ORIENTED_EDGE('',*,*,#1689,.F.);
#1708=CARTESIAN_POINT('',(95.,200.,-12.5));
#1709=VERTEX_POINT('91',#1708);
#1710=CARTESIAN_POINT('',(95.,200.,-12.5));
#1711=CARTESIAN_POINT('',(94.999252649,200.026169965,-12.5));
#1712=CARTESIAN_POINT('',(94.998568455,200.050128342,-12.49992688));
#1713=CARTESIAN_POINT('',(94.997821121,200.07629771,-12.499767144));
#1714=CARTESIAN_POINT('',(94.997073786,200.102467078,-12.499607408));
#1715=CARTESIAN_POINT('',(94.996358326,200.127642408,-12.499374862));
#1716=CARTESIAN_POINT('',(94.995620469,200.153418469,-12.499058475));
#1717=CARTESIAN_POINT('',(94.994144755,200.204970591,-12.498425702));
#1718=CARTESIAN_POINT('',(94.992696653,200.256466808,-12.497474649));
#1719=CARTESIAN_POINT('',(94.991219412,200.307905876,-12.496207183));
#1720=CARTESIAN_POINT('',(94.988264929,200.410784012,-12.493672253));
#1721=CARTESIAN_POINT('',(94.985392376,200.513439096,-12.489871835));
#1722=CARTESIAN_POINT('',(94.982473123,200.615869873,-12.484818953));
#1723=CARTESIAN_POINT('',(94.976634617,200.820731426,-12.47471319));
#1724=CARTESIAN_POINT('',(94.970909982,201.024704523,-12.45959992));
#1725=CARTESIAN_POINT('',(94.965200969,201.227799791,-12.439554159));
#1726=CARTESIAN_POINT('',(94.953782942,201.633990327,-12.399462637));
#1727=CARTESIAN_POINT('',(94.942556697,202.036679332,-12.33967594));
#1728=CARTESIAN_POINT('',(94.931511001,202.435895922,-12.260359336));
#1729=CARTESIAN_POINT('',(94.920465306,202.835112511,-12.181042733));
#1730=CARTESIAN_POINT('',(94.909599937,203.230856879,-12.082197343));
#1731=CARTESIAN_POINT('',(94.898905571,203.623057262,-11.963421587));
#1732=CARTESIAN_POINT('',(94.888211206,204.015257644,-11.844645831));
#1733=CARTESIAN_POINT('',(94.877643687,204.405570942,-11.705084625));
#1734=CARTESIAN_POINT('',(94.867452424,204.784307681,-11.548177346));
#1735=CARTESIAN_POINT('',(94.847069896,205.54178116,-11.234362787));
#1736=CARTESIAN_POINT('',(94.828001959,206.259733337,-10.850438617));
#1737=CARTESIAN_POINT('',(94.810144902,206.938687403,-10.397337021));
#1738=CARTESIAN_POINT('',(94.801216373,207.278164436,-10.170786223));
#1739=CARTESIAN_POINT('',(94.79258096,207.608280516,-9.926442877));
#1740=CARTESIAN_POINT('',(94.784278359,207.927260986,-9.664809013));
#1741=CARTESIAN_POINT('',(94.775975757,208.246241455,-9.40317515));
#1742=CARTESIAN_POINT('',(94.768118498,208.549698587,-9.127926297));
#1743=CARTESIAN_POINT('',(94.760684056,208.838151528,-8.839517949));
#1744=CARTESIAN_POINT('',(94.745815171,209.415057409,-8.262701254));
#1745=CARTESIAN_POINT('',(94.732631359,209.93236913,-7.633617104));
#1746=CARTESIAN_POINT('',(94.721072925,210.38893649,-6.951258779));
#1747=CARTESIAN_POINT('',(94.715293707,210.61722017,-6.610079616));
#1748=CARTESIAN_POINT('',(94.709918622,210.830355813,-6.254683599));
#1749=CARTESIAN_POINT('',(94.705062834,211.023419926,-5.893573884));
#1750=CARTESIAN_POINT('',(94.700207046,211.21648404,-5.53246417));
#1751=CARTESIAN_POINT('',(94.695836666,211.390816099,-5.163819657));
#1752=CARTESIAN_POINT('',(94.691935732,211.546741746,-4.787771408));
#1753=CARTESIAN_POINT('',(94.688034798,211.702667392,-4.411723159));
#1754=CARTESIAN_POINT('',(94.684603572,211.840186031,-4.028270932));
#1755=CARTESIAN_POINT('',(94.681641215,211.959089541,-3.637331074));
#1756=CARTESIAN_POINT('',(94.680160036,212.018541297,-3.441861146));
#1757=CARTESIAN_POINT('',(94.678796336,212.073331031,-3.244515995));
#1758=CARTESIAN_POINT('',(94.677551451,212.12338093,-3.045264329));
#1759=CARTESIAN_POINT('',(94.676306565,212.173430829,-2.846012663));
#1760=CARTESIAN_POINT('',(94.67517792,212.218844834,-2.644282606));
#1761=CARTESIAN_POINT('',(94.674178577,212.25907732,-2.442339713));
#1762=CARTESIAN_POINT('',(94.670181207,212.420007261,-1.634568138));
#1763=CARTESIAN_POINT('',(94.668218177,212.499465394,-0.823136371));
#1764=CARTESIAN_POINT('',(94.668201491,212.499997337,-0.008158803));
#1765=CARTESIAN_POINT('',(94.668193147,212.500263309,0.399329981));
#1766=CARTESIAN_POINT('',(94.668680195,212.480654276,0.807711666));
#1767=CARTESIAN_POINT('',(94.669673421,212.44061428,1.217011226));
#1768=CARTESIAN_POINT('',(94.670170033,212.420594283,1.421661006));
#1769=CARTESIAN_POINT('',(94.67079543,212.395367285,1.627018685));
#1770=CARTESIAN_POINT('',(94.671542936,212.365241615,1.830519));
#1771=CARTESIAN_POINT('',(94.672290443,212.335115944,2.034019315));
#1772=CARTESIAN_POINT('',(94.673160138,212.30007889,2.236040167));
#1773=CARTESIAN_POINT('',(94.674150247,212.260217862,2.436607883));
#1774=CARTESIAN_POINT('',(94.678110683,212.100773748,3.238878748));
#1775=CARTESIAN_POINT('',(94.683978276,211.86483306,4.018106413));
#1776=CARTESIAN_POINT('',(94.691795921,211.552330401,4.774270867));
#1777=CARTESIAN_POINT('',(94.693750333,211.474204736,4.963311981));
#1778=CARTESIAN_POINT('',(94.695827818,211.391250991,5.150898703));
#1779=CARTESIAN_POINT('',(94.698031585,211.303379501,5.337004016));
#1780=CARTESIAN_POINT('',(94.700235352,211.21550801,5.523109329));
#1781=CARTESIAN_POINT('',(94.702568673,211.122589225,5.707910872));
#1782=CARTESIAN_POINT('',(94.705003915,211.025762528,5.889190155));
#1783=CARTESIAN_POINT('',(94.709874401,210.832109133,6.251748721));
#1784=CARTESIAN_POINT('',(94.715174238,210.621954492,6.602276392));
#1785=CARTESIAN_POINT('',(94.720900863,210.395733288,6.941089929));
#1786=CARTESIAN_POINT('',(94.732354114,209.943290881,7.618717003));
#1787=CARTESIAN_POINT('',(94.745507324,209.427047763,8.249826872));
#1788=CARTESIAN_POINT('',(94.760511895,208.844831547,8.832833911));
#1789=CARTESIAN_POINT('',(94.764263038,208.699277493,8.978585671));
#1790=CARTESIAN_POINT('',(94.768127184,208.549696172,9.121121108));
#1791=CARTESIAN_POINT('',(94.772065937,208.397613188,9.259054636));
#1792=CARTESIAN_POINT('',(94.776004689,208.245530204,9.396988164));
#1793=CARTESIAN_POINT('',(94.780028158,208.090552539,9.530722179));
#1794=CARTESIAN_POINT('',(94.7841361,207.932726363,9.66032362));
#1795=CARTESIAN_POINT('',(94.792351986,207.61707401,9.919526503));
#1796=CARTESIAN_POINT('',(94.800905057,207.290047717,10.162228263));
#1797=CARTESIAN_POINT('',(94.80980099,206.951764394,10.388598164));
#1798=CARTESIAN_POINT('',(94.818696922,206.613481071,10.614968064));
#1799=CARTESIAN_POINT('',(94.827935544,206.263941161,10.825006755));
#1800=CARTESIAN_POINT('',(94.837533516,205.902935159,11.01840989));
#1801=CARTESIAN_POINT('',(94.847131488,205.541929157,11.211813025));
#1802=CARTESIAN_POINT('',(94.857143759,205.167424891,11.389294179));
#1803=CARTESIAN_POINT('',(94.867340318,204.788473946,11.546450419));
#1804=CARTESIAN_POINT('',(94.887733436,204.030572055,11.860762898));
#1805=CARTESIAN_POINT('',(94.908950335,203.251450049,12.097257475));
#1806=CARTESIAN_POINT('',(94.931080111,202.451470829,12.257254618));
#1807=CARTESIAN_POINT('',(94.953209887,201.651491609,12.417251761));
#1808=CARTESIAN_POINT('',(94.976424615,200.825561196,12.5));
#1809=CARTESIAN_POINT('',(95.,200.,12.5));
#1810=B_SPLINE_CURVE_WITH_KNOTS('',3,(#1710,#1711,#1712,#1713,#1714,#1715,#1716,#1717,#1718,#1719,#1720,#1721,#1722,#1723,#1724,#1725,#1726,#1727,#1728,#1729,#1730,#1731,#1732,#1733,#1734,#1735,
#1736,#1737,#1738,#1739,#1740,#1741,#1742,#1743,#1744,#1745,#1746,#1747,#1748,#1749,#1750,#1751,#1752,#1753,#1754,#1755,#1756,#1757,#1758,#1759,#1760,
#1761,#1762,#1763,#1764,#1765,#1766,#1767,#1768,#1769,#1770,#1771,#1772,#1773,#1774,#1775,#1776,#1777,#1778,#1779,#1780,#1781,#1782,#1783,#1784,#1785,
#1786,#1787,#1788,#1789,#1790,#1791,#1792,#1793,#1794,#1795,#1796,#1797,#1798,#1799,#1800,#1801,#1802,#1803,#1804,#1805,#1806,#1807,#1808,#1809),.UNSPECIFIED.,.F.,.F.,(4,3,3,3,3,3,3,3,3,3,3,3,3,3,3,3,3,3,3,3,3,3,3,3,3,3,
3,3,3,3,3,3,3,4),(-0.000093574,-0.000017245,0.000059084,0.000211743,0.000517059,0.001127692,0.002348959,0.003570225,0.004791492,0.007234025,0.008455291,0.009676557,0.01211909,0.013340357,0.014561623,0.01578289,0.016393523,0.017004156,0.019446689,0.020667955,0.021278589,0.021889222,0.024331755,0.024942388,0.025553021,0.026774288,
0.029216821,0.029827454,0.030438087,0.031659354,0.03288062,0.034101886,0.036544419,0.038986952),.UNSPECIFIED.);
#1811=EDGE_CURVE('99',#1709,#1682,#1810,.T.);
#1812=ORIENTED_EDGE('',*,*,#1811,.F.);
#1813=CARTESIAN_POINT('',(95.,200.,12.5));
#1814=VERTEX_POINT('89',#1813);
#1815=CARTESIAN_POINT('',(95.,200.,-12.5));
#1816=CARTESIAN_POINT('',(95.000747832,199.973829396,-12.5));
#1817=CARTESIAN_POINT('',(95.001432464,199.949870532,-12.499926877));
#1818=CARTESIAN_POINT('',(95.002180279,199.923700525,-12.499767133));
#1819=CARTESIAN_POINT('',(95.002928094,199.897530519,-12.49960739));
#1820=CARTESIAN_POINT('',(95.0036447,199.872354598,-12.499374833));
#1821=CARTESIAN_POINT('',(95.004384085,199.846577953,-12.499058432));
#1822=CARTESIAN_POINT('',(95.005862857,199.795024664,-12.498425629));
#1823=CARTESIAN_POINT('',(95.007315379,199.743527302,-12.497474532));
#1824=CARTESIAN_POINT('',(95.008798748,199.692087166,-12.496207012));
#1825=CARTESIAN_POINT('',(95.011765486,199.589206895,-12.493671971));
#1826=CARTESIAN_POINT('',(95.014655741,199.486549789,-12.489871394));
#1827=CARTESIAN_POINT('',(95.017599274,199.384117235,-12.484818317));
#1828=CARTESIAN_POINT('',(95.023486341,199.179252128,-12.474712165));
#1829=CARTESIAN_POINT('',(95.029282475,198.975276122,-12.459598365));
#1830=CARTESIAN_POINT('',(95.035086392,198.772178662,-12.439552032));
#1831=CARTESIAN_POINT('',(95.046694225,198.365983743,-12.399459367));
#1832=CARTESIAN_POINT('',(95.058202235,197.963293072,-12.33967137));
#1833=CARTESIAN_POINT('',(95.06961115,197.564077121,-12.260353981));
#1834=CARTESIAN_POINT('',(95.081020065,197.164861171,-12.181036591));
#1835=CARTESIAN_POINT('',(95.09232989,196.769119742,-12.082190927));
#1836=CARTESIAN_POINT('',(95.103538484,196.376924182,-11.963415968));
#1837=CARTESIAN_POINT('',(95.114747079,195.984728622,-11.844641008));
#1838=CARTESIAN_POINT('',(95.125901825,195.594420998,-11.705081408));
#1839=CARTESIAN_POINT('',(95.136725772,195.215689147,-11.548176032));
#1840=CARTESIAN_POINT('',(95.158373667,194.458225445,-11.23436528));
#1841=CARTESIAN_POINT('',(95.178892066,193.740286188,-10.850448558));
#1842=CARTESIAN_POINT('',(95.198295688,193.061345351,-10.397358879));
#1843=CARTESIAN_POINT('',(95.207997499,192.721874932,-10.170814039));
#1844=CARTESIAN_POINT('',(95.217432008,192.391769338,-9.926480896));
#1845=CARTESIAN_POINT('',(95.226547658,192.07279104,-9.664851685));
#1846=CARTESIAN_POINT('',(95.235663308,191.753812741,-9.403222475));
#1847=CARTESIAN_POINT('',(95.24433601,191.450357563,-9.127978673));
#1848=CARTESIAN_POINT('',(95.252579519,191.161906222,-8.839575689));
#1849=CARTESIAN_POINT('',(95.269066536,190.58500354,-8.262769722));
#1850=CARTESIAN_POINT('',(95.28385048,190.067693631,-7.633697697));
#1851=CARTESIAN_POINT('',(95.29689851,189.611125689,-6.951351706));
#1852=CARTESIAN_POINT('',(95.303422525,189.382841718,-6.610178711));
#1853=CARTESIAN_POINT('',(95.309513771,189.169700889,-6.254782064));
#1854=CARTESIAN_POINT('',(95.315031403,188.976631591,-5.893670241));
#1855=CARTESIAN_POINT('',(95.320549036,188.783562293,-5.532558419));
#1856=CARTESIAN_POINT('',(95.325531319,188.609225531,-5.163911798));
#1857=CARTESIAN_POINT('',(95.329987565,188.453295569,-4.7878614));
#1858=CARTESIAN_POINT('',(95.334443811,188.297365607,-4.411811002));
#1859=CARTESIAN_POINT('',(95.338374001,188.159843003,-4.028356603));
#1860=CARTESIAN_POINT('',(95.34177219,188.040935835,-3.637414506));
#1861=CARTESIAN_POINT('',(95.343471285,187.981482251,-3.441943458));
#1862=CARTESIAN_POINT('',(95.345037144,187.926690759,-3.244597173));
#1863=CARTESIAN_POINT('',(95.346467544,187.876639172,-3.045344354));
#1864=CARTESIAN_POINT('',(95.347897943,187.826587585,-2.846091536));
#1865=CARTESIAN_POINT('',(95.349195858,187.781171819,-2.644360094));
#1866=CARTESIAN_POINT('',(95.350345714,187.740936817,-2.44241067));
#1867=CARTESIAN_POINT('',(95.354945139,187.57999681,-1.634612973));
#1868=CARTESIAN_POINT('',(95.357216039,187.500535008,-0.823159562));
#1869=CARTESIAN_POINT('',(95.357231252,187.500002667,-0.008164793));
#1870=CARTESIAN_POINT('',(95.357238859,187.499736496,0.399332592));
#1871=CARTESIAN_POINT('',(95.356678844,187.519346166,0.807721753));
#1872=CARTESIAN_POINT('',(95.355534128,187.559387324,1.217027622));
#1873=CARTESIAN_POINT('',(95.35496177,187.579407902,1.421680557));
#1874=CARTESIAN_POINT('',(95.354240994,187.604635776,1.627042825));
#1875=CARTESIAN_POINT('',(95.353380006,187.6347629,1.830549495));
#1876=CARTESIAN_POINT('',(95.352519018,187.664890024,2.034056164));
#1877=CARTESIAN_POINT('',(95.351517664,187.699928767,2.236082784));
#1878=CARTESIAN_POINT('',(95.350378442,187.739791645,2.436655717));
#1879=CARTESIAN_POINT('',(95.345821554,187.899243154,3.238947448));
#1880=CARTESIAN_POINT('',(95.339078439,188.135193776,4.018187216));
#1881=CARTESIAN_POINT('',(95.330147336,188.447704987,4.774356495));
#1882=CARTESIAN_POINT('',(95.32791456,188.52583279,4.963398815));
#1883=CARTESIAN_POINT('',(95.325543807,188.608788592,5.150986283));
#1884=CARTESIAN_POINT('',(95.323032516,188.696661995,5.337091899));
#1885=CARTESIAN_POINT('',(95.320521226,188.784535398,5.523197515));
#1886=CARTESIAN_POINT('',(95.317865684,188.877456349,5.707999728));
#1887=CARTESIAN_POINT('',(95.31509846,188.974285184,5.88927948));
#1888=CARTESIAN_POINT('',(95.309564013,189.167942855,6.251838984));
#1889=CARTESIAN_POINT('',(95.303558002,189.37810119,6.602365962));
#1890=CARTESIAN_POINT('',(95.297092857,189.604325239,6.941177585));
#1891=CARTESIAN_POINT('',(95.284162565,190.056773338,7.618800831));
#1892=CARTESIAN_POINT('',(95.26940904,190.573018858,8.249902062));
#1893=CARTESIAN_POINT('',(95.252770238,191.155232688,8.832898233));
#1894=CARTESIAN_POINT('',(95.248610538,191.300786146,8.978647276));
#1895=CARTESIAN_POINT('',(95.244335785,191.450365619,9.121178934));
#1896=CARTESIAN_POINT('',(95.239989523,191.602446431,9.259108707));
#1897=CARTESIAN_POINT('',(95.23564326,191.754527244,9.397038481));
#1898=CARTESIAN_POINT('',(95.231214265,191.909502311,9.530768637));
#1899=CARTESIAN_POINT('',(95.226703858,192.067325459,9.660366175));
#1900=CARTESIAN_POINT('',(95.217683043,192.382971755,9.91956125));
#1901=CARTESIAN_POINT('',(95.208337153,192.709990271,10.162255022));
#1902=CARTESIAN_POINT('',(95.198669542,193.04826405,10.388617198));
#1903=CARTESIAN_POINT('',(95.189001931,193.38653783,10.614979374));
#1904=CARTESIAN_POINT('',(95.179012614,193.736066433,10.82501059));
#1905=CARTESIAN_POINT('',(95.168695631,194.097059313,11.018406929));
#1906=CARTESIAN_POINT('',(95.158378648,194.458052193,11.211803267));
#1907=CARTESIAN_POINT('',(95.147675805,194.832545563,11.389280817));
#1908=CARTESIAN_POINT('',(95.136845575,195.211497238,11.546438468));
#1909=CARTESIAN_POINT('',(95.115185115,195.969400589,11.86075377));
#1910=CARTESIAN_POINT('',(95.092918323,196.748522709,12.09725027));
#1911=CARTESIAN_POINT('',(95.070056224,197.548503295,12.257249443));
#1912=CARTESIAN_POINT('',(95.047194124,198.348483881,12.417248616));
#1913=CARTESIAN_POINT('',(95.023590541,199.174419237,12.5));
#1914=CARTESIAN_POINT('',(95.,200.,12.5));
#1915=B_SPLINE_CURVE_WITH_KNOTS('',3,(#1815,#1816,#1817,#1818,#1819,#1820,#1821,#1822,#1823,#1824,#1825,#1826,#1827,#1828,#1829,#1830,#1831,#1832,#1833,#1834,#1835,#1836,#1837,#1838,#1839,#1840,
#1841,#1842,#1843,#1844,#1845,#1846,#1847,#1848,#1849,#1850,#1851,#1852,#1853,#1854,#1855,#1856,#1857,#1858,#1859,#1860,#1861,#1862,#1863,#1864,#1865,
#1866,#1867,#1868,#1869,#1870,#1871,#1872,#1873,#1874,#1875,#1876,#1877,#1878,#1879,#1880,#1881,#1882,#1883,#1884,#1885,#1886,#1887,#1888,#1889,#1890,
#1891,#1892,#1893,#1894,#1895,#1896,#1897,#1898,#1899,#1900,#1901,#1902,#1903,#1904,#1905,#1906,#1907,#1908,#1909,#1910,#1911,#1912,#1913,#1914),.UNSPECIFIED.,.F.,.F.,(4,3,3,3,3,3,3,3,3,3,3,3,3,3,3,3,3,3,3,3,3,3,3,3,3,3,
3,3,3,3,3,3,3,4),(-0.000093574,-0.000017243,0.000059088,0.00021175,0.000517074,0.001127721,0.002349017,0.003570312,0.004791607,0.007234198,0.008455493,0.009676788,0.012119379,0.013340674,0.01456197,0.015783265,0.016393912,0.01700456,0.019447151,0.020668446,0.021279094,0.021889741,0.024332332,0.02494298,0.025553627,0.026774923,
0.029217513,0.029828161,0.030438808,0.031660104,0.032881399,0.034102694,0.036545285,0.038987876),.UNSPECIFIED.);
#1916=EDGE_CURVE('96',#1709,#1814,#1915,.T.);
#1917=ORIENTED_EDGE('',*,*,#1916,.T.);
#1918=CARTESIAN_POINT('',(95.,200.,-12.5));
#1919=CARTESIAN_POINT('',(94.999252649,200.026169965,-12.5));
#1920=CARTESIAN_POINT('',(94.998568455,200.050128342,-12.49992688));
#1921=CARTESIAN_POINT('',(94.997821121,200.07629771,-12.499767144));
#1922=CARTESIAN_POINT('',(94.997073786,200.102467078,-12.499607408));
#1923=CARTESIAN_POINT('',(94.996358326,200.127642408,-12.499374862));
#1924=CARTESIAN_POINT('',(94.995620469,200.153418469,-12.499058475));
#1925=CARTESIAN_POINT('',(94.994144755,200.204970591,-12.498425702));
#1926=CARTESIAN_POINT('',(94.992696653,200.256466808,-12.497474649));
#1927=CARTESIAN_POINT('',(94.991219412,200.307905876,-12.496207183));
#1928=CARTESIAN_POINT('',(94.988264929,200.410784012,-12.493672253));
#1929=CARTESIAN_POINT('',(94.985392376,200.513439096,-12.489871835));
#1930=CARTESIAN_POINT('',(94.982473123,200.615869873,-12.484818953));
#1931=CARTESIAN_POINT('',(94.976634617,200.820731426,-12.47471319));
#1932=CARTESIAN_POINT('',(94.970909982,201.024704523,-12.45959992));
#1933=CARTESIAN_POINT('',(94.965200969,201.227799791,-12.439554159));
#1934=CARTESIAN_POINT('',(94.953782942,201.633990327,-12.399462637));
#1935=CARTESIAN_POINT('',(94.942556697,202.036679332,-12.33967594));
#1936=CARTESIAN_POINT('',(94.931511001,202.435895922,-12.260359336));
#1937=CARTESIAN_POINT('',(94.920465306,202.835112511,-12.181042733));
#1938=CARTESIAN_POINT('',(94.909599937,203.230856879,-12.082197343));
#1939=CARTESIAN_POINT('',(94.898905571,203.623057262,-11.963421587));
#1940=CARTESIAN_POINT('',(94.888211206,204.015257644,-11.844645831));
#1941=CARTESIAN_POINT('',(94.877643687,204.405570942,-11.705084625));
#1942=CARTESIAN_POINT('',(94.867452424,204.784307681,-11.548177346));
#1943=CARTESIAN_POINT('',(94.847069896,205.54178116,-11.234362787));
#1944=CARTESIAN_POINT('',(94.828001959,206.259733337,-10.850438617));
#1945=CARTESIAN_POINT('',(94.810144902,206.938687403,-10.397337021));
#1946=CARTESIAN_POINT('',(94.801216373,207.278164436,-10.170786223));
#1947=CARTESIAN_POINT('',(94.79258096,207.608280516,-9.926442877));
#1948=CARTESIAN_POINT('',(94.784278359,207.927260986,-9.664809013));
#1949=CARTESIAN_POINT('',(94.775975757,208.246241455,-9.40317515));
#1950=CARTESIAN_POINT('',(94.768118498,208.549698587,-9.127926297));
#1951=CARTESIAN_POINT('',(94.760684056,208.838151528,-8.839517949));
#1952=CARTESIAN_POINT('',(94.745815171,209.415057409,-8.262701254));
#1953=CARTESIAN_POINT('',(94.732631359,209.93236913,-7.633617104));
#1954=CARTESIAN_POINT('',(94.721072925,210.38893649,-6.951258779));
#1955=CARTESIAN_POINT('',(94.715293707,210.61722017,-6.610079616));
#1956=CARTESIAN_POINT('',(94.709918622,210.830355813,-6.254683599));
#1957=CARTESIAN_POINT('',(94.705062834,211.023419926,-5.893573884));
#1958=CARTESIAN_POINT('',(94.700207046,211.21648404,-5.53246417));
#1959=CARTESIAN_POINT('',(94.695836666,211.390816099,-5.163819657));
#1960=CARTESIAN_POINT('',(94.691935732,211.546741746,-4.787771408));
#1961=CARTESIAN_POINT('',(94.688034798,211.702667392,-4.411723159));
#1962=CARTESIAN_POINT('',(94.684603572,211.840186031,-4.028270932));
#1963=CARTESIAN_POINT('',(94.681641215,211.959089541,-3.637331074));
#1964=CARTESIAN_POINT('',(94.680160036,212.018541297,-3.441861146));
#1965=CARTESIAN_POINT('',(94.678796336,212.073331031,-3.244515995));
#1966=CARTESIAN_POINT('',(94.677551451,212.12338093,-3.045264329));
#1967=CARTESIAN_POINT('',(94.676306565,212.173430829,-2.846012663));
#1968=CARTESIAN_POINT('',(94.67517792,212.218844834,-2.644282606));
#1969=CARTESIAN_POINT('',(94.674178577,212.25907732,-2.442339713));
#1970=CARTESIAN_POINT('',(94.670181207,212.420007261,-1.634568138));
#1971=CARTESIAN_POINT('',(94.668218177,212.499465394,-0.823136371));
#1972=CARTESIAN_POINT('',(94.668201491,212.499997337,-0.008158803));
#1973=CARTESIAN_POINT('',(94.668193147,212.500263309,0.399329981));
#1974=CARTESIAN_POINT('',(94.668680195,212.480654276,0.807711666));
#1975=CARTESIAN_POINT('',(94.669673421,212.44061428,1.217011226));
#1976=CARTESIAN_POINT('',(94.670170033,212.420594283,1.421661006));
#1977=CARTESIAN_POINT('',(94.67079543,212.395367285,1.627018685));
#1978=CARTESIAN_POINT('',(94.671542936,212.365241615,1.830519));
#1979=CARTESIAN_POINT('',(94.672290443,212.335115944,2.034019315));
#1980=CARTESIAN_POINT('',(94.673160138,212.30007889,2.236040167));
#1981=CARTESIAN_POINT('',(94.674150247,212.260217862,2.436607883));
#1982=CARTESIAN_POINT('',(94.678110683,212.100773748,3.238878748));
#1983=CARTESIAN_POINT('',(94.683978276,211.86483306,4.018106413));
#1984=CARTESIAN_POINT('',(94.691795921,211.552330401,4.774270867));
#1985=CARTESIAN_POINT('',(94.693750333,211.474204736,4.963311981));
#1986=CARTESIAN_POINT('',(94.695827818,211.391250991,5.150898703));
#1987=CARTESIAN_POINT('',(94.698031585,211.303379501,5.337004016));
#1988=CARTESIAN_POINT('',(94.700235352,211.21550801,5.523109329));
#1989=CARTESIAN_POINT('',(94.702568673,211.122589225,5.707910872));
#1990=CARTESIAN_POINT('',(94.705003915,211.025762528,5.889190155));
#1991=CARTESIAN_POINT('',(94.709874401,210.832109133,6.251748721));
#1992=CARTESIAN_POINT('',(94.715174238,210.621954492,6.602276392));
#1993=CARTESIAN_POINT('',(94.720900863,210.395733288,6.941089929));
#1994=CARTESIAN_POINT('',(94.732354114,209.943290881,7.618717003));
#1995=CARTESIAN_POINT('',(94.745507324,209.427047763,8.249826872));
#1996=CARTESIAN_POINT('',(94.760511895,208.844831547,8.832833911));
#1997=CARTESIAN_POINT('',(94.764263038,208.699277493,8.978585671));
#1998=CARTESIAN_POINT('',(94.768127184,208.549696172,9.121121108));
#1999=CARTESIAN_POINT('',(94.772065937,208.397613188,9.259054636));
#2000=CARTESIAN_POINT('',(94.776004689,208.245530204,9.396988164));
#2001=CARTESIAN_POINT('',(94.780028158,208.090552539,9.530722179));
#2002=CARTESIAN_POINT('',(94.7841361,207.932726363,9.66032362));
#2003=CARTESIAN_POINT('',(94.792351986,207.61707401,9.919526503));
#2004=CARTESIAN_POINT('',(94.800905057,207.290047717,10.162228263));
#2005=CARTESIAN_POINT('',(94.80980099,206.951764394,10.388598164));
#2006=CARTESIAN_POINT('',(94.818696922,206.613481071,10.614968064));
#2007=CARTESIAN_POINT('',(94.827935544,206.263941161,10.825006755));
#2008=CARTESIAN_POINT('',(94.837533516,205.902935159,11.01840989));
#2009=CARTESIAN_POINT('',(94.847131488,205.541929157,11.211813025));
#2010=CARTESIAN_POINT('',(94.857143759,205.167424891,11.389294179));
#2011=CARTESIAN_POINT('',(94.867340318,204.788473946,11.546450419));
#2012=CARTESIAN_POINT('',(94.887733436,204.030572055,11.860762898));
#2013=CARTESIAN_POINT('',(94.908950335,203.251450049,12.097257475));
#2014=CARTESIAN_POINT('',(94.931080111,202.451470829,12.257254618));
#2015=CARTESIAN_POINT('',(94.953209887,201.651491609,12.417251761));
#2016=CARTESIAN_POINT('',(94.976424615,200.825561196,12.5));
#2017=CARTESIAN_POINT('',(95.,200.,12.5));
#2018=B_SPLINE_CURVE_WITH_KNOTS('',3,(#1918,#1919,#1920,#1921,#1922,#1923,#1924,#1925,#1926,#1927,#1928,#1929,#1930,#1931,#1932,#1933,#1934,#1935,#1936,#1937,#1938,#1939,#1940,#1941,#1942,#1943,
#1944,#1945,#1946,#1947,#1948,#1949,#1950,#1951,#1952,#1953,#1954,#1955,#1956,#1957,#1958,#1959,#1960,#1961,#1962,#1963,#1964,#1965,#1966,#1967,#1968,
#1969,#1970,#1971,#1972,#1973,#1974,#1975,#1976,#1977,#1978,#1979,#1980,#1981,#1982,#1983,#1984,#1985,#1986,#1987,#1988,#1989,#1990,#1991,#1992,#1993,
#1994,#1995,#1996,#1997,#1998,#1999,#2000,#2001,#2002,#2003,#2004,#2005,#2006,#2007,#2008,#2009,#2010,#2011,#2012,#2013,#2014,#2015,#2016,#2017),.UNSPECIFIED.,.F.,.F.,(4,3,3,3,3,3,3,3,3,3,3,3,3,3,3,3,3,3,3,3,3,3,3,3,3,3,
3,3,3,3,3,3,3,4),(-0.000093574,-0.000017245,0.000059084,0.000211743,0.000517059,0.001127692,0.002348959,0.003570225,0.004791492,0.007234025,0.008455291,0.009676557,0.01211909,0.013340357,0.014561623,0.01578289,0.016393523,0.017004156,0.019446689,0.020667955,0.021278589,0.021889222,0.024331755,0.024942388,0.025553021,0.026774288,
0.029216821,0.029827454,0.030438087,0.031659354,0.03288062,0.034101886,0.036544419,0.038986952),.UNSPECIFIED.);
#2019=EDGE_CURVE('99',#1682,#1814,#2018,.T.);
#2020=ORIENTED_EDGE('',*,*,#2019,.F.);
#2021=EDGE_LOOP('',(#1690,#1699,#1706,#1707,#1812,#1917,#2020));
#2022=FACE_BOUND('',#2021,.T.);
#2023=ADVANCED_FACE('178',(#2022),#1680,.T.);
#2024=CARTESIAN_POINT('',(50.,225.,0.));
#2025=DIRECTION('',(0.,0.,1.));
#2026=DIRECTION('',(1.,0.,-0.));
#2027=AXIS2_PLACEMENT_3D('',#2024,#2025,#2026);
#2028=TOROIDAL_SURFACE('',#2027,25.,12.5);
#2029=CARTESIAN_POINT('',(50.,262.5,0.));
#2030=VERTEX_POINT('',#2029);
#2031=CARTESIAN_POINT('',(50.,225.,0.));
#2032=DIRECTION('',(-0.,-0.,-1.));
#2033=DIRECTION('',(1.,0.,-0.));
#2034=AXIS2_PLACEMENT_3D('',#2031,#2032,#2033);
#2035=CIRCLE('',#2034,37.5);
#2036=EDGE_CURVE('',#1692,#2030,#2035,.T.);
#2037=ORIENTED_EDGE('',*,*,#2036,.T.);
#2038=CARTESIAN_POINT('',(50.,237.5,-0.));
#2039=VERTEX_POINT('',#2038);
#2040=CARTESIAN_POINT('',(50.,250.,0.));
#2041=DIRECTION('',(-1.,-0.,0.));
#2042=DIRECTION('',(0.,-1.,0.));
#2043=AXIS2_PLACEMENT_3D('',#2040,#2041,#2042);
#2044=CIRCLE('',#2043,12.5);
#2045=EDGE_CURVE('166',#2030,#2039,#2044,.T.);
#2046=ORIENTED_EDGE('',*,*,#2045,.T.);
#2047=CARTESIAN_POINT('',(50.,250.,0.));
#2048=DIRECTION('',(-1.,-0.,0.));
#2049=DIRECTION('',(0.,-1.,0.));
#2050=AXIS2_PLACEMENT_3D('',#2047,#2048,#2049);
#2051=CIRCLE('',#2050,12.5);
#2052=EDGE_CURVE('166',#2039,#2030,#2051,.T.);
#2053=ORIENTED_EDGE('',*,*,#2052,.T.);
#2054=ORIENTED_EDGE('',*,*,#2036,.F.);
#2055=ORIENTED_EDGE('',*,*,#1698,.F.);
#2056=ORIENTED_EDGE('',*,*,#1705,.F.);
#2057=EDGE_LOOP('',(#2037,#2046,#2053,#2054,#2055,#2056));
#2058=FACE_BOUND('',#2057,.T.);
#2059=ADVANCED_FACE('175',(#2058),#2028,.T.);
#2060=CARTESIAN_POINT('',(200.,250.,0.));
#2061=DIRECTION('',(-1.,-0.,0.));
#2062=DIRECTION('',(0.,-1.,0.));
#2063=AXIS2_PLACEMENT_3D('',#2060,#2061,#2062);
#2064=CYLINDRICAL_SURFACE('',#2063,12.5);
#2065=CARTESIAN_POINT('',(200.,237.5,0.));
#2066=VERTEX_POINT('',#2065);
#2067=CARTESIAN_POINT('',(50.,237.5,0.));
#2068=DIRECTION('',(1.,0.,-0.));
#2069=VECTOR('',#2068,150.);
#2070=LINE('',#2067,#2069);
#2071=EDGE_CURVE('',#2039,#2066,#2070,.T.);
#2072=ORIENTED_EDGE('',*,*,#2071,.T.);
#2073=CARTESIAN_POINT('',(200.,250.,0.));
#2074=DIRECTION('',(-1.,-0.,0.));
#2075=DIRECTION('',(0.,-1.,0.));
#2076=AXIS2_PLACEMENT_3D('',#2073,#2074,#2075);
#2077=CIRCLE('',#2076,12.5);
#2078=EDGE_CURVE('164',#2066,#2066,#2077,.T.);
#2079=ORIENTED_EDGE('',*,*,#2078,.T.);
#2080=ORIENTED_EDGE('',*,*,#2071,.F.);
#2081=ORIENTED_EDGE('',*,*,#2045,.F.);
#2082=ORIENTED_EDGE('',*,*,#2052,.F.);
#2083=EDGE_LOOP('',(#2072,#2079,#2080,#2081,#2082));
#2084=FACE_BOUND('',#2083,.T.);
#2085=ADVANCED_FACE('179',(#2084),#2064,.T.);
#2086=CARTESIAN_POINT('',(200.,275.,0.));
#2087=DIRECTION('',(0.,0.,-1.));
#2088=DIRECTION('',(-1.,0.,0.));
#2089=AXIS2_PLACEMENT_3D('',#2086,#2087,#2088);
#2090=TOROIDAL_SURFACE('',#2089,25.,12.5);
#2091=CARTESIAN_POINT('',(200.,312.5,0.));
#2092=VERTEX_POINT('',#2091);
#2093=CARTESIAN_POINT('',(200.,275.,0.));
#2094=DIRECTION('',(-0.,-0.,1.));
#2095=DIRECTION('',(-1.,0.,0.));
#2096=AXIS2_PLACEMENT_3D('',#2093,#2094,#2095);
#2097=CIRCLE('',#2096,37.5);
#2098=EDGE_CURVE('',#2066,#2092,#2097,.T.);
#2099=ORIENTED_EDGE('',*,*,#2098,.T.);
#2100=CARTESIAN_POINT('',(200.,300.,0.));
#2101=DIRECTION('',(1.,0.,0.));
#2102=DIRECTION('',(-0.,1.,0.));
#2103=AXIS2_PLACEMENT_3D('',#2100,#2101,#2102);
#2104=CIRCLE('',#2103,12.5);
#2105=EDGE_CURVE('162',#2092,#2092,#2104,.T.);
#2106=ORIENTED_EDGE('',*,*,#2105,.T.);
#2107=ORIENTED_EDGE('',*,*,#2098,.F.);
#2108=ORIENTED_EDGE('',*,*,#2078,.F.);
#2109=EDGE_LOOP('',(#2099,#2106,#2107,#2108));
#2110=FACE_BOUND('',#2109,.T.);
#2111=ADVANCED_FACE('562',(#2110),#2090,.T.);
#2112=CARTESIAN_POINT('',(50.,300.,0.));
#2113=DIRECTION('',(1.,0.,0.));
#2114=DIRECTION('',(-0.,1.,0.));
#2115=AXIS2_PLACEMENT_3D('',#2112,#2113,#2114);
#2116=CYLINDRICAL_SURFACE('',#2115,12.5);
#2117=CARTESIAN_POINT('',(50.,312.5,-0.));
#2118=VERTEX_POINT('',#2117);
#2119=CARTESIAN_POINT('',(200.,312.5,0.));
#2120=DIRECTION('',(-1.,-0.,-0.));
#2121=VECTOR('',#2120,150.);
#2122=LINE('',#2119,#2121);
#2123=EDGE_CURVE('',#2092,#2118,#2122,.T.);
#2124=ORIENTED_EDGE('',*,*,#2123,.T.);
#2125=CARTESIAN_POINT('',(50.,287.5,0.));
#2126=VERTEX_POINT('',#2125);
#2127=CARTESIAN_POINT('',(50.,300.,0.));
#2128=DIRECTION('',(1.,0.,0.));
#2129=DIRECTION('',(-0.,1.,0.));
#2130=AXIS2_PLACEMENT_3D('',#2127,#2128,#2129);
#2131=CIRCLE('',#2130,12.5);
#2132=EDGE_CURVE('160',#2118,#2126,#2131,.T.);
#2133=ORIENTED_EDGE('',*,*,#2132,.T.);
#2134=CARTESIAN_POINT('',(50.,300.,0.));
#2135=DIRECTION('',(1.,0.,0.));
#2136=DIRECTION('',(-0.,1.,0.));
#2137=AXIS2_PLACEMENT_3D('',#2134,#2135,#2136);
#2138=CIRCLE('',#2137,12.5);
#2139=EDGE_CURVE('160',#2126,#2118,#2138,.T.);
#2140=ORIENTED_EDGE('',*,*,#2139,.T.);
#2141=ORIENTED_EDGE('',*,*,#2123,.F.);
#2142=ORIENTED_EDGE('',*,*,#2105,.F.);
#2143=EDGE_LOOP('',(#2124,#2133,#2140,#2141,#2142));
#2144=FACE_BOUND('',#2143,.T.);
#2145=ADVANCED_FACE('560',(#2144),#2116,.T.);
#2146=CARTESIAN_POINT('',(50.,325.,0.));
#2147=DIRECTION('',(0.,0.,1.));
#2148=DIRECTION('',(1.,0.,-0.));
#2149=AXIS2_PLACEMENT_3D('',#2146,#2147,#2148);
#2150=TOROIDAL_SURFACE('',#2149,25.,12.5);
#2151=CARTESIAN_POINT('',(50.,362.5,0.));
#2152=VERTEX_POINT('',#2151);
#2153=CARTESIAN_POINT('',(50.,325.,0.));
#2154=DIRECTION('',(-0.,-0.,-1.));
#2155=DIRECTION('',(1.,0.,-0.));
#2156=AXIS2_PLACEMENT_3D('',#2153,#2154,#2155);
#2157=CIRCLE('',#2156,37.5);
#2158=EDGE_CURVE('',#2126,#2152,#2157,.T.);
#2159=ORIENTED_EDGE('',*,*,#2158,.T.);
#2160=CARTESIAN_POINT('',(50.,337.5,-0.));
#2161=VERTEX_POINT('',#2160);
#2162=CARTESIAN_POINT('',(50.,350.,0.));
#2163=DIRECTION('',(-1.,-0.,0.));
#2164=DIRECTION('',(0.,-1.,0.));
#2165=AXIS2_PLACEMENT_3D('',#2162,#2163,#2164);
#2166=CIRCLE('',#2165,12.5);
#2167=EDGE_CURVE('158',#2152,#2161,#2166,.T.);
#2168=ORIENTED_EDGE('',*,*,#2167,.T.);
#2169=CARTESIAN_POINT('',(50.,350.,12.5));
#2170=VERTEX_POINT('',#2169);
#2171=CARTESIAN_POINT('',(50.,350.,0.));
#2172=DIRECTION('',(-1.,-0.,0.));
#2173=DIRECTION('',(0.,-1.,0.));
#2174=AXIS2_PLACEMENT_3D('',#2171,#2172,#2173);
#2175=CIRCLE('',#2174,12.5);
#2176=EDGE_CURVE('158',#2161,#2170,#2175,.T.);
#2177=ORIENTED_EDGE('',*,*,#2176,.T.);
#2178=CARTESIAN_POINT('',(50.,350.,0.));
#2179=DIRECTION('',(-1.,-0.,0.));
#2180=DIRECTION('',(0.,-1.,0.));
#2181=AXIS2_PLACEMENT_3D('',#2178,#2179,#2180);
#2182=CIRCLE('',#2181,12.5);
#2183=EDGE_CURVE('158',#2170,#2152,#2182,.T.);
#2184=ORIENTED_EDGE('',*,*,#2183,.T.);
#2185=ORIENTED_EDGE('',*,*,#2158,.F.);
#2186=ORIENTED_EDGE('',*,*,#2132,.F.);
#2187=ORIENTED_EDGE('',*,*,#2139,.F.);
#2188=EDGE_LOOP('',(#2159,#2168,#2177,#2184,#2185,#2186,#2187));
#2189=FACE_BOUND('',#2188,.T.);
#2190=ADVANCED_FACE('555',(#2189),#2150,.T.);
#2191=CARTESIAN_POINT('',(200.,350.,0.));
#2192=DIRECTION('',(-1.,0.,0.));
#2193=DIRECTION('',(0.,0.,1.));
#2194=AXIS2_PLACEMENT_3D('',#2191,#2192,#2193);
#2195=CYLINDRICAL_SURFACE('',#2194,12.5);
#2196=CARTESIAN_POINT('',(200.,350.,12.5));
#2197=VERTEX_POINT('',#2196);
#2198=CARTESIAN_POINT('',(50.,350.,12.5));
#2199=DIRECTION('',(1.,-0.,-0.));
#2200=VECTOR('',#2199,150.);
#2201=LINE('',#2198,#2200);
#2202=EDGE_CURVE('',#2170,#2197,#2201,.T.);
#2203=ORIENTED_EDGE('',*,*,#2202,.T.);
#2204=CARTESIAN_POINT('',(200.,337.5,0.));
#2205=VERTEX_POINT('',#2204);
#2206=CARTESIAN_POINT('',(200.,350.,0.));
#2207=DIRECTION('',(-1.,-0.,0.));
#2208=DIRECTION('',(0.,-1.,0.));
#2209=AXIS2_PLACEMENT_3D('',#2206,#2207,#2208);
#2210=CIRCLE('',#2209,12.5);
#2211=EDGE_CURVE('156',#2197,#2205,#2210,.T.);
#2212=ORIENTED_EDGE('',*,*,#2211,.T.);
#2213=CARTESIAN_POINT('',(200.,350.,0.));
#2214=DIRECTION('',(-1.,-0.,0.));
#2215=DIRECTION('',(0.,-1.,0.));
#2216=AXIS2_PLACEMENT_3D('',#2213,#2214,#2215);
#2217=CIRCLE('',#2216,12.5);
#2218=EDGE_CURVE('156',#2205,#2197,#2217,.T.);
#2219=ORIENTED_EDGE('',*,*,#2218,.T.);
#2220=ORIENTED_EDGE('',*,*,#2202,.F.);
#2221=ORIENTED_EDGE('',*,*,#2176,.F.);
#2222=ORIENTED_EDGE('',*,*,#2167,.F.);
#2223=ORIENTED_EDGE('',*,*,#2183,.F.);
#2224=EDGE_LOOP('',(#2203,#2212,#2219,#2220,#2221,#2222,#2223));
#2225=FACE_BOUND('',#2224,.T.);
#2226=ADVANCED_FACE('549',(#2225),#2195,.T.);
#2227=CARTESIAN_POINT('',(200.,375.,0.));
#2228=DIRECTION('',(0.,0.,-1.));
#2229=DIRECTION('',(-1.,0.,0.));
#2230=AXIS2_PLACEMENT_3D('',#2227,#2228,#2229);
#2231=TOROIDAL_SURFACE('',#2230,25.,12.5);
#2232=CARTESIAN_POINT('',(200.,412.5,0.));
#2233=VERTEX_POINT('',#2232);
#2234=CARTESIAN_POINT('',(200.,375.,0.));
#2235=DIRECTION('',(-0.,-0.,1.));
#2236=DIRECTION('',(-1.,0.,0.));
#2237=AXIS2_PLACEMENT_3D('',#2234,#2235,#2236);
#2238=CIRCLE('',#2237,37.5);
#2239=EDGE_CURVE('',#2205,#2233,#2238,.T.);
#2240=ORIENTED_EDGE('',*,*,#2239,.T.);
#2241=CARTESIAN_POINT('',(200.,400.,-12.5));
#2242=VERTEX_POINT('',#2241);
#2243=CARTESIAN_POINT('',(200.,400.,0.));
#2244=DIRECTION('',(1.,0.,0.));
#2245=DIRECTION('',(-0.,1.,0.));
#2246=AXIS2_PLACEMENT_3D('',#2243,#2244,#2245);
#2247=CIRCLE('',#2246,12.5);
#2248=EDGE_CURVE('154',#2233,#2242,#2247,.T.);
#2249=ORIENTED_EDGE('',*,*,#2248,.T.);
#2250=CARTESIAN_POINT('',(200.,400.,0.));
#2251=DIRECTION('',(1.,0.,0.));
#2252=DIRECTION('',(-0.,1.,0.));
#2253=AXIS2_PLACEMENT_3D('',#2250,#2251,#2252);
#2254=CIRCLE('',#2253,12.5);
#2255=EDGE_CURVE('154',#2242,#2233,#2254,.T.);
#2256=ORIENTED_EDGE('',*,*,#2255,.T.);
#2257=ORIENTED_EDGE('',*,*,#2239,.F.);
#2258=ORIENTED_EDGE('',*,*,#2211,.F.);
#2259=ORIENTED_EDGE('',*,*,#2218,.F.);
#2260=EDGE_LOOP('',(#2240,#2249,#2256,#2257,#2258,#2259));
#2261=FACE_BOUND('',#2260,.T.);
#2262=ADVANCED_FACE('185',(#2261),#2231,.T.);
#2263=CARTESIAN_POINT('',(48.574469557,400.,0.));
#2264=DIRECTION('',(1.,0.,0.));
#2265=DIRECTION('',(0.,0.,-1.));
#2266=AXIS2_PLACEMENT_3D('',#2263,#2264,#2265);
#2267=CYLINDRICAL_SURFACE('',#2266,12.5);
#2268=CARTESIAN_POINT('',(200.,400.,-12.5));
#2269=DIRECTION('',(-1.,-0.,0.));
#2270=VECTOR('',#2269,150.);
#2271=LINE('',#2268,#2270);
#2272=EDGE_CURVE('',#2242,#1381,#2271,.T.);
#2273=ORIENTED_EDGE('',*,*,#2272,.T.);
#2274=ORIENTED_EDGE('',*,*,#1465,.F.);
#2275=ORIENTED_EDGE('',*,*,#1652,.F.);
#2276=ORIENTED_EDGE('',*,*,#1567,.T.);
#2277=ORIENTED_EDGE('',*,*,#2272,.F.);
#2278=ORIENTED_EDGE('',*,*,#2248,.F.);
#2279=ORIENTED_EDGE('',*,*,#2255,.F.);
#2280=EDGE_LOOP('',(#2273,#2274,#2275,#2276,#2277,#2278,#2279));
#2281=FACE_BOUND('',#2280,.T.);
#2282=ADVANCED_FACE('183',(#2281),#2267,.T.);
#2283=CARTESIAN_POINT('',(135.061853631,162.164340926,0.));
#2284=DIRECTION('',(0.,-1.,0.));
#2285=DIRECTION('',(1.,0.,0.));
#2286=AXIS2_PLACEMENT_3D('',#2283,#2284,#2285);
#2287=CYLINDRICAL_SURFACE('',#2286,12.5);
#2288=CARTESIAN_POINT('',(147.561853631,144.,-0.));
#2289=VERTEX_POINT('',#2288);
#2290=CARTESIAN_POINT('',(147.561853631,162.164340926,0.));
#2291=VERTEX_POINT('',#2290);
#2292=CARTESIAN_POINT('',(147.561853631,144.,0.));
#2293=DIRECTION('',(-0.,1.,-0.));
#2294=VECTOR('',#2293,18.164340926);
#2295=LINE('',#2292,#2294);
#2296=EDGE_CURVE('',#2289,#2291,#2295,.T.);
#2297=ORIENTED_EDGE('',*,*,#2296,.T.);
#2298=CARTESIAN_POINT('',(135.061853631,162.164340926,0.));
#2299=DIRECTION('',(0.,-1.,0.));
#2300=DIRECTION('',(1.,0.,0.));
#2301=AXIS2_PLACEMENT_3D('',#2298,#2299,#2300);
#2302=CIRCLE('',#2301,12.5);
#2303=EDGE_CURVE('359',#2291,#2291,#2302,.T.);
#2304=ORIENTED_EDGE('',*,*,#2303,.T.);
#2305=ORIENTED_EDGE('',*,*,#2296,.F.);
#2306=CARTESIAN_POINT('',(135.061853631,144.,0.));
#2307=DIRECTION('',(0.,-1.,0.));
#2308=DIRECTION('',(1.,0.,0.));
#2309=AXIS2_PLACEMENT_3D('',#2306,#2307,#2308);
#2310=CIRCLE('',#2309,12.5);
#2311=EDGE_CURVE('361',#2289,#2289,#2310,.T.);
#2312=ORIENTED_EDGE('',*,*,#2311,.F.);
#2313=EDGE_LOOP('',(#2297,#2304,#2305,#2312));
#2314=FACE_BOUND('',#2313,.T.);
#2315=ADVANCED_FACE('108',(#2314),#2287,.T.);
#2316=CARTESIAN_POINT('',(93.929464591,212.459196344,0.));
#2317=CARTESIAN_POINT('',(93.966324875,212.46130489,0.));
#2318=CARTESIAN_POINT('',(94.003185159,212.463413436,0.));
#2319=CARTESIAN_POINT('',(94.122070425,212.470214117,0.));
#2320=CARTESIAN_POINT('',(94.190567935,212.474133152,0.));
#2321=CARTESIAN_POINT('',(94.379567066,212.48494318,0.));
#2322=CARTESIAN_POINT('',(94.499490263,212.491463576,0.));
#2323=CARTESIAN_POINT('',(94.712909994,212.502310587,0.));
#2324=CARTESIAN_POINT('',(94.819635809,212.507394674,0.));
#2325=CARTESIAN_POINT('',(95.139855046,212.521628455,0.));
#2326=CARTESIAN_POINT('',(95.353390268,212.529759663,0.));
#2327=CARTESIAN_POINT('',(95.9941143,212.550077961,0.));
#2328=CARTESIAN_POINT('',(96.421421611,212.558189545,0.));
#2329=CARTESIAN_POINT('',(97.703421379,212.566217504,0.));
#2330=CARTESIAN_POINT('',(98.558193268,212.549823814,0.));
#2331=CARTESIAN_POINT('',(101.119586367,212.435475921,0.));
#2332=CARTESIAN_POINT('',(102.823288212,212.272296005,0.));
#2333=CARTESIAN_POINT('',(107.896234961,211.524466294,0.));
#2334=CARTESIAN_POINT('',(111.226673893,210.680794054,0.));
#2335=CARTESIAN_POINT('',(120.86096423,207.165717726,0.));
#2336=CARTESIAN_POINT('',(126.797577136,203.498650914,0.));
#2337=CARTESIAN_POINT('',(136.738822939,194.109829557,0.));
#2338=CARTESIAN_POINT('',(140.73894676,188.392333546,0.));
#2339=CARTESIAN_POINT('',(146.151689652,175.835241966,0.));
#2340=CARTESIAN_POINT('',(147.561853631,169.001342198,0.));
#2341=CARTESIAN_POINT('',(147.561853631,162.164340926,0.));
#2342=CARTESIAN_POINT('',(93.929464591,212.459196344,25.));
#2343=CARTESIAN_POINT('',(93.966324875,212.46130489,25.));
#2344=CARTESIAN_POINT('',(94.003185159,212.463413436,25.));
#2345=CARTESIAN_POINT('',(94.122070425,212.470214117,25.));
#2346=CARTESIAN_POINT('',(94.190567935,212.474133152,25.));
#2347=CARTESIAN_POINT('',(94.379567066,212.48494318,25.));
#2348=CARTESIAN_POINT('',(94.499490263,212.491463576,25.));
#2349=CARTESIAN_POINT('',(94.712909994,212.502310587,25.));
#2350=CARTESIAN_POINT('',(94.819635809,212.507394674,25.));
#2351=CARTESIAN_POINT('',(95.139855046,212.521628455,25.));
#2352=CARTESIAN_POINT('',(95.353390268,212.529759663,25.));
#2353=CARTESIAN_POINT('',(95.9941143,212.550077961,25.));
#2354=CARTESIAN_POINT('',(96.421421611,212.558189545,25.));
#2355=CARTESIAN_POINT('',(97.703421379,212.566217504,25.));
#2356=CARTESIAN_POINT('',(98.558193268,212.549823814,25.));
#2357=CARTESIAN_POINT('',(101.119586367,212.435475921,25.));
#2358=CARTESIAN_POINT('',(102.823288212,212.272296005,25.));
#2359=CARTESIAN_POINT('',(107.896234961,211.524466294,25.));
#2360=CARTESIAN_POINT('',(111.226673893,210.680794054,25.));
#2361=CARTESIAN_POINT('',(120.86096423,207.165717726,25.));
#2362=CARTESIAN_POINT('',(126.797577136,203.498650914,25.));
#2363=CARTESIAN_POINT('',(136.738822939,194.109829557,25.));
#2364=CARTESIAN_POINT('',(140.73894676,188.392333546,25.));
#2365=CARTESIAN_POINT('',(146.151689652,175.835241966,25.));
#2366=CARTESIAN_POINT('',(147.561853631,169.001342198,25.));
#2367=CARTESIAN_POINT('',(147.561853631,162.164340926,25.));
#2368=CARTESIAN_POINT('',(95.35722381,187.49999957,25.));
#2369=CARTESIAN_POINT('',(95.394084094,187.502108116,25.));
#2370=CARTESIAN_POINT('',(95.430944378,187.504216662,25.));
#2371=CARTESIAN_POINT('',(95.549829644,187.511017343,25.));
#2372=CARTESIAN_POINT('',(95.645382043,187.51648366,25.));
#2373=CARTESIAN_POINT('',(95.780867631,187.524233222,25.));
#2374=CARTESIAN_POINT('',(95.821406028,187.526381001,25.));
#2375=CARTESIAN_POINT('',(95.928957572,187.531847285,25.));
#2376=CARTESIAN_POINT('',(95.982741382,187.534409378,25.));
#2377=CARTESIAN_POINT('',(96.144113873,187.541582404,25.));
#2378=CARTESIAN_POINT('',(96.251723619,187.545680076,25.));
#2379=CARTESIAN_POINT('',(96.574612505,187.555919355,25.));
#2380=CARTESIAN_POINT('',(96.789951363,187.560007137,25.));
#2381=CARTESIAN_POINT('',(97.436007163,187.564052777,25.));
#2382=CARTESIAN_POINT('',(97.866764134,187.555791279,25.));
#2383=CARTESIAN_POINT('',(99.157562237,187.498166371,25.));
#2384=CARTESIAN_POINT('',(100.016132173,187.415932868,25.));
#2385=CARTESIAN_POINT('',(102.572612098,187.039068742,25.));
#2386=CARTESIAN_POINT('',(104.250966059,186.61390537,25.));
#2387=CARTESIAN_POINT('',(109.106106682,184.842504543,25.));
#2388=CARTESIAN_POINT('',(112.097825789,182.994509058,25.));
#2389=CARTESIAN_POINT('',(117.107654708,178.263070998,25.));
#2390=CARTESIAN_POINT('',(119.123492199,175.381774486,25.));
#2391=CARTESIAN_POINT('',(121.851210275,169.053706377,25.));
#2392=CARTESIAN_POINT('',(122.561853631,165.609805143,25.));
#2393=CARTESIAN_POINT('',(122.561853631,162.164340926,25.));
#2394=CARTESIAN_POINT('',(95.35722381,187.49999957,0.));
#2395=CARTESIAN_POINT('',(95.394084094,187.502108116,0.));
#2396=CARTESIAN_POINT('',(95.430944378,187.504216662,0.));
#2397=CARTESIAN_POINT('',(95.549829644,187.511017343,0.));
#2398=CARTESIAN_POINT('',(95.645382043,187.51648366,0.));
#2399=CARTESIAN_POINT('',(95.780867631,187.524233222,0.));
#2400=CARTESIAN_POINT('',(95.821406028,187.526381001,0.));
#2401=CARTESIAN_POINT('',(95.928957572,187.531847285,0.));
#2402=CARTESIAN_POINT('',(95.982741382,187.534409378,0.));
#2403=CARTESIAN_POINT('',(96.144113873,187.541582404,0.));
#2404=CARTESIAN_POINT('',(96.251723619,187.545680076,0.));
#2405=CARTESIAN_POINT('',(96.574612505,187.555919355,0.));
#2406=CARTESIAN_POINT('',(96.789951363,187.560007137,0.));
#2407=CARTESIAN_POINT('',(97.436007163,187.564052777,0.));
#2408=CARTESIAN_POINT('',(97.866764134,187.555791279,0.));
#2409=CARTESIAN_POINT('',(99.157562237,187.498166371,0.));
#2410=CARTESIAN_POINT('',(100.016132173,187.415932868,0.));
#2411=CARTESIAN_POINT('',(102.572612098,187.039068742,0.));
#2412=CARTESIAN_POINT('',(104.250966059,186.61390537,0.));
#2413=CARTESIAN_POINT('',(109.106106682,184.842504543,0.));
#2414=CARTESIAN_POINT('',(112.097825789,182.994509058,0.));
#2415=CARTESIAN_POINT('',(117.107654708,178.263070998,0.));
#2416=CARTESIAN_POINT('',(119.123492199,175.381774486,0.));
#2417=CARTESIAN_POINT('',(121.851210275,169.053706377,0.));
#2418=CARTESIAN_POINT('',(122.561853631,165.609805143,0.));
#2419=CARTESIAN_POINT('',(122.561853631,162.164340926,0.));
#2420=CARTESIAN_POINT('',(95.35722381,187.49999957,-25.));
#2421=CARTESIAN_POINT('',(95.394084094,187.502108116,-25.));
#2422=CARTESIAN_POINT('',(95.430944378,187.504216662,-25.));
#2423=CARTESIAN_POINT('',(95.549829644,187.511017343,-25.));
#2424=CARTESIAN_POINT('',(95.645382043,187.51648366,-25.));
#2425=CARTESIAN_POINT('',(95.780867631,187.524233222,-25.));
#2426=CARTESIAN_POINT('',(95.821406028,187.526381001,-25.));
#2427=CARTESIAN_POINT('',(95.928957572,187.531847285,-25.));
#2428=CARTESIAN_POINT('',(95.982741382,187.534409378,-25.));
#2429=CARTESIAN_POINT('',(96.144113873,187.541582404,-25.));
#2430=CARTESIAN_POINT('',(96.251723619,187.545680076,-25.));
#2431=CARTESIAN_POINT('',(96.574612505,187.555919355,-25.));
#2432=CARTESIAN_POINT('',(96.789951363,187.560007137,-25.));
#2433=CARTESIAN_POINT('',(97.436007163,187.564052777,-25.));
#2434=CARTESIAN_POINT('',(97.866764134,187.555791279,-25.));
#2435=CARTESIAN_POINT('',(99.157562237,187.498166371,-25.));
#2436=CARTESIAN_POINT('',(100.016132173,187.415932868,-25.));
#2437=CARTESIAN_POINT('',(102.572612098,187.039068742,-25.));
#2438=CARTESIAN_POINT('',(104.250966059,186.61390537,-25.));
#2439=CARTESIAN_POINT('',(109.106106682,184.842504543,-25.));
#2440=CARTESIAN_POINT('',(112.097825789,182.994509058,-25.));
#2441=CARTESIAN_POINT('',(117.107654708,178.263070998,-25.));
#2442=CARTESIAN_POINT('',(119.123492199,175.381774486,-25.));
#2443=CARTESIAN_POINT('',(121.851210275,169.053706377,-25.));
#2444=CARTESIAN_POINT('',(122.561853631,165.609805143,-25.));
#2445=CARTESIAN_POINT('',(122.561853631,162.164340926,-25.));
#2446=CARTESIAN_POINT('',(93.929464591,212.459196344,-25.));
#2447=CARTESIAN_POINT('',(93.966324875,212.46130489,-25.));
#2448=CARTESIAN_POINT('',(94.003185159,212.463413436,-25.));
#2449=CARTESIAN_POINT('',(94.122070425,212.470214117,-25.));
#2450=CARTESIAN_POINT('',(94.190567935,212.474133152,-25.));
#2451=CARTESIAN_POINT('',(94.379567066,212.48494318,-25.));
#2452=CARTESIAN_POINT('',(94.499490263,212.491463576,-25.));
#2453=CARTESIAN_POINT('',(94.712909994,212.502310587,-25.));
#2454=CARTESIAN_POINT('',(94.819635809,212.507394674,-25.));
#2455=CARTESIAN_POINT('',(95.139855046,212.521628455,-25.));
#2456=CARTESIAN_POINT('',(95.353390268,212.529759663,-25.));
#2457=CARTESIAN_POINT('',(95.9941143,212.550077961,-25.));
#2458=CARTESIAN_POINT('',(96.421421611,212.558189545,-25.));
#2459=CARTESIAN_POINT('',(97.703421379,212.566217504,-25.));
#2460=CARTESIAN_POINT('',(98.558193268,212.549823814,-25.));
#2461=CARTESIAN_POINT('',(101.119586367,212.435475921,-25.));
#2462=CARTESIAN_POINT('',(102.823288212,212.272296005,-25.));
#2463=CARTESIAN_POINT('',(107.896234961,211.524466294,-25.));
#2464=CARTESIAN_POINT('',(111.226673893,210.680794054,-25.));
#2465=CARTESIAN_POINT('',(120.86096423,207.165717726,-25.));
#2466=CARTESIAN_POINT('',(126.797577136,203.498650914,-25.));
#2467=CARTESIAN_POINT('',(136.738822939,194.109829557,-25.));
#2468=CARTESIAN_POINT('',(140.73894676,188.392333546,-25.));
#2469=CARTESIAN_POINT('',(146.151689652,175.835241966,-25.));
#2470=CARTESIAN_POINT('',(147.561853631,169.001342198,-25.));
#2471=CARTESIAN_POINT('',(147.561853631,162.164340926,-25.));
#2472=CARTESIAN_POINT('',(93.929464591,212.459196344,0.));
#2473=CARTESIAN_POINT('',(93.966324875,212.46130489,0.));
#2474=CARTESIAN_POINT('',(94.003185159,212.463413436,0.));
#2475=CARTESIAN_POINT('',(94.122070425,212.470214117,0.));
#2476=CARTESIAN_POINT('',(94.190567935,212.474133152,0.));
#2477=CARTESIAN_POINT('',(94.379567066,212.48494318,0.));
#2478=CARTESIAN_POINT('',(94.499490263,212.491463576,0.));
#2479=CARTESIAN_POINT('',(94.712909994,212.502310587,0.));
#2480=CARTESIAN_POINT('',(94.819635809,212.507394674,0.));
#2481=CARTESIAN_POINT('',(95.139855046,212.521628455,0.));
#2482=CARTESIAN_POINT('',(95.353390268,212.529759663,0.));
#2483=CARTESIAN_POINT('',(95.9941143,212.550077961,0.));
#2484=CARTESIAN_POINT('',(96.421421611,212.558189545,0.));
#2485=CARTESIAN_POINT('',(97.703421379,212.566217504,0.));
#2486=CARTESIAN_POINT('',(98.558193268,212.549823814,0.));
#2487=CARTESIAN_POINT('',(101.119586367,212.435475921,0.));
#2488=CARTESIAN_POINT('',(102.823288212,212.272296005,0.));
#2489=CARTESIAN_POINT('',(107.896234961,211.524466294,0.));
#2490=CARTESIAN_POINT('',(111.226673893,210.680794054,0.));
#2491=CARTESIAN_POINT('',(120.86096423,207.165717726,0.));
#2492=CARTESIAN_POINT('',(126.797577136,203.498650914,0.));
#2493=CARTESIAN_POINT('',(136.738822939,194.109829557,0.));
#2494=CARTESIAN_POINT('',(140.73894676,188.392333546,0.));
#2495=CARTESIAN_POINT('',(146.151689652,175.835241966,0.));
#2496=CARTESIAN_POINT('',(147.561853631,169.001342198,0.));
#2497=CARTESIAN_POINT('',(147.561853631,162.164340926,0.));
#2498=(BOUNDED_SURFACE()
B_SPLINE_SURFACE(3,3,((#2316,#2317,#2318,#2319,#2320,#2321,#2322,#2323,#2324,#2325,#2326,#2327,#2328,#2329,#2330,#2331,#2332,#2333,#2334,#2335,#2336,#2337,#2338,#2339,#2340,#2341),(#2342,#2343,#2344,#2345,#2346,#2347,#2348,#2349,#2350,#2351,#2352,#2353,#2354,#2355,#2356,#2357,#2358,#2359,#2360,#2361,#2362,#2363,#2364,#2365,#2366,#2367),(#2368,#2369,#2370,#2371,#2372,#2373,#2374,#2375,#2376,#2377,#2378,#2379,#2380,#2381,#2382,#2383,#2384,#2385,#2386,#2387,#2388,#2389,#2390,#2391,#2392,#2393),(#2394,#2395,#2396,#2397,#2398,#2399,#2400,#2401,#2402,#2403,#2404,#2405,#2406,#2407,#2408,#2409,#2410,#2411,#2412,#2413,#2414,#2415,#2416,#2417,#2418,#2419),(#2420,#2421,#2422,#2423,#2424,#2425,#2426,#2427,#2428,#2429,#2430,#2431,#2432,#2433,#2434,#2435,#2436,#2437,#2438,#2439,#2440,#2441,#2442,#2443,#2444,#2445),(#2446,#2447,#2448,#2449,#2450,#2451,#2452,#2453,#2454,#2455,#2456,#2457,#2458,#2459,#2460,#2461,#2462,#2463,#2464,#2465,#2466,#2467,#2468,#2469,#2470,#2471),(#2472,#2473,#2474,#2475,#2476,#2477,#2478,#2479,#2480,#2481,#2482,#2483,#2484,#2485,#2486,#2487,#2488,#2489,#2490,#2491,#2492,#2493,#2494,#2495,#2496,#2497)),.UNSPECIFIED.,.T.,.F.,.U.)
B_SPLINE_SURFACE_WITH_KNOTS((4,3,4),(4,2,2,2,2,2,2,2,2,2,2,2,4),(0.,0.5,1.),(-0.004472433,-0.003085759,0.,0.003017755,0.00603551,0.012071019,0.024142038,0.048284077,0.096568154,0.193136308,0.386272615,0.579408923,0.77254523),.UNSPECIFIED.)
GEOMETRIC_REPRESENTATION_ITEM()
RATIONAL_B_SPLINE_SURFACE(((1.,1.,1.,1.,1.,1.,1.,1.,1.,1.,1.,1.,1.,1.,1.,1.,1.,1.,1.,1.,1.,1.,1.,1.,1.,1.),(0.333333333,0.333333333,0.333333333,0.333333333,0.333333333,0.333333333,0.333333333,0.333333333,0.333333333,0.333333333,0.333333333,0.333333333,0.333333333,0.333333333,0.333333333,0.333333333,0.333333333,0.333333333,0.333333333,0.333333333,0.333333333,0.333333333,0.333333333,0.333333333,0.333333333,0.333333333),(0.333333333,0.333333333,0.333333333,0.333333333,0.333333333,0.333333333,0.333333333,0.333333333,0.333333333,0.333333333,0.333333333,0.333333333,0.333333333,0.333333333,0.333333333,0.333333333,0.333333333,0.333333333,0.333333333,0.333333333,0.333333333,0.333333333,0.333333333,0.333333333,0.333333333,0.333333333),(1.,1.,1.,1.,1.,1.,1.,1.,1.,1.,1.,1.,1.,1.,1.,1.,1.,1.,1.,1.,1.,1.,1.,1.,1.,1.),(0.333333333,0.333333333,0.333333333,0.333333333,0.333333333,0.333333333,0.333333333,0.333333333,0.333333333,0.333333333,0.333333333,0.333333333,0.333333333,0.333333333,0.333333333,0.333333333,0.333333333,0.333333333,0.333333333,0.333333333,0.333333333,0.333333333,0.333333333,0.333333333,0.333333333,0.333333333),(0.333333333,0.333333333,0.333333333,0.333333333,0.333333333,0.333333333,0.333333333,0.333333333,0.333333333,0.333333333,0.333333333,0.333333333,0.333333333,0.333333333,0.333333333,0.333333333,0.333333333,0.333333333,0.333333333,0.333333333,0.333333333,0.333333333,0.333333333,0.333333333,0.333333333,0.333333333),(1.,1.,1.,1.,1.,1.,1.,1.,1.,1.,1.,1.,1.,1.,1.,1.,1.,1.,1.,1.,1.,1.,1.,1.,1.,1.)))
REPRESENTATION_ITEM('')
SURFACE()
);
#2499=CARTESIAN_POINT('',(147.561853631,162.164340926,0.));
#2500=CARTESIAN_POINT('',(147.561853631,169.001342198,0.));
#2501=CARTESIAN_POINT('',(146.151689652,175.835241966,0.));
#2502=CARTESIAN_POINT('',(140.73894676,188.392333546,0.));
#2503=CARTESIAN_POINT('',(136.738822939,194.109829557,0.));
#2504=CARTESIAN_POINT('',(126.797577136,203.498650914,0.));
#2505=CARTESIAN_POINT('',(120.86096423,207.165717726,0.));
#2506=CARTESIAN_POINT('',(111.226673893,210.680794054,0.));
#2507=CARTESIAN_POINT('',(107.896234961,211.524466294,0.));
#2508=CARTESIAN_POINT('',(102.823288212,212.272296005,0.));
#2509=CARTESIAN_POINT('',(101.119586367,212.435475921,0.));
#2510=CARTESIAN_POINT('',(98.558193268,212.549823814,0.));
#2511=CARTESIAN_POINT('',(97.703421379,212.566217504,0.));
#2512=CARTESIAN_POINT('',(96.421421611,212.558189545,0.));
#2513=CARTESIAN_POINT('',(95.9941143,212.550077961,0.));
#2514=CARTESIAN_POINT('',(95.353390268,212.529759663,0.));
#2515=CARTESIAN_POINT('',(95.139855046,212.521628455,0.));
#2516=CARTESIAN_POINT('',(94.84030809,212.508313559,0.));
#2517=CARTESIAN_POINT('',(94.754249682,212.504267123,0.));
#2518=CARTESIAN_POINT('',(94.66820139,212.499999998,0.));
#2519=B_SPLINE_CURVE_WITH_KNOTS('',3,(#2499,#2500,#2501,#2502,#2503,#2504,#2505,#2506,#2507,#2508,#2509,#2510,#2511,#2512,#2513,#2514,#2515,#2516,#2517,#2518),.UNSPECIFIED.,.F.,.F.,(4,2,2,2,2,2,2,2,2,4),(-0.006171517,0.18696479,0.380101098,0.573237405,0.669805559,0.718089636,0.742231674,0.754302694,0.760338203,0.76277151),.UNSPECIFIED.);
#2520=EDGE_CURVE('',#2291,#1682,#2519,.T.);
#2521=ORIENTED_EDGE('',*,*,#2520,.T.);
#2522=ORIENTED_EDGE('',*,*,#2019,.T.);
#2523=ORIENTED_EDGE('',*,*,#1916,.F.);
#2524=ORIENTED_EDGE('',*,*,#1811,.T.);
#2525=ORIENTED_EDGE('',*,*,#2520,.F.);
#2526=ORIENTED_EDGE('',*,*,#2303,.F.);
#2527=EDGE_LOOP('',(#2521,#2522,#2523,#2524,#2525,#2526));
#2528=FACE_BOUND('',#2527,.T.);
#2529=ADVANCED_FACE('291',(#2528),#2498,.T.);
#2530=CARTESIAN_POINT('',(112.5,581.,0.));
#2531=DIRECTION('',(0.,-1.,0.));
#2532=DIRECTION('',(1.,0.,0.));
#2533=AXIS2_PLACEMENT_3D('',#2530,#2531,#2532);
#2534=PLANE('',#2533);
#2535=CARTESIAN_POINT('',(123.,581.,-0.));
#2536=VERTEX_POINT('',#2535);
#2537=CARTESIAN_POINT('',(112.5,581.,0.));
#2538=DIRECTION('',(0.,-1.,0.));
#2539=DIRECTION('',(1.,0.,0.));
#2540=AXIS2_PLACEMENT_3D('',#2537,#2538,#2539);
#2541=CIRCLE('',#2540,10.5);
#2542=EDGE_CURVE('128',#2536,#2536,#2541,.T.);
#2543=ORIENTED_EDGE('',*,*,#2542,.T.);
#2544=EDGE_LOOP('',(#2543));
#2545=FACE_BOUND('',#2544,.T.);
#2546=ORIENTED_EDGE('',*,*,#75,.F.);
#2547=EDGE_LOOP('',(#2546));
#2548=FACE_BOUND('',#2547,.T.);
#2549=ADVANCED_FACE('112',(#2545,#2548),#2534,.F.);
#2550=CARTESIAN_POINT('',(135.061853631,144.,0.));
#2551=DIRECTION('',(0.,-1.,0.));
#2552=DIRECTION('',(1.,0.,0.));
#2553=AXIS2_PLACEMENT_3D('',#2550,#2551,#2552);
#2554=PLANE('',#2553);
#2555=CARTESIAN_POINT('',(145.561853631,144.,-0.));
#2556=VERTEX_POINT('',#2555);
#2557=CARTESIAN_POINT('',(135.061853631,144.,0.));
#2558=DIRECTION('',(0.,-1.,0.));
#2559=DIRECTION('',(1.,0.,0.));
#2560=AXIS2_PLACEMENT_3D('',#2557,#2558,#2559);
#2561=CIRCLE('',#2560,10.5);
#2562=EDGE_CURVE('130',#2556,#2556,#2561,.T.);
#2563=ORIENTED_EDGE('',*,*,#2562,.F.);
#2564=EDGE_LOOP('',(#2563));
#2565=FACE_BOUND('',#2564,.T.);
#2566=ORIENTED_EDGE('',*,*,#2311,.T.);
#2567=EDGE_LOOP('',(#2566));
#2568=FACE_BOUND('',#2567,.T.);
#2569=ADVANCED_FACE('110',(#2565,#2568),#2554,.T.);
#2570=CARTESIAN_POINT('',(112.5,531.,0.));
#2571=DIRECTION('',(0.,-1.,0.));
#2572=DIRECTION('',(1.,0.,0.));
#2573=AXIS2_PLACEMENT_3D('',#2570,#2571,#2572);
#2574=CYLINDRICAL_SURFACE('',#2573,10.5);
#2575=CARTESIAN_POINT('',(123.000000004,479.152736888,-0.));
#2576=VERTEX_POINT('',#2575);
#2577=CARTESIAN_POINT('',(123.,479.152736888,0.));
#2578=DIRECTION('',(-0.,1.,-0.));
#2579=VECTOR('',#2578,101.847263112);
#2580=LINE('',#2577,#2579);
#2581=EDGE_CURVE('',#2576,#2536,#2580,.T.);
#2582=ORIENTED_EDGE('',*,*,#2581,.F.);
#2583=CARTESIAN_POINT('',(112.5,480.,10.5));
#2584=VERTEX_POINT('345',#2583);
#2585=CARTESIAN_POINT('',(112.5,480.,10.5));
#2586=CARTESIAN_POINT('',(112.521951778,479.9982286,10.5));
#2587=CARTESIAN_POINT('',(112.542528972,479.996292581,10.499935957));
#2588=CARTESIAN_POINT('',(112.564186827,479.994821161,10.499803811));
#2589=CARTESIAN_POINT('',(112.585844681,479.993349742,10.499671665));
#2590=CARTESIAN_POINT('',(112.607446627,479.991331453,10.499472483));
#2591=CARTESIAN_POINT('',(112.629058872,479.989585605,10.499206818));
#2592=CARTESIAN_POINT('',(112.672283363,479.986093909,10.498675488));
#2593=CARTESIAN_POINT('',(112.715462323,479.982618152,10.497877769));
#2594=CARTESIAN_POINT('',(112.758593964,479.979132838,10.496815191));
#2595=CARTESIAN_POINT('',(112.844857246,479.972162209,10.494690036));
#2596=CARTESIAN_POINT('',(112.930937485,479.965230307,10.491505576));
#2597=CARTESIAN_POINT('',(113.016833114,479.958294517,10.487272454));
#2598=CARTESIAN_POINT('',(113.18862437,479.944422937,10.478806212));
#2599=CARTESIAN_POINT('',(113.359683881,479.930614566,10.466147276));
#2600=CARTESIAN_POINT('',(113.530023498,479.91688372,10.449356516));
#2601=CARTESIAN_POINT('',(113.870702733,479.889422029,10.415774995));
#2602=CARTESIAN_POINT('',(114.208496702,479.862136567,10.365695252));
#2603=CARTESIAN_POINT('',(114.543433944,479.835110238,10.299241609));
#2604=CARTESIAN_POINT('',(114.878371187,479.808083908,10.232787965));
#2605=CARTESIAN_POINT('',(115.21044865,479.781276617,10.149961466));
#2606=CARTESIAN_POINT('',(115.539608047,479.754728372,10.050412077));
#2607=CARTESIAN_POINT('',(115.868767443,479.728180127,9.950862688));
#2608=CARTESIAN_POINT('',(116.19631549,479.701737927,9.833898361));
#2609=CARTESIAN_POINT('',(116.514143343,479.67609185,9.702404507));
#2610=CARTESIAN_POINT('',(117.149799051,479.624799694,9.439416799));
#2611=CARTESIAN_POINT('',(117.752568278,479.576161206,9.117573243));
#2612=CARTESIAN_POINT('',(118.322826144,479.530146115,8.737545176));
#2613=CARTESIAN_POINT('',(118.893084009,479.484131024,8.357517109));
#2614=CARTESIAN_POINT('',(119.433888841,479.440492549,7.914590915));
#2615=CARTESIAN_POINT('',(119.918810731,479.401363365,7.43042713));
#2616=CARTESIAN_POINT('',(120.403732622,479.362234181,6.946263345));
#2617=CARTESIAN_POINT('',(120.838754392,479.327131525,6.418041087));
#2618=CARTESIAN_POINT('',(121.222834318,479.296139453,5.844840584));
#2619=CARTESIAN_POINT('',(121.414874282,479.280643417,5.558240332));
#2620=CARTESIAN_POINT('',(121.594244289,479.266169742,5.25958538));
#2621=CARTESIAN_POINT('',(121.756739557,479.253057718,4.95608442));
#2622=CARTESIAN_POINT('',(121.919234824,479.239945695,4.652583461));
#2623=CARTESIAN_POINT('',(122.065982402,479.22810438,4.342712488));
#2624=CARTESIAN_POINT('',(122.197249895,479.217512179,4.026579748));
#2625=CARTESIAN_POINT('',(122.328517389,479.206919978,3.710447008));
#2626=CARTESIAN_POINT('',(122.444304392,479.197576926,3.388052337));
#2627=CARTESIAN_POINT('',(122.544428735,479.18949772,3.059322047));
#2628=CARTESIAN_POINT('',(122.644553078,479.181418514,2.730591756));
#2629=CARTESIAN_POINT('',(122.729191668,479.17458906,2.394608976));
#2630=CARTESIAN_POINT('',(122.797106651,479.169108703,2.054165186));
#2631=CARTESIAN_POINT('',(122.865021634,479.163628346,1.713721395));
#2632=CARTESIAN_POINT('',(122.916091716,479.159507697,1.369220121));
#2633=CARTESIAN_POINT('',(122.949865039,479.156782365,1.024851538));
#2634=CARTESIAN_POINT('',(122.983638361,479.154057033,0.680482955));
#2635=CARTESIAN_POINT('',(123.000191573,479.152721421,0.336900091));
#2636=CARTESIAN_POINT('',(122.999998332,479.152737023,-0.005918666));
#2637=CARTESIAN_POINT('',(122.99961185,479.152768226,-0.69155618));
#2638=CARTESIAN_POINT('',(122.932724088,479.15816185,-1.374159389));
#2639=CARTESIAN_POINT('',(122.797213115,479.169100112,-2.053631433));
#2640=CARTESIAN_POINT('',(122.729457629,479.174569243,-2.393367456));
#2641=CARTESIAN_POINT('',(122.644737436,479.181403637,-2.729909951));
#2642=CARTESIAN_POINT('',(122.544626985,479.189481723,-3.058671074));
#2643=CARTESIAN_POINT('',(122.444516534,479.197559808,-3.387432196));
#2644=CARTESIAN_POINT('',(122.328738452,479.20690214,-3.709865132));
#2645=CARTESIAN_POINT('',(122.197472897,479.217494185,-4.026042648));
#2646=CARTESIAN_POINT('',(122.066207342,479.228086229,-4.342220164));
#2647=CARTESIAN_POINT('',(121.919454741,479.239927949,-4.652142433));
#2648=CARTESIAN_POINT('',(121.756945142,479.253041129,-4.955700419));
#2649=CARTESIAN_POINT('',(121.594435543,479.266154309,-5.259258406));
#2650=CARTESIAN_POINT('',(121.415059205,479.280628495,-5.557941376));
#2651=CARTESIAN_POINT('',(121.223050902,479.296121976,-5.844517341));
#2652=CARTESIAN_POINT('',(120.839034297,479.327108938,-6.417669272));
#2653=CARTESIAN_POINT('',(120.404001342,479.362212498,-6.945979456));
#2654=CARTESIAN_POINT('',(119.918930295,479.401353717,-7.430307751));
#2655=CARTESIAN_POINT('',(119.433859248,479.440494937,-7.914636046));
#2656=CARTESIAN_POINT('',(118.893040435,479.48413454,-8.357541295));
#2657=CARTESIAN_POINT('',(118.322877633,479.53014196,-8.737510862));
#2658=CARTESIAN_POINT('',(117.752714831,479.57614938,-9.11748043));
#2659=CARTESIAN_POINT('',(117.149825277,479.624797578,-9.439436027));
#2660=CARTESIAN_POINT('',(116.513751457,479.676123472,-9.702566632));
#2661=CARTESIAN_POINT('',(116.195714547,479.701786418,-9.834131934));
#2662=CARTESIAN_POINT('',(115.868188943,479.728214947,-9.951049671));
#2663=CARTESIAN_POINT('',(115.539262436,479.754756259,-10.050516596));
#2664=CARTESIAN_POINT('',(115.210335928,479.781297571,-10.149983521));
#2665=CARTESIAN_POINT('',(114.878453798,479.808077242,-10.2327634));
#2666=CARTESIAN_POINT('',(114.543675825,479.83509072,-10.299193615));
#2667=CARTESIAN_POINT('',(113.874119877,479.889117676,-10.432054046));
#2668=CARTESIAN_POINT('',(113.192500224,479.944119319,-10.5));
#2669=CARTESIAN_POINT('',(112.5,480.,-10.5));
#2670=B_SPLINE_CURVE_WITH_KNOTS('',3,(#2585,#2586,#2587,#2588,#2589,#2590,#2591,#2592,#2593,#2594,#2595,#2596,#2597,#2598,#2599,#2600,#2601,#2602,#2603,#2604,#2605,#2606,#2607,#2608,#2609,#2610,
#2611,#2612,#2613,#2614,#2615,#2616,#2617,#2618,#2619,#2620,#2621,#2622,#2623,#2624,#2625,#2626,#2627,#2628,#2629,#2630,#2631,#2632,#2633,#2634,#2635,
#2636,#2637,#2638,#2639,#2640,#2641,#2642,#2643,#2644,#2645,#2646,#2647,#2648,#2649,#2650,#2651,#2652,#2653,#2654,#2655,#2656,#2657,#2658,#2659,#2660,
#2661,#2662,#2663,#2664,#2665,#2666,#2667,#2668,#2669),.UNSPECIFIED.,.F.,.F.,(4,3,3,3,3,3,3,3,3,3,3,3,3,3,3,3,3,3,3,3,3,3,3,3,3,3,
3,3,4),(-0.00005118,0.00001303,0.00007724,0.00020566,0.000462499,0.000976177,0.002003534,0.003030891,0.004058248,0.006112962,0.008167675,0.010222389,0.011249746,0.012277103,0.01330446,0.014331817,0.015359174,0.01638653,0.018441244,0.019468601,0.020495958,0.021523315,0.022550672,0.024605385,0.026660099,0.028714813,
0.02974217,0.030769527,0.032824241),.UNSPECIFIED.);
#2671=EDGE_CURVE('354',#2584,#2576,#2670,.T.);
#2672=ORIENTED_EDGE('',*,*,#2671,.F.);
#2673=CARTESIAN_POINT('',(112.5,480.,-10.5));
#2674=VERTEX_POINT('347',#2673);
#2675=CARTESIAN_POINT('',(112.5,480.,10.5));
#2676=CARTESIAN_POINT('',(112.478042494,480.001772478,10.5));
#2677=CARTESIAN_POINT('',(112.457461245,480.003709221,10.499935925));
#2678=CARTESIAN_POINT('',(112.435797454,480.005182344,10.499803715));
#2679=CARTESIAN_POINT('',(112.414133664,480.006655467,10.499671505));
#2680=CARTESIAN_POINT('',(112.392527031,480.008676682,10.499472224));
#2681=CARTESIAN_POINT('',(112.370909595,480.010426091,10.49920643));
#2682=CARTESIAN_POINT('',(112.327674724,480.01392491,10.498674843));
#2683=CARTESIAN_POINT('',(112.284485598,480.017410252,10.497876741));
#2684=CARTESIAN_POINT('',(112.241344157,480.020908851,10.496813667));
#2685=CARTESIAN_POINT('',(112.155061276,480.027906051,10.494687518));
#2686=CARTESIAN_POINT('',(112.068962385,480.034874953,10.491501608));
#2687=CARTESIAN_POINT('',(111.983049397,480.041861461,10.487266664));
#2688=CARTESIAN_POINT('',(111.811223421,480.055834479,10.478796774));
#2689=CARTESIAN_POINT('',(111.640133353,480.069788974,10.466132701));
#2690=CARTESIAN_POINT('',(111.469767807,480.083718033,10.449335942));
#2691=CARTESIAN_POINT('',(111.129036716,480.111576151,10.415742423));
#2692=CARTESIAN_POINT('',(110.79120849,480.139452094,10.365647292));
#2693=CARTESIAN_POINT('',(110.456254366,480.167272852,10.299179763));
#2694=CARTESIAN_POINT('',(110.121300242,480.19509361,10.232712234));
#2695=CARTESIAN_POINT('',(109.789222465,480.222888243,10.14987322));
#2696=CARTESIAN_POINT('',(109.460078109,480.250612214,10.050317154));
#2697=CARTESIAN_POINT('',(109.130933753,480.278336185,9.950761088));
#2698=CARTESIAN_POINT('',(108.803410902,480.306154602,9.833794627));
#2699=CARTESIAN_POINT('',(108.48560984,480.333331962,9.702302389));
#2700=CARTESIAN_POINT('',(107.850007717,480.387686683,9.439317913));
#2701=CARTESIAN_POINT('',(107.247329647,480.440021056,9.117504844));
#2702=CARTESIAN_POINT('',(106.677177835,480.490190408,8.737547827));
#2703=CARTESIAN_POINT('',(106.107026022,480.54035976,8.35759081));
#2704=CARTESIAN_POINT('',(105.566318927,480.588655826,7.914763822));
#2705=CARTESIAN_POINT('',(105.081454256,480.632471243,7.430691693));
#2706=CARTESIAN_POINT('',(104.596589584,480.67628666,6.946619564));
#2707=CARTESIAN_POINT('',(104.161608191,480.716138296,6.418502155));
#2708=CARTESIAN_POINT('',(103.777543037,480.751647038,5.84540371));
#2709=CARTESIAN_POINT('',(103.58551046,480.769401409,5.558854487));
#2710=CARTESIAN_POINT('',(103.406115006,480.786080068,5.260207728));
#2711=CARTESIAN_POINT('',(103.243591212,480.801252175,4.956702164));
#2712=CARTESIAN_POINT('',(103.081067417,480.816424282,4.653196601));
#2713=CARTESIAN_POINT('',(102.93429223,480.83019327,4.343318925));
#2714=CARTESIAN_POINT('',(102.802997815,480.842549954,4.02717626));
#2715=CARTESIAN_POINT('',(102.671703401,480.854906639,3.711033595));
#2716=CARTESIAN_POINT('',(102.555890163,480.865851031,3.388625779));
#2717=CARTESIAN_POINT('',(102.45574058,480.875337953,3.059877889));
#2718=CARTESIAN_POINT('',(102.355590996,480.884824874,2.731129999));
#2719=CARTESIAN_POINT('',(102.270932555,480.892870614,2.395151752));
#2720=CARTESIAN_POINT('',(102.202985804,480.899338015,2.054628591));
#2721=CARTESIAN_POINT('',(102.135039053,480.905805415,1.714105429));
#2722=CARTESIAN_POINT('',(102.083944327,480.910680262,1.369508994));
#2723=CARTESIAN_POINT('',(102.050157687,480.913905603,1.025083228));
#2724=CARTESIAN_POINT('',(102.016371046,480.917130944,0.680657463));
#2725=CARTESIAN_POINT('',(101.999809318,480.918714129,0.337006926));
#2726=CARTESIAN_POINT('',(102.000001652,480.918695751,-0.005889554));
#2727=CARTESIAN_POINT('',(102.00038632,480.918658996,-0.691682515));
#2728=CARTESIAN_POINT('',(102.067301834,480.912255213,-1.374481067));
#2729=CARTESIAN_POINT('',(102.202898047,480.899346367,-2.054188738));
#2730=CARTESIAN_POINT('',(102.270696154,480.892891944,-2.394042574));
#2731=CARTESIAN_POINT('',(102.355431586,480.884840005,-2.730541072));
#2732=CARTESIAN_POINT('',(102.455570404,480.875354073,-3.059319221));
#2733=CARTESIAN_POINT('',(102.555709222,480.865868141,-3.388097369));
#2734=CARTESIAN_POINT('',(102.671519539,480.854923983,-3.710552216));
#2735=CARTESIAN_POINT('',(102.802823529,480.842566357,-4.026756573));
#2736=CARTESIAN_POINT('',(102.934127519,480.830208732,-4.342960929));
#2737=CARTESIAN_POINT('',(103.08092473,480.816437631,-4.652914976));
#2738=CARTESIAN_POINT('',(103.243488217,480.80126179,-4.956509821));
#2739=CARTESIAN_POINT('',(103.406051704,480.786085949,-5.260104666));
#2740=CARTESIAN_POINT('',(103.585472662,480.76940493,-5.558789298));
#2741=CARTESIAN_POINT('',(103.777460131,480.751654703,-5.845279996));
#2742=CARTESIAN_POINT('',(104.161435068,480.71615425,-6.418261393));
#2743=CARTESIAN_POINT('',(104.596433495,480.676300716,-6.946472233));
#2744=CARTESIAN_POINT('',(105.081519492,480.632465348,-7.430756822));
#2745=CARTESIAN_POINT('',(105.566605489,480.588629979,-7.915041412));
#2746=CARTESIAN_POINT('',(106.107343519,480.540331681,-8.357818802));
#2747=CARTESIAN_POINT('',(106.67735203,480.49017508,-8.737663911));
#2748=CARTESIAN_POINT('',(107.247360541,480.440018479,-9.11750902));
#2749=CARTESIAN_POINT('',(107.850180063,480.387671353,-9.439443681));
#2750=CARTESIAN_POINT('',(108.486319459,480.333271278,-9.702595968));
#2751=CARTESIAN_POINT('',(108.804389157,480.306071241,-9.834172111));
#2752=CARTESIAN_POINT('',(109.131868825,480.278268978,-9.951066388));
#2753=CARTESIAN_POINT('',(109.460716485,480.250558422,-10.050510222));
#2754=CARTESIAN_POINT('',(109.789564146,480.222847865,-10.149954056));
#2755=CARTESIAN_POINT('',(110.121392699,480.195085976,-10.23272685));
#2756=CARTESIAN_POINT('',(110.456143957,480.167282022,-10.299157853));
#2757=CARTESIAN_POINT('',(111.125646472,480.111674115,-10.432019858));
#2758=CARTESIAN_POINT('',(111.807326809,480.055914065,-10.5));
#2759=CARTESIAN_POINT('',(112.5,480.,-10.5));
#2760=B_SPLINE_CURVE_WITH_KNOTS('',3,(#2675,#2676,#2677,#2678,#2679,#2680,#2681,#2682,#2683,#2684,#2685,#2686,#2687,#2688,#2689,#2690,#2691,#2692,#2693,#2694,#2695,#2696,#2697,#2698,#2699,#2700,
#2701,#2702,#2703,#2704,#2705,#2706,#2707,#2708,#2709,#2710,#2711,#2712,#2713,#2714,#2715,#2716,#2717,#2718,#2719,#2720,#2721,#2722,#2723,#2724,#2725,
#2726,#2727,#2728,#2729,#2730,#2731,#2732,#2733,#2734,#2735,#2736,#2737,#2738,#2739,#2740,#2741,#2742,#2743,#2744,#2745,#2746,#2747,#2748,#2749,#2750,
#2751,#2752,#2753,#2754,#2755,#2756,#2757,#2758,#2759),.UNSPECIFIED.,.F.,.F.,(4,3,3,3,3,3,3,3,3,3,3,3,3,3,3,3,3,3,3,3,3,3,3,3,3,3,
3,3,4),(-0.00005118,0.000013046,0.000077271,0.000205722,0.000462624,0.000976427,0.002004033,0.00303164,0.004059246,0.006114459,0.008169671,0.010224884,0.011252491,0.012280097,0.013307703,0.01433531,0.015362916,0.016390523,0.018445735,0.019473342,0.020500948,0.021528554,0.022556161,0.024611374,0.026666586,0.028721799,
0.029749405,0.030777012,0.032832225),.UNSPECIFIED.);
#2761=EDGE_CURVE('132',#2584,#2674,#2760,.T.);
#2762=ORIENTED_EDGE('',*,*,#2761,.T.);
#2763=CARTESIAN_POINT('',(112.5,480.,10.5));
#2764=CARTESIAN_POINT('',(112.521951778,479.9982286,10.5));
#2765=CARTESIAN_POINT('',(112.542528972,479.996292581,10.499935957));
#2766=CARTESIAN_POINT('',(112.564186827,479.994821161,10.499803811));
#2767=CARTESIAN_POINT('',(112.585844681,479.993349742,10.499671665));
#2768=CARTESIAN_POINT('',(112.607446627,479.991331453,10.499472483));
#2769=CARTESIAN_POINT('',(112.629058872,479.989585605,10.499206818));
#2770=CARTESIAN_POINT('',(112.672283363,479.986093909,10.498675488));
#2771=CARTESIAN_POINT('',(112.715462323,479.982618152,10.497877769));
#2772=CARTESIAN_POINT('',(112.758593964,479.979132838,10.496815191));
#2773=CARTESIAN_POINT('',(112.844857246,479.972162209,10.494690036));
#2774=CARTESIAN_POINT('',(112.930937485,479.965230307,10.491505576));
#2775=CARTESIAN_POINT('',(113.016833114,479.958294517,10.487272454));
#2776=CARTESIAN_POINT('',(113.18862437,479.944422937,10.478806212));
#2777=CARTESIAN_POINT('',(113.359683881,479.930614566,10.466147276));
#2778=CARTESIAN_POINT('',(113.530023498,479.91688372,10.449356516));
#2779=CARTESIAN_POINT('',(113.870702733,479.889422029,10.415774995));
#2780=CARTESIAN_POINT('',(114.208496702,479.862136567,10.365695252));
#2781=CARTESIAN_POINT('',(114.543433944,479.835110238,10.299241609));
#2782=CARTESIAN_POINT('',(114.878371187,479.808083908,10.232787965));
#2783=CARTESIAN_POINT('',(115.21044865,479.781276617,10.149961466));
#2784=CARTESIAN_POINT('',(115.539608047,479.754728372,10.050412077));
#2785=CARTESIAN_POINT('',(115.868767443,479.728180127,9.950862688));
#2786=CARTESIAN_POINT('',(116.19631549,479.701737927,9.833898361));
#2787=CARTESIAN_POINT('',(116.514143343,479.67609185,9.702404507));
#2788=CARTESIAN_POINT('',(117.149799051,479.624799694,9.439416799));
#2789=CARTESIAN_POINT('',(117.752568278,479.576161206,9.117573243));
#2790=CARTESIAN_POINT('',(118.322826144,479.530146115,8.737545176));
#2791=CARTESIAN_POINT('',(118.893084009,479.484131024,8.357517109));
#2792=CARTESIAN_POINT('',(119.433888841,479.440492549,7.914590915));
#2793=CARTESIAN_POINT('',(119.918810731,479.401363365,7.43042713));
#2794=CARTESIAN_POINT('',(120.403732622,479.362234181,6.946263345));
#2795=CARTESIAN_POINT('',(120.838754392,479.327131525,6.418041087));
#2796=CARTESIAN_POINT('',(121.222834318,479.296139453,5.844840584));
#2797=CARTESIAN_POINT('',(121.414874282,479.280643417,5.558240332));
#2798=CARTESIAN_POINT('',(121.594244289,479.266169742,5.25958538));
#2799=CARTESIAN_POINT('',(121.756739557,479.253057718,4.95608442));
#2800=CARTESIAN_POINT('',(121.919234824,479.239945695,4.652583461));
#2801=CARTESIAN_POINT('',(122.065982402,479.22810438,4.342712488));
#2802=CARTESIAN_POINT('',(122.197249895,479.217512179,4.026579748));
#2803=CARTESIAN_POINT('',(122.328517389,479.206919978,3.710447008));
#2804=CARTESIAN_POINT('',(122.444304392,479.197576926,3.388052337));
#2805=CARTESIAN_POINT('',(122.544428735,479.18949772,3.059322047));
#2806=CARTESIAN_POINT('',(122.644553078,479.181418514,2.730591756));
#2807=CARTESIAN_POINT('',(122.729191668,479.17458906,2.394608976));
#2808=CARTESIAN_POINT('',(122.797106651,479.169108703,2.054165186));
#2809=CARTESIAN_POINT('',(122.865021634,479.163628346,1.713721395));
#2810=CARTESIAN_POINT('',(122.916091716,479.159507697,1.369220121));
#2811=CARTESIAN_POINT('',(122.949865039,479.156782365,1.024851538));
#2812=CARTESIAN_POINT('',(122.983638361,479.154057033,0.680482955));
#2813=CARTESIAN_POINT('',(123.000191573,479.152721421,0.336900091));
#2814=CARTESIAN_POINT('',(122.999998332,479.152737023,-0.005918666));
#2815=CARTESIAN_POINT('',(122.99961185,479.152768226,-0.69155618));
#2816=CARTESIAN_POINT('',(122.932724088,479.15816185,-1.374159389));
#2817=CARTESIAN_POINT('',(122.797213115,479.169100112,-2.053631433));
#2818=CARTESIAN_POINT('',(122.729457629,479.174569243,-2.393367456));
#2819=CARTESIAN_POINT('',(122.644737436,479.181403637,-2.729909951));
#2820=CARTESIAN_POINT('',(122.544626985,479.189481723,-3.058671074));
#2821=CARTESIAN_POINT('',(122.444516534,479.197559808,-3.387432196));
#2822=CARTESIAN_POINT('',(122.328738452,479.20690214,-3.709865132));
#2823=CARTESIAN_POINT('',(122.197472897,479.217494185,-4.026042648));
#2824=CARTESIAN_POINT('',(122.066207342,479.228086229,-4.342220164));
#2825=CARTESIAN_POINT('',(121.919454741,479.239927949,-4.652142433));
#2826=CARTESIAN_POINT('',(121.756945142,479.253041129,-4.955700419));
#2827=CARTESIAN_POINT('',(121.594435543,479.266154309,-5.259258406));
#2828=CARTESIAN_POINT('',(121.415059205,479.280628495,-5.557941376));
#2829=CARTESIAN_POINT('',(121.223050902,479.296121976,-5.844517341));
#2830=CARTESIAN_POINT('',(120.839034297,479.327108938,-6.417669272));
#2831=CARTESIAN_POINT('',(120.404001342,479.362212498,-6.945979456));
#2832=CARTESIAN_POINT('',(119.918930295,479.401353717,-7.430307751));
#2833=CARTESIAN_POINT('',(119.433859248,479.440494937,-7.914636046));
#2834=CARTESIAN_POINT('',(118.893040435,479.48413454,-8.357541295));
#2835=CARTESIAN_POINT('',(118.322877633,479.53014196,-8.737510862));
#2836=CARTESIAN_POINT('',(117.752714831,479.57614938,-9.11748043));
#2837=CARTESIAN_POINT('',(117.149825277,479.624797578,-9.439436027));
#2838=CARTESIAN_POINT('',(116.513751457,479.676123472,-9.702566632));
#2839=CARTESIAN_POINT('',(116.195714547,479.701786418,-9.834131934));
#2840=CARTESIAN_POINT('',(115.868188943,479.728214947,-9.951049671));
#2841=CARTESIAN_POINT('',(115.539262436,479.754756259,-10.050516596));
#2842=CARTESIAN_POINT('',(115.210335928,479.781297571,-10.149983521));
#2843=CARTESIAN_POINT('',(114.878453798,479.808077242,-10.2327634));
#2844=CARTESIAN_POINT('',(114.543675825,479.83509072,-10.299193615));
#2845=CARTESIAN_POINT('',(113.874119877,479.889117676,-10.432054046));
#2846=CARTESIAN_POINT('',(113.192500224,479.944119319,-10.5));
#2847=CARTESIAN_POINT('',(112.5,480.,-10.5));
#2848=B_SPLINE_CURVE_WITH_KNOTS('',3,(#2763,#2764,#2765,#2766,#2767,#2768,#2769,#2770,#2771,#2772,#2773,#2774,#2775,#2776,#2777,#2778,#2779,#2780,#2781,#2782,#2783,#2784,#2785,#2786,#2787,#2788,
#2789,#2790,#2791,#2792,#2793,#2794,#2795,#2796,#2797,#2798,#2799,#2800,#2801,#2802,#2803,#2804,#2805,#2806,#2807,#2808,#2809,#2810,#2811,#2812,#2813,
#2814,#2815,#2816,#2817,#2818,#2819,#2820,#2821,#2822,#2823,#2824,#2825,#2826,#2827,#2828,#2829,#2830,#2831,#2832,#2833,#2834,#2835,#2836,#2837,#2838,
#2839,#2840,#2841,#2842,#2843,#2844,#2845,#2846,#2847),.UNSPECIFIED.,.F.,.F.,(4,3,3,3,3,3,3,3,3,3,3,3,3,3,3,3,3,3,3,3,3,3,3,3,3,3,
3,3,4),(-0.00005118,0.00001303,0.00007724,0.00020566,0.000462499,0.000976177,0.002003534,0.003030891,0.004058248,0.006112962,0.008167675,0.010222389,0.011249746,0.012277103,0.01330446,0.014331817,0.015359174,0.01638653,0.018441244,0.019468601,0.020495958,0.021523315,0.022550672,0.024605385,0.026660099,0.028714813,
0.02974217,0.030769527,0.032824241),.UNSPECIFIED.);
#2849=EDGE_CURVE('354',#2576,#2674,#2848,.T.);
#2850=ORIENTED_EDGE('',*,*,#2849,.F.);
#2851=ORIENTED_EDGE('',*,*,#2581,.T.);
#2852=ORIENTED_EDGE('',*,*,#2542,.F.);
#2853=EDGE_LOOP('',(#2582,#2672,#2762,#2850,#2851,#2852));
#2854=FACE_BOUND('',#2853,.T.);
#2855=CARTESIAN_POINT('',(102.047619048,545.,0.99886557));
#2856=VERTEX_POINT('',#2855);
#2857=CARTESIAN_POINT('',(102.,545.999999997,0.));
#2858=VERTEX_POINT('',#2857);
#2859=CARTESIAN_POINT('',(102.047619048,545.,0.99886557));
#2860=CARTESIAN_POINT('',(102.047619048,545.066074231,0.99886557));
#2861=CARTESIAN_POINT('',(102.046995813,545.131042477,0.992403735));
#2862=CARTESIAN_POINT('',(102.045809257,545.194950248,0.979742779));
#2863=CARTESIAN_POINT('',(102.044622701,545.258858019,0.967081823));
#2864=CARTESIAN_POINT('',(102.042845,545.322367954,0.947913727));
#2865=CARTESIAN_POINT('',(102.04063691,545.382916297,0.922888807));
#2866=CARTESIAN_POINT('',(102.03842882,545.443464641,0.897863888));
#2867=CARTESIAN_POINT('',(102.035812151,545.50089768,0.867231908));
#2868=CARTESIAN_POINT('',(102.03293823,545.555245145,0.831034236));
#2869=CARTESIAN_POINT('',(102.030064309,545.60959261,0.794836565));
#2870=CARTESIAN_POINT('',(102.026911432,545.661049674,0.752692319));
#2871=CARTESIAN_POINT('',(102.023805513,545.707166332,0.706646359));
#2872=CARTESIAN_POINT('',(102.017593676,545.799399647,0.614554438));
#2873=CARTESIAN_POINT('',(102.011370652,545.87390157,0.503126366));
#2874=CARTESIAN_POINT('',(102.00698263,545.923777451,0.382866117));
#2875=CARTESIAN_POINT('',(102.002594607,545.973653333,0.262605867));
#2876=CARTESIAN_POINT('',(102.000006889,545.999927667,0.131010836));
#2877=CARTESIAN_POINT('',(102.000000015,545.999999847,0.000553244));
#2878=CARTESIAN_POINT('',(101.999996577,546.000035937,-0.064675553));
#2879=CARTESIAN_POINT('',(102.000620563,545.993544562,-0.1309339));
#2880=CARTESIAN_POINT('',(102.00181179,545.980791728,-0.195049489));
#2881=CARTESIAN_POINT('',(102.003003016,545.968038895,-0.259165078));
#2882=CARTESIAN_POINT('',(102.004748131,545.949165998,-0.32149099));
#2883=CARTESIAN_POINT('',(102.006951681,545.924129153,-0.382016992));
#2884=CARTESIAN_POINT('',(102.009155232,545.899092309,-0.442542994));
#2885=CARTESIAN_POINT('',(102.011820844,545.86779693,-0.501034716));
#2886=CARTESIAN_POINT('',(102.014686607,545.831613647,-0.555160379));
#2887=CARTESIAN_POINT('',(102.01755237,545.795430363,-0.609286042));
#2888=CARTESIAN_POINT('',(102.020643404,545.754109313,-0.659741193));
#2889=CARTESIAN_POINT('',(102.023787563,545.707432796,-0.706380203));
#2890=CARTESIAN_POINT('',(102.026931722,545.660756278,-0.753019214));
#2891=CARTESIAN_POINT('',(102.030025725,545.610238681,-0.794325578));
#2892=CARTESIAN_POINT('',(102.032893225,545.556095555,-0.8304672));
#2893=CARTESIAN_POINT('',(102.035760725,545.501952428,-0.866608821));
#2894=CARTESIAN_POINT('',(102.038428147,545.4434815,-0.897856155));
#2895=CARTESIAN_POINT('',(102.040636546,545.382926288,-0.922884678));
#2896=CARTESIAN_POINT('',(102.042844944,545.322371075,-0.947913201));
#2897=CARTESIAN_POINT('',(102.044594472,545.260043846,-0.966777947));
#2898=CARTESIAN_POINT('',(102.045790457,545.19596021,-0.979542153));
#2899=CARTESIAN_POINT('',(102.046986442,545.131876574,-0.99230636));
#2900=CARTESIAN_POINT('',(102.047616808,545.065607282,-0.998842134));
#2901=CARTESIAN_POINT('',(102.047619041,545.000359423,-0.998865505));
#2902=CARTESIAN_POINT('',(102.047623508,544.869863703,-0.998912248));
#2903=CARTESIAN_POINT('',(102.045047086,544.73827325,-0.972852267));
#2904=CARTESIAN_POINT('',(102.040666651,544.617900119,-0.923225814));
#2905=CARTESIAN_POINT('',(102.036286217,544.497526987,-0.873599362));
#2906=CARTESIAN_POINT('',(102.030066419,544.385894498,-0.799366887));
#2907=CARTESIAN_POINT('',(102.02385633,544.293588593,-0.707399321));
#2908=CARTESIAN_POINT('',(102.020751285,544.247435641,-0.661415539));
#2909=CARTESIAN_POINT('',(102.017598186,544.20516713,-0.610087569));
#2910=CARTESIAN_POINT('',(102.01472087,544.168819071,-0.555807125));
#2911=CARTESIAN_POINT('',(102.011843554,544.132471013,-0.50152668));
#2912=CARTESIAN_POINT('',(102.009224381,544.101712764,-0.444169766));
#2913=CARTESIAN_POINT('',(102.007013571,544.076574303,-0.383713164));
#2914=CARTESIAN_POINT('',(102.004802761,544.051435842,-0.323256561));
#2915=CARTESIAN_POINT('',(102.003018157,544.032125224,-0.259723674));
#2916=CARTESIAN_POINT('',(102.001826264,544.01936324,-0.195826991));
#2917=CARTESIAN_POINT('',(102.000634371,544.006601257,-0.131930309));
#2918=CARTESIAN_POINT('',(102.000006172,544.000064811,-0.066993398));
#2919=CARTESIAN_POINT('',(102.000000045,544.000000475,-0.000974507));
#2920=CARTESIAN_POINT('',(101.999993918,543.999936139,0.065044384));
#2921=CARTESIAN_POINT('',(102.000612123,544.00636764,0.130152319));
#2922=CARTESIAN_POINT('',(102.001793425,544.019011686,0.194058528));
#2923=CARTESIAN_POINT('',(102.002974727,544.031655733,0.257964736));
#2924=CARTESIAN_POINT('',(102.004746034,544.050810349,0.321430909));
#2925=CARTESIAN_POINT('',(102.006951112,544.075864379,0.382001355));
#2926=CARTESIAN_POINT('',(102.009156191,544.100918408,0.442571801));
#2927=CARTESIAN_POINT('',(102.011770181,544.131588465,0.49999336));
#2928=CARTESIAN_POINT('',(102.014641394,544.167815684,0.554305776));
#2929=CARTESIAN_POINT('',(102.017512606,544.204042903,0.608618193));
#2930=CARTESIAN_POINT('',(102.020664697,544.246232185,0.660049545));
#2931=CARTESIAN_POINT('',(102.023771242,544.292324986,0.706138091));
#2932=CARTESIAN_POINT('',(102.029984332,544.38451059,0.798315181));
#2933=CARTESIAN_POINT('',(102.03621115,544.495982523,0.872711893));
#2934=CARTESIAN_POINT('',(102.040607005,544.616264562,0.922549828));
#2935=CARTESIAN_POINT('',(102.045002861,544.7365466,0.972387763));
#2936=CARTESIAN_POINT('',(102.047619048,544.867851703,0.99886557));
#2937=CARTESIAN_POINT('',(102.047619048,545.,0.99886557));
#2938=B_SPLINE_CURVE_WITH_KNOTS('',3,(#2859,#2860,#2861,#2862,#2863,#2864,#2865,#2866,#2867,#2868,#2869,#2870,#2871,#2872,#2873,#2874,#2875,#2876,#2877,#2878,#2879,#2880,#2881,#2882,#2883,#2884,
#2885,#2886,#2887,#2888,#2889,#2890,#2891,#2892,#2893,#2894,#2895,#2896,#2897,#2898,#2899,#2900,#2901,#2902,#2903,#2904,#2905,#2906,#2907,#2908,#2909,
#2910,#2911,#2912,#2913,#2914,#2915,#2916,#2917,#2918,#2919,#2920,#2921,#2922,#2923,#2924,#2925,#2926,#2927,#2928,#2929,#2930,#2931,#2932,#2933,#2934,
#2935,#2936,#2937),.UNSPECIFIED.,.T.,.F.,(4,3,3,3,3,3,3,3,3,3,3,3,3,3,3,3,3,3,3,3,3,3,3,3,3,3,
4),(0.,0.000195407,0.000390814,0.000586221,0.000781629,0.001172443,0.001563257,0.001758664,0.001954071,0.002149479,0.002344886,0.002540293,0.0027357,0.002931107,0.003126514,0.003517329,0.003908143,0.00410355,0.004298957,0.004494364,0.004689771,0.004885178,0.005080586,0.005275993,0.0054714,0.005862214,
0.006253028),.UNSPECIFIED.);
#2939=EDGE_CURVE('419',#2856,#2858,#2938,.T.);
#2940=ORIENTED_EDGE('',*,*,#2939,.T.);
#2941=CARTESIAN_POINT('',(102.047619048,545.,0.99886557));
#2942=CARTESIAN_POINT('',(102.047619048,545.066074231,0.99886557));
#2943=CARTESIAN_POINT('',(102.046995813,545.131042477,0.992403735));
#2944=CARTESIAN_POINT('',(102.045809257,545.194950248,0.979742779));
#2945=CARTESIAN_POINT('',(102.044622701,545.258858019,0.967081823));
#2946=CARTESIAN_POINT('',(102.042845,545.322367954,0.947913727));
#2947=CARTESIAN_POINT('',(102.04063691,545.382916297,0.922888807));
#2948=CARTESIAN_POINT('',(102.03842882,545.443464641,0.897863888));
#2949=CARTESIAN_POINT('',(102.035812151,545.50089768,0.867231908));
#2950=CARTESIAN_POINT('',(102.03293823,545.555245145,0.831034236));
#2951=CARTESIAN_POINT('',(102.030064309,545.60959261,0.794836565));
#2952=CARTESIAN_POINT('',(102.026911432,545.661049674,0.752692319));
#2953=CARTESIAN_POINT('',(102.023805513,545.707166332,0.706646359));
#2954=CARTESIAN_POINT('',(102.017593676,545.799399647,0.614554438));
#2955=CARTESIAN_POINT('',(102.011370652,545.87390157,0.503126366));
#2956=CARTESIAN_POINT('',(102.00698263,545.923777451,0.382866117));
#2957=CARTESIAN_POINT('',(102.002594607,545.973653333,0.262605867));
#2958=CARTESIAN_POINT('',(102.000006889,545.999927667,0.131010836));
#2959=CARTESIAN_POINT('',(102.000000015,545.999999847,0.000553244));
#2960=CARTESIAN_POINT('',(101.999996577,546.000035937,-0.064675553));
#2961=CARTESIAN_POINT('',(102.000620563,545.993544562,-0.1309339));
#2962=CARTESIAN_POINT('',(102.00181179,545.980791728,-0.195049489));
#2963=CARTESIAN_POINT('',(102.003003016,545.968038895,-0.259165078));
#2964=CARTESIAN_POINT('',(102.004748131,545.949165998,-0.32149099));
#2965=CARTESIAN_POINT('',(102.006951681,545.924129153,-0.382016992));
#2966=CARTESIAN_POINT('',(102.009155232,545.899092309,-0.442542994));
#2967=CARTESIAN_POINT('',(102.011820844,545.86779693,-0.501034716));
#2968=CARTESIAN_POINT('',(102.014686607,545.831613647,-0.555160379));
#2969=CARTESIAN_POINT('',(102.01755237,545.795430363,-0.609286042));
#2970=CARTESIAN_POINT('',(102.020643404,545.754109313,-0.659741193));
#2971=CARTESIAN_POINT('',(102.023787563,545.707432796,-0.706380203));
#2972=CARTESIAN_POINT('',(102.026931722,545.660756278,-0.753019214));
#2973=CARTESIAN_POINT('',(102.030025725,545.610238681,-0.794325578));
#2974=CARTESIAN_POINT('',(102.032893225,545.556095555,-0.8304672));
#2975=CARTESIAN_POINT('',(102.035760725,545.501952428,-0.866608821));
#2976=CARTESIAN_POINT('',(102.038428147,545.4434815,-0.897856155));
#2977=CARTESIAN_POINT('',(102.040636546,545.382926288,-0.922884678));
#2978=CARTESIAN_POINT('',(102.042844944,545.322371075,-0.947913201));
#2979=CARTESIAN_POINT('',(102.044594472,545.260043846,-0.966777947));
#2980=CARTESIAN_POINT('',(102.045790457,545.19596021,-0.979542153));
#2981=CARTESIAN_POINT('',(102.046986442,545.131876574,-0.99230636));
#2982=CARTESIAN_POINT('',(102.047616808,545.065607282,-0.998842134));
#2983=CARTESIAN_POINT('',(102.047619041,545.000359423,-0.998865505));
#2984=CARTESIAN_POINT('',(102.047623508,544.869863703,-0.998912248));
#2985=CARTESIAN_POINT('',(102.045047086,544.73827325,-0.972852267));
#2986=CARTESIAN_POINT('',(102.040666651,544.617900119,-0.923225814));
#2987=CARTESIAN_POINT('',(102.036286217,544.497526987,-0.873599362));
#2988=CARTESIAN_POINT('',(102.030066419,544.385894498,-0.799366887));
#2989=CARTESIAN_POINT('',(102.02385633,544.293588593,-0.707399321));
#2990=CARTESIAN_POINT('',(102.020751285,544.247435641,-0.661415539));
#2991=CARTESIAN_POINT('',(102.017598186,544.20516713,-0.610087569));
#2992=CARTESIAN_POINT('',(102.01472087,544.168819071,-0.555807125));
#2993=CARTESIAN_POINT('',(102.011843554,544.132471013,-0.50152668));
#2994=CARTESIAN_POINT('',(102.009224381,544.101712764,-0.444169766));
#2995=CARTESIAN_POINT('',(102.007013571,544.076574303,-0.383713164));
#2996=CARTESIAN_POINT('',(102.004802761,544.051435842,-0.323256561));
#2997=CARTESIAN_POINT('',(102.003018157,544.032125224,-0.259723674));
#2998=CARTESIAN_POINT('',(102.001826264,544.01936324,-0.195826991));
#2999=CARTESIAN_POINT('',(102.000634371,544.006601257,-0.131930309));
#3000=CARTESIAN_POINT('',(102.000006172,544.000064811,-0.066993398));
#3001=CARTESIAN_POINT('',(102.000000045,544.000000475,-0.000974507));
#3002=CARTESIAN_POINT('',(101.999993918,543.999936139,0.065044384));
#3003=CARTESIAN_POINT('',(102.000612123,544.00636764,0.130152319));
#3004=CARTESIAN_POINT('',(102.001793425,544.019011686,0.194058528));
#3005=CARTESIAN_POINT('',(102.002974727,544.031655733,0.257964736));
#3006=CARTESIAN_POINT('',(102.004746034,544.050810349,0.321430909));
#3007=CARTESIAN_POINT('',(102.006951112,544.075864379,0.382001355));
#3008=CARTESIAN_POINT('',(102.009156191,544.100918408,0.442571801));
#3009=CARTESIAN_POINT('',(102.011770181,544.131588465,0.49999336));
#3010=CARTESIAN_POINT('',(102.014641394,544.167815684,0.554305776));
#3011=CARTESIAN_POINT('',(102.017512606,544.204042903,0.608618193));
#3012=CARTESIAN_POINT('',(102.020664697,544.246232185,0.660049545));
#3013=CARTESIAN_POINT('',(102.023771242,544.292324986,0.706138091));
#3014=CARTESIAN_POINT('',(102.029984332,544.38451059,0.798315181));
#3015=CARTESIAN_POINT('',(102.03621115,544.495982523,0.872711893));
#3016=CARTESIAN_POINT('',(102.040607005,544.616264562,0.922549828));
#3017=CARTESIAN_POINT('',(102.045002861,544.7365466,0.972387763));
#3018=CARTESIAN_POINT('',(102.047619048,544.867851703,0.99886557));
#3019=CARTESIAN_POINT('',(102.047619048,545.,0.99886557));
#3020=B_SPLINE_CURVE_WITH_KNOTS('',3,(#2941,#2942,#2943,#2944,#2945,#2946,#2947,#2948,#2949,#2950,#2951,#2952,#2953,#2954,#2955,#2956,#2957,#2958,#2959,#2960,#2961,#2962,#2963,#2964,#2965,#2966,
#2967,#2968,#2969,#2970,#2971,#2972,#2973,#2974,#2975,#2976,#2977,#2978,#2979,#2980,#2981,#2982,#2983,#2984,#2985,#2986,#2987,#2988,#2989,#2990,#2991,
#2992,#2993,#2994,#2995,#2996,#2997,#2998,#2999,#3000,#3001,#3002,#3003,#3004,#3005,#3006,#3007,#3008,#3009,#3010,#3011,#3012,#3013,#3014,#3015,#3016,
#3017,#3018,#3019),.UNSPECIFIED.,.T.,.F.,(4,3,3,3,3,3,3,3,3,3,3,3,3,3,3,3,3,3,3,3,3,3,3,3,3,3,
4),(0.,0.000195407,0.000390814,0.000586221,0.000781629,0.001172443,0.001563257,0.001758664,0.001954071,0.002149479,0.002344886,0.002540293,0.0027357,0.002931107,0.003126514,0.003517329,0.003908143,0.00410355,0.004298957,0.004494364,0.004689771,0.004885178,0.005080586,0.005275993,0.0054714,0.005862214,
0.006253028),.UNSPECIFIED.);
#3021=EDGE_CURVE('419',#2858,#2856,#3020,.T.);
#3022=ORIENTED_EDGE('',*,*,#3021,.T.);
#3023=EDGE_LOOP('',(#2940,#3022));
#3024=FACE_BOUND('',#3023,.T.);
#3025=ADVANCED_FACE('114',(#2854,#3024),#2574,.F.);
#3026=CARTESIAN_POINT('',(125.032206529,479.189619294,0.));
#3027=CARTESIAN_POINT('',(124.999884468,478.990642214,0.));
#3028=CARTESIAN_POINT('',(124.967562406,478.791665134,0.));
#3029=CARTESIAN_POINT('',(124.919079314,478.493199514,0.));
#3030=CARTESIAN_POINT('',(124.902918283,478.393710974,0.));
#3031=CARTESIAN_POINT('',(124.870596222,478.194733894,0.));
#3032=CARTESIAN_POINT('',(124.8571775,478.112121508,0.));
#3033=CARTESIAN_POINT('',(124.824138289,477.908739584,0.));
#3034=CARTESIAN_POINT('',(124.805598187,477.79653285,0.));
#3035=CARTESIAN_POINT('',(124.772006189,477.597464899,0.));
#3036=CARTESIAN_POINT('',(124.754904952,477.49798351,0.));
#3037=CARTESIAN_POINT('',(124.702686487,477.199702378,0.));
#3038=CARTESIAN_POINT('',(124.666654498,477.001065661,0.));
#3039=CARTESIAN_POINT('',(124.554907555,476.405850004,0.));
#3040=CARTESIAN_POINT('',(124.475541454,476.009965483,0.));
#3041=CARTESIAN_POINT('',(124.222909417,474.825431933,0.));
#3042=CARTESIAN_POINT('',(124.03510674,474.039902236,0.));
#3043=CARTESIAN_POINT('',(123.414224588,471.698565551,0.));
#3044=CARTESIAN_POINT('',(122.923621754,470.158019092,0.));
#3045=CARTESIAN_POINT('',(121.228881527,465.619701018,0.));
#3046=CARTESIAN_POINT('',(119.801310044,462.705905551,0.));
#3047=CARTESIAN_POINT('',(114.706283045,454.464913924,0.));
#3048=CARTESIAN_POINT('',(110.218540968,449.648457466,0.));
#3049=CARTESIAN_POINT('',(99.737364742,442.096589328,0.));
#3050=CARTESIAN_POINT('',(93.748053595,439.364148342,0.));
#3051=CARTESIAN_POINT('',(84.318064391,437.139615421,0.));
#3052=CARTESIAN_POINT('',(81.102219826,436.707749586,0.));
#3053=CARTESIAN_POINT('',(76.260814608,436.536662202,0.));
#3054=CARTESIAN_POINT('',(74.644188681,436.558914014,0.));
#3055=CARTESIAN_POINT('',(72.226709838,436.71105923,0.));
#3056=CARTESIAN_POINT('',(71.422124929,436.781556565,0.));
#3057=CARTESIAN_POINT('',(70.218531507,436.91685457,0.));
#3058=CARTESIAN_POINT('',(69.817880623,436.96687858,0.));
#3059=CARTESIAN_POINT('',(69.217898203,437.049280962,0.));
#3060=CARTESIAN_POINT('',(69.018069681,437.077976116,0.));
#3061=CARTESIAN_POINT('',(68.718596706,437.122857503,0.));
#3062=CARTESIAN_POINT('',(68.618817347,437.138124407,0.));
#3063=CARTESIAN_POINT('',(68.419352095,437.169270592,0.));
#3064=CARTESIAN_POINT('',(68.307046251,437.187200567,0.));
#3065=CARTESIAN_POINT('',(68.103663813,437.220236618,0.));
#3066=CARTESIAN_POINT('',(68.021051721,437.233657147,0.));
#3067=CARTESIAN_POINT('',(67.822074641,437.265979209,0.));
#3068=CARTESIAN_POINT('',(67.722586101,437.28214024,0.));
#3069=CARTESIAN_POINT('',(67.424120481,437.330623332,0.));
#3070=CARTESIAN_POINT('',(67.225143401,437.362945394,0.));
#3071=CARTESIAN_POINT('',(67.026166321,437.395267455,0.));
#3072=CARTESIAN_POINT('',(125.032206529,479.189619294,25.));
#3073=CARTESIAN_POINT('',(124.999884468,478.990642214,25.));
#3074=CARTESIAN_POINT('',(124.967562406,478.791665134,25.));
#3075=CARTESIAN_POINT('',(124.919079314,478.493199514,25.));
#3076=CARTESIAN_POINT('',(124.902918283,478.393710974,25.));
#3077=CARTESIAN_POINT('',(124.870596222,478.194733894,25.));
#3078=CARTESIAN_POINT('',(124.8571775,478.112121508,25.));
#3079=CARTESIAN_POINT('',(124.824138289,477.908739584,25.));
#3080=CARTESIAN_POINT('',(124.805598187,477.79653285,25.));
#3081=CARTESIAN_POINT('',(124.772006189,477.597464899,25.));
#3082=CARTESIAN_POINT('',(124.754904952,477.49798351,25.));
#3083=CARTESIAN_POINT('',(124.702686487,477.199702378,25.));
#3084=CARTESIAN_POINT('',(124.666654498,477.001065661,25.));
#3085=CARTESIAN_POINT('',(124.554907555,476.405850004,25.));
#3086=CARTESIAN_POINT('',(124.475541454,476.009965483,25.));
#3087=CARTESIAN_POINT('',(124.222909417,474.825431933,25.));
#3088=CARTESIAN_POINT('',(124.03510674,474.039902236,25.));
#3089=CARTESIAN_POINT('',(123.414224588,471.698565551,25.));
#3090=CARTESIAN_POINT('',(122.923621754,470.158019092,25.));
#3091=CARTESIAN_POINT('',(121.228881527,465.619701018,25.));
#3092=CARTESIAN_POINT('',(119.801310044,462.705905551,25.));
#3093=CARTESIAN_POINT('',(114.706283045,454.464913924,25.));
#3094=CARTESIAN_POINT('',(110.218540968,449.648457466,25.));
#3095=CARTESIAN_POINT('',(99.737364742,442.096589328,25.));
#3096=CARTESIAN_POINT('',(93.748053595,439.364148342,25.));
#3097=CARTESIAN_POINT('',(84.318064391,437.139615421,25.));
#3098=CARTESIAN_POINT('',(81.102219826,436.707749586,25.));
#3099=CARTESIAN_POINT('',(76.260814608,436.536662202,25.));
#3100=CARTESIAN_POINT('',(74.644188681,436.558914014,25.));
#3101=CARTESIAN_POINT('',(72.226709838,436.71105923,25.));
#3102=CARTESIAN_POINT('',(71.422124929,436.781556565,25.));
#3103=CARTESIAN_POINT('',(70.218531507,436.91685457,25.));
#3104=CARTESIAN_POINT('',(69.817880623,436.96687858,25.));
#3105=CARTESIAN_POINT('',(69.217898203,437.049280962,25.));
#3106=CARTESIAN_POINT('',(69.018069681,437.077976116,25.));
#3107=CARTESIAN_POINT('',(68.718596706,437.122857503,25.));
#3108=CARTESIAN_POINT('',(68.618817347,437.138124407,25.));
#3109=CARTESIAN_POINT('',(68.419352095,437.169270592,25.));
#3110=CARTESIAN_POINT('',(68.307046251,437.187200567,25.));
#3111=CARTESIAN_POINT('',(68.103663813,437.220236618,25.));
#3112=CARTESIAN_POINT('',(68.021051721,437.233657147,25.));
#3113=CARTESIAN_POINT('',(67.822074641,437.265979209,25.));
#3114=CARTESIAN_POINT('',(67.722586101,437.28214024,25.));
#3115=CARTESIAN_POINT('',(67.424120481,437.330623332,25.));
#3116=CARTESIAN_POINT('',(67.225143401,437.362945394,25.));
#3117=CARTESIAN_POINT('',(67.026166321,437.395267455,25.));
#3118=CARTESIAN_POINT('',(100.355658209,483.198105666,25.));
#3119=CARTESIAN_POINT('',(100.323336148,482.999128586,25.));
#3120=CARTESIAN_POINT('',(100.291014086,482.800151506,25.));
#3121=CARTESIAN_POINT('',(100.242530994,482.501685886,25.));
#3122=CARTESIAN_POINT('',(100.226369963,482.402197346,25.));
#3123=CARTESIAN_POINT('',(100.194047901,482.203220266,25.));
#3124=CARTESIAN_POINT('',(100.17514591,482.086855347,25.));
#3125=CARTESIAN_POINT('',(100.151690344,481.942466016,25.));
#3126=CARTESIAN_POINT('',(100.145604803,481.905953934,25.));
#3127=CARTESIAN_POINT('',(100.129031835,481.807741653,25.));
#3128=CARTESIAN_POINT('',(100.120594758,481.758661457,25.));
#3129=CARTESIAN_POINT('',(100.094832226,481.611501303,25.));
#3130=CARTESIAN_POINT('',(100.077055463,481.513501776,25.));
#3131=CARTESIAN_POINT('',(100.021923926,481.219845832,25.));
#3132=CARTESIAN_POINT('',(99.982767819,481.024532012,25.));
#3133=CARTESIAN_POINT('',(99.85812913,480.440129847,25.));
#3134=CARTESIAN_POINT('',(99.765474692,480.052580456,25.));
#3135=CARTESIAN_POINT('',(99.45915591,478.897457218,25.));
#3136=CARTESIAN_POINT('',(99.217111808,478.137412316,25.));
#3137=CARTESIAN_POINT('',(98.380993778,475.898385055,25.));
#3138=CARTESIAN_POINT('',(97.676686276,474.460833218,25.));
#3139=CARTESIAN_POINT('',(95.163000773,470.395052766,25.));
#3140=CARTESIAN_POINT('',(92.948925716,468.018802989,25.));
#3141=CARTESIAN_POINT('',(87.777926479,464.293008904,25.));
#3142=CARTESIAN_POINT('',(84.823036426,462.94493022,25.));
#3143=CARTESIAN_POINT('',(80.170651433,461.847433356,25.));
#3144=CARTESIAN_POINT('',(78.584080476,461.634367775,25.));
#3145=CARTESIAN_POINT('',(76.195521964,461.549960003,25.));
#3146=CARTESIAN_POINT('',(75.397942451,461.56093817,25.));
#3147=CARTESIAN_POINT('',(74.205253674,461.636000623,25.));
#3148=CARTESIAN_POINT('',(73.808303192,461.67078123,25.));
#3149=CARTESIAN_POINT('',(73.214497637,461.737531933,25.));
#3150=CARTESIAN_POINT('',(73.016832282,461.762211807,25.));
#3151=CARTESIAN_POINT('',(72.720824605,461.802865895,25.));
#3152=CARTESIAN_POINT('',(72.622237088,461.817022952,25.));
#3153=CARTESIAN_POINT('',(72.474488926,461.83916566,25.));
#3154=CARTESIAN_POINT('',(72.425261723,461.846697749,25.));
#3155=CARTESIAN_POINT('',(72.326853429,461.862064049,25.));
#3156=CARTESIAN_POINT('',(72.290292451,461.867848578,25.));
#3157=CARTESIAN_POINT('',(72.145902866,461.891302585,25.));
#3158=CARTESIAN_POINT('',(72.029538093,461.910205468,25.));
#3159=CARTESIAN_POINT('',(71.830561013,461.942527529,25.));
#3160=CARTESIAN_POINT('',(71.731072473,461.95868856,25.));
#3161=CARTESIAN_POINT('',(71.432606853,462.007171652,25.));
#3162=CARTESIAN_POINT('',(71.233629773,462.039493714,25.));
#3163=CARTESIAN_POINT('',(71.034652693,462.071815775,25.));
#3164=CARTESIAN_POINT('',(100.355658209,483.198105666,0.));
#3165=CARTESIAN_POINT('',(100.323336148,482.999128586,0.));
#3166=CARTESIAN_POINT('',(100.291014086,482.800151506,0.));
#3167=CARTESIAN_POINT('',(100.242530994,482.501685886,0.));
#3168=CARTESIAN_POINT('',(100.226369963,482.402197346,0.));
#3169=CARTESIAN_POINT('',(100.194047901,482.203220266,0.));
#3170=CARTESIAN_POINT('',(100.17514591,482.086855347,0.));
#3171=CARTESIAN_POINT('',(100.151690344,481.942466016,0.));
#3172=CARTESIAN_POINT('',(100.145604803,481.905953934,0.));
#3173=CARTESIAN_POINT('',(100.129031835,481.807741653,0.));
#3174=CARTESIAN_POINT('',(100.120594758,481.758661457,0.));
#3175=CARTESIAN_POINT('',(100.094832226,481.611501303,0.));
#3176=CARTESIAN_POINT('',(100.077055463,481.513501776,0.));
#3177=CARTESIAN_POINT('',(100.021923926,481.219845832,0.));
#3178=CARTESIAN_POINT('',(99.982767819,481.024532012,0.));
#3179=CARTESIAN_POINT('',(99.85812913,480.440129847,0.));
#3180=CARTESIAN_POINT('',(99.765474692,480.052580456,0.));
#3181=CARTESIAN_POINT('',(99.45915591,478.897457218,0.));
#3182=CARTESIAN_POINT('',(99.217111808,478.137412316,0.));
#3183=CARTESIAN_POINT('',(98.380993778,475.898385055,0.));
#3184=CARTESIAN_POINT('',(97.676686276,474.460833218,0.));
#3185=CARTESIAN_POINT('',(95.163000773,470.395052766,0.));
#3186=CARTESIAN_POINT('',(92.948925716,468.018802989,0.));
#3187=CARTESIAN_POINT('',(87.777926479,464.293008904,0.));
#3188=CARTESIAN_POINT('',(84.823036426,462.94493022,0.));
#3189=CARTESIAN_POINT('',(80.170651433,461.847433356,0.));
#3190=CARTESIAN_POINT('',(78.584080476,461.634367775,0.));
#3191=CARTESIAN_POINT('',(76.195521964,461.549960003,0.));
#3192=CARTESIAN_POINT('',(75.397942451,461.56093817,0.));
#3193=CARTESIAN_POINT('',(74.205253674,461.636000623,0.));
#3194=CARTESIAN_POINT('',(73.808303192,461.67078123,0.));
#3195=CARTESIAN_POINT('',(73.214497637,461.737531933,0.));
#3196=CARTESIAN_POINT('',(73.016832282,461.762211807,0.));
#3197=CARTESIAN_POINT('',(72.720824605,461.802865895,0.));
#3198=CARTESIAN_POINT('',(72.622237088,461.817022952,0.));
#3199=CARTESIAN_POINT('',(72.474488926,461.83916566,0.));
#3200=CARTESIAN_POINT('',(72.425261723,461.846697749,0.));
#3201=CARTESIAN_POINT('',(72.326853429,461.862064049,0.));
#3202=CARTESIAN_POINT('',(72.290292451,461.867848578,0.));
#3203=CARTESIAN_POINT('',(72.145902866,461.891302585,0.));
#3204=CARTESIAN_POINT('',(72.029538093,461.910205468,0.));
#3205=CARTESIAN_POINT('',(71.830561013,461.942527529,0.));
#3206=CARTESIAN_POINT('',(71.731072473,461.95868856,0.));
#3207=CARTESIAN_POINT('',(71.432606853,462.007171652,0.));
#3208=CARTESIAN_POINT('',(71.233629773,462.039493714,0.));
#3209=CARTESIAN_POINT('',(71.034652693,462.071815775,0.));
#3210=CARTESIAN_POINT('',(100.355658209,483.198105666,-25.));
#3211=CARTESIAN_POINT('',(100.323336148,482.999128586,-25.));
#3212=CARTESIAN_POINT('',(100.291014086,482.800151506,-25.));
#3213=CARTESIAN_POINT('',(100.242530994,482.501685886,-25.));
#3214=CARTESIAN_POINT('',(100.226369963,482.402197346,-25.));
#3215=CARTESIAN_POINT('',(100.194047901,482.203220266,-25.));
#3216=CARTESIAN_POINT('',(100.17514591,482.086855347,-25.));
#3217=CARTESIAN_POINT('',(100.151690344,481.942466016,-25.));
#3218=CARTESIAN_POINT('',(100.145604803,481.905953934,-25.));
#3219=CARTESIAN_POINT('',(100.129031835,481.807741653,-25.));
#3220=CARTESIAN_POINT('',(100.120594758,481.758661457,-25.));
#3221=CARTESIAN_POINT('',(100.094832226,481.611501303,-25.));
#3222=CARTESIAN_POINT('',(100.077055463,481.513501776,-25.));
#3223=CARTESIAN_POINT('',(100.021923926,481.219845832,-25.));
#3224=CARTESIAN_POINT('',(99.982767819,481.024532012,-25.));
#3225=CARTESIAN_POINT('',(99.85812913,480.440129847,-25.));
#3226=CARTESIAN_POINT('',(99.765474692,480.052580456,-25.));
#3227=CARTESIAN_POINT('',(99.45915591,478.897457218,-25.));
#3228=CARTESIAN_POINT('',(99.217111808,478.137412316,-25.));
#3229=CARTESIAN_POINT('',(98.380993778,475.898385055,-25.));
#3230=CARTESIAN_POINT('',(97.676686276,474.460833218,-25.));
#3231=CARTESIAN_POINT('',(95.163000773,470.395052766,-25.));
#3232=CARTESIAN_POINT('',(92.948925716,468.018802989,-25.));
#3233=CARTESIAN_POINT('',(87.777926479,464.293008904,-25.));
#3234=CARTESIAN_POINT('',(84.823036426,462.94493022,-25.));
#3235=CARTESIAN_POINT('',(80.170651433,461.847433356,-25.));
#3236=CARTESIAN_POINT('',(78.584080476,461.634367775,-25.));
#3237=CARTESIAN_POINT('',(76.195521964,461.549960003,-25.));
#3238=CARTESIAN_POINT('',(75.397942451,461.56093817,-25.));
#3239=CARTESIAN_POINT('',(74.205253674,461.636000623,-25.));
#3240=CARTESIAN_POINT('',(73.808303192,461.67078123,-25.));
#3241=CARTESIAN_POINT('',(73.214497637,461.737531933,-25.));
#3242=CARTESIAN_POINT('',(73.016832282,461.762211807,-25.));
#3243=CARTESIAN_POINT('',(72.720824605,461.802865895,-25.));
#3244=CARTESIAN_POINT('',(72.622237088,461.817022952,-25.));
#3245=CARTESIAN_POINT('',(72.474488926,461.83916566,-25.));
#3246=CARTESIAN_POINT('',(72.425261723,461.846697749,-25.));
#3247=CARTESIAN_POINT('',(72.326853429,461.862064049,-25.));
#3248=CARTESIAN_POINT('',(72.290292451,461.867848578,-25.));
#3249=CARTESIAN_POINT('',(72.145902866,461.891302585,-25.));
#3250=CARTESIAN_POINT('',(72.029538093,461.910205468,-25.));
#3251=CARTESIAN_POINT('',(71.830561013,461.942527529,-25.));
#3252=CARTESIAN_POINT('',(71.731072473,461.95868856,-25.));
#3253=CARTESIAN_POINT('',(71.432606853,462.007171652,-25.));
#3254=CARTESIAN_POINT('',(71.233629773,462.039493714,-25.));
#3255=CARTESIAN_POINT('',(71.034652693,462.071815775,-25.));
#3256=CARTESIAN_POINT('',(125.032206529,479.189619294,-25.));
#3257=CARTESIAN_POINT('',(124.999884468,478.990642214,-25.));
#3258=CARTESIAN_POINT('',(124.967562406,478.791665134,-25.));
#3259=CARTESIAN_POINT('',(124.919079314,478.493199514,-25.));
#3260=CARTESIAN_POINT('',(124.902918283,478.393710974,-25.));
#3261=CARTESIAN_POINT('',(124.870596222,478.194733894,-25.));
#3262=CARTESIAN_POINT('',(124.8571775,478.112121508,-25.));
#3263=CARTESIAN_POINT('',(124.824138289,477.908739584,-25.));
#3264=CARTESIAN_POINT('',(124.805598187,477.79653285,-25.));
#3265=CARTESIAN_POINT('',(124.772006189,477.597464899,-25.));
#3266=CARTESIAN_POINT('',(124.754904952,477.49798351,-25.));
#3267=CARTESIAN_POINT('',(124.702686487,477.199702378,-25.));
#3268=CARTESIAN_POINT('',(124.666654498,477.001065661,-25.));
#3269=CARTESIAN_POINT('',(124.554907555,476.405850004,-25.));
#3270=CARTESIAN_POINT('',(124.475541454,476.009965483,-25.));
#3271=CARTESIAN_POINT('',(124.222909417,474.825431933,-25.));
#3272=CARTESIAN_POINT('',(124.03510674,474.039902236,-25.));
#3273=CARTESIAN_POINT('',(123.414224588,471.698565551,-25.));
#3274=CARTESIAN_POINT('',(122.923621754,470.158019092,-25.));
#3275=CARTESIAN_POINT('',(121.228881527,465.619701018,-25.));
#3276=CARTESIAN_POINT('',(119.801310044,462.705905551,-25.));
#3277=CARTESIAN_POINT('',(114.706283045,454.464913924,-25.));
#3278=CARTESIAN_POINT('',(110.218540968,449.648457466,-25.));
#3279=CARTESIAN_POINT('',(99.737364742,442.096589328,-25.));
#3280=CARTESIAN_POINT('',(93.748053595,439.364148342,-25.));
#3281=CARTESIAN_POINT('',(84.318064391,437.139615421,-25.));
#3282=CARTESIAN_POINT('',(81.102219826,436.707749586,-25.));
#3283=CARTESIAN_POINT('',(76.260814608,436.536662202,-25.));
#3284=CARTESIAN_POINT('',(74.644188681,436.558914014,-25.));
#3285=CARTESIAN_POINT('',(72.226709838,436.71105923,-25.));
#3286=CARTESIAN_POINT('',(71.422124929,436.781556565,-25.));
#3287=CARTESIAN_POINT('',(70.218531507,436.91685457,-25.));
#3288=CARTESIAN_POINT('',(69.817880623,436.96687858,-25.));
#3289=CARTESIAN_POINT('',(69.217898203,437.049280962,-25.));
#3290=CARTESIAN_POINT('',(69.018069681,437.077976116,-25.));
#3291=CARTESIAN_POINT('',(68.718596706,437.122857503,-25.));
#3292=CARTESIAN_POINT('',(68.618817347,437.138124407,-25.));
#3293=CARTESIAN_POINT('',(68.419352095,437.169270592,-25.));
#3294=CARTESIAN_POINT('',(68.307046251,437.187200567,-25.));
#3295=CARTESIAN_POINT('',(68.103663813,437.220236618,-25.));
#3296=CARTESIAN_POINT('',(68.021051721,437.233657147,-25.));
#3297=CARTESIAN_POINT('',(67.822074641,437.265979209,-25.));
#3298=CARTESIAN_POINT('',(67.722586101,437.28214024,-25.));
#3299=CARTESIAN_POINT('',(67.424120481,437.330623332,-25.));
#3300=CARTESIAN_POINT('',(67.225143401,437.362945394,-25.));
#3301=CARTESIAN_POINT('',(67.026166321,437.395267455,-25.));
#3302=CARTESIAN_POINT('',(125.032206529,479.189619294,0.));
#3303=CARTESIAN_POINT('',(124.999884468,478.990642214,0.));
#3304=CARTESIAN_POINT('',(124.967562406,478.791665134,0.));
#3305=CARTESIAN_POINT('',(124.919079314,478.493199514,0.));
#3306=CARTESIAN_POINT('',(124.902918283,478.393710974,0.));
#3307=CARTESIAN_POINT('',(124.870596222,478.194733894,0.));
#3308=CARTESIAN_POINT('',(124.8571775,478.112121508,0.));
#3309=CARTESIAN_POINT('',(124.824138289,477.908739584,0.));
#3310=CARTESIAN_POINT('',(124.805598187,477.79653285,0.));
#3311=CARTESIAN_POINT('',(124.772006189,477.597464899,0.));
#3312=CARTESIAN_POINT('',(124.754904952,477.49798351,0.));
#3313=CARTESIAN_POINT('',(124.702686487,477.199702378,0.));
#3314=CARTESIAN_POINT('',(124.666654498,477.001065661,0.));
#3315=CARTESIAN_POINT('',(124.554907555,476.405850004,0.));
#3316=CARTESIAN_POINT('',(124.475541454,476.009965483,0.));
#3317=CARTESIAN_POINT('',(124.222909417,474.825431933,0.));
#3318=CARTESIAN_POINT('',(124.03510674,474.039902236,0.));
#3319=CARTESIAN_POINT('',(123.414224588,471.698565551,0.));
#3320=CARTESIAN_POINT('',(122.923621754,470.158019092,0.));
#3321=CARTESIAN_POINT('',(121.228881527,465.619701018,0.));
#3322=CARTESIAN_POINT('',(119.801310044,462.705905551,0.));
#3323=CARTESIAN_POINT('',(114.706283045,454.464913924,0.));
#3324=CARTESIAN_POINT('',(110.218540968,449.648457466,0.));
#3325=CARTESIAN_POINT('',(99.737364742,442.096589328,0.));
#3326=CARTESIAN_POINT('',(93.748053595,439.364148342,0.));
#3327=CARTESIAN_POINT('',(84.318064391,437.139615421,0.));
#3328=CARTESIAN_POINT('',(81.102219826,436.707749586,0.));
#3329=CARTESIAN_POINT('',(76.260814608,436.536662202,0.));
#3330=CARTESIAN_POINT('',(74.644188681,436.558914014,0.));
#3331=CARTESIAN_POINT('',(72.226709838,436.71105923,0.));
#3332=CARTESIAN_POINT('',(71.422124929,436.781556565,0.));
#3333=CARTESIAN_POINT('',(70.218531507,436.91685457,0.));
#3334=CARTESIAN_POINT('',(69.817880623,436.96687858,0.));
#3335=CARTESIAN_POINT('',(69.217898203,437.049280962,0.));
#3336=CARTESIAN_POINT('',(69.018069681,437.077976116,0.));
#3337=CARTESIAN_POINT('',(68.718596706,437.122857503,0.));
#3338=CARTESIAN_POINT('',(68.618817347,437.138124407,0.));
#3339=CARTESIAN_POINT('',(68.419352095,437.169270592,0.));
#3340=CARTESIAN_POINT('',(68.307046251,437.187200567,0.));
#3341=CARTESIAN_POINT('',(68.103663813,437.220236618,0.));
#3342=CARTESIAN_POINT('',(68.021051721,437.233657147,0.));
#3343=CARTESIAN_POINT('',(67.822074641,437.265979209,0.));
#3344=CARTESIAN_POINT('',(67.722586101,437.28214024,0.));
#3345=CARTESIAN_POINT('',(67.424120481,437.330623332,0.));
#3346=CARTESIAN_POINT('',(67.225143401,437.362945394,0.));
#3347=CARTESIAN_POINT('',(67.026166321,437.395267455,0.));
#3348=(BOUNDED_SURFACE()
B_SPLINE_SURFACE(3,3,((#3026,#3027,#3028,#3029,#3030,#3031,#3032,#3033,#3034,#3035,#3036,#3037,#3038,#3039,#3040,#3041,#3042,#3043,#3044,#3045,#3046,#3047,#3048,#3049,#3050,#3051,
#3052,#3053,#3054,#3055,#3056,#3057,#3058,#3059,#3060,#3061,#3062,#3063,#3064,#3065,#3066,#3067,#3068,#3069,#3070,#3071),(#3072,#3073,#3074,#3075,#3076,#3077,#3078,#3079,#3080,#3081,#3082,#3083,#3084,#3085,#3086,#3087,#3088,#3089,#3090,#3091,#3092,#3093,#3094,#3095,#3096,#3097,
#3098,#3099,#3100,#3101,#3102,#3103,#3104,#3105,#3106,#3107,#3108,#3109,#3110,#3111,#3112,#3113,#3114,#3115,#3116,#3117),(#3118,#3119,#3120,#3121,#3122,#3123,#3124,#3125,#3126,#3127,#3128,#3129,#3130,#3131,#3132,#3133,#3134,#3135,#3136,#3137,#3138,#3139,#3140,#3141,#3142,#3143,
#3144,#3145,#3146,#3147,#3148,#3149,#3150,#3151,#3152,#3153,#3154,#3155,#3156,#3157,#3158,#3159,#3160,#3161,#3162,#3163),(#3164,#3165,#3166,#3167,#3168,#3169,#3170,#3171,#3172,#3173,#3174,#3175,#3176,#3177,#3178,#3179,#3180,#3181,#3182,#3183,#3184,#3185,#3186,#3187,#3188,#3189,
#3190,#3191,#3192,#3193,#3194,#3195,#3196,#3197,#3198,#3199,#3200,#3201,#3202,#3203,#3204,#3205,#3206,#3207,#3208,#3209),(#3210,#3211,#3212,#3213,#3214,#3215,#3216,#3217,#3218,#3219,#3220,#3221,#3222,#3223,#3224,#3225,#3226,#3227,#3228,#3229,#3230,#3231,#3232,#3233,#3234,#3235,
#3236,#3237,#3238,#3239,#3240,#3241,#3242,#3243,#3244,#3245,#3246,#3247,#3248,#3249,#3250,#3251,#3252,#3253,#3254,#3255),(#3256,#3257,#3258,#3259,#3260,#3261,#3262,#3263,#3264,#3265,#3266,#3267,#3268,#3269,#3270,#3271,#3272,#3273,#3274,#3275,#3276,#3277,#3278,#3279,#3280,#3281,
#3282,#3283,#3284,#3285,#3286,#3287,#3288,#3289,#3290,#3291,#3292,#3293,#3294,#3295,#3296,#3297,#3298,#3299,#3300,#3301),(#3302,#3303,#3304,#3305,#3306,#3307,#3308,#3309,#3310,#3311,#3312,#3313,#3314,#3315,#3316,#3317,#3318,#3319,#3320,#3321,#3322,#3323,#3324,#3325,#3326,#3327,
#3328,#3329,#3330,#3331,#3332,#3333,#3334,#3335,#3336,#3337,#3338,#3339,#3340,#3341,#3342,#3343,#3344,#3345,#3346,#3347)),.UNSPECIFIED.,.T.,.F.,.U.)
B_SPLINE_SURFACE_WITH_KNOTS((4,3,4),(4,2,2,2,2,2,2,2,2,2,2,2,2,2,2,2,2,2,2,2,2,2,4),(0.,0.5,1.),(-0.020894693,-0.010447347,-0.005223673,0.,0.00390625,0.0078125,0.015625,0.03125,0.0625,0.125,0.25,0.5,0.75,0.875,0.9375,0.96875,0.984375,0.9921875,0.99609375,1.,1.005223673,1.010447347,1.020894693),.UNSPECIFIED.)
GEOMETRIC_REPRESENTATION_ITEM()
RATIONAL_B_SPLINE_SURFACE(((1.,1.,1.,1.,1.,1.,1.,1.,1.,1.,1.,1.,1.,1.,1.,1.,1.,1.,1.,1.,1.,1.,1.,1.,1.,1.,
1.,1.,1.,1.,1.,1.,1.,1.,1.,1.,1.,1.,1.,1.,1.,1.,1.,1.,1.,1.),(0.333333333,0.333333333,0.333333333,0.333333333,0.333333333,0.333333333,0.333333333,0.333333333,0.333333333,0.333333333,0.333333333,0.333333333,0.333333333,0.333333333,0.333333333,0.333333333,0.333333333,0.333333333,0.333333333,0.333333333,0.333333333,0.333333333,0.333333333,0.333333333,0.333333333,0.333333333,
0.333333333,0.333333333,0.333333333,0.333333333,0.333333333,0.333333333,0.333333333,0.333333333,0.333333333,0.333333333,0.333333333,0.333333333,0.333333333,0.333333333,0.333333333,0.333333333,0.333333333,0.333333333,0.333333333,0.333333333),(0.333333333,0.333333333,0.333333333,0.333333333,0.333333333,0.333333333,0.333333333,0.333333333,0.333333333,0.333333333,0.333333333,0.333333333,0.333333333,0.333333333,0.333333333,0.333333333,0.333333333,0.333333333,0.333333333,0.333333333,0.333333333,0.333333333,0.333333333,0.333333333,0.333333333,0.333333333,
0.333333333,0.333333333,0.333333333,0.333333333,0.333333333,0.333333333,0.333333333,0.333333333,0.333333333,0.333333333,0.333333333,0.333333333,0.333333333,0.333333333,0.333333333,0.333333333,0.333333333,0.333333333,0.333333333,0.333333333),(1.,1.,1.,1.,1.,1.,1.,1.,1.,1.,1.,1.,1.,1.,1.,1.,1.,1.,1.,1.,1.,1.,1.,1.,1.,1.,
1.,1.,1.,1.,1.,1.,1.,1.,1.,1.,1.,1.,1.,1.,1.,1.,1.,1.,1.,1.),(0.333333333,0.333333333,0.333333333,0.333333333,0.333333333,0.333333333,0.333333333,0.333333333,0.333333333,0.333333333,0.333333333,0.333333333,0.333333333,0.333333333,0.333333333,0.333333333,0.333333333,0.333333333,0.333333333,0.333333333,0.333333333,0.333333333,0.333333333,0.333333333,0.333333333,0.333333333,
0.333333333,0.333333333,0.333333333,0.333333333,0.333333333,0.333333333,0.333333333,0.333333333,0.333333333,0.333333333,0.333333333,0.333333333,0.333333333,0.333333333,0.333333333,0.333333333,0.333333333,0.333333333,0.333333333,0.333333333),(0.333333333,0.333333333,0.333333333,0.333333333,0.333333333,0.333333333,0.333333333,0.333333333,0.333333333,0.333333333,0.333333333,0.333333333,0.333333333,0.333333333,0.333333333,0.333333333,0.333333333,0.333333333,0.333333333,0.333333333,0.333333333,0.333333333,0.333333333,0.333333333,0.333333333,0.333333333,
0.333333333,0.333333333,0.333333333,0.333333333,0.333333333,0.333333333,0.333333333,0.333333333,0.333333333,0.333333333,0.333333333,0.333333333,0.333333333,0.333333333,0.333333333,0.333333333,0.333333333,0.333333333,0.333333333,0.333333333),(1.,1.,1.,1.,1.,1.,1.,1.,1.,1.,1.,1.,1.,1.,1.,1.,1.,1.,1.,1.,1.,1.,1.,1.,1.,1.,
1.,1.,1.,1.,1.,1.,1.,1.,1.,1.,1.,1.,1.,1.,1.,1.,1.,1.,1.,1.)))
REPRESENTATION_ITEM('')
SURFACE()
);
#3349=OFFSET_SURFACE('',#3348,-2.,.F.);
#3350=CARTESIAN_POINT('',(69.430355144,439.03960924,-0.));
#3351=VERTEX_POINT('',#3350);
#3352=CARTESIAN_POINT('',(69.430355145,439.039609248,-0.));
#3353=CARTESIAN_POINT('',(70.21861332,438.926897632,-0.));
#3354=CARTESIAN_POINT('',(71.009660824,438.83408354,-0.));
#3355=CARTESIAN_POINT('',(71.802538787,438.761274733,0.));
#3356=CARTESIAN_POINT('',(73.409942652,438.61366922,0.));
#3357=CARTESIAN_POINT('',(75.024859239,438.548359364,0.));
#3358=CARTESIAN_POINT('',(76.638890742,438.56563027,0.));
#3359=CARTESIAN_POINT('',(79.86695375,438.600172081,0.));
#3360=CARTESIAN_POINT('',(83.09121108,438.966210511,0.));
#3361=CARTESIAN_POINT('',(86.244645662,439.655556898,0.));
#3362=CARTESIAN_POINT('',(89.398080244,440.344903285,-0.));
#3363=CARTESIAN_POINT('',(92.479070252,441.36046411,-0.));
#3364=CARTESIAN_POINT('',(95.427640972,442.676723912,-0.));
#3365=CARTESIAN_POINT('',(98.376211693,443.992983715,-0.));
#3366=CARTESIAN_POINT('',(101.191037945,445.609058008,0.));
#3367=CARTESIAN_POINT('',(103.808790715,447.495194001,0.));
#3368=CARTESIAN_POINT('',(106.426543484,449.381329995,0.));
#3369=CARTESIAN_POINT('',(108.850500104,451.539889064,0.));
#3370=CARTESIAN_POINT('',(111.032392069,453.920216062,0.));
#3371=CARTESIAN_POINT('',(113.214284033,456.300543059,0.));
#3372=CARTESIAN_POINT('',(115.152852874,458.901660909,0.));
#3373=CARTESIAN_POINT('',(116.804911279,461.674755052,0.));
#3374=CARTESIAN_POINT('',(118.456969684,464.447849196,0.));
#3375=CARTESIAN_POINT('',(119.824761333,467.390461211,-0.));
#3376=CARTESIAN_POINT('',(120.879305696,470.441611831,-0.));
#3377=CARTESIAN_POINT('',(121.406577877,471.96718714,-0.));
#3378=CARTESIAN_POINT('',(121.855795548,473.519741308,0.));
#3379=CARTESIAN_POINT('',(122.224570995,475.091218079,0.));
#3380=CARTESIAN_POINT('',(122.408958718,475.876956465,0.));
#3381=CARTESIAN_POINT('',(122.5732528,476.667417119,-0.));
#3382=CARTESIAN_POINT('',(122.717243591,477.461617188,0.));
#3383=CARTESIAN_POINT('',(122.789238987,477.858717223,0.));
#3384=CARTESIAN_POINT('',(122.858372376,478.280862798,-0.));
#3385=CARTESIAN_POINT('',(122.907097714,478.580823115,0.));
#3386=CARTESIAN_POINT('',(122.919279049,478.655813195,0.));
#3387=CARTESIAN_POINT('',(122.932180554,478.735235198,0.));
#3388=CARTESIAN_POINT('',(122.944770765,478.812741499,0.));
#3389=CARTESIAN_POINT('',(122.957360976,478.890247799,0.));
#3390=CARTESIAN_POINT('',(122.969951187,478.9677541,-0.));
#3391=CARTESIAN_POINT('',(122.982541398,479.0452604,-0.));
#3392=CARTESIAN_POINT('',(122.988360932,479.081085897,-0.));
#3393=CARTESIAN_POINT('',(122.994180466,479.116911393,-0.));
#3394=CARTESIAN_POINT('',(123.,479.152736889,-0.));
#3395=B_SPLINE_CURVE_WITH_KNOTS('',3,(#3352,#3353,#3354,#3355,#3356,#3357,#3358,#3359,#3360,#3361,#3362,#3363,#3364,#3365,#3366,#3367,#3368,#3369,#3370,#3371,#3372,#3373,#3374,#3375,#3376,#3377,
#3378,#3379,#3380,#3381,#3382,#3383,#3384,#3385,#3386,#3387,#3388,#3389,#3390,#3391,#3392,#3393,#3394),.UNSPECIFIED.,.F.,.F.,(4,3,3,3,3,3,3,3,3,3,3,3,3,3,4),(0.012099676,0.044217143,0.10932898,0.239552653,0.369776327,0.5,0.630223673,0.760447347,0.89067102,0.955782857,0.988338775,1.004616734,1.008686224,1.012755714,1.014636741),.UNSPECIFIED.);
#3396=EDGE_CURVE('',#3351,#2576,#3395,.T.);
#3397=ORIENTED_EDGE('',*,*,#3396,.F.);
#3398=CARTESIAN_POINT('',(70.224271987,449.539609246,10.5));
#3399=VERTEX_POINT('331',#3398);
#3400=CARTESIAN_POINT('',(70.224271987,449.539609246,-10.5));
#3401=CARTESIAN_POINT('',(70.222501744,449.517662347,-10.5));
#3402=CARTESIAN_POINT('',(70.220566575,449.49708881,-10.499935985));
#3403=CARTESIAN_POINT('',(70.219096919,449.475436081,-10.499803894));
#3404=CARTESIAN_POINT('',(70.217627263,449.453783352,-10.499671804));
#3405=CARTESIAN_POINT('',(70.215612011,449.432185392,-10.499472707));
#3406=CARTESIAN_POINT('',(70.213869797,449.410577589,-10.499207153));
#3407=CARTESIAN_POINT('',(70.210385368,449.367361982,-10.498676044));
#3408=CARTESIAN_POINT('',(70.206919439,449.324191695,-10.497878653));
#3409=CARTESIAN_POINT('',(70.203447574,449.281068387,-10.4968165));
#3410=CARTESIAN_POINT('',(70.196503842,449.194821771,-10.494692192));
#3411=CARTESIAN_POINT('',(70.18960961,449.108757273,-10.491508965));
#3412=CARTESIAN_POINT('',(70.182724848,449.022876194,-10.487277385));
#3413=CARTESIAN_POINT('',(70.168955324,448.851114035,-10.478814225));
#3414=CARTESIAN_POINT('',(70.155293946,448.680079668,-10.466159589));
#3415=CARTESIAN_POINT('',(70.1417574,448.509761181,-10.449373807));
#3416=CARTESIAN_POINT('',(70.114684308,448.169124207,-10.415802245));
#3417=CARTESIAN_POINT('',(70.087961712,447.831357389,-10.365735076));
#3418=CARTESIAN_POINT('',(70.061656606,447.496434249,-10.299292982));
#3419=CARTESIAN_POINT('',(70.0353515,447.161511108,-10.232850889));
#3420=CARTESIAN_POINT('',(70.009422706,446.829434698,-10.150034963));
#3421=CARTESIAN_POINT('',(69.983911636,446.500263886,-10.05049152));
#3422=CARTESIAN_POINT('',(69.958400565,446.171093074,-9.950948077));
#3423=CARTESIAN_POINT('',(69.933151587,445.843527628,-9.833986762));
#3424=CARTESIAN_POINT('',(69.908804347,445.525683684,-9.702494606));
#3425=CARTESIAN_POINT('',(69.860109865,444.889995798,-9.439510296));
#3426=CARTESIAN_POINT('',(69.814500376,444.287169924,-9.117653021));
#3427=CARTESIAN_POINT('',(69.77175442,443.716848453,-8.737588726));
#3428=CARTESIAN_POINT('',(69.750381443,443.431687717,-8.547556579));
#3429=CARTESIAN_POINT('',(69.729698188,443.154291204,-8.342526285));
#3430=CARTESIAN_POINT('',(69.70980351,442.886266723,-8.122994108));
#3431=CARTESIAN_POINT('',(69.689908831,442.618242243,-7.903461931));
#3432=CARTESIAN_POINT('',(69.671070022,442.363206535,-7.672460255));
#3433=CARTESIAN_POINT('',(69.653229174,442.120735964,-7.430364676));
#3434=CARTESIAN_POINT('',(69.617547477,441.635794821,-6.946173517));
#3435=CARTESIAN_POINT('',(69.585828563,441.200759563,-6.417919934));
#3436=CARTESIAN_POINT('',(69.557977358,440.816675615,-5.844692367));
#3437=CARTESIAN_POINT('',(69.544051756,440.624633641,-5.558078583));
#3438=CARTESIAN_POINT('',(69.531091251,440.445286605,-5.259447359));
#3439=CARTESIAN_POINT('',(69.519378529,440.282813116,-4.955978755));
#3440=CARTESIAN_POINT('',(69.507665807,440.120339628,-4.65251015));
#3441=CARTESIAN_POINT('',(69.497118808,439.973609803,-4.342672065));
#3442=CARTESIAN_POINT('',(69.487701864,439.842356555,-4.026573015));
#3443=CARTESIAN_POINT('',(69.478284919,439.711103307,-3.710473966));
#3444=CARTESIAN_POINT('',(69.469998127,439.595327041,-3.388113786));
#3445=CARTESIAN_POINT('',(69.462841874,439.49521007,-3.059419095));
#3446=CARTESIAN_POINT('',(69.455685621,439.3950931,-2.730724404));
#3447=CARTESIAN_POINT('',(69.449642177,439.310355277,-2.39422612));
#3448=CARTESIAN_POINT('',(69.444808843,439.242584382,-2.054575125));
#3449=CARTESIAN_POINT('',(69.435142173,439.10704259,-1.375273134));
#3450=CARTESIAN_POINT('',(69.430389252,439.040088732,-0.69281748));
#3451=CARTESIAN_POINT('',(69.430355325,439.039611787,-0.007305367));
#3452=CARTESIAN_POINT('',(69.430338362,439.039373315,0.335450689));
#3453=CARTESIAN_POINT('',(69.431511732,439.055875076,0.67897643));
#3454=CARTESIAN_POINT('',(69.43391145,439.08959154,1.023293678));
#3455=CARTESIAN_POINT('',(69.435111309,439.106449772,1.195452302));
#3456=CARTESIAN_POINT('',(69.436623359,439.127691813,1.36817289));
#3457=CARTESIAN_POINT('',(69.43842934,439.153050231,1.539282892));
#3458=CARTESIAN_POINT('',(69.440235322,439.178408648,1.710392895));
#3459=CARTESIAN_POINT('',(69.442336437,439.207901144,1.880259157));
#3460=CARTESIAN_POINT('',(69.444728291,439.241454385,2.048903723));
#3461=CARTESIAN_POINT('',(69.454295704,439.375667352,2.723481985));
#3462=CARTESIAN_POINT('',(69.468468858,439.574272785,3.378687538));
#3463=CARTESIAN_POINT('',(69.487342676,439.837350065,4.014494586));
#3464=CARTESIAN_POINT('',(69.49206113,439.903119385,4.173446348));
#3465=CARTESIAN_POINT('',(69.497076271,439.97295444,4.331174792));
#3466=CARTESIAN_POINT('',(69.502395604,440.046931293,4.487656992));
#3467=CARTESIAN_POINT('',(69.507714938,440.120908145,4.644139191));
#3468=CARTESIAN_POINT('',(69.51334265,440.199084132,4.799418762));
#3469=CARTESIAN_POINT('',(69.519214256,440.280534367,4.951720145));
#3470=CARTESIAN_POINT('',(69.530957468,440.443434838,5.256322911));
#3471=CARTESIAN_POINT('',(69.543731732,440.620207135,5.550809845));
#3472=CARTESIAN_POINT('',(69.557528618,440.810487019,5.835445582));
#3473=CARTESIAN_POINT('',(69.58512239,441.191046786,6.404717057));
#3474=CARTESIAN_POINT('',(69.616774591,441.62524521,6.934869529));
#3475=CARTESIAN_POINT('',(69.652801263,442.114920141,7.4245533));
#3476=CARTESIAN_POINT('',(69.670814599,442.359757607,7.669395185));
#3477=CARTESIAN_POINT('',(69.689752051,442.616116616,7.901446976));
#3478=CARTESIAN_POINT('',(69.70943454,442.881295792,8.118919999));
#3479=CARTESIAN_POINT('',(69.729117028,443.146474967,8.336393021));
#3480=CARTESIAN_POINT('',(69.749598561,443.421203262,8.540019654));
#3481=CARTESIAN_POINT('',(69.770895195,443.705383798,8.729937767));
#3482=CARTESIAN_POINT('',(69.79219183,443.989564334,8.919855881));
#3483=CARTESIAN_POINT('',(69.814303441,444.283196723,9.096066045));
#3484=CARTESIAN_POINT('',(69.837269617,444.586457745,9.258309252));
#3485=CARTESIAN_POINT('',(69.860235793,444.889718767,9.420552459));
#3486=CARTESIAN_POINT('',(69.884177948,445.204181463,9.569351811));
#3487=CARTESIAN_POINT('',(69.908532073,445.522129181,9.701023344));
#3488=CARTESIAN_POINT('',(69.957240322,446.158024617,9.964366411));
#3489=CARTESIAN_POINT('',(70.00789215,446.811778437,10.16255778));
#3490=CARTESIAN_POINT('',(70.060608917,447.483093696,10.296637499));
#3491=CARTESIAN_POINT('',(70.113325685,448.154408955,10.430717219));
#3492=CARTESIAN_POINT('',(70.168425798,448.847254534,10.5));
#3493=CARTESIAN_POINT('',(70.224271987,449.539609246,10.5));
#3494=B_SPLINE_CURVE_WITH_KNOTS('',3,(#3400,#3401,#3402,#3403,#3404,#3405,#3406,#3407,#3408,#3409,#3410,#3411,#3412,#3413,#3414,#3415,#3416,#3417,#3418,#3419,#3420,#3421,#3422,#3423,#3424,#3425,
#3426,#3427,#3428,#3429,#3430,#3431,#3432,#3433,#3434,#3435,#3436,#3437,#3438,#3439,#3440,#3441,#3442,#3443,#3444,#3445,#3446,#3447,#3448,#3449,#3450,
#3451,#3452,#3453,#3454,#3455,#3456,#3457,#3458,#3459,#3460,#3461,#3462,#3463,#3464,#3465,#3466,#3467,#3468,#3469,#3470,#3471,#3472,#3473,#3474,#3475,
#3476,#3477,#3478,#3479,#3480,#3481,#3482,#3483,#3484,#3485,#3486,#3487,#3488,#3489,#3490,#3491,#3492,#3493),.UNSPECIFIED.,.F.,.F.,(4,3,3,3,3,3,3,3,3,3,3,3,3,3,3,3,3,3,3,3,3,3,3,3,3,3,
3,3,3,3,3,4),(-0.000051182,0.000013014,0.000077211,0.000205603,0.000462388,0.000975957,0.002003097,0.003030236,0.004057375,0.006111653,0.007138792,0.008165931,0.010220209,0.011247348,0.012274488,0.013301627,0.014328766,0.016383044,0.017410183,0.017923753,0.018437322,0.0204916,0.02100517,0.02151874,0.022545879,0.024600157,
0.025627296,0.026654435,0.027681574,0.028708713,0.030762992,0.03281727),.UNSPECIFIED.);
#3495=EDGE_CURVE('326',#3351,#3399,#3494,.T.);
#3496=ORIENTED_EDGE('',*,*,#3495,.T.);
#3497=CARTESIAN_POINT('',(70.224271987,449.539609246,-10.5));
#3498=VERTEX_POINT('339',#3497);
#3499=CARTESIAN_POINT('',(70.224271987,449.539609246,-10.5));
#3500=CARTESIAN_POINT('',(70.226043161,449.56156003,-10.5));
#3501=CARTESIAN_POINT('',(70.227978882,449.582136233,-10.499935963));
#3502=CARTESIAN_POINT('',(70.229450163,449.603793103,-10.499803829));
#3503=CARTESIAN_POINT('',(70.230921443,449.625449974,-10.499671695));
#3504=CARTESIAN_POINT('',(70.232939442,449.647050948,-10.499472531));
#3505=CARTESIAN_POINT('',(70.234685084,449.668662216,-10.499206891));
#3506=CARTESIAN_POINT('',(70.238176367,449.711884753,-10.498675609));
#3507=CARTESIAN_POINT('',(70.24165173,449.755061762,-10.497877962));
#3508=CARTESIAN_POINT('',(70.24513667,449.798191454,-10.496815481));
#3509=CARTESIAN_POINT('',(70.252106551,449.884450839,-10.494690518));
#3510=CARTESIAN_POINT('',(70.259037775,449.970527192,-10.491506346));
#3511=CARTESIAN_POINT('',(70.265972958,450.056418945,-10.487273608));
#3512=CARTESIAN_POINT('',(70.279843324,450.22820245,-10.478808132));
#3513=CARTESIAN_POINT('',(70.29365073,450.399254256,-10.466150342));
#3514=CARTESIAN_POINT('',(70.307380814,450.569586216,-10.449361102));
#3515=CARTESIAN_POINT('',(70.334840981,450.910250137,-10.415782623));
#3516=CARTESIAN_POINT('',(70.362125662,451.248028992,-10.365707417));
#3517=CARTESIAN_POINT('',(70.389151452,451.582951364,-10.299259827));
#3518=CARTESIAN_POINT('',(70.416177242,451.917873735,-10.232812238));
#3519=CARTESIAN_POINT('',(70.442984233,452.249936572,-10.149993309));
#3520=CARTESIAN_POINT('',(70.469531928,452.579081642,-10.050453102));
#3521=CARTESIAN_POINT('',(70.496079622,452.908226711,-9.950912895));
#3522=CARTESIAN_POINT('',(70.52252089,453.235761533,-9.833959178));
#3523=CARTESIAN_POINT('',(70.548166039,453.553577877,-9.702476789));
#3524=CARTESIAN_POINT('',(70.599456337,454.189210564,-9.439512009));
#3525=CARTESIAN_POINT('',(70.648093191,454.791959533,-9.117696354));
#3526=CARTESIAN_POINT('',(70.694106901,455.362200286,-8.737701847));
#3527=CARTESIAN_POINT('',(70.740120612,455.93244104,-8.357707341));
#3528=CARTESIAN_POINT('',(70.78375823,456.473235264,-7.914818581));
#3529=CARTESIAN_POINT('',(70.822887112,456.95815341,-7.43069327));
#3530=CARTESIAN_POINT('',(70.862015994,457.443071557,-6.94656796));
#3531=CARTESIAN_POINT('',(70.897118685,457.878093754,-6.418387876));
#3532=CARTESIAN_POINT('',(70.928111237,458.262179638,-5.845234449));
#3533=CARTESIAN_POINT('',(70.943607514,458.45422258,-5.558657735));
#3534=CARTESIAN_POINT('',(70.958081739,458.633599409,-5.260023847));
#3535=CARTESIAN_POINT('',(70.971194446,458.796103145,-4.95654322));
#3536=CARTESIAN_POINT('',(70.984307153,458.958606881,-4.653062593));
#3537=CARTESIAN_POINT('',(70.996149247,459.105364114,-4.343212435));
#3538=CARTESIAN_POINT('',(71.006742339,459.236642654,-4.027101078));
#3539=CARTESIAN_POINT('',(71.017335431,459.367921194,-3.71098972));
#3540=CARTESIAN_POINT('',(71.026679487,459.483720633,-3.388616997));
#3541=CARTESIAN_POINT('',(71.034759832,459.583859087,-3.059909335));
#3542=CARTESIAN_POINT('',(71.042840177,459.68399754,-2.731201673));
#3543=CARTESIAN_POINT('',(71.049677254,459.768750206,-2.394720684));
#3544=CARTESIAN_POINT('',(71.055149963,459.836550814,-2.054992543));
#3545=CARTESIAN_POINT('',(71.066095381,459.97215203,-1.375536261));
#3546=CARTESIAN_POINT('',(71.071496198,460.039127164,-0.692954278));
#3547=CARTESIAN_POINT('',(71.071534891,460.039606678,-0.007343668));
#3548=CARTESIAN_POINT('',(71.071554238,460.039846435,0.335461636));
#3549=CARTESIAN_POINT('',(71.070222503,460.023341139,0.679029619));
#3550=CARTESIAN_POINT('',(71.067501245,459.989618322,1.023381799));
#3551=CARTESIAN_POINT('',(71.066140616,459.972756914,1.195557889));
#3552=CARTESIAN_POINT('',(71.064426189,459.951509632,1.368307565));
#3553=CARTESIAN_POINT('',(71.06237928,459.926142617,1.539455921));
#3554=CARTESIAN_POINT('',(71.060332372,459.900775602,1.710604277));
#3555=CARTESIAN_POINT('',(71.057951769,459.871273157,1.880504905));
#3556=CARTESIAN_POINT('',(71.055243429,459.837709119,2.049180083));
#3557=CARTESIAN_POINT('',(71.044410068,459.703452967,2.723880794));
#3558=CARTESIAN_POINT('',(71.028379702,459.504791131,3.379149234));
#3559=CARTESIAN_POINT('',(71.007148149,459.241671797,4.01496977));
#3560=CARTESIAN_POINT('',(71.001840261,459.175891964,4.173924904));
#3561=CARTESIAN_POINT('',(70.996204373,459.106047281,4.331653605));
#3562=CARTESIAN_POINT('',(70.990234383,459.032062126,4.488133056));
#3563=CARTESIAN_POINT('',(70.984264394,458.958076971,4.644612507));
#3564=CARTESIAN_POINT('',(70.977955095,458.879886815,4.799900938));
#3565=CARTESIAN_POINT('',(70.971381621,458.798422771,4.952208811));
#3566=CARTESIAN_POINT('',(70.958234672,458.635494683,5.256824557));
#3567=CARTESIAN_POINT('',(70.943968753,458.458699355,5.551311171));
#3568=CARTESIAN_POINT('',(70.928613439,458.268403342,5.835936398));
#3569=CARTESIAN_POINT('',(70.897902812,457.887811314,6.405186851));
#3570=CARTESIAN_POINT('',(70.862865158,457.453608078,6.935277684));
#3571=CARTESIAN_POINT('',(70.823356677,456.963972665,7.424878977));
#3572=CARTESIAN_POINT('',(70.803602437,456.719154958,7.669679624));
#3573=CARTESIAN_POINT('',(70.782916608,456.462805173,7.901705325));
#3574=CARTESIAN_POINT('',(70.76152058,456.19764752,8.119145666));
#3575=CARTESIAN_POINT('',(70.740124551,455.932489866,8.336586007));
#3576=CARTESIAN_POINT('',(70.71795844,455.657788698,8.540180201));
#3577=CARTESIAN_POINT('',(70.695030006,455.373640177,8.73006776));
#3578=CARTESIAN_POINT('',(70.672101571,455.089491655,8.91995532));
#3579=CARTESIAN_POINT('',(70.648410845,454.795896167,9.096136807));
#3580=CARTESIAN_POINT('',(70.623943495,454.492676101,9.258354537));
#3581=CARTESIAN_POINT('',(70.599476145,454.189456036,9.420572267));
#3582=CARTESIAN_POINT('',(70.574104956,453.875034837,9.569351712));
#3583=CARTESIAN_POINT('',(70.548451498,453.55711552,9.70101249));
#3584=CARTESIAN_POINT('',(70.497144582,452.921276885,9.964334047));
#3585=CARTESIAN_POINT('',(70.444394835,452.267565698,10.162523217));
#3586=CARTESIAN_POINT('',(70.39022572,451.596264434,10.296609609));
#3587=CARTESIAN_POINT('',(70.336056605,450.924963171,10.430696));
#3588=CARTESIAN_POINT('',(70.280147057,450.232080618,10.5));
#3589=CARTESIAN_POINT('',(70.224271987,449.539609246,10.5));
#3590=B_SPLINE_CURVE_WITH_KNOTS('',3,(#3499,#3500,#3501,#3502,#3503,#3504,#3505,#3506,#3507,#3508,#3509,#3510,#3511,#3512,#3513,#3514,#3515,#3516,#3517,#3518,#3519,#3520,#3521,#3522,#3523,#3524,
#3525,#3526,#3527,#3528,#3529,#3530,#3531,#3532,#3533,#3534,#3535,#3536,#3537,#3538,#3539,#3540,#3541,#3542,#3543,#3544,#3545,#3546,#3547,#3548,#3549,
#3550,#3551,#3552,#3553,#3554,#3555,#3556,#3557,#3558,#3559,#3560,#3561,#3562,#3563,#3564,#3565,#3566,#3567,#3568,#3569,#3570,#3571,#3572,#3573,#3574,
#3575,#3576,#3577,#3578,#3579,#3580,#3581,#3582,#3583,#3584,#3585,#3586,#3587,#3588,#3589),.UNSPECIFIED.,.F.,.F.,(4,3,3,3,3,3,3,3,3,3,3,3,3,3,3,3,3,3,3,3,3,3,3,3,3,3,
3,3,3,3,4),(-0.000051182,0.000013025,0.000077232,0.000205646,0.000462473,0.000976128,0.002003438,0.003030748,0.004058058,0.006112677,0.008167297,0.010221916,0.011249226,0.012276536,0.013303846,0.014331156,0.016385775,0.017413085,0.01792674,0.018440395,0.020495015,0.02100867,0.021522325,0.022549634,0.024604254,0.025631564,
0.026658874,0.027686183,0.028713493,0.030768113,0.032822733),.UNSPECIFIED.);
#3591=EDGE_CURVE('324',#3498,#3399,#3590,.T.);
#3592=ORIENTED_EDGE('',*,*,#3591,.F.);
#3593=CARTESIAN_POINT('',(70.224271987,449.539609246,-10.5));
#3594=CARTESIAN_POINT('',(70.222501744,449.517662347,-10.5));
#3595=CARTESIAN_POINT('',(70.220566575,449.49708881,-10.499935985));
#3596=CARTESIAN_POINT('',(70.219096919,449.475436081,-10.499803894));
#3597=CARTESIAN_POINT('',(70.217627263,449.453783352,-10.499671804));
#3598=CARTESIAN_POINT('',(70.215612011,449.432185392,-10.499472707));
#3599=CARTESIAN_POINT('',(70.213869797,449.410577589,-10.499207153));
#3600=CARTESIAN_POINT('',(70.210385368,449.367361982,-10.498676044));
#3601=CARTESIAN_POINT('',(70.206919439,449.324191695,-10.497878653));
#3602=CARTESIAN_POINT('',(70.203447574,449.281068387,-10.4968165));
#3603=CARTESIAN_POINT('',(70.196503842,449.194821771,-10.494692192));
#3604=CARTESIAN_POINT('',(70.18960961,449.108757273,-10.491508965));
#3605=CARTESIAN_POINT('',(70.182724848,449.022876194,-10.487277385));
#3606=CARTESIAN_POINT('',(70.168955324,448.851114035,-10.478814225));
#3607=CARTESIAN_POINT('',(70.155293946,448.680079668,-10.466159589));
#3608=CARTESIAN_POINT('',(70.1417574,448.509761181,-10.449373807));
#3609=CARTESIAN_POINT('',(70.114684308,448.169124207,-10.415802245));
#3610=CARTESIAN_POINT('',(70.087961712,447.831357389,-10.365735076));
#3611=CARTESIAN_POINT('',(70.061656606,447.496434249,-10.299292982));
#3612=CARTESIAN_POINT('',(70.0353515,447.161511108,-10.232850889));
#3613=CARTESIAN_POINT('',(70.009422706,446.829434698,-10.150034963));
#3614=CARTESIAN_POINT('',(69.983911636,446.500263886,-10.05049152));
#3615=CARTESIAN_POINT('',(69.958400565,446.171093074,-9.950948077));
#3616=CARTESIAN_POINT('',(69.933151587,445.843527628,-9.833986762));
#3617=CARTESIAN_POINT('',(69.908804347,445.525683684,-9.702494606));
#3618=CARTESIAN_POINT('',(69.860109865,444.889995798,-9.439510296));
#3619=CARTESIAN_POINT('',(69.814500376,444.287169924,-9.117653021));
#3620=CARTESIAN_POINT('',(69.77175442,443.716848453,-8.737588726));
#3621=CARTESIAN_POINT('',(69.750381443,443.431687717,-8.547556579));
#3622=CARTESIAN_POINT('',(69.729698188,443.154291204,-8.342526285));
#3623=CARTESIAN_POINT('',(69.70980351,442.886266723,-8.122994108));
#3624=CARTESIAN_POINT('',(69.689908831,442.618242243,-7.903461931));
#3625=CARTESIAN_POINT('',(69.671070022,442.363206535,-7.672460255));
#3626=CARTESIAN_POINT('',(69.653229174,442.120735964,-7.430364676));
#3627=CARTESIAN_POINT('',(69.617547477,441.635794821,-6.946173517));
#3628=CARTESIAN_POINT('',(69.585828563,441.200759563,-6.417919934));
#3629=CARTESIAN_POINT('',(69.557977358,440.816675615,-5.844692367));
#3630=CARTESIAN_POINT('',(69.544051756,440.624633641,-5.558078583));
#3631=CARTESIAN_POINT('',(69.531091251,440.445286605,-5.259447359));
#3632=CARTESIAN_POINT('',(69.519378529,440.282813116,-4.955978755));
#3633=CARTESIAN_POINT('',(69.507665807,440.120339628,-4.65251015));
#3634=CARTESIAN_POINT('',(69.497118808,439.973609803,-4.342672065));
#3635=CARTESIAN_POINT('',(69.487701864,439.842356555,-4.026573015));
#3636=CARTESIAN_POINT('',(69.478284919,439.711103307,-3.710473966));
#3637=CARTESIAN_POINT('',(69.469998127,439.595327041,-3.388113786));
#3638=CARTESIAN_POINT('',(69.462841874,439.49521007,-3.059419095));
#3639=CARTESIAN_POINT('',(69.455685621,439.3950931,-2.730724404));
#3640=CARTESIAN_POINT('',(69.449642177,439.310355277,-2.39422612));
#3641=CARTESIAN_POINT('',(69.444808843,439.242584382,-2.054575125));
#3642=CARTESIAN_POINT('',(69.435142173,439.10704259,-1.375273134));
#3643=CARTESIAN_POINT('',(69.430389252,439.040088732,-0.69281748));
#3644=CARTESIAN_POINT('',(69.430355325,439.039611787,-0.007305367));
#3645=CARTESIAN_POINT('',(69.430338362,439.039373315,0.335450689));
#3646=CARTESIAN_POINT('',(69.431511732,439.055875076,0.67897643));
#3647=CARTESIAN_POINT('',(69.43391145,439.08959154,1.023293678));
#3648=CARTESIAN_POINT('',(69.435111309,439.106449772,1.195452302));
#3649=CARTESIAN_POINT('',(69.436623359,439.127691813,1.36817289));
#3650=CARTESIAN_POINT('',(69.43842934,439.153050231,1.539282892));
#3651=CARTESIAN_POINT('',(69.440235322,439.178408648,1.710392895));
#3652=CARTESIAN_POINT('',(69.442336437,439.207901144,1.880259157));
#3653=CARTESIAN_POINT('',(69.444728291,439.241454385,2.048903723));
#3654=CARTESIAN_POINT('',(69.454295704,439.375667352,2.723481985));
#3655=CARTESIAN_POINT('',(69.468468858,439.574272785,3.378687538));
#3656=CARTESIAN_POINT('',(69.487342676,439.837350065,4.014494586));
#3657=CARTESIAN_POINT('',(69.49206113,439.903119385,4.173446348));
#3658=CARTESIAN_POINT('',(69.497076271,439.97295444,4.331174792));
#3659=CARTESIAN_POINT('',(69.502395604,440.046931293,4.487656992));
#3660=CARTESIAN_POINT('',(69.507714938,440.120908145,4.644139191));
#3661=CARTESIAN_POINT('',(69.51334265,440.199084132,4.799418762));
#3662=CARTESIAN_POINT('',(69.519214256,440.280534367,4.951720145));
#3663=CARTESIAN_POINT('',(69.530957468,440.443434838,5.256322911));
#3664=CARTESIAN_POINT('',(69.543731732,440.620207135,5.550809845));
#3665=CARTESIAN_POINT('',(69.557528618,440.810487019,5.835445582));
#3666=CARTESIAN_POINT('',(69.58512239,441.191046786,6.404717057));
#3667=CARTESIAN_POINT('',(69.616774591,441.62524521,6.934869529));
#3668=CARTESIAN_POINT('',(69.652801263,442.114920141,7.4245533));
#3669=CARTESIAN_POINT('',(69.670814599,442.359757607,7.669395185));
#3670=CARTESIAN_POINT('',(69.689752051,442.616116616,7.901446976));
#3671=CARTESIAN_POINT('',(69.70943454,442.881295792,8.118919999));
#3672=CARTESIAN_POINT('',(69.729117028,443.146474967,8.336393021));
#3673=CARTESIAN_POINT('',(69.749598561,443.421203262,8.540019654));
#3674=CARTESIAN_POINT('',(69.770895195,443.705383798,8.729937767));
#3675=CARTESIAN_POINT('',(69.79219183,443.989564334,8.919855881));
#3676=CARTESIAN_POINT('',(69.814303441,444.283196723,9.096066045));
#3677=CARTESIAN_POINT('',(69.837269617,444.586457745,9.258309252));
#3678=CARTESIAN_POINT('',(69.860235793,444.889718767,9.420552459));
#3679=CARTESIAN_POINT('',(69.884177948,445.204181463,9.569351811));
#3680=CARTESIAN_POINT('',(69.908532073,445.522129181,9.701023344));
#3681=CARTESIAN_POINT('',(69.957240322,446.158024617,9.964366411));
#3682=CARTESIAN_POINT('',(70.00789215,446.811778437,10.16255778));
#3683=CARTESIAN_POINT('',(70.060608917,447.483093696,10.296637499));
#3684=CARTESIAN_POINT('',(70.113325685,448.154408955,10.430717219));
#3685=CARTESIAN_POINT('',(70.168425798,448.847254534,10.5));
#3686=CARTESIAN_POINT('',(70.224271987,449.539609246,10.5));
#3687=B_SPLINE_CURVE_WITH_KNOTS('',3,(#3593,#3594,#3595,#3596,#3597,#3598,#3599,#3600,#3601,#3602,#3603,#3604,#3605,#3606,#3607,#3608,#3609,#3610,#3611,#3612,#3613,#3614,#3615,#3616,#3617,#3618,
#3619,#3620,#3621,#3622,#3623,#3624,#3625,#3626,#3627,#3628,#3629,#3630,#3631,#3632,#3633,#3634,#3635,#3636,#3637,#3638,#3639,#3640,#3641,#3642,#3643,
#3644,#3645,#3646,#3647,#3648,#3649,#3650,#3651,#3652,#3653,#3654,#3655,#3656,#3657,#3658,#3659,#3660,#3661,#3662,#3663,#3664,#3665,#3666,#3667,#3668,
#3669,#3670,#3671,#3672,#3673,#3674,#3675,#3676,#3677,#3678,#3679,#3680,#3681,#3682,#3683,#3684,#3685,#3686),.UNSPECIFIED.,.F.,.F.,(4,3,3,3,3,3,3,3,3,3,3,3,3,3,3,3,3,3,3,3,3,3,3,3,3,3,
3,3,3,3,3,4),(-0.000051182,0.000013014,0.000077211,0.000205603,0.000462388,0.000975957,0.002003097,0.003030236,0.004057375,0.006111653,0.007138792,0.008165931,0.010220209,0.011247348,0.012274488,0.013301627,0.014328766,0.016383044,0.017410183,0.017923753,0.018437322,0.0204916,0.02100517,0.02151874,0.022545879,0.024600157,
0.025627296,0.026654435,0.027681574,0.028708713,0.030762992,0.03281727),.UNSPECIFIED.);
#3688=EDGE_CURVE('326',#3498,#3351,#3687,.T.);
#3689=ORIENTED_EDGE('',*,*,#3688,.T.);
#3690=ORIENTED_EDGE('',*,*,#3396,.T.);
#3691=ORIENTED_EDGE('',*,*,#2849,.T.);
#3692=ORIENTED_EDGE('',*,*,#2761,.F.);
#3693=ORIENTED_EDGE('',*,*,#2671,.T.);
#3694=EDGE_LOOP('',(#3397,#3496,#3592,#3689,#3690,#3691,#3692,#3693));
#3695=FACE_BOUND('',#3694,.T.);
#3696=ADVANCED_FACE('136',(#3695),#3349,.F.);
#3697=CARTESIAN_POINT('',(45.224271987,437.039609246,0.));
#3698=CARTESIAN_POINT('',(43.487916195,437.039609246,0.));
#3699=CARTESIAN_POINT('',(41.752425879,436.672672163,0.));
#3700=CARTESIAN_POINT('',(38.57691154,435.267028798,0.));
#3701=CARTESIAN_POINT('',(37.138470112,434.229023015,0.));
#3702=CARTESIAN_POINT('',(34.803678339,431.658328174,0.));
#3703=CARTESIAN_POINT('',(33.908491534,430.126920217,0.));
#3704=CARTESIAN_POINT('',(32.814048562,426.831177635,0.));
#3705=CARTESIAN_POINT('',(32.615337808,425.068485437,0.));
#3706=CARTESIAN_POINT('',(32.948570031,421.611799036,0.));
#3707=CARTESIAN_POINT('',(33.48034694,419.919527467,0.));
#3708=CARTESIAN_POINT('',(35.184217863,416.893548539,0.));
#3709=CARTESIAN_POINT('',(36.355462754,415.561349173,0.));
#3710=CARTESIAN_POINT('',(39.13833544,413.484008517,0.));
#3711=CARTESIAN_POINT('',(40.748576411,412.739902461,0.));
#3712=CARTESIAN_POINT('',(43.287741929,412.160046083,0.));
#3713=CARTESIAN_POINT('',(44.154164214,412.055274714,0.));
#3714=CARTESIAN_POINT('',(45.456266555,412.034225871,0.));
#3715=CARTESIAN_POINT('',(45.890674089,412.049839331,0.));
#3716=CARTESIAN_POINT('',(46.539305893,412.107079459,0.));
#3717=CARTESIAN_POINT('',(46.75502067,412.131792202,0.));
#3718=CARTESIAN_POINT('',(47.07742099,412.177262478,0.));
#3719=CARTESIAN_POINT('',(47.184692595,412.193819225,0.));
#3720=CARTESIAN_POINT('',(47.345255201,412.220746666,0.));
#3721=CARTESIAN_POINT('',(47.398718614,412.23007119,0.));
#3722=CARTESIAN_POINT('',(47.47882115,412.24457999,0.));
#3723=CARTESIAN_POINT('',(47.505506566,412.24950326,0.));
#3724=CARTESIAN_POINT('',(47.55884548,412.259523621,0.));
#3725=CARTESIAN_POINT('',(47.57218042,412.262029024,0.));
#3726=CARTESIAN_POINT('',(47.655863499,412.278314263,0.));
#3727=CARTESIAN_POINT('',(47.728742527,412.292497775,0.));
#3728=CARTESIAN_POINT('',(47.84534906,412.315190927,0.));
#3729=CARTESIAN_POINT('',(47.903652327,412.326537504,0.));
#3730=CARTESIAN_POINT('',(48.078562127,412.360577232,0.));
#3731=CARTESIAN_POINT('',(48.195168661,412.383270384,0.));
#3732=CARTESIAN_POINT('',(48.544988261,412.451349841,0.));
#3733=CARTESIAN_POINT('',(48.778201328,412.496736145,0.));
#3734=CARTESIAN_POINT('',(49.011414395,412.54212245,0.));
#3735=CARTESIAN_POINT('',(45.224271987,437.039609246,25.));
#3736=CARTESIAN_POINT('',(43.487916195,437.039609246,25.));
#3737=CARTESIAN_POINT('',(41.752425879,436.672672163,25.));
#3738=CARTESIAN_POINT('',(38.57691154,435.267028798,25.));
#3739=CARTESIAN_POINT('',(37.138470112,434.229023015,25.));
#3740=CARTESIAN_POINT('',(34.803678339,431.658328174,25.));
#3741=CARTESIAN_POINT('',(33.908491534,430.126920217,25.));
#3742=CARTESIAN_POINT('',(32.814048562,426.831177635,25.));
#3743=CARTESIAN_POINT('',(32.615337808,425.068485437,25.));
#3744=CARTESIAN_POINT('',(32.948570031,421.611799036,25.));
#3745=CARTESIAN_POINT('',(33.48034694,419.919527467,25.));
#3746=CARTESIAN_POINT('',(35.184217863,416.893548539,25.));
#3747=CARTESIAN_POINT('',(36.355462754,415.561349173,25.));
#3748=CARTESIAN_POINT('',(39.13833544,413.484008517,25.));
#3749=CARTESIAN_POINT('',(40.748576411,412.739902461,25.));
#3750=CARTESIAN_POINT('',(43.287741929,412.160046083,25.));
#3751=CARTESIAN_POINT('',(44.154164214,412.055274714,25.));
#3752=CARTESIAN_POINT('',(45.456266555,412.034225871,25.));
#3753=CARTESIAN_POINT('',(45.890674089,412.049839331,25.));
#3754=CARTESIAN_POINT('',(46.539305893,412.107079459,25.));
#3755=CARTESIAN_POINT('',(46.75502067,412.131792202,25.));
#3756=CARTESIAN_POINT('',(47.07742099,412.177262478,25.));
#3757=CARTESIAN_POINT('',(47.184692595,412.193819225,25.));
#3758=CARTESIAN_POINT('',(47.345255201,412.220746666,25.));
#3759=CARTESIAN_POINT('',(47.398718614,412.23007119,25.));
#3760=CARTESIAN_POINT('',(47.47882115,412.24457999,25.));
#3761=CARTESIAN_POINT('',(47.505506566,412.24950326,25.));
#3762=CARTESIAN_POINT('',(47.55884548,412.259523621,25.));
#3763=CARTESIAN_POINT('',(47.57218042,412.262029024,25.));
#3764=CARTESIAN_POINT('',(47.655863499,412.278314263,25.));
#3765=CARTESIAN_POINT('',(47.728742527,412.292497775,25.));
#3766=CARTESIAN_POINT('',(47.84534906,412.315190927,25.));
#3767=CARTESIAN_POINT('',(47.903652327,412.326537504,25.));
#3768=CARTESIAN_POINT('',(48.078562127,412.360577232,25.));
#3769=CARTESIAN_POINT('',(48.195168661,412.383270384,25.));
#3770=CARTESIAN_POINT('',(48.544988261,412.451349841,25.));
#3771=CARTESIAN_POINT('',(48.778201328,412.496736145,25.));
#3772=CARTESIAN_POINT('',(49.011414395,412.54212245,25.));
#3773=CARTESIAN_POINT('',(45.224271987,462.039609246,25.));
#3774=CARTESIAN_POINT('',(40.01520461,462.039609246,25.));
#3775=CARTESIAN_POINT('',(34.808733665,460.938797998,25.));
#3776=CARTESIAN_POINT('',(25.282190646,456.721867901,25.));
#3777=CARTESIAN_POINT('',(20.966866363,453.607850554,25.));
#3778=CARTESIAN_POINT('',(13.962491044,445.89576603,25.));
#3779=CARTESIAN_POINT('',(11.276930628,441.30154216,25.));
#3780=CARTESIAN_POINT('',(7.993601711,431.414314412,25.));
#3781=CARTESIAN_POINT('',(7.397469451,426.12623782,25.));
#3782=CARTESIAN_POINT('',(8.397166118,415.756178616,25.));
#3783=CARTESIAN_POINT('',(9.992496847,410.679363909,25.));
#3784=CARTESIAN_POINT('',(15.104109614,401.601427125,25.));
#3785=CARTESIAN_POINT('',(18.617844288,397.604829027,25.));
#3786=CARTESIAN_POINT('',(26.966462346,391.372807057,25.));
#3787=CARTESIAN_POINT('',(31.79718526,389.140488892,25.));
#3788=CARTESIAN_POINT('',(39.414681813,387.400919757,25.));
#3789=CARTESIAN_POINT('',(42.013948668,387.086605649,25.));
#3790=CARTESIAN_POINT('',(45.920255691,387.02345912,25.));
#3791=CARTESIAN_POINT('',(47.223478292,387.070299501,25.));
#3792=CARTESIAN_POINT('',(49.169373706,387.242019886,25.));
#3793=CARTESIAN_POINT('',(49.816518037,387.316158113,25.));
#3794=CARTESIAN_POINT('',(50.783718995,387.452568942,25.));
#3795=CARTESIAN_POINT('',(51.105533812,387.502239184,25.));
#3796=CARTESIAN_POINT('',(51.58722163,387.583021508,25.));
#3797=CARTESIAN_POINT('',(51.747611869,387.610995077,25.));
#3798=CARTESIAN_POINT('',(51.987919477,387.654521479,25.));
#3799=CARTESIAN_POINT('',(52.067975723,387.669291287,25.));
#3800=CARTESIAN_POINT('',(52.227992466,387.69935237,25.));
#3801=CARTESIAN_POINT('',(52.321271317,387.717236401,25.));
#3802=CARTESIAN_POINT('',(52.460743256,387.744377722,25.));
#3803=CARTESIAN_POINT('',(52.50447054,387.752888529,25.));
#3804=CARTESIAN_POINT('',(52.621077073,387.775581681,25.));
#3805=CARTESIAN_POINT('',(52.67938034,387.786928258,25.));
#3806=CARTESIAN_POINT('',(52.85429014,387.820967986,25.));
#3807=CARTESIAN_POINT('',(52.970896674,387.843661138,25.));
#3808=CARTESIAN_POINT('',(53.320716274,387.911740595,25.));
#3809=CARTESIAN_POINT('',(53.553929341,387.957126899,25.));
#3810=CARTESIAN_POINT('',(53.787142408,388.002513204,25.));
#3811=CARTESIAN_POINT('',(45.224271987,462.039609246,0.));
#3812=CARTESIAN_POINT('',(40.01520461,462.039609246,0.));
#3813=CARTESIAN_POINT('',(34.808733665,460.938797998,0.));
#3814=CARTESIAN_POINT('',(25.282190646,456.721867901,0.));
#3815=CARTESIAN_POINT('',(20.966866363,453.607850554,0.));
#3816=CARTESIAN_POINT('',(13.962491044,445.89576603,0.));
#3817=CARTESIAN_POINT('',(11.276930628,441.30154216,0.));
#3818=CARTESIAN_POINT('',(7.993601711,431.414314412,0.));
#3819=CARTESIAN_POINT('',(7.397469451,426.12623782,0.));
#3820=CARTESIAN_POINT('',(8.397166118,415.756178616,0.));
#3821=CARTESIAN_POINT('',(9.992496847,410.679363909,0.));
#3822=CARTESIAN_POINT('',(15.104109614,401.601427125,0.));
#3823=CARTESIAN_POINT('',(18.617844288,397.604829027,0.));
#3824=CARTESIAN_POINT('',(26.966462346,391.372807057,0.));
#3825=CARTESIAN_POINT('',(31.79718526,389.140488892,0.));
#3826=CARTESIAN_POINT('',(39.414681813,387.400919757,0.));
#3827=CARTESIAN_POINT('',(42.013948668,387.086605649,0.));
#3828=CARTESIAN_POINT('',(45.920255691,387.02345912,0.));
#3829=CARTESIAN_POINT('',(47.223478292,387.070299501,0.));
#3830=CARTESIAN_POINT('',(49.169373706,387.242019886,0.));
#3831=CARTESIAN_POINT('',(49.816518037,387.316158113,0.));
#3832=CARTESIAN_POINT('',(50.783718995,387.452568942,0.));
#3833=CARTESIAN_POINT('',(51.105533812,387.502239184,0.));
#3834=CARTESIAN_POINT('',(51.58722163,387.583021508,0.));
#3835=CARTESIAN_POINT('',(51.747611869,387.610995077,0.));
#3836=CARTESIAN_POINT('',(51.987919477,387.654521479,0.));
#3837=CARTESIAN_POINT('',(52.067975723,387.669291287,0.));
#3838=CARTESIAN_POINT('',(52.227992466,387.69935237,0.));
#3839=CARTESIAN_POINT('',(52.321271317,387.717236401,0.));
#3840=CARTESIAN_POINT('',(52.460743256,387.744377722,0.));
#3841=CARTESIAN_POINT('',(52.50447054,387.752888529,0.));
#3842=CARTESIAN_POINT('',(52.621077073,387.775581681,0.));
#3843=CARTESIAN_POINT('',(52.67938034,387.786928258,0.));
#3844=CARTESIAN_POINT('',(52.85429014,387.820967986,0.));
#3845=CARTESIAN_POINT('',(52.970896674,387.843661138,0.));
#3846=CARTESIAN_POINT('',(53.320716274,387.911740595,0.));
#3847=CARTESIAN_POINT('',(53.553929341,387.957126899,0.));
#3848=CARTESIAN_POINT('',(53.787142408,388.002513204,0.));
#3849=CARTESIAN_POINT('',(45.224271987,462.039609246,-25.));
#3850=CARTESIAN_POINT('',(40.01520461,462.039609246,-25.));
#3851=CARTESIAN_POINT('',(34.808733665,460.938797998,-25.));
#3852=CARTESIAN_POINT('',(25.282190646,456.721867901,-25.));
#3853=CARTESIAN_POINT('',(20.966866363,453.607850554,-25.));
#3854=CARTESIAN_POINT('',(13.962491044,445.89576603,-25.));
#3855=CARTESIAN_POINT('',(11.276930628,441.30154216,-25.));
#3856=CARTESIAN_POINT('',(7.993601711,431.414314412,-25.));
#3857=CARTESIAN_POINT('',(7.397469451,426.12623782,-25.));
#3858=CARTESIAN_POINT('',(8.397166118,415.756178616,-25.));
#3859=CARTESIAN_POINT('',(9.992496847,410.679363909,-25.));
#3860=CARTESIAN_POINT('',(15.104109614,401.601427125,-25.));
#3861=CARTESIAN_POINT('',(18.617844288,397.604829027,-25.));
#3862=CARTESIAN_POINT('',(26.966462346,391.372807057,-25.));
#3863=CARTESIAN_POINT('',(31.79718526,389.140488892,-25.));
#3864=CARTESIAN_POINT('',(39.414681813,387.400919757,-25.));
#3865=CARTESIAN_POINT('',(42.013948668,387.086605649,-25.));
#3866=CARTESIAN_POINT('',(45.920255691,387.02345912,-25.));
#3867=CARTESIAN_POINT('',(47.223478292,387.070299501,-25.));
#3868=CARTESIAN_POINT('',(49.169373706,387.242019886,-25.));
#3869=CARTESIAN_POINT('',(49.816518037,387.316158113,-25.));
#3870=CARTESIAN_POINT('',(50.783718995,387.452568942,-25.));
#3871=CARTESIAN_POINT('',(51.105533812,387.502239184,-25.));
#3872=CARTESIAN_POINT('',(51.58722163,387.583021508,-25.));
#3873=CARTESIAN_POINT('',(51.747611869,387.610995077,-25.));
#3874=CARTESIAN_POINT('',(51.987919477,387.654521479,-25.));
#3875=CARTESIAN_POINT('',(52.067975723,387.669291287,-25.));
#3876=CARTESIAN_POINT('',(52.227992466,387.69935237,-25.));
#3877=CARTESIAN_POINT('',(52.321271317,387.717236401,-25.));
#3878=CARTESIAN_POINT('',(52.460743256,387.744377722,-25.));
#3879=CARTESIAN_POINT('',(52.50447054,387.752888529,-25.));
#3880=CARTESIAN_POINT('',(52.621077073,387.775581681,-25.));
#3881=CARTESIAN_POINT('',(52.67938034,387.786928258,-25.));
#3882=CARTESIAN_POINT('',(52.85429014,387.820967986,-25.));
#3883=CARTESIAN_POINT('',(52.970896674,387.843661138,-25.));
#3884=CARTESIAN_POINT('',(53.320716274,387.911740595,-25.));
#3885=CARTESIAN_POINT('',(53.553929341,387.957126899,-25.));
#3886=CARTESIAN_POINT('',(53.787142408,388.002513204,-25.));
#3887=CARTESIAN_POINT('',(45.224271987,437.039609246,-25.));
#3888=CARTESIAN_POINT('',(43.487916195,437.039609246,-25.));
#3889=CARTESIAN_POINT('',(41.752425879,436.672672163,-25.));
#3890=CARTESIAN_POINT('',(38.57691154,435.267028798,-25.));
#3891=CARTESIAN_POINT('',(37.138470112,434.229023015,-25.));
#3892=CARTESIAN_POINT('',(34.803678339,431.658328174,-25.));
#3893=CARTESIAN_POINT('',(33.908491534,430.126920217,-25.));
#3894=CARTESIAN_POINT('',(32.814048562,426.831177635,-25.));
#3895=CARTESIAN_POINT('',(32.615337808,425.068485437,-25.));
#3896=CARTESIAN_POINT('',(32.948570031,421.611799036,-25.));
#3897=CARTESIAN_POINT('',(33.48034694,419.919527467,-25.));
#3898=CARTESIAN_POINT('',(35.184217863,416.893548539,-25.));
#3899=CARTESIAN_POINT('',(36.355462754,415.561349173,-25.));
#3900=CARTESIAN_POINT('',(39.13833544,413.484008517,-25.));
#3901=CARTESIAN_POINT('',(40.748576411,412.739902461,-25.));
#3902=CARTESIAN_POINT('',(43.287741929,412.160046083,-25.));
#3903=CARTESIAN_POINT('',(44.154164214,412.055274714,-25.));
#3904=CARTESIAN_POINT('',(45.456266555,412.034225871,-25.));
#3905=CARTESIAN_POINT('',(45.890674089,412.049839331,-25.));
#3906=CARTESIAN_POINT('',(46.539305893,412.107079459,-25.));
#3907=CARTESIAN_POINT('',(46.75502067,412.131792202,-25.));
#3908=CARTESIAN_POINT('',(47.07742099,412.177262478,-25.));
#3909=CARTESIAN_POINT('',(47.184692595,412.193819225,-25.));
#3910=CARTESIAN_POINT('',(47.345255201,412.220746666,-25.));
#3911=CARTESIAN_POINT('',(47.398718614,412.23007119,-25.));
#3912=CARTESIAN_POINT('',(47.47882115,412.24457999,-25.));
#3913=CARTESIAN_POINT('',(47.505506566,412.24950326,-25.));
#3914=CARTESIAN_POINT('',(47.55884548,412.259523621,-25.));
#3915=CARTESIAN_POINT('',(47.57218042,412.262029024,-25.));
#3916=CARTESIAN_POINT('',(47.655863499,412.278314263,-25.));
#3917=CARTESIAN_POINT('',(47.728742527,412.292497775,-25.));
#3918=CARTESIAN_POINT('',(47.84534906,412.315190927,-25.));
#3919=CARTESIAN_POINT('',(47.903652327,412.326537504,-25.));
#3920=CARTESIAN_POINT('',(48.078562127,412.360577232,-25.));
#3921=CARTESIAN_POINT('',(48.195168661,412.383270384,-25.));
#3922=CARTESIAN_POINT('',(48.544988261,412.451349841,-25.));
#3923=CARTESIAN_POINT('',(48.778201328,412.496736145,-25.));
#3924=CARTESIAN_POINT('',(49.011414395,412.54212245,-25.));
#3925=CARTESIAN_POINT('',(45.224271987,437.039609246,0.));
#3926=CARTESIAN_POINT('',(43.487916195,437.039609246,0.));
#3927=CARTESIAN_POINT('',(41.752425879,436.672672163,0.));
#3928=CARTESIAN_POINT('',(38.57691154,435.267028798,0.));
#3929=CARTESIAN_POINT('',(37.138470112,434.229023015,0.));
#3930=CARTESIAN_POINT('',(34.803678339,431.658328174,0.));
#3931=CARTESIAN_POINT('',(33.908491534,430.126920217,0.));
#3932=CARTESIAN_POINT('',(32.814048562,426.831177635,0.));
#3933=CARTESIAN_POINT('',(32.615337808,425.068485437,0.));
#3934=CARTESIAN_POINT('',(32.948570031,421.611799036,0.));
#3935=CARTESIAN_POINT('',(33.48034694,419.919527467,0.));
#3936=CARTESIAN_POINT('',(35.184217863,416.893548539,0.));
#3937=CARTESIAN_POINT('',(36.355462754,415.561349173,0.));
#3938=CARTESIAN_POINT('',(39.13833544,413.484008517,0.));
#3939=CARTESIAN_POINT('',(40.748576411,412.739902461,0.));
#3940=CARTESIAN_POINT('',(43.287741929,412.160046083,0.));
#3941=CARTESIAN_POINT('',(44.154164214,412.055274714,0.));
#3942=CARTESIAN_POINT('',(45.456266555,412.034225871,0.));
#3943=CARTESIAN_POINT('',(45.890674089,412.049839331,0.));
#3944=CARTESIAN_POINT('',(46.539305893,412.107079459,0.));
#3945=CARTESIAN_POINT('',(46.75502067,412.131792202,0.));
#3946=CARTESIAN_POINT('',(47.07742099,412.177262478,0.));
#3947=CARTESIAN_POINT('',(47.184692595,412.193819225,0.));
#3948=CARTESIAN_POINT('',(47.345255201,412.220746666,0.));
#3949=CARTESIAN_POINT('',(47.398718614,412.23007119,0.));
#3950=CARTESIAN_POINT('',(47.47882115,412.24457999,0.));
#3951=CARTESIAN_POINT('',(47.505506566,412.24950326,0.));
#3952=CARTESIAN_POINT('',(47.55884548,412.259523621,0.));
#3953=CARTESIAN_POINT('',(47.57218042,412.262029024,0.));
#3954=CARTESIAN_POINT('',(47.655863499,412.278314263,0.));
#3955=CARTESIAN_POINT('',(47.728742527,412.292497775,0.));
#3956=CARTESIAN_POINT('',(47.84534906,412.315190927,0.));
#3957=CARTESIAN_POINT('',(47.903652327,412.326537504,0.));
#3958=CARTESIAN_POINT('',(48.078562127,412.360577232,0.));
#3959=CARTESIAN_POINT('',(48.195168661,412.383270384,0.));
#3960=CARTESIAN_POINT('',(48.544988261,412.451349841,0.));
#3961=CARTESIAN_POINT('',(48.778201328,412.496736145,0.));
#3962=CARTESIAN_POINT('',(49.011414395,412.54212245,0.));
#3963=(BOUNDED_SURFACE()
B_SPLINE_SURFACE(3,3,((#3697,#3698,#3699,#3700,#3701,#3702,#3703,#3704,#3705,#3706,#3707,#3708,#3709,#3710,#3711,#3712,#3713,#3714,#3715,#3716,#3717,#3718,#3719,#3720,#3721,#3722,
#3723,#3724,#3725,#3726,#3727,#3728,#3729,#3730,#3731,#3732,#3733,#3734),(#3735,#3736,#3737,#3738,#3739,#3740,#3741,#3742,#3743,#3744,#3745,#3746,#3747,#3748,#3749,#3750,#3751,#3752,#3753,#3754,#3755,#3756,#3757,#3758,#3759,#3760,
#3761,#3762,#3763,#3764,#3765,#3766,#3767,#3768,#3769,#3770,#3771,#3772),(#3773,#3774,#3775,#3776,#3777,#3778,#3779,#3780,#3781,#3782,#3783,#3784,#3785,#3786,#3787,#3788,#3789,#3790,#3791,#3792,#3793,#3794,#3795,#3796,#3797,#3798,
#3799,#3800,#3801,#3802,#3803,#3804,#3805,#3806,#3807,#3808,#3809,#3810),(#3811,#3812,#3813,#3814,#3815,#3816,#3817,#3818,#3819,#3820,#3821,#3822,#3823,#3824,#3825,#3826,#3827,#3828,#3829,#3830,#3831,#3832,#3833,#3834,#3835,#3836,
#3837,#3838,#3839,#3840,#3841,#3842,#3843,#3844,#3845,#3846,#3847,#3848),(#3849,#3850,#3851,#3852,#3853,#3854,#3855,#3856,#3857,#3858,#3859,#3860,#3861,#3862,#3863,#3864,#3865,#3866,#3867,#3868,#3869,#3870,#3871,#3872,#3873,#3874,
#3875,#3876,#3877,#3878,#3879,#3880,#3881,#3882,#3883,#3884,#3885,#3886),(#3887,#3888,#3889,#3890,#3891,#3892,#3893,#3894,#3895,#3896,#3897,#3898,#3899,#3900,#3901,#3902,#3903,#3904,#3905,#3906,#3907,#3908,#3909,#3910,#3911,#3912,
#3913,#3914,#3915,#3916,#3917,#3918,#3919,#3920,#3921,#3922,#3923,#3924),(#3925,#3926,#3927,#3928,#3929,#3930,#3931,#3932,#3933,#3934,#3935,#3936,#3937,#3938,#3939,#3940,#3941,#3942,#3943,#3944,#3945,#3946,#3947,#3948,#3949,#3950,
#3951,#3952,#3953,#3954,#3955,#3956,#3957,#3958,#3959,#3960,#3961,#3962)),.UNSPECIFIED.,.T.,.F.,.U.)
B_SPLINE_SURFACE_WITH_KNOTS((4,3,4),(4,2,2,2,2,2,2,2,2,2,2,2,2,2,2,2,2,2,4),(0.,0.5,1.),(0.230744215,0.326901188,0.423058161,0.519215134,0.615372108,0.711529081,0.807686054,0.903843027,0.951921513,0.975960757,0.987980378,0.993990189,0.996995095,0.998497547,1.,1.001644289,1.003288578,1.006577156,1.013154312),.UNSPECIFIED.)
GEOMETRIC_REPRESENTATION_ITEM()
RATIONAL_B_SPLINE_SURFACE(((1.,1.,1.,1.,1.,1.,1.,1.,1.,1.,1.,1.,1.,1.,1.,1.,1.,1.,1.,1.,1.,1.,1.,1.,1.,1.,
1.,1.,1.,1.,1.,1.,1.,1.,1.,1.,1.,1.),(0.333333333,0.333333333,0.333333333,0.333333333,0.333333333,0.333333333,0.333333333,0.333333333,0.333333333,0.333333333,0.333333333,0.333333333,0.333333333,0.333333333,0.333333333,0.333333333,0.333333333,0.333333333,0.333333333,0.333333333,0.333333333,0.333333333,0.333333333,0.333333333,0.333333333,0.333333333,
0.333333333,0.333333333,0.333333333,0.333333333,0.333333333,0.333333333,0.333333333,0.333333333,0.333333333,0.333333333,0.333333333,0.333333333),(0.333333333,0.333333333,0.333333333,0.333333333,0.333333333,0.333333333,0.333333333,0.333333333,0.333333333,0.333333333,0.333333333,0.333333333,0.333333333,0.333333333,0.333333333,0.333333333,0.333333333,0.333333333,0.333333333,0.333333333,0.333333333,0.333333333,0.333333333,0.333333333,0.333333333,0.333333333,
0.333333333,0.333333333,0.333333333,0.333333333,0.333333333,0.333333333,0.333333333,0.333333333,0.333333333,0.333333333,0.333333333,0.333333333),(1.,1.,1.,1.,1.,1.,1.,1.,1.,1.,1.,1.,1.,1.,1.,1.,1.,1.,1.,1.,1.,1.,1.,1.,1.,1.,
1.,1.,1.,1.,1.,1.,1.,1.,1.,1.,1.,1.),(0.333333333,0.333333333,0.333333333,0.333333333,0.333333333,0.333333333,0.333333333,0.333333333,0.333333333,0.333333333,0.333333333,0.333333333,0.333333333,0.333333333,0.333333333,0.333333333,0.333333333,0.333333333,0.333333333,0.333333333,0.333333333,0.333333333,0.333333333,0.333333333,0.333333333,0.333333333,
0.333333333,0.333333333,0.333333333,0.333333333,0.333333333,0.333333333,0.333333333,0.333333333,0.333333333,0.333333333,0.333333333,0.333333333),(0.333333333,0.333333333,0.333333333,0.333333333,0.333333333,0.333333333,0.333333333,0.333333333,0.333333333,0.333333333,0.333333333,0.333333333,0.333333333,0.333333333,0.333333333,0.333333333,0.333333333,0.333333333,0.333333333,0.333333333,0.333333333,0.333333333,0.333333333,0.333333333,0.333333333,0.333333333,
0.333333333,0.333333333,0.333333333,0.333333333,0.333333333,0.333333333,0.333333333,0.333333333,0.333333333,0.333333333,0.333333333,0.333333333),(1.,1.,1.,1.,1.,1.,1.,1.,1.,1.,1.,1.,1.,1.,1.,1.,1.,1.,1.,1.,1.,1.,1.,1.,1.,1.,
1.,1.,1.,1.,1.,1.,1.,1.,1.,1.,1.,1.)))
REPRESENTATION_ITEM('')
SURFACE()
);
#3964=OFFSET_SURFACE('',#3963,-2.,.F.);
#3965=CARTESIAN_POINT('',(48.987776753,410.499999998,-0.));
#3966=VERTEX_POINT('',#3965);
#3967=CARTESIAN_POINT('',(45.224271987,439.039609246,0.000001503));
#3968=VERTEX_POINT('',#3967);
#3969=CARTESIAN_POINT('',(48.987776753,410.5,0.));
#3970=CARTESIAN_POINT('',(48.90626864,410.484137458,0.));
#3971=CARTESIAN_POINT('',(48.824760527,410.468274916,0.));
#3972=CARTESIAN_POINT('',(48.743252414,410.452412375,0.));
#3973=CARTESIAN_POINT('',(48.634882378,410.431322152,-0.));
#3974=CARTESIAN_POINT('',(48.526512341,410.410231929,0.));
#3975=CARTESIAN_POINT('',(48.418142304,410.389141707,0.));
#3976=CARTESIAN_POINT('',(48.309772267,410.368051484,0.));
#3977=CARTESIAN_POINT('',(48.204926296,410.347647164,0.));
#3978=CARTESIAN_POINT('',(48.088361028,410.324961872,0.));
#3979=CARTESIAN_POINT('',(48.059219711,410.31929055,0.));
#3980=CARTESIAN_POINT('',(48.031036375,410.313805682,0.));
#3981=CARTESIAN_POINT('',(48.008194507,410.309360445,0.));
#3982=CARTESIAN_POINT('',(47.985352639,410.304915208,-0.));
#3983=CARTESIAN_POINT('',(47.966990055,410.301347082,0.));
#3984=CARTESIAN_POINT('',(47.951152377,410.298310171,0.));
#3985=CARTESIAN_POINT('',(47.935314699,410.29527326,-0.));
#3986=CARTESIAN_POINT('',(47.921899301,410.292743013,-0.));
#3987=CARTESIAN_POINT('',(47.908734017,410.290268486,-0.));
#3988=CARTESIAN_POINT('',(47.895568733,410.287793959,-0.));
#3989=CARTESIAN_POINT('',(47.8785837,410.284614136,-0.));
#3990=CARTESIAN_POINT('',(47.862843134,410.281701184,-0.));
#3991=CARTESIAN_POINT('',(47.799880872,410.270049376,0.));
#3992=CARTESIAN_POINT('',(47.736843045,410.258814931,0.));
#3993=CARTESIAN_POINT('',(47.673734879,410.247998716,0.));
#3994=CARTESIAN_POINT('',(47.547518546,410.226366288,0.));
#3995=CARTESIAN_POINT('',(47.421021076,410.206406896,0.));
#3996=CARTESIAN_POINT('',(47.294283655,410.188126687,0.));
#3997=CARTESIAN_POINT('',(46.787333968,410.115005853,-0.));
#3998=CARTESIAN_POINT('',(46.276510892,410.068777606,0.));
#3999=CARTESIAN_POINT('',(45.764734634,410.049689027,0.));
#4000=CARTESIAN_POINT('',(44.741182118,410.011511869,0.));
#4001=CARTESIAN_POINT('',(43.713689738,410.082274601,0.));
#4002=CARTESIAN_POINT('',(42.705058917,410.260159548,0.));
#4003=CARTESIAN_POINT('',(41.696428096,410.438044496,-0.));
#4004=CARTESIAN_POINT('',(40.705285167,410.724447689,0.));
#4005=CARTESIAN_POINT('',(39.757504058,411.110580468,0.));
#4006=CARTESIAN_POINT('',(38.809722948,411.496713247,0.));
#4007=CARTESIAN_POINT('',(37.90311876,411.98227468,0.));
#4008=CARTESIAN_POINT('',(37.055885981,412.559473606,0.));
#4009=CARTESIAN_POINT('',(36.208653202,413.136672532,0.));
#4010=CARTESIAN_POINT('',(35.423427346,413.805487479,-0.));
#4011=CARTESIAN_POINT('',(34.718315135,414.547188669,0.));
#4012=CARTESIAN_POINT('',(34.013202923,415.28888986,0.));
#4013=CARTESIAN_POINT('',(33.386412762,416.104341968,0.));
#4014=CARTESIAN_POINT('',(32.85149152,416.979083436,0.));
#4015=CARTESIAN_POINT('',(32.316570278,417.853824904,0.));
#4016=CARTESIAN_POINT('',(31.876105343,418.786136446,0.));
#4017=CARTESIAN_POINT('',(31.538395842,419.752152256,0.));
#4018=CARTESIAN_POINT('',(31.20068634,420.718168066,0.));
#4019=CARTESIAN_POINT('',(30.964634525,421.71929204,-0.));
#4020=CARTESIAN_POINT('',(30.836843371,422.736813993,0.));
#4021=CARTESIAN_POINT('',(30.709052216,423.754335946,0.));
#4022=CARTESIAN_POINT('',(30.69106903,424.784936331,0.));
#4023=CARTESIAN_POINT('',(30.780488426,425.804339478,0.));
#4024=CARTESIAN_POINT('',(30.869907822,426.823742626,0.));
#4025=CARTESIAN_POINT('',(31.066414061,427.83345116,0.));
#4026=CARTESIAN_POINT('',(31.368532887,428.81365054,0.));
#4027=CARTESIAN_POINT('',(31.972770538,430.774049301,-0.));
#4028=CARTESIAN_POINT('',(32.995082243,432.595471823,0.));
#4029=CARTESIAN_POINT('',(34.352490847,434.134080815,0.));
#4030=CARTESIAN_POINT('',(35.709899452,435.672689806,0.));
#4031=CARTESIAN_POINT('',(37.390094624,436.912246394,-0.));
#4032=CARTESIAN_POINT('',(39.260624378,437.75644625,-0.));
#4033=CARTESIAN_POINT('',(40.195889256,438.178546178,-0.));
#4034=CARTESIAN_POINT('',(41.174163788,438.499050905,-0.));
#4035=CARTESIAN_POINT('',(42.174552933,438.714264239,-0.));
#4036=CARTESIAN_POINT('',(42.674747505,438.821870906,-0.));
#4037=CARTESIAN_POINT('',(43.180589664,438.903175322,-0.));
#4038=CARTESIAN_POINT('',(43.689680032,438.957610016,-0.));
#4039=CARTESIAN_POINT('',(43.944225215,438.984827363,-0.));
#4040=CARTESIAN_POINT('',(44.199582494,439.005325256,-0.));
#4041=CARTESIAN_POINT('',(44.455449345,439.019020737,-0.));
#4042=CARTESIAN_POINT('',(44.58338277,439.025868477,-0.));
#4043=CARTESIAN_POINT('',(44.711443538,439.031015489,-0.));
#4044=CARTESIAN_POINT('',(44.839593438,439.034450682,-0.));
#4045=CARTESIAN_POINT('',(44.903668388,439.036168279,-0.));
#4046=CARTESIAN_POINT('',(44.967765617,439.037457913,-0.));
#4047=CARTESIAN_POINT('',(45.031880315,439.038318154,-0.));
#4048=CARTESIAN_POINT('',(45.063937664,439.038748275,-0.));
#4049=CARTESIAN_POINT('',(45.09599938,439.039071048,-0.));
#4050=CARTESIAN_POINT('',(45.12806486,439.03928629,-0.));
#4051=CARTESIAN_POINT('',(45.1440976,439.039393912,-0.));
#4052=CARTESIAN_POINT('',(45.160131281,439.039474651,-0.));
#4053=CARTESIAN_POINT('',(45.176165828,439.039528484,-0.));
#4054=CARTESIAN_POINT('',(45.192200374,439.039582318,-0.));
#4055=CARTESIAN_POINT('',(45.21047474,439.039609246,-0.));
#4056=CARTESIAN_POINT('',(45.224271987,439.039609246,-0.));
#4057=B_SPLINE_CURVE_WITH_KNOTS('',3,(#3969,#3970,#3971,#3972,#3973,#3974,#3975,#3976,#3977,#3978,#3979,#3980,#3981,#3982,#3983,#3984,#3985,#3986,#3987,#3988,#3989,#3990,#3991,#3992,#3993,#3994,
#3995,#3996,#3997,#3998,#3999,#4000,#4001,#4002,#4003,#4004,#4005,#4006,#4007,#4008,#4009,#4010,#4011,#4012,#4013,#4014,#4015,#4016,#4017,#4018,#4019,
#4020,#4021,#4022,#4023,#4024,#4025,#4026,#4027,#4028,#4029,#4030,#4031,#4032,#4033,#4034,#4035,#4036,#4037,#4038,#4039,#4040,#4041,#4042,#4043,#4044,
#4045,#4046,#4047,#4048,#4049,#4050,#4051,#4052,#4053,#4054,#4055,#4056),.UNSPECIFIED.,.F.,.F.,(4,3,3,3,3,3,3,3,3,3,3,3,3,3,3,3,3,3,3,3,3,3,3,3,3,3,
3,3,3,4),(0.234558074,0.236856794,0.239913084,0.242969373,0.243733445,0.244497518,0.24526159,0.246025662,0.249081952,0.255194531,0.279644846,0.328545477,0.377446108,0.426346739,0.47524737,0.524148001,0.573048633,0.621949264,0.670849895,0.719750526,0.817551788,0.91535305,0.964253681,0.988703996,1.000929154,1.007041733,
1.010098022,1.011626167,1.01239024,1.013154312),.UNSPECIFIED.);
#4058=EDGE_CURVE('',#3966,#3968,#4057,.T.);
#4059=ORIENTED_EDGE('',*,*,#4058,.F.);
#4060=CARTESIAN_POINT('',(50.,400.,10.5));
#4061=VERTEX_POINT('388',#4060);
#4062=CARTESIAN_POINT('',(50.,400.,10.5));
#4063=CARTESIAN_POINT('',(49.997885908,400.021930996,10.500000005));
#4064=CARTESIAN_POINT('',(49.995591972,400.042541956,10.499935794));
#4065=CARTESIAN_POINT('',(49.993813799,400.064184736,10.499803824));
#4066=CARTESIAN_POINT('',(49.992035626,400.085827515,10.499671855));
#4067=CARTESIAN_POINT('',(49.989648598,400.107399836,10.499472916));
#4068=CARTESIAN_POINT('',(49.987565657,400.128989822,10.499207667));
#4069=CARTESIAN_POINT('',(49.983399775,400.172169796,10.498677168));
#4070=CARTESIAN_POINT('',(49.979249135,400.215304541,10.497880826));
#4071=CARTESIAN_POINT('',(49.975091379,400.258392169,10.496820161));
#4072=CARTESIAN_POINT('',(49.966775867,400.344567424,10.494698831));
#4073=CARTESIAN_POINT('',(49.958497946,400.430560601,10.491520341));
#4074=CARTESIAN_POINT('',(49.950222098,400.516370133,10.487295261));
#4075=CARTESIAN_POINT('',(49.933670401,400.687989196,10.478845101));
#4076=CARTESIAN_POINT('',(49.917190788,400.858880168,10.466210525));
#4077=CARTESIAN_POINT('',(49.900797777,401.029055059,10.449451932));
#4078=CARTESIAN_POINT('',(49.868011756,401.36940484,10.415934746));
#4079=CARTESIAN_POINT('',(49.835452617,401.70688386,10.365950453));
#4080=CARTESIAN_POINT('',(49.8031929,402.041520542,10.299621055));
#4081=CARTESIAN_POINT('',(49.770933183,402.376157225,10.233291657));
#4082=CARTESIAN_POINT('',(49.738937565,402.707948351,10.150618219));
#4083=CARTESIAN_POINT('',(49.707242303,403.036835821,10.051250081));
#4084=CARTESIAN_POINT('',(49.675547042,403.36572329,9.951881944));
#4085=CARTESIAN_POINT('',(49.643982449,403.693043308,9.835119343));
#4086=CARTESIAN_POINT('',(49.613359864,404.010697674,9.703829356));
#4087=CARTESIAN_POINT('',(49.552114696,404.646006405,9.441249383));
#4088=CARTESIAN_POINT('',(49.494032151,405.248508593,9.11987686));
#4089=CARTESIAN_POINT('',(49.439076469,405.818575193,8.740376578));
#4090=CARTESIAN_POINT('',(49.384120787,406.388641792,8.360876296));
#4091=CARTESIAN_POINT('',(49.331980964,406.929498897,7.918423863));
#4092=CARTESIAN_POINT('',(49.285215607,407.414605573,7.434623339));
#4093=CARTESIAN_POINT('',(49.238450249,407.899712249,6.950822815));
#4094=CARTESIAN_POINT('',(49.196492819,408.334945308,6.422967959));
#4095=CARTESIAN_POINT('',(49.159442592,408.719274934,5.850149112));
#4096=CARTESIAN_POINT('',(49.140917478,408.911439746,5.563739689));
#4097=CARTESIAN_POINT('',(49.123603358,409.091042676,5.265124865));
#4098=CARTESIAN_POINT('',(49.107915718,409.253773797,4.961619748));
#4099=CARTESIAN_POINT('',(49.092228078,409.416504918,4.65811463));
#4100=CARTESIAN_POINT('',(49.078060007,409.563473226,4.348241603));
#4101=CARTESIAN_POINT('',(49.065385222,409.694951384,4.032110819));
#4102=CARTESIAN_POINT('',(49.052710436,409.826429543,3.715980034));
#4103=CARTESIAN_POINT('',(49.041528979,409.942417101,3.393591308));
#4104=CARTESIAN_POINT('',(49.031857977,410.042736395,3.06487287));
#4105=CARTESIAN_POINT('',(49.022186975,410.143055689,2.736154431));
#4106=CARTESIAN_POINT('',(49.014009616,410.227883899,2.400198856));
#4107=CARTESIAN_POINT('',(49.007443138,410.295996536,2.059722148));
#4108=CARTESIAN_POINT('',(49.00087666,410.364109174,1.71924544));
#4109=CARTESIAN_POINT('',(48.995950257,410.415217001,1.376185729));
#4110=CARTESIAN_POINT('',(48.992663814,410.449305508,1.030540834));
#4111=CARTESIAN_POINT('',(48.989377371,410.483394014,0.684895938));
#4112=CARTESIAN_POINT('',(48.987761806,410.50015505,0.338989232));
#4113=CARTESIAN_POINT('',(48.987776857,410.499998917,-0.004769032));
#4114=CARTESIAN_POINT('',(48.98780696,410.499686651,-0.692285561));
#4115=CARTESIAN_POINT('',(48.994283954,410.43249946,-1.374319564));
#4116=CARTESIAN_POINT('',(49.007271779,410.29777408,-2.050816666));
#4117=CARTESIAN_POINT('',(49.013765692,410.23041139,-2.389065217));
#4118=CARTESIAN_POINT('',(49.021956625,410.145445158,-2.727455109));
#4119=CARTESIAN_POINT('',(49.031643247,410.044963828,-3.057564666));
#4120=CARTESIAN_POINT('',(49.04132987,409.944482499,-3.387674223));
#4121=CARTESIAN_POINT('',(49.052521618,409.828388193,-3.710807828));
#4122=CARTESIAN_POINT('',(49.06518525,409.697025736,-4.027119551));
#4123=CARTESIAN_POINT('',(49.090512513,409.434300822,-4.659742997));
#4124=CARTESIAN_POINT('',(49.121751097,409.110257161,-5.266318272));
#4125=CARTESIAN_POINT('',(49.158949225,408.724392726,-5.842514147));
#4126=CARTESIAN_POINT('',(49.196147354,408.338528292,-6.418710021));
#4127=CARTESIAN_POINT('',(49.238179266,407.902523207,-6.947526866));
#4128=CARTESIAN_POINT('',(49.284851732,407.41838012,-7.430857043));
#4129=CARTESIAN_POINT('',(49.308187965,407.176308577,-7.672522132));
#4130=CARTESIAN_POINT('',(49.332692955,406.922113269,-7.902731205));
#4131=CARTESIAN_POINT('',(49.35839396,406.655511462,-8.1212171));
#4132=CARTESIAN_POINT('',(49.384094964,406.388909654,-8.339702995));
#4133=CARTESIAN_POINT('',(49.411034488,406.109460426,-8.546488021));
#4134=CARTESIAN_POINT('',(49.438585292,405.823670271,-8.736982578));
#4135=CARTESIAN_POINT('',(49.493686899,405.252089962,-9.117971693));
#4136=CARTESIAN_POINT('',(49.551768668,404.649595824,-9.439327716));
#4137=CARTESIAN_POINT('',(49.612809708,404.016404562,-9.701468672));
#4138=CARTESIAN_POINT('',(49.643330228,403.699808931,-9.83253915));
#4139=CARTESIAN_POINT('',(49.67474025,403.374002303,-9.949129923));
#4140=CARTESIAN_POINT('',(49.70657636,403.043743787,-10.049160351));
#4141=CARTESIAN_POINT('',(49.73841247,402.71348527,-10.149190779));
#4142=CARTESIAN_POINT('',(49.770510823,402.380538448,-10.232305781));
#4143=CARTESIAN_POINT('',(49.80286023,402.044971398,-10.298936449));
#4144=CARTESIAN_POINT('',(49.867559043,401.373837298,-10.432197786));
#4145=CARTESIAN_POINT('',(49.933308386,400.691833369,-10.5));
#4146=CARTESIAN_POINT('',(50.,400.,-10.5));
#4147=B_SPLINE_CURVE_WITH_KNOTS('',3,(#4062,#4063,#4064,#4065,#4066,#4067,#4068,#4069,#4070,#4071,#4072,#4073,#4074,#4075,#4076,#4077,#4078,#4079,#4080,#4081,#4082,#4083,#4084,#4085,#4086,#4087,
#4088,#4089,#4090,#4091,#4092,#4093,#4094,#4095,#4096,#4097,#4098,#4099,#4100,#4101,#4102,#4103,#4104,#4105,#4106,#4107,#4108,#4109,#4110,#4111,#4112,
#4113,#4114,#4115,#4116,#4117,#4118,#4119,#4120,#4121,#4122,#4123,#4124,#4125,#4126,#4127,#4128,#4129,#4130,#4131,#4132,#4133,#4134,#4135,#4136,#4137,
#4138,#4139,#4140,#4141,#4142,#4143,#4144,#4145,#4146),.UNSPECIFIED.,.F.,.F.,(4,3,3,3,3,3,3,3,3,3,3,3,3,3,3,3,3,3,3,3,3,3,3,3,3,3,
3,3,4),(-0.000046891,0.000017345,0.00008158,0.00021005,0.000466992,0.000980874,0.002008639,0.003036404,0.004064169,0.006119698,0.008175228,0.010230757,0.011258522,0.012286287,0.013314052,0.014341817,0.015369582,0.016397346,0.018452876,0.019480641,0.020508406,0.022563935,0.024619465,0.02564723,0.026674995,0.028730524,
0.029758289,0.030786054,0.032841583),.UNSPECIFIED.);
#4148=EDGE_CURVE('317',#4061,#3966,#4147,.T.);
#4149=ORIENTED_EDGE('',*,*,#4148,.F.);
#4150=CARTESIAN_POINT('',(50.,400.,-10.5));
#4151=VERTEX_POINT('340',#4150);
#4152=CARTESIAN_POINT('',(50.,400.,10.5));
#4153=CARTESIAN_POINT('',(50.002112373,399.978076493,10.499999995));
#4154=CARTESIAN_POINT('',(50.004100719,399.957443274,10.499935989));
#4155=CARTESIAN_POINT('',(50.006181129,399.935837143,10.499803957));
#4156=CARTESIAN_POINT('',(50.008261539,399.914231011,10.499671924));
#4157=CARTESIAN_POINT('',(50.010337277,399.892636141,10.49947327));
#4158=CARTESIAN_POINT('',(50.012413994,399.871053023,10.499208193));
#4159=CARTESIAN_POINT('',(50.016567428,399.827886788,10.498678039));
#4160=CARTESIAN_POINT('',(50.020701106,399.784765356,10.497882205));
#4161=CARTESIAN_POINT('',(50.024835514,399.741690373,10.496822192));
#4162=CARTESIAN_POINT('',(50.033104329,399.655540405,10.494702166));
#4163=CARTESIAN_POINT('',(50.041316536,399.569570664,10.491525547));
#4164=CARTESIAN_POINT('',(50.04950356,399.483782246,10.487302762));
#4165=CARTESIAN_POINT('',(50.065877607,399.31220541,10.478857193));
#4166=CARTESIAN_POINT('',(50.082102088,399.141348984,10.466228856));
#4167=CARTESIAN_POINT('',(50.098160561,398.971201009,10.449477147));
#4168=CARTESIAN_POINT('',(50.130277508,398.630905058,10.415973727));
#4169=CARTESIAN_POINT('',(50.161872437,398.29345109,10.366005579));
#4170=CARTESIAN_POINT('',(50.192879978,397.958812922,10.299687146));
#4171=CARTESIAN_POINT('',(50.223887519,397.624174755,10.233368714));
#4172=CARTESIAN_POINT('',(50.254353996,397.292356499,10.15070116));
#4173=CARTESIAN_POINT('',(50.284272441,396.963420191,10.051327428));
#4174=CARTESIAN_POINT('',(50.314190887,396.634483884,9.951953696));
#4175=CARTESIAN_POINT('',(50.343719184,396.307099848,9.835175318));
#4176=CARTESIAN_POINT('',(50.372133449,395.989385592,9.70386377));
#4177=CARTESIAN_POINT('',(50.428961979,395.353957082,9.441240675));
#4178=CARTESIAN_POINT('',(50.481926116,394.751304128,9.119783887));
#4179=CARTESIAN_POINT('',(50.531392157,394.181088014,8.740152361));
#4180=CARTESIAN_POINT('',(50.580858198,393.6108719,8.360520835));
#4181=CARTESIAN_POINT('',(50.627082806,393.069904982,7.91791291));
#4182=CARTESIAN_POINT('',(50.66811265,392.584752079,7.433982665));
#4183=CARTESIAN_POINT('',(50.709142495,392.099599175,6.95005242));
#4184=CARTESIAN_POINT('',(50.745495387,391.664347684,6.422060834));
#4185=CARTESIAN_POINT('',(50.777357933,391.28003177,5.849115665));
#4186=CARTESIAN_POINT('',(50.793289206,391.087873813,5.562643081));
#4187=CARTESIAN_POINT('',(50.808106079,390.908325016,5.26402982));
#4188=CARTESIAN_POINT('',(50.821486542,390.745651559,4.960547847));
#4189=CARTESIAN_POINT('',(50.834867004,390.582978103,4.657065874));
#4190=CARTESIAN_POINT('',(50.84690387,390.436063103,4.34721813));
#4191=CARTESIAN_POINT('',(50.857644935,390.30463463,4.031115273));
#4192=CARTESIAN_POINT('',(50.868386,390.173206157,3.715012415));
#4193=CARTESIAN_POINT('',(50.877831114,390.057264658,3.392654259));
#4194=CARTESIAN_POINT('',(50.885985257,389.956987993,3.063969619));
#4195=CARTESIAN_POINT('',(50.8941394,389.856711327,2.735284978));
#4196=CARTESIAN_POINT('',(50.901017067,389.771915197,2.399324585));
#4197=CARTESIAN_POINT('',(50.906532093,389.703851995,2.058964852));
#4198=CARTESIAN_POINT('',(50.912047119,389.635788793,1.718605119));
#4199=CARTESIAN_POINT('',(50.916176713,389.584718896,1.375667729));
#4200=CARTESIAN_POINT('',(50.918930872,389.550656027,1.030150735));
#4201=CARTESIAN_POINT('',(50.921685031,389.516593158,0.684633741));
#4202=CARTESIAN_POINT('',(50.923037475,389.499842337,0.338800831));
#4203=CARTESIAN_POINT('',(50.923024647,389.500001121,-0.004851494));
#4204=CARTESIAN_POINT('',(50.922998991,389.500318688,-0.692156144));
#4205=CARTESIAN_POINT('',(50.91758178,389.567470449,-1.37394799));
#4206=CARTESIAN_POINT('',(50.906674211,389.702097914,-2.050173803));
#4207=CARTESIAN_POINT('',(50.901220427,389.769411646,-2.38828671));
#4208=CARTESIAN_POINT('',(50.894333531,389.854320715,-2.726579167));
#4209=CARTESIAN_POINT('',(50.886166339,389.954761074,-3.056660747));
#4210=CARTESIAN_POINT('',(50.877999147,390.055201434,-3.386742327));
#4211=CARTESIAN_POINT('',(50.868545534,390.171250104,-3.709844963));
#4212=CARTESIAN_POINT('',(50.857814447,390.302560437,-4.026122939));
#4213=CARTESIAN_POINT('',(50.836352274,390.565181103,-4.658678889));
#4214=CARTESIAN_POINT('',(50.80978306,390.888899697,-5.264886294));
#4215=CARTESIAN_POINT('',(50.77779185,391.274797792,-5.8413052));
#4216=CARTESIAN_POINT('',(50.74580064,391.660695888,-6.417724105));
#4217=CARTESIAN_POINT('',(50.709382034,392.096737553,-6.946692807));
#4218=CARTESIAN_POINT('',(50.668439926,392.580882124,-7.430120453));
#4219=CARTESIAN_POINT('',(50.647968872,392.82295441,-7.671834276));
#4220=CARTESIAN_POINT('',(50.62635848,393.077141631,-7.902078372));
#4221=CARTESIAN_POINT('',(50.603543037,393.343720501,-8.120587616));
#4222=CARTESIAN_POINT('',(50.580727594,393.610299371,-8.339096861));
#4223=CARTESIAN_POINT('',(50.556653415,393.889865687,-8.54601266));
#4224=CARTESIAN_POINT('',(50.531852917,394.17577641,-8.736613736));
#4225=CARTESIAN_POINT('',(50.48225192,394.747597855,-9.117815887));
#4226=CARTESIAN_POINT('',(50.429287149,395.350255866,-9.439257));
#4227=CARTESIAN_POINT('',(50.372662151,395.983473604,-9.701418232));
#4228=CARTESIAN_POINT('',(50.344349652,396.300082472,-9.832498848));
#4229=CARTESIAN_POINT('',(50.314987406,396.625784557,-9.949062167));
#4230=CARTESIAN_POINT('',(50.284932314,396.956167268,-10.04913341));
#4231=CARTESIAN_POINT('',(50.254877222,397.286549978,-10.149204653));
#4232=CARTESIAN_POINT('',(50.224310497,397.61958722,-10.232336767));
#4233=CARTESIAN_POINT('',(50.193214111,397.955206785,-10.298971828));
#4234=CARTESIAN_POINT('',(50.131021339,398.626445914,-10.432241948));
#4235=CARTESIAN_POINT('',(50.06663777,399.30839902,-10.5));
#4236=CARTESIAN_POINT('',(50.,400.,-10.5));
#4237=B_SPLINE_CURVE_WITH_KNOTS('',3,(#4152,#4153,#4154,#4155,#4156,#4157,#4158,#4159,#4160,#4161,#4162,#4163,#4164,#4165,#4166,#4167,#4168,#4169,#4170,#4171,#4172,#4173,#4174,#4175,#4176,#4177,
#4178,#4179,#4180,#4181,#4182,#4183,#4184,#4185,#4186,#4187,#4188,#4189,#4190,#4191,#4192,#4193,#4194,#4195,#4196,#4197,#4198,#4199,#4200,#4201,#4202,
#4203,#4204,#4205,#4206,#4207,#4208,#4209,#4210,#4211,#4212,#4213,#4214,#4215,#4216,#4217,#4218,#4219,#4220,#4221,#4222,#4223,#4224,#4225,#4226,#4227,
#4228,#4229,#4230,#4231,#4232,#4233,#4234,#4235,#4236),.UNSPECIFIED.,.F.,.F.,(4,3,3,3,3,3,3,3,3,3,3,3,3,3,3,3,3,3,3,3,3,3,3,3,3,3,
3,3,4),(-0.000046891,0.000017323,0.000081536,0.000209963,0.000466816,0.000980523,0.002007938,0.003035352,0.004062766,0.006117595,0.008172423,0.010227251,0.011254666,0.01228208,0.013309494,0.014336908,0.015364322,0.016391737,0.018446565,0.019473979,0.020501393,0.022556222,0.02461105,0.025638464,0.026665879,0.028720707,
0.029748121,0.030775535,0.032830364),.UNSPECIFIED.);
#4238=EDGE_CURVE('319',#4061,#4151,#4237,.T.);
#4239=ORIENTED_EDGE('',*,*,#4238,.T.);
#4240=CARTESIAN_POINT('',(50.,400.,10.5));
#4241=CARTESIAN_POINT('',(49.997885908,400.021930996,10.500000005));
#4242=CARTESIAN_POINT('',(49.995591972,400.042541956,10.499935794));
#4243=CARTESIAN_POINT('',(49.993813799,400.064184736,10.499803824));
#4244=CARTESIAN_POINT('',(49.992035626,400.085827515,10.499671855));
#4245=CARTESIAN_POINT('',(49.989648598,400.107399836,10.499472916));
#4246=CARTESIAN_POINT('',(49.987565657,400.128989822,10.499207667));
#4247=CARTESIAN_POINT('',(49.983399775,400.172169796,10.498677168));
#4248=CARTESIAN_POINT('',(49.979249135,400.215304541,10.497880826));
#4249=CARTESIAN_POINT('',(49.975091379,400.258392169,10.496820161));
#4250=CARTESIAN_POINT('',(49.966775867,400.344567424,10.494698831));
#4251=CARTESIAN_POINT('',(49.958497946,400.430560601,10.491520341));
#4252=CARTESIAN_POINT('',(49.950222098,400.516370133,10.487295261));
#4253=CARTESIAN_POINT('',(49.933670401,400.687989196,10.478845101));
#4254=CARTESIAN_POINT('',(49.917190788,400.858880168,10.466210525));
#4255=CARTESIAN_POINT('',(49.900797777,401.029055059,10.449451932));
#4256=CARTESIAN_POINT('',(49.868011756,401.36940484,10.415934746));
#4257=CARTESIAN_POINT('',(49.835452617,401.70688386,10.365950453));
#4258=CARTESIAN_POINT('',(49.8031929,402.041520542,10.299621055));
#4259=CARTESIAN_POINT('',(49.770933183,402.376157225,10.233291657));
#4260=CARTESIAN_POINT('',(49.738937565,402.707948351,10.150618219));
#4261=CARTESIAN_POINT('',(49.707242303,403.036835821,10.051250081));
#4262=CARTESIAN_POINT('',(49.675547042,403.36572329,9.951881944));
#4263=CARTESIAN_POINT('',(49.643982449,403.693043308,9.835119343));
#4264=CARTESIAN_POINT('',(49.613359864,404.010697674,9.703829356));
#4265=CARTESIAN_POINT('',(49.552114696,404.646006405,9.441249383));
#4266=CARTESIAN_POINT('',(49.494032151,405.248508593,9.11987686));
#4267=CARTESIAN_POINT('',(49.439076469,405.818575193,8.740376578));
#4268=CARTESIAN_POINT('',(49.384120787,406.388641792,8.360876296));
#4269=CARTESIAN_POINT('',(49.331980964,406.929498897,7.918423863));
#4270=CARTESIAN_POINT('',(49.285215607,407.414605573,7.434623339));
#4271=CARTESIAN_POINT('',(49.238450249,407.899712249,6.950822815));
#4272=CARTESIAN_POINT('',(49.196492819,408.334945308,6.422967959));
#4273=CARTESIAN_POINT('',(49.159442592,408.719274934,5.850149112));
#4274=CARTESIAN_POINT('',(49.140917478,408.911439746,5.563739689));
#4275=CARTESIAN_POINT('',(49.123603358,409.091042676,5.265124865));
#4276=CARTESIAN_POINT('',(49.107915718,409.253773797,4.961619748));
#4277=CARTESIAN_POINT('',(49.092228078,409.416504918,4.65811463));
#4278=CARTESIAN_POINT('',(49.078060007,409.563473226,4.348241603));
#4279=CARTESIAN_POINT('',(49.065385222,409.694951384,4.032110819));
#4280=CARTESIAN_POINT('',(49.052710436,409.826429543,3.715980034));
#4281=CARTESIAN_POINT('',(49.041528979,409.942417101,3.393591308));
#4282=CARTESIAN_POINT('',(49.031857977,410.042736395,3.06487287));
#4283=CARTESIAN_POINT('',(49.022186975,410.143055689,2.736154431));
#4284=CARTESIAN_POINT('',(49.014009616,410.227883899,2.400198856));
#4285=CARTESIAN_POINT('',(49.007443138,410.295996536,2.059722148));
#4286=CARTESIAN_POINT('',(49.00087666,410.364109174,1.71924544));
#4287=CARTESIAN_POINT('',(48.995950257,410.415217001,1.376185729));
#4288=CARTESIAN_POINT('',(48.992663814,410.449305508,1.030540834));
#4289=CARTESIAN_POINT('',(48.989377371,410.483394014,0.684895938));
#4290=CARTESIAN_POINT('',(48.987761806,410.50015505,0.338989232));
#4291=CARTESIAN_POINT('',(48.987776857,410.499998917,-0.004769032));
#4292=CARTESIAN_POINT('',(48.98780696,410.499686651,-0.692285561));
#4293=CARTESIAN_POINT('',(48.994283954,410.43249946,-1.374319564));
#4294=CARTESIAN_POINT('',(49.007271779,410.29777408,-2.050816666));
#4295=CARTESIAN_POINT('',(49.013765692,410.23041139,-2.389065217));
#4296=CARTESIAN_POINT('',(49.021956625,410.145445158,-2.727455109));
#4297=CARTESIAN_POINT('',(49.031643247,410.044963828,-3.057564666));
#4298=CARTESIAN_POINT('',(49.04132987,409.944482499,-3.387674223));
#4299=CARTESIAN_POINT('',(49.052521618,409.828388193,-3.710807828));
#4300=CARTESIAN_POINT('',(49.06518525,409.697025736,-4.027119551));
#4301=CARTESIAN_POINT('',(49.090512513,409.434300822,-4.659742997));
#4302=CARTESIAN_POINT('',(49.121751097,409.110257161,-5.266318272));
#4303=CARTESIAN_POINT('',(49.158949225,408.724392726,-5.842514147));
#4304=CARTESIAN_POINT('',(49.196147354,408.338528292,-6.418710021));
#4305=CARTESIAN_POINT('',(49.238179266,407.902523207,-6.947526866));
#4306=CARTESIAN_POINT('',(49.284851732,407.41838012,-7.430857043));
#4307=CARTESIAN_POINT('',(49.308187965,407.176308577,-7.672522132));
#4308=CARTESIAN_POINT('',(49.332692955,406.922113269,-7.902731205));
#4309=CARTESIAN_POINT('',(49.35839396,406.655511462,-8.1212171));
#4310=CARTESIAN_POINT('',(49.384094964,406.388909654,-8.339702995));
#4311=CARTESIAN_POINT('',(49.411034488,406.109460426,-8.546488021));
#4312=CARTESIAN_POINT('',(49.438585292,405.823670271,-8.736982578));
#4313=CARTESIAN_POINT('',(49.493686899,405.252089962,-9.117971693));
#4314=CARTESIAN_POINT('',(49.551768668,404.649595824,-9.439327716));
#4315=CARTESIAN_POINT('',(49.612809708,404.016404562,-9.701468672));
#4316=CARTESIAN_POINT('',(49.643330228,403.699808931,-9.83253915));
#4317=CARTESIAN_POINT('',(49.67474025,403.374002303,-9.949129923));
#4318=CARTESIAN_POINT('',(49.70657636,403.043743787,-10.049160351));
#4319=CARTESIAN_POINT('',(49.73841247,402.71348527,-10.149190779));
#4320=CARTESIAN_POINT('',(49.770510823,402.380538448,-10.232305781));
#4321=CARTESIAN_POINT('',(49.80286023,402.044971398,-10.298936449));
#4322=CARTESIAN_POINT('',(49.867559043,401.373837298,-10.432197786));
#4323=CARTESIAN_POINT('',(49.933308386,400.691833369,-10.5));
#4324=CARTESIAN_POINT('',(50.,400.,-10.5));
#4325=B_SPLINE_CURVE_WITH_KNOTS('',3,(#4240,#4241,#4242,#4243,#4244,#4245,#4246,#4247,#4248,#4249,#4250,#4251,#4252,#4253,#4254,#4255,#4256,#4257,#4258,#4259,#4260,#4261,#4262,#4263,#4264,#4265,
#4266,#4267,#4268,#4269,#4270,#4271,#4272,#4273,#4274,#4275,#4276,#4277,#4278,#4279,#4280,#4281,#4282,#4283,#4284,#4285,#4286,#4287,#4288,#4289,#4290,
#4291,#4292,#4293,#4294,#4295,#4296,#4297,#4298,#4299,#4300,#4301,#4302,#4303,#4304,#4305,#4306,#4307,#4308,#4309,#4310,#4311,#4312,#4313,#4314,#4315,
#4316,#4317,#4318,#4319,#4320,#4321,#4322,#4323,#4324),.UNSPECIFIED.,.F.,.F.,(4,3,3,3,3,3,3,3,3,3,3,3,3,3,3,3,3,3,3,3,3,3,3,3,3,3,
3,3,4),(-0.000046891,0.000017345,0.00008158,0.00021005,0.000466992,0.000980874,0.002008639,0.003036404,0.004064169,0.006119698,0.008175228,0.010230757,0.011258522,0.012286287,0.013314052,0.014341817,0.015369582,0.016397346,0.018452876,0.019480641,0.020508406,0.022563935,0.024619465,0.02564723,0.026674995,0.028730524,
0.029758289,0.030786054,0.032841583),.UNSPECIFIED.);
#4326=EDGE_CURVE('317',#3966,#4151,#4325,.T.);
#4327=ORIENTED_EDGE('',*,*,#4326,.F.);
#4328=ORIENTED_EDGE('',*,*,#4058,.T.);
#4329=CARTESIAN_POINT('',(45.224271987,439.039609246,-0.));
#4330=CARTESIAN_POINT('',(45.224271987,439.039609246,0.008138021));
#4331=CARTESIAN_POINT('',(45.224271987,439.039615922,0.013678551));
#4332=CARTESIAN_POINT('',(45.224271987,439.039629312,0.02052784));
#4333=CARTESIAN_POINT('',(45.224271987,439.039642703,0.027377129));
#4334=CARTESIAN_POINT('',(45.224271987,439.039662808,0.034233093));
#4335=CARTESIAN_POINT('',(45.224271987,439.039689668,0.041095733));
#4336=CARTESIAN_POINT('',(45.224271987,439.039743388,0.054821013));
#4337=CARTESIAN_POINT('',(45.224271987,439.039824124,0.068572995));
#4338=CARTESIAN_POINT('',(45.224271987,439.039932194,0.082351675));
#4339=CARTESIAN_POINT('',(45.224271987,439.040148333,0.109909035));
#4340=CARTESIAN_POINT('',(45.224271987,439.040473804,0.13757319));
#4341=CARTESIAN_POINT('',(45.224271987,439.040911168,0.165344079));
#4342=CARTESIAN_POINT('',(45.224271987,439.041785896,0.220885859));
#4343=CARTESIAN_POINT('',(45.224271987,439.043108158,0.276854621));
#4344=CARTESIAN_POINT('',(45.224271987,439.044898919,0.33324937));
#4345=CARTESIAN_POINT('',(45.224271987,439.04848044,0.446038868));
#4346=CARTESIAN_POINT('',(45.224271987,439.053935342,0.560533106));
#4347=CARTESIAN_POINT('',(45.224271987,439.061438768,0.676715177));
#4348=CARTESIAN_POINT('',(45.224271987,439.076445619,0.909079318));
#4349=CARTESIAN_POINT('',(45.224271987,439.099637439,1.14821051));
#4350=CARTESIAN_POINT('',(45.224271987,439.1325296,1.39380531));
#4351=CARTESIAN_POINT('',(45.224271987,439.198313921,1.88499491));
#4352=CARTESIAN_POINT('',(45.224271987,439.302809246,2.4024));
#4353=CARTESIAN_POINT('',(45.224271987,439.459609246,2.94));
#4354=CARTESIAN_POINT('',(45.224271987,439.616409246,3.4776));
#4355=CARTESIAN_POINT('',(45.224271987,439.825684237,4.035538442));
#4356=CARTESIAN_POINT('',(45.224271987,440.101406999,4.601123596));
#4357=CARTESIAN_POINT('',(45.224271987,440.377129761,5.166708749));
#4358=CARTESIAN_POINT('',(45.224271987,440.719609246,5.74));
#4359=CARTESIAN_POINT('',(45.224271987,441.139609246,6.3));
#4360=CARTESIAN_POINT('',(45.224271987,441.559609246,6.86));
#4361=CARTESIAN_POINT('',(45.224271987,442.057530057,7.406549071));
#4362=CARTESIAN_POINT('',(45.224271987,442.635499657,7.910958904));
#4363=CARTESIAN_POINT('',(45.224271987,443.213469257,8.415368737));
#4364=CARTESIAN_POINT('',(45.224271987,443.871789177,8.87716263));
#4365=CARTESIAN_POINT('',(45.224271987,444.598432775,9.264705882));
#4366=CARTESIAN_POINT('',(45.224271987,445.325076374,9.652249135));
#4367=CARTESIAN_POINT('',(45.224271987,446.119964276,9.964852071));
#4368=CARTESIAN_POINT('',(45.224271987,446.954993861,10.176923077));
#4369=CARTESIAN_POINT('',(45.224271987,447.790023447,10.388994083));
#4370=CARTESIAN_POINT('',(45.224271987,448.664609246,10.5));
#4371=CARTESIAN_POINT('',(45.224271987,449.539609246,10.5));
#4372=CARTESIAN_POINT('',(45.224271987,450.414609246,10.5));
#4373=CARTESIAN_POINT('',(45.224271987,451.289195045,10.388994083));
#4374=CARTESIAN_POINT('',(45.224271987,452.124224631,10.176923077));
#4375=CARTESIAN_POINT('',(45.224271987,452.959254216,9.964852071));
#4376=CARTESIAN_POINT('',(45.224271987,453.754142118,9.652249135));
#4377=CARTESIAN_POINT('',(45.224271987,454.480785717,9.264705882));
#4378=CARTESIAN_POINT('',(45.224271987,455.207429315,8.87716263));
#4379=CARTESIAN_POINT('',(45.224271987,455.865749235,8.415368737));
#4380=CARTESIAN_POINT('',(45.224271987,456.443718835,7.910958904));
#4381=CARTESIAN_POINT('',(45.224271987,457.021688435,7.406549071));
#4382=CARTESIAN_POINT('',(45.224271987,457.519609246,6.86));
#4383=CARTESIAN_POINT('',(45.224271987,457.939609246,6.3));
#4384=CARTESIAN_POINT('',(45.224271987,458.359609246,5.74));
#4385=CARTESIAN_POINT('',(45.224271987,458.702088731,5.166708749));
#4386=CARTESIAN_POINT('',(45.224271987,458.977811493,4.601123596));
#4387=CARTESIAN_POINT('',(45.224271987,459.253534255,4.035538442));
#4388=CARTESIAN_POINT('',(45.224271987,459.462809246,3.4776));
#4389=CARTESIAN_POINT('',(45.224271987,459.619609246,2.94));
#4390=CARTESIAN_POINT('',(45.224271987,459.776409246,2.4024));
#4391=CARTESIAN_POINT('',(45.224271987,459.880904571,1.88499491));
#4392=CARTESIAN_POINT('',(45.224271987,459.946688892,1.39380531));
#4393=CARTESIAN_POINT('',(45.224271987,460.012473213,0.90261571));
#4394=CARTESIAN_POINT('',(45.224271987,460.039609246,0.4375));
#4395=CARTESIAN_POINT('',(45.224271987,460.039609246,0.));
#4396=CARTESIAN_POINT('',(45.224271987,460.039609246,-0.4375));
#4397=CARTESIAN_POINT('',(45.224271987,460.012473213,-0.90261571));
#4398=CARTESIAN_POINT('',(45.224271987,459.946688892,-1.39380531));
#4399=CARTESIAN_POINT('',(45.224271987,459.880904571,-1.88499491));
#4400=CARTESIAN_POINT('',(45.224271987,459.776409246,-2.4024));
#4401=CARTESIAN_POINT('',(45.224271987,459.619609246,-2.94));
#4402=CARTESIAN_POINT('',(45.224271987,459.462809246,-3.4776));
#4403=CARTESIAN_POINT('',(45.224271987,459.253534255,-4.035538442));
#4404=CARTESIAN_POINT('',(45.224271987,458.977811493,-4.601123596));
#4405=CARTESIAN_POINT('',(45.224271987,458.702088731,-5.166708749));
#4406=CARTESIAN_POINT('',(45.224271987,458.359609246,-5.74));
#4407=CARTESIAN_POINT('',(45.224271987,457.939609246,-6.3));
#4408=CARTESIAN_POINT('',(45.224271987,457.519609246,-6.86));
#4409=CARTESIAN_POINT('',(45.224271987,457.021688435,-7.406549071));
#4410=CARTESIAN_POINT('',(45.224271987,456.443718835,-7.910958904));
#4411=CARTESIAN_POINT('',(45.224271987,455.865749235,-8.415368737));
#4412=CARTESIAN_POINT('',(45.224271987,455.207429315,-8.87716263));
#4413=CARTESIAN_POINT('',(45.224271987,454.480785717,-9.264705882));
#4414=CARTESIAN_POINT('',(45.224271987,453.754142118,-9.652249135));
#4415=CARTESIAN_POINT('',(45.224271987,452.959254216,-9.964852071));
#4416=CARTESIAN_POINT('',(45.224271987,452.124224631,-10.176923077));
#4417=CARTESIAN_POINT('',(45.224271987,451.289195045,-10.388994083));
#4418=CARTESIAN_POINT('',(45.224271987,450.414609246,-10.5));
#4419=CARTESIAN_POINT('',(45.224271987,449.539609246,-10.5));
#4420=CARTESIAN_POINT('',(45.224271987,448.664609246,-10.5));
#4421=CARTESIAN_POINT('',(45.224271987,447.790023447,-10.388994083));
#4422=CARTESIAN_POINT('',(45.224271987,446.954993861,-10.176923077));
#4423=CARTESIAN_POINT('',(45.224271987,446.119964276,-9.964852071));
#4424=CARTESIAN_POINT('',(45.224271987,445.325076374,-9.652249135));
#4425=CARTESIAN_POINT('',(45.224271987,444.598432775,-9.264705882));
#4426=CARTESIAN_POINT('',(45.224271987,443.871789177,-8.87716263));
#4427=CARTESIAN_POINT('',(45.224271987,443.213469257,-8.415368737));
#4428=CARTESIAN_POINT('',(45.224271987,442.635499657,-7.910958904));
#4429=CARTESIAN_POINT('',(45.224271987,442.057530057,-7.406549071));
#4430=CARTESIAN_POINT('',(45.224271987,441.559609246,-6.86));
#4431=CARTESIAN_POINT('',(45.224271987,441.139609246,-6.3));
#4432=CARTESIAN_POINT('',(45.224271987,440.719609246,-5.74));
#4433=CARTESIAN_POINT('',(45.224271987,440.377129761,-5.166708749));
#4434=CARTESIAN_POINT('',(45.224271987,440.101406999,-4.601123596));
#4435=CARTESIAN_POINT('',(45.224271987,439.825684237,-4.035538442));
#4436=CARTESIAN_POINT('',(45.224271987,439.616409246,-3.4776));
#4437=CARTESIAN_POINT('',(45.224271987,439.459609246,-2.94));
#4438=CARTESIAN_POINT('',(45.224271987,439.302809246,-2.4024));
#4439=CARTESIAN_POINT('',(45.224271987,439.198313921,-1.88499491));
#4440=CARTESIAN_POINT('',(45.224271987,439.1325296,-1.39380531));
#4441=CARTESIAN_POINT('',(45.224271987,439.066745279,-0.90261571));
#4442=CARTESIAN_POINT('',(45.224271987,439.039609246,-0.4375));
#4443=CARTESIAN_POINT('',(45.224271987,439.039609246,0.));
#4444=B_SPLINE_CURVE_WITH_KNOTS('',3,(#4329,#4330,#4331,#4332,#4333,#4334,#4335,#4336,#4337,#4338,#4339,#4340,#4341,#4342,#4343,#4344,#4345,#4346,#4347,#4348,#4349,#4350,#4351,#4352,#4353,#4354,
#4355,#4356,#4357,#4358,#4359,#4360,#4361,#4362,#4363,#4364,#4365,#4366,#4367,#4368,#4369,#4370,#4371,#4372,#4373,#4374,#4375,#4376,#4377,#4378,#4379,
#4380,#4381,#4382,#4383,#4384,#4385,#4386,#4387,#4388,#4389,#4390,#4391,#4392,#4393,#4394,#4395,#4396,#4397,#4398,#4399,#4400,#4401,#4402,#4403,#4404,
#4405,#4406,#4407,#4408,#4409,#4410,#4411,#4412,#4413,#4414,#4415,#4416,#4417,#4418,#4419,#4420,#4421,#4422,#4423,#4424,#4425,#4426,#4427,#4428,#4429,
#4430,#4431,#4432,#4433,#4434,#4435,#4436,#4437,#4438,#4439,#4440,#4441,#4442,#4443),.UNSPECIFIED.,.T.,.F.,(4,3,3,3,3,3,3,3,3,3,3,3,3,3,3,3,3,3,3,3,3,3,3,3,3,3,
3,3,3,3,3,3,3,3,3,3,3,3,4),(0.,0.000488281,0.000976562,0.001953125,0.00390625,0.0078125,0.015625,0.03125,0.0625,0.09375,0.125,0.15625,0.1875,0.21875,0.25,0.28125,0.3125,0.34375,0.375,0.40625,0.4375,0.46875,0.5,0.53125,0.5625,0.59375,
0.625,0.65625,0.6875,0.71875,0.75,0.78125,0.8125,0.84375,0.875,0.90625,0.9375,0.96875,1.),.UNSPECIFIED.);
#4445=EDGE_CURVE('321',#3968,#3968,#4444,.T.);
#4446=ORIENTED_EDGE('',*,*,#4445,.F.);
#4447=EDGE_LOOP('',(#4059,#4149,#4239,#4327,#4328,#4446));
#4448=FACE_BOUND('',#4447,.T.);
#4449=ADVANCED_FACE('246',(#4448),#3964,.F.);
#4450=CARTESIAN_POINT('',(71.433783204,449.539609246,0.));
#4451=DIRECTION('',(-1.,0.,0.));
#4452=DIRECTION('',(-0.,-1.,0.));
#4453=AXIS2_PLACEMENT_3D('',#4450,#4451,#4452);
#4454=CYLINDRICAL_SURFACE('',#4453,10.5);
#4455=CARTESIAN_POINT('',(45.224271987,439.039609246,0.));
#4456=DIRECTION('',(1.,-0.,-0.));
#4457=VECTOR('',#4456,24.206083157);
#4458=LINE('',#4455,#4457);
#4459=EDGE_CURVE('',#3968,#3351,#4458,.T.);
#4460=ORIENTED_EDGE('',*,*,#4459,.F.);
#4461=ORIENTED_EDGE('',*,*,#4445,.T.);
#4462=ORIENTED_EDGE('',*,*,#4459,.T.);
#4463=ORIENTED_EDGE('',*,*,#3688,.F.);
#4464=ORIENTED_EDGE('',*,*,#3591,.T.);
#4465=ORIENTED_EDGE('',*,*,#3495,.F.);
#4466=EDGE_LOOP('',(#4460,#4461,#4462,#4463,#4464,#4465));
#4467=FACE_BOUND('',#4466,.T.);
#4468=ADVANCED_FACE('248',(#4467),#4454,.F.);
#4469=CARTESIAN_POINT('',(50.,200.,0.));
#4470=DIRECTION('',(1.,0.,0.));
#4471=DIRECTION('',(-0.,1.,0.));
#4472=AXIS2_PLACEMENT_3D('',#4469,#4470,#4471);
#4473=CYLINDRICAL_SURFACE('',#4472,10.5);
#4474=CARTESIAN_POINT('',(94.718262862,210.500000006,-0.));
#4475=VERTEX_POINT('',#4474);
#4476=CARTESIAN_POINT('',(50.,210.5,-0.));
#4477=VERTEX_POINT('',#4476);
#4478=CARTESIAN_POINT('',(94.718262862,210.5,0.));
#4479=DIRECTION('',(-1.,-0.,-0.));
#4480=VECTOR('',#4479,44.718262862);
#4481=LINE('',#4478,#4480);
#4482=EDGE_CURVE('',#4475,#4477,#4481,.T.);
#4483=ORIENTED_EDGE('',*,*,#4482,.F.);
#4484=CARTESIAN_POINT('',(95.,200.,10.5));
#4485=VERTEX_POINT('390',#4484);
#4486=CARTESIAN_POINT('',(95.,200.,-10.5));
#4487=CARTESIAN_POINT('',(94.999372194,200.021982714,-10.5));
#4488=CARTESIAN_POINT('',(94.998797439,200.042107867,-10.499938579));
#4489=CARTESIAN_POINT('',(94.998169649,200.064090034,-10.499804401));
#4490=CARTESIAN_POINT('',(94.997541859,200.086072201,-10.499670224));
#4491=CARTESIAN_POINT('',(94.996942854,200.107119474,-10.499475911));
#4492=CARTESIAN_POINT('',(94.996323386,200.128773838,-10.499210318));
#4493=CARTESIAN_POINT('',(94.99508445,200.172082567,-10.498679131));
#4494=CARTESIAN_POINT('',(94.993865379,200.215344047,-10.49788053));
#4495=CARTESIAN_POINT('',(94.992624292,200.258557391,-10.496816092));
#4496=CARTESIAN_POINT('',(94.990142118,200.34498408,-10.494687217));
#4497=CARTESIAN_POINT('',(94.987724957,200.43122252,-10.491495128));
#4498=CARTESIAN_POINT('',(94.985269543,200.517271799,-10.487250826));
#4499=CARTESIAN_POINT('',(94.980358715,200.689370355,-10.478762221));
#4500=CARTESIAN_POINT('',(94.975539982,200.860719451,-10.466066735));
#4501=CARTESIAN_POINT('',(94.97073189,201.03132816,-10.449227829));
#4502=CARTESIAN_POINT('',(94.961115706,201.372545579,-10.415550017));
#4503=CARTESIAN_POINT('',(94.951649601,201.710809671,-10.365327748));
#4504=CARTESIAN_POINT('',(94.942326507,202.046145659,-10.298703217));
#4505=CARTESIAN_POINT('',(94.933003414,202.381481646,-10.232078685));
#4506=CARTESIAN_POINT('',(94.923823192,202.713889688,-10.1490528));
#4507=CARTESIAN_POINT('',(94.914779933,203.043309945,-10.049291745));
#4508=CARTESIAN_POINT('',(94.905736674,203.372730203,-9.94953069));
#4509=CARTESIAN_POINT('',(94.89679197,203.700589151,-9.832306067));
#4510=CARTESIAN_POINT('',(94.888158248,204.018753736,-9.700495782));
#4511=CARTESIAN_POINT('',(94.870890803,204.655082906,-9.436875212));
#4512=CARTESIAN_POINT('',(94.85471154,205.258165771,-9.11437135));
#4513=CARTESIAN_POINT('',(94.839537156,205.828455913,-8.733790796));
#4514=CARTESIAN_POINT('',(94.824362772,206.398746055,-8.353210242));
#4515=CARTESIAN_POINT('',(94.810114411,206.939382807,-7.909779204));
#4516=CARTESIAN_POINT('',(94.797429545,207.424005718,-7.425236635));
#4517=CARTESIAN_POINT('',(94.784744679,207.90862863,-6.940694067));
#4518=CARTESIAN_POINT('',(94.773465589,208.343156012,-6.41227555));
#4519=CARTESIAN_POINT('',(94.763566591,208.726642064,-5.839153902));
#4520=CARTESIAN_POINT('',(94.758617093,208.91838509,-5.552593078));
#4521=CARTESIAN_POINT('',(94.754011259,209.097435778,-5.254045132));
#4522=CARTESIAN_POINT('',(94.749850053,209.259624405,-4.950692464));
#4523=CARTESIAN_POINT('',(94.745688846,209.421813033,-4.647339796));
#4524=CARTESIAN_POINT('',(94.741943481,209.568258956,-4.337667244));
#4525=CARTESIAN_POINT('',(94.738600624,209.699239008,-4.021786004));
#4526=CARTESIAN_POINT('',(94.735257767,209.83021906,-3.705904764));
#4527=CARTESIAN_POINT('',(94.732317953,209.945732713,-3.383814618));
#4528=CARTESIAN_POINT('',(94.729780169,210.045608269,-3.055446696));
#4529=CARTESIAN_POINT('',(94.727242385,210.145483825,-2.727078774));
#4530=CARTESIAN_POINT('',(94.725099468,210.229992137,-2.391015793));
#4531=CARTESIAN_POINT('',(94.723386409,210.29759526,-2.05171437));
#4532=CARTESIAN_POINT('',(94.719960291,210.432801508,-1.373111523));
#4533=CARTESIAN_POINT('',(94.718274279,210.499551454,-0.691456469));
#4534=CARTESIAN_POINT('',(94.71826292,210.499997769,-0.006845198));
#4535=CARTESIAN_POINT('',(94.71825724,210.500220926,0.335460438));
#4536=CARTESIAN_POINT('',(94.718673331,210.483747599,0.678510503));
#4537=CARTESIAN_POINT('',(94.719524688,210.450112443,1.022325749));
#4538=CARTESIAN_POINT('',(94.719950367,210.433294864,1.194233372));
#4539=CARTESIAN_POINT('',(94.720486415,210.412103562,1.36673338));
#4540=CARTESIAN_POINT('',(94.721127076,210.386797488,1.537672897));
#4541=CARTESIAN_POINT('',(94.721767737,210.361491415,1.708612413));
#4542=CARTESIAN_POINT('',(94.722513103,210.332059822,1.87830913));
#4543=CARTESIAN_POINT('',(94.723361553,210.298576139,2.046785166));
#4544=CARTESIAN_POINT('',(94.726755353,210.164641406,2.720689311));
#4545=CARTESIAN_POINT('',(94.731781464,209.966450303,3.375236423));
#4546=CARTESIAN_POINT('',(94.738480442,209.703948338,4.010409785));
#4547=CARTESIAN_POINT('',(94.740155186,209.638322847,4.169203126));
#4548=CARTESIAN_POINT('',(94.741935432,209.568641845,4.326774737));
#4549=CARTESIAN_POINT('',(94.743823895,209.494830021,4.483101926));
#4550=CARTESIAN_POINT('',(94.745712357,209.421018197,4.639429115));
#4551=CARTESIAN_POINT('',(94.747711843,209.342966213,4.794662154));
#4552=CARTESIAN_POINT('',(94.749798557,209.261631543,4.946936544));
#4553=CARTESIAN_POINT('',(94.753971987,209.098962203,5.251485324));
#4554=CARTESIAN_POINT('',(94.758512904,208.922432207,5.545927459));
#4555=CARTESIAN_POINT('',(94.763417789,208.732406848,5.830529191));
#4556=CARTESIAN_POINT('',(94.773227558,208.352356131,6.399732653));
#4557=CARTESIAN_POINT('',(94.78448145,207.918714938,6.92985961));
#4558=CARTESIAN_POINT('',(94.797281559,207.42965965,7.419579333));
#4559=CARTESIAN_POINT('',(94.803681614,207.185132006,7.664439195));
#4560=CARTESIAN_POINT('',(94.81041924,206.928640624,7.896939184));
#4561=CARTESIAN_POINT('',(94.817413877,206.663493455,8.114669123));
#4562=CARTESIAN_POINT('',(94.824408514,206.398346287,8.332399062));
#4563=CARTESIAN_POINT('',(94.831683576,206.123645612,8.53626768));
#4564=CARTESIAN_POINT('',(94.839243583,205.839489743,8.726417337));
#4565=CARTESIAN_POINT('',(94.846803589,205.555333875,8.916566994));
#4566=CARTESIAN_POINT('',(94.85464845,205.261723185,9.092998232));
#4567=CARTESIAN_POINT('',(94.862791745,204.958481822,9.255455581));
#4568=CARTESIAN_POINT('',(94.87093504,204.65524046,9.417912931));
#4569=CARTESIAN_POINT('',(94.879423334,204.340660503,9.566996427));
#4570=CARTESIAN_POINT('',(94.888060893,204.022341466,9.699008667));
#4571=CARTESIAN_POINT('',(94.905336011,203.385703393,9.963033147));
#4572=CARTESIAN_POINT('',(94.923282606,202.731239193,10.161690848));
#4573=CARTESIAN_POINT('',(94.94196212,202.059253191,10.29609034));
#4574=CARTESIAN_POINT('',(94.960641633,201.387267189,10.430489833));
#4575=CARTESIAN_POINT('',(94.980195786,200.693470749,10.5));
#4576=CARTESIAN_POINT('',(95.,200.,10.5));
#4577=B_SPLINE_CURVE_WITH_KNOTS('',3,(#4486,#4487,#4488,#4489,#4490,#4491,#4492,#4493,#4494,#4495,#4496,#4497,#4498,#4499,#4500,#4501,#4502,#4503,#4504,#4505,#4506,#4507,#4508,#4509,#4510,#4511,
#4512,#4513,#4514,#4515,#4516,#4517,#4518,#4519,#4520,#4521,#4522,#4523,#4524,#4525,#4526,#4527,#4528,#4529,#4530,#4531,#4532,#4533,#4534,#4535,#4536,
#4537,#4538,#4539,#4540,#4541,#4542,#4543,#4544,#4545,#4546,#4547,#4548,#4549,#4550,#4551,#4552,#4553,#4554,#4555,#4556,#4557,#4558,#4559,#4560,#4561,
#4562,#4563,#4564,#4565,#4566,#4567,#4568,#4569,#4570,#4571,#4572,#4573,#4574,#4575,#4576),.UNSPECIFIED.,.F.,.F.,(4,3,3,3,3,3,3,3,3,3,3,3,3,3,3,3,3,3,3,3,3,3,3,3,3,3,
3,3,3,3,4),(-0.000085762,-0.000021646,0.000042471,0.000170704,0.000427169,0.000940101,0.001965964,0.002991826,0.004017689,0.006069415,0.008121141,0.010172867,0.011198729,0.012224592,0.013250455,0.014276318,0.016328044,0.017353907,0.017866838,0.018379769,0.020431495,0.020944427,0.021457358,0.022483221,0.024534947,0.02556081,
0.026586672,0.027612535,0.028638398,0.030690124,0.03274185),.UNSPECIFIED.);
#4578=EDGE_CURVE('297',#4475,#4485,#4577,.T.);
#4579=ORIENTED_EDGE('',*,*,#4578,.T.);
#4580=CARTESIAN_POINT('',(95.,200.,-10.5));
#4581=VERTEX_POINT('392',#4580);
#4582=CARTESIAN_POINT('',(95.,200.,-10.5));
#4583=CARTESIAN_POINT('',(95.000628176,199.978016813,-10.5));
#4584=CARTESIAN_POINT('',(95.001203267,199.957891326,-10.499938577));
#4585=CARTESIAN_POINT('',(95.001831427,199.935908687,-10.499804394));
#4586=CARTESIAN_POINT('',(95.002459587,199.913926047,-10.49967021));
#4587=CARTESIAN_POINT('',(95.003059282,199.892878355,-10.49947589));
#4588=CARTESIAN_POINT('',(95.003679826,199.871223565,-10.499210286));
#4589=CARTESIAN_POINT('',(95.004920916,199.827913984,-10.498679078));
#4590=CARTESIAN_POINT('',(95.006143116,199.78465167,-10.497880445));
#4591=CARTESIAN_POINT('',(95.007388529,199.741437546,-10.496815968));
#4592=CARTESIAN_POINT('',(95.009879356,199.655009297,-10.494687012));
#4593=CARTESIAN_POINT('',(95.012309034,199.568769378,-10.491494807));
#4594=CARTESIAN_POINT('',(95.01478163,199.482718796,-10.487250362));
#4595=CARTESIAN_POINT('',(95.019726822,199.310617631,-10.478761473));
#4596=CARTESIAN_POINT('',(95.024596201,199.139266387,-10.466065598));
#4597=CARTESIAN_POINT('',(95.029471693,198.968656046,-10.44922627));
#4598=CARTESIAN_POINT('',(95.039222675,198.627435363,-10.415547615));
#4599=CARTESIAN_POINT('',(95.048889444,198.289169964,-10.365324378));
#4600=CARTESIAN_POINT('',(95.058472655,197.953834358,-10.298699246));
#4601=CARTESIAN_POINT('',(95.068055866,197.618498752,-10.232074114));
#4602=CARTESIAN_POINT('',(95.077555523,197.286092778,-10.149047993));
#4603=CARTESIAN_POINT('',(95.086969858,196.956675987,-10.049287485));
#4604=CARTESIAN_POINT('',(95.096384192,196.627259196,-9.949526976));
#4605=CARTESIAN_POINT('',(95.105753991,196.299404417,-9.832303511));
#4606=CARTESIAN_POINT('',(95.114846799,195.981243425,-9.700494605));
#4607=CARTESIAN_POINT('',(95.133032415,195.344921442,-9.436876794));
#4608=CARTESIAN_POINT('',(95.150267987,194.741848123,-9.114378396));
#4609=CARTESIAN_POINT('',(95.166566286,194.171567688,-8.733806546));
#4610=CARTESIAN_POINT('',(95.182864586,193.601287253,-8.353234696));
#4611=CARTESIAN_POINT('',(95.198315438,193.060656852,-7.909813382));
#4612=CARTESIAN_POINT('',(95.212165439,192.576036257,-7.425278604));
#4613=CARTESIAN_POINT('',(95.226015441,192.091415663,-6.940743826));
#4614=CARTESIAN_POINT('',(95.238433637,191.656889447,-6.412333946));
#4615=CARTESIAN_POINT('',(95.249393111,191.273402873,-5.83922106));
#4616=CARTESIAN_POINT('',(95.254872848,191.081659586,-5.552664617));
#4617=CARTESIAN_POINT('',(95.259989955,190.902605194,-5.254116283));
#4618=CARTESIAN_POINT('',(95.264625171,190.740412792,-4.950762035));
#4619=CARTESIAN_POINT('',(95.269260388,190.578220389,-4.647407788));
#4620=CARTESIAN_POINT('',(95.273445691,190.43177105,-4.337733662));
#4621=CARTESIAN_POINT('',(95.277188995,190.300787868,-4.021850821));
#4622=CARTESIAN_POINT('',(95.280932299,190.169804686,-3.705967979));
#4623=CARTESIAN_POINT('',(95.284233588,190.054288162,-3.38387622));
#4624=CARTESIAN_POINT('',(95.287087958,189.954409961,-3.05550663));
#4625=CARTESIAN_POINT('',(95.289942328,189.85453176,-2.72713704));
#4626=CARTESIAN_POINT('',(95.292357501,189.770021637,-2.391076164));
#4627=CARTESIAN_POINT('',(95.294289601,189.702414889,-2.051765311));
#4628=CARTESIAN_POINT('',(95.298153801,189.567201394,-1.373143604));
#4629=CARTESIAN_POINT('',(95.300061489,189.500448848,-0.691473065));
#4630=CARTESIAN_POINT('',(95.300074252,189.500002234,-0.006849664));
#4631=CARTESIAN_POINT('',(95.300080634,189.499778927,0.335462037));
#4632=CARTESIAN_POINT('',(95.299610185,189.516252698,0.678517323));
#4633=CARTESIAN_POINT('',(95.298648573,189.549888649,1.022336909));
#4634=CARTESIAN_POINT('',(95.298167767,189.566706625,1.194246702));
#4635=CARTESIAN_POINT('',(95.297562307,189.587898545,1.366750039));
#4636=CARTESIAN_POINT('',(95.296839067,189.613205673,1.537694253));
#4637=CARTESIAN_POINT('',(95.296115827,189.638512801,1.708638467));
#4638=CARTESIAN_POINT('',(95.295274682,189.667945616,1.878339396));
#4639=CARTESIAN_POINT('',(95.29431773,189.701430623,2.046819189));
#4640=CARTESIAN_POINT('',(95.290489922,189.835370653,2.720738358));
#4641=CARTESIAN_POINT('',(95.28482572,190.033568689,3.375293242));
#4642=CARTESIAN_POINT('',(95.277323656,190.296075895,4.010468423));
#4643=CARTESIAN_POINT('',(95.27544814,190.361702697,4.169262218));
#4644=CARTESIAN_POINT('',(95.273456727,190.431384908,4.326833906));
#4645=CARTESIAN_POINT('',(95.271347265,190.505197783,4.483160811));
#4646=CARTESIAN_POINT('',(95.269237803,190.579010658,4.639487715));
#4647=CARTESIAN_POINT('',(95.267007147,190.657064279,4.794721626));
#4648=CARTESIAN_POINT('',(95.264682675,190.738400675,4.946996861));
#4649=CARTESIAN_POINT('',(95.260033729,190.901073467,5.251547332));
#4650=CARTESIAN_POINT('',(95.254988682,191.077606386,5.545989554));
#4651=CARTESIAN_POINT('',(95.249557981,191.267633851,5.830590145));
#4652=CARTESIAN_POINT('',(95.238696578,191.647688781,6.399791328));
#4653=CARTESIAN_POINT('',(95.226298901,192.081330812,6.929911111));
#4654=CARTESIAN_POINT('',(95.212327034,192.570381951,7.419620991));
#4655=CARTESIAN_POINT('',(95.205341101,192.814907521,7.664475931));
#4656=CARTESIAN_POINT('',(95.19800844,193.071397765,7.896972673));
#4657=CARTESIAN_POINT('',(95.19043079,193.33654249,8.114698639));
#4658=CARTESIAN_POINT('',(95.18285314,193.601687214,8.332424606));
#4659=CARTESIAN_POINT('',(95.175002452,193.876384727,8.53628923));
#4660=CARTESIAN_POINT('',(95.166881544,194.160536774,8.726435082));
#4661=CARTESIAN_POINT('',(95.158760636,194.444688822,8.916580933));
#4662=CARTESIAN_POINT('',(95.150369519,194.738295034,9.093008548));
#4663=CARTESIAN_POINT('',(95.14170319,195.041531349,9.255462638));
#4664=CARTESIAN_POINT('',(95.13303686,195.344767664,9.417916728));
#4665=CARTESIAN_POINT('',(95.1240465,195.659342233,9.566997526));
#4666=CARTESIAN_POINT('',(95.11494928,195.977657592,9.699008277));
#4667=CARTESIAN_POINT('',(95.09675484,196.614288312,9.96302978));
#4668=CARTESIAN_POINT('',(95.078051082,197.2687466,10.161686894));
#4669=CARTESIAN_POINT('',(95.058847139,197.940730426,10.296087064));
#4670=CARTESIAN_POINT('',(95.039643196,198.612714252,10.430487233));
#4671=CARTESIAN_POINT('',(95.019815862,199.306515071,10.5));
#4672=CARTESIAN_POINT('',(95.,200.,10.5));
#4673=B_SPLINE_CURVE_WITH_KNOTS('',3,(#4582,#4583,#4584,#4585,#4586,#4587,#4588,#4589,#4590,#4591,#4592,#4593,#4594,#4595,#4596,#4597,#4598,#4599,#4600,#4601,#4602,#4603,#4604,#4605,#4606,#4607,
#4608,#4609,#4610,#4611,#4612,#4613,#4614,#4615,#4616,#4617,#4618,#4619,#4620,#4621,#4622,#4623,#4624,#4625,#4626,#4627,#4628,#4629,#4630,#4631,#4632,
#4633,#4634,#4635,#4636,#4637,#4638,#4639,#4640,#4641,#4642,#4643,#4644,#4645,#4646,#4647,#4648,#4649,#4650,#4651,#4652,#4653,#4654,#4655,#4656,#4657,
#4658,#4659,#4660,#4661,#4662,#4663,#4664,#4665,#4666,#4667,#4668,#4669,#4670,#4671,#4672),.UNSPECIFIED.,.F.,.F.,(4,3,3,3,3,3,3,3,3,3,3,3,3,3,3,3,3,3,3,3,3,3,3,3,3,3,
3,3,3,3,4),(-0.000085762,-0.000021644,0.000042473,0.000170709,0.00042718,0.000940122,0.001966005,0.002991889,0.004017773,0.006069541,0.008121308,0.010173076,0.01119896,0.012224844,0.013250728,0.014276611,0.016328379,0.017354263,0.017867205,0.018380147,0.020431914,0.020944856,0.021457798,0.022483682,0.02453545,0.025561333,
0.026587217,0.027613101,0.028638985,0.030690753,0.03274252),.UNSPECIFIED.);
#4674=EDGE_CURVE('397',#4581,#4485,#4673,.T.);
#4675=ORIENTED_EDGE('',*,*,#4674,.F.);
#4676=CARTESIAN_POINT('',(95.,200.,-10.5));
#4677=CARTESIAN_POINT('',(94.999372194,200.021982714,-10.5));
#4678=CARTESIAN_POINT('',(94.998797439,200.042107867,-10.499938579));
#4679=CARTESIAN_POINT('',(94.998169649,200.064090034,-10.499804401));
#4680=CARTESIAN_POINT('',(94.997541859,200.086072201,-10.499670224));
#4681=CARTESIAN_POINT('',(94.996942854,200.107119474,-10.499475911));
#4682=CARTESIAN_POINT('',(94.996323386,200.128773838,-10.499210318));
#4683=CARTESIAN_POINT('',(94.99508445,200.172082567,-10.498679131));
#4684=CARTESIAN_POINT('',(94.993865379,200.215344047,-10.49788053));
#4685=CARTESIAN_POINT('',(94.992624292,200.258557391,-10.496816092));
#4686=CARTESIAN_POINT('',(94.990142118,200.34498408,-10.494687217));
#4687=CARTESIAN_POINT('',(94.987724957,200.43122252,-10.491495128));
#4688=CARTESIAN_POINT('',(94.985269543,200.517271799,-10.487250826));
#4689=CARTESIAN_POINT('',(94.980358715,200.689370355,-10.478762221));
#4690=CARTESIAN_POINT('',(94.975539982,200.860719451,-10.466066735));
#4691=CARTESIAN_POINT('',(94.97073189,201.03132816,-10.449227829));
#4692=CARTESIAN_POINT('',(94.961115706,201.372545579,-10.415550017));
#4693=CARTESIAN_POINT('',(94.951649601,201.710809671,-10.365327748));
#4694=CARTESIAN_POINT('',(94.942326507,202.046145659,-10.298703217));
#4695=CARTESIAN_POINT('',(94.933003414,202.381481646,-10.232078685));
#4696=CARTESIAN_POINT('',(94.923823192,202.713889688,-10.1490528));
#4697=CARTESIAN_POINT('',(94.914779933,203.043309945,-10.049291745));
#4698=CARTESIAN_POINT('',(94.905736674,203.372730203,-9.94953069));
#4699=CARTESIAN_POINT('',(94.89679197,203.700589151,-9.832306067));
#4700=CARTESIAN_POINT('',(94.888158248,204.018753736,-9.700495782));
#4701=CARTESIAN_POINT('',(94.870890803,204.655082906,-9.436875212));
#4702=CARTESIAN_POINT('',(94.85471154,205.258165771,-9.11437135));
#4703=CARTESIAN_POINT('',(94.839537156,205.828455913,-8.733790796));
#4704=CARTESIAN_POINT('',(94.824362772,206.398746055,-8.353210242));
#4705=CARTESIAN_POINT('',(94.810114411,206.939382807,-7.909779204));
#4706=CARTESIAN_POINT('',(94.797429545,207.424005718,-7.425236635));
#4707=CARTESIAN_POINT('',(94.784744679,207.90862863,-6.940694067));
#4708=CARTESIAN_POINT('',(94.773465589,208.343156012,-6.41227555));
#4709=CARTESIAN_POINT('',(94.763566591,208.726642064,-5.839153902));
#4710=CARTESIAN_POINT('',(94.758617093,208.91838509,-5.552593078));
#4711=CARTESIAN_POINT('',(94.754011259,209.097435778,-5.254045132));
#4712=CARTESIAN_POINT('',(94.749850053,209.259624405,-4.950692464));
#4713=CARTESIAN_POINT('',(94.745688846,209.421813033,-4.647339796));
#4714=CARTESIAN_POINT('',(94.741943481,209.568258956,-4.337667244));
#4715=CARTESIAN_POINT('',(94.738600624,209.699239008,-4.021786004));
#4716=CARTESIAN_POINT('',(94.735257767,209.83021906,-3.705904764));
#4717=CARTESIAN_POINT('',(94.732317953,209.945732713,-3.383814618));
#4718=CARTESIAN_POINT('',(94.729780169,210.045608269,-3.055446696));
#4719=CARTESIAN_POINT('',(94.727242385,210.145483825,-2.727078774));
#4720=CARTESIAN_POINT('',(94.725099468,210.229992137,-2.391015793));
#4721=CARTESIAN_POINT('',(94.723386409,210.29759526,-2.05171437));
#4722=CARTESIAN_POINT('',(94.719960291,210.432801508,-1.373111523));
#4723=CARTESIAN_POINT('',(94.718274279,210.499551454,-0.691456469));
#4724=CARTESIAN_POINT('',(94.71826292,210.499997769,-0.006845198));
#4725=CARTESIAN_POINT('',(94.71825724,210.500220926,0.335460438));
#4726=CARTESIAN_POINT('',(94.718673331,210.483747599,0.678510503));
#4727=CARTESIAN_POINT('',(94.719524688,210.450112443,1.022325749));
#4728=CARTESIAN_POINT('',(94.719950367,210.433294864,1.194233372));
#4729=CARTESIAN_POINT('',(94.720486415,210.412103562,1.36673338));
#4730=CARTESIAN_POINT('',(94.721127076,210.386797488,1.537672897));
#4731=CARTESIAN_POINT('',(94.721767737,210.361491415,1.708612413));
#4732=CARTESIAN_POINT('',(94.722513103,210.332059822,1.87830913));
#4733=CARTESIAN_POINT('',(94.723361553,210.298576139,2.046785166));
#4734=CARTESIAN_POINT('',(94.726755353,210.164641406,2.720689311));
#4735=CARTESIAN_POINT('',(94.731781464,209.966450303,3.375236423));
#4736=CARTESIAN_POINT('',(94.738480442,209.703948338,4.010409785));
#4737=CARTESIAN_POINT('',(94.740155186,209.638322847,4.169203126));
#4738=CARTESIAN_POINT('',(94.741935432,209.568641845,4.326774737));
#4739=CARTESIAN_POINT('',(94.743823895,209.494830021,4.483101926));
#4740=CARTESIAN_POINT('',(94.745712357,209.421018197,4.639429115));
#4741=CARTESIAN_POINT('',(94.747711843,209.342966213,4.794662154));
#4742=CARTESIAN_POINT('',(94.749798557,209.261631543,4.946936544));
#4743=CARTESIAN_POINT('',(94.753971987,209.098962203,5.251485324));
#4744=CARTESIAN_POINT('',(94.758512904,208.922432207,5.545927459));
#4745=CARTESIAN_POINT('',(94.763417789,208.732406848,5.830529191));
#4746=CARTESIAN_POINT('',(94.773227558,208.352356131,6.399732653));
#4747=CARTESIAN_POINT('',(94.78448145,207.918714938,6.92985961));
#4748=CARTESIAN_POINT('',(94.797281559,207.42965965,7.419579333));
#4749=CARTESIAN_POINT('',(94.803681614,207.185132006,7.664439195));
#4750=CARTESIAN_POINT('',(94.81041924,206.928640624,7.896939184));
#4751=CARTESIAN_POINT('',(94.817413877,206.663493455,8.114669123));
#4752=CARTESIAN_POINT('',(94.824408514,206.398346287,8.332399062));
#4753=CARTESIAN_POINT('',(94.831683576,206.123645612,8.53626768));
#4754=CARTESIAN_POINT('',(94.839243583,205.839489743,8.726417337));
#4755=CARTESIAN_POINT('',(94.846803589,205.555333875,8.916566994));
#4756=CARTESIAN_POINT('',(94.85464845,205.261723185,9.092998232));
#4757=CARTESIAN_POINT('',(94.862791745,204.958481822,9.255455581));
#4758=CARTESIAN_POINT('',(94.87093504,204.65524046,9.417912931));
#4759=CARTESIAN_POINT('',(94.879423334,204.340660503,9.566996427));
#4760=CARTESIAN_POINT('',(94.888060893,204.022341466,9.699008667));
#4761=CARTESIAN_POINT('',(94.905336011,203.385703393,9.963033147));
#4762=CARTESIAN_POINT('',(94.923282606,202.731239193,10.161690848));
#4763=CARTESIAN_POINT('',(94.94196212,202.059253191,10.29609034));
#4764=CARTESIAN_POINT('',(94.960641633,201.387267189,10.430489833));
#4765=CARTESIAN_POINT('',(94.980195786,200.693470749,10.5));
#4766=CARTESIAN_POINT('',(95.,200.,10.5));
#4767=B_SPLINE_CURVE_WITH_KNOTS('',3,(#4676,#4677,#4678,#4679,#4680,#4681,#4682,#4683,#4684,#4685,#4686,#4687,#4688,#4689,#4690,#4691,#4692,#4693,#4694,#4695,#4696,#4697,#4698,#4699,#4700,#4701,
#4702,#4703,#4704,#4705,#4706,#4707,#4708,#4709,#4710,#4711,#4712,#4713,#4714,#4715,#4716,#4717,#4718,#4719,#4720,#4721,#4722,#4723,#4724,#4725,#4726,
#4727,#4728,#4729,#4730,#4731,#4732,#4733,#4734,#4735,#4736,#4737,#4738,#4739,#4740,#4741,#4742,#4743,#4744,#4745,#4746,#4747,#4748,#4749,#4750,#4751,
#4752,#4753,#4754,#4755,#4756,#4757,#4758,#4759,#4760,#4761,#4762,#4763,#4764,#4765,#4766),.UNSPECIFIED.,.F.,.F.,(4,3,3,3,3,3,3,3,3,3,3,3,3,3,3,3,3,3,3,3,3,3,3,3,3,3,
3,3,3,3,4),(-0.000085762,-0.000021646,0.000042471,0.000170704,0.000427169,0.000940101,0.001965964,0.002991826,0.004017689,0.006069415,0.008121141,0.010172867,0.011198729,0.012224592,0.013250455,0.014276318,0.016328044,0.017353907,0.017866838,0.018379769,0.020431495,0.020944427,0.021457358,0.022483221,0.024534947,0.02556081,
0.026586672,0.027612535,0.028638398,0.030690124,0.03274185),.UNSPECIFIED.);
#4768=EDGE_CURVE('297',#4581,#4475,#4767,.T.);
#4769=ORIENTED_EDGE('',*,*,#4768,.T.);
#4770=ORIENTED_EDGE('',*,*,#4482,.T.);
#4771=CARTESIAN_POINT('',(50.,189.5,0.));
#4772=VERTEX_POINT('',#4771);
#4773=CARTESIAN_POINT('',(50.,200.,0.));
#4774=DIRECTION('',(1.,0.,0.));
#4775=DIRECTION('',(-0.,1.,0.));
#4776=AXIS2_PLACEMENT_3D('',#4773,#4774,#4775);
#4777=CIRCLE('',#4776,10.5);
#4778=EDGE_CURVE('301',#4772,#4477,#4777,.T.);
#4779=ORIENTED_EDGE('',*,*,#4778,.F.);
#4780=CARTESIAN_POINT('',(50.,200.,0.));
#4781=DIRECTION('',(1.,0.,0.));
#4782=DIRECTION('',(-0.,1.,0.));
#4783=AXIS2_PLACEMENT_3D('',#4780,#4781,#4782);
#4784=CIRCLE('',#4783,10.5);
#4785=EDGE_CURVE('301',#4477,#4772,#4784,.T.);
#4786=ORIENTED_EDGE('',*,*,#4785,.F.);
#4787=EDGE_LOOP('',(#4483,#4579,#4675,#4769,#4770,#4779,#4786));
#4788=FACE_BOUND('',#4787,.T.);
#4789=ADVANCED_FACE('250',(#4788),#4473,.F.);
#4790=CARTESIAN_POINT('',(50.,225.,0.));
#4791=DIRECTION('',(0.,0.,1.));
#4792=DIRECTION('',(1.,0.,-0.));
#4793=AXIS2_PLACEMENT_3D('',#4790,#4791,#4792);
#4794=TOROIDAL_SURFACE('',#4793,25.,10.5);
#4795=CARTESIAN_POINT('',(50.,260.5,-0.));
#4796=VERTEX_POINT('',#4795);
#4797=CARTESIAN_POINT('',(50.,225.,0.));
#4798=DIRECTION('',(-0.,-0.,-1.));
#4799=DIRECTION('',(1.,0.,-0.));
#4800=AXIS2_PLACEMENT_3D('',#4797,#4798,#4799);
#4801=CIRCLE('',#4800,35.5);
#4802=EDGE_CURVE('',#4772,#4796,#4801,.T.);
#4803=ORIENTED_EDGE('',*,*,#4802,.F.);
#4804=ORIENTED_EDGE('',*,*,#4778,.T.);
#4805=ORIENTED_EDGE('',*,*,#4785,.T.);
#4806=ORIENTED_EDGE('',*,*,#4802,.T.);
#4807=CARTESIAN_POINT('',(50.,239.5,0.));
#4808=VERTEX_POINT('',#4807);
#4809=CARTESIAN_POINT('',(50.,250.,0.));
#4810=DIRECTION('',(-1.,-0.,-0.));
#4811=DIRECTION('',(-0.,1.,0.));
#4812=AXIS2_PLACEMENT_3D('',#4809,#4810,#4811);
#4813=CIRCLE('',#4812,10.5);
#4814=EDGE_CURVE('303',#4808,#4796,#4813,.T.);
#4815=ORIENTED_EDGE('',*,*,#4814,.F.);
#4816=CARTESIAN_POINT('',(50.,250.,0.));
#4817=DIRECTION('',(-1.,-0.,-0.));
#4818=DIRECTION('',(-0.,1.,0.));
#4819=AXIS2_PLACEMENT_3D('',#4816,#4817,#4818);
#4820=CIRCLE('',#4819,10.5);
#4821=EDGE_CURVE('303',#4796,#4808,#4820,.T.);
#4822=ORIENTED_EDGE('',*,*,#4821,.F.);
#4823=EDGE_LOOP('',(#4803,#4804,#4805,#4806,#4815,#4822));
#4824=FACE_BOUND('',#4823,.T.);
#4825=ADVANCED_FACE('252',(#4824),#4794,.F.);
#4826=CARTESIAN_POINT('',(200.,250.,0.));
#4827=DIRECTION('',(-1.,-0.,0.));
#4828=DIRECTION('',(0.,-1.,0.));
#4829=AXIS2_PLACEMENT_3D('',#4826,#4827,#4828);
#4830=CYLINDRICAL_SURFACE('',#4829,10.5);
#4831=CARTESIAN_POINT('',(200.,239.5,0.));
#4832=VERTEX_POINT('',#4831);
#4833=CARTESIAN_POINT('',(50.,239.5,0.));
#4834=DIRECTION('',(1.,0.,-0.));
#4835=VECTOR('',#4834,150.);
#4836=LINE('',#4833,#4835);
#4837=EDGE_CURVE('',#4808,#4832,#4836,.T.);
#4838=ORIENTED_EDGE('',*,*,#4837,.F.);
#4839=ORIENTED_EDGE('',*,*,#4814,.T.);
#4840=ORIENTED_EDGE('',*,*,#4821,.T.);
#4841=ORIENTED_EDGE('',*,*,#4837,.T.);
#4842=CARTESIAN_POINT('',(200.,250.,0.));
#4843=DIRECTION('',(-1.,-0.,0.));
#4844=DIRECTION('',(0.,-1.,0.));
#4845=AXIS2_PLACEMENT_3D('',#4842,#4843,#4844);
#4846=CIRCLE('',#4845,10.5);
#4847=EDGE_CURVE('305',#4832,#4832,#4846,.T.);
#4848=ORIENTED_EDGE('',*,*,#4847,.F.);
#4849=EDGE_LOOP('',(#4838,#4839,#4840,#4841,#4848));
#4850=FACE_BOUND('',#4849,.T.);
#4851=ADVANCED_FACE('254',(#4850),#4830,.F.);
#4852=CARTESIAN_POINT('',(200.,275.,0.));
#4853=DIRECTION('',(0.,0.,-1.));
#4854=DIRECTION('',(-1.,0.,0.));
#4855=AXIS2_PLACEMENT_3D('',#4852,#4853,#4854);
#4856=TOROIDAL_SURFACE('',#4855,25.,10.5);
#4857=CARTESIAN_POINT('',(200.,310.5,0.));
#4858=VERTEX_POINT('',#4857);
#4859=CARTESIAN_POINT('',(200.,275.,0.));
#4860=DIRECTION('',(-0.,-0.,1.));
#4861=DIRECTION('',(-1.,0.,0.));
#4862=AXIS2_PLACEMENT_3D('',#4859,#4860,#4861);
#4863=CIRCLE('',#4862,35.5);
#4864=EDGE_CURVE('',#4832,#4858,#4863,.T.);
#4865=ORIENTED_EDGE('',*,*,#4864,.F.);
#4866=ORIENTED_EDGE('',*,*,#4847,.T.);
#4867=ORIENTED_EDGE('',*,*,#4864,.T.);
#4868=CARTESIAN_POINT('',(200.,289.5,-0.));
#4869=VERTEX_POINT('',#4868);
#4870=CARTESIAN_POINT('',(200.,300.,0.));
#4871=DIRECTION('',(1.,0.,-0.));
#4872=DIRECTION('',(0.,-1.,0.));
#4873=AXIS2_PLACEMENT_3D('',#4870,#4871,#4872);
#4874=CIRCLE('',#4873,10.5);
#4875=EDGE_CURVE('307',#4869,#4858,#4874,.T.);
#4876=ORIENTED_EDGE('',*,*,#4875,.F.);
#4877=CARTESIAN_POINT('',(200.,300.,0.));
#4878=DIRECTION('',(1.,0.,-0.));
#4879=DIRECTION('',(0.,-1.,0.));
#4880=AXIS2_PLACEMENT_3D('',#4877,#4878,#4879);
#4881=CIRCLE('',#4880,10.5);
#4882=EDGE_CURVE('307',#4858,#4869,#4881,.T.);
#4883=ORIENTED_EDGE('',*,*,#4882,.F.);
#4884=EDGE_LOOP('',(#4865,#4866,#4867,#4876,#4883));
#4885=FACE_BOUND('',#4884,.T.);
#4886=ADVANCED_FACE('256',(#4885),#4856,.F.);
#4887=CARTESIAN_POINT('',(50.,300.,0.));
#4888=DIRECTION('',(1.,0.,0.));
#4889=DIRECTION('',(-0.,1.,0.));
#4890=AXIS2_PLACEMENT_3D('',#4887,#4888,#4889);
#4891=CYLINDRICAL_SURFACE('',#4890,10.5);
#4892=CARTESIAN_POINT('',(154.499999999,310.499999999,0.));
#4893=VERTEX_POINT('',#4892);
#4894=CARTESIAN_POINT('',(147.999999997,310.5,-0.));
#4895=VERTEX_POINT('',#4894);
#4896=CARTESIAN_POINT('',(154.499999999,310.5,0.));
#4897=DIRECTION('',(-1.,-0.,-0.));
#4898=VECTOR('',#4897,6.500000002);
#4899=LINE('',#4896,#4898);
#4900=EDGE_CURVE('',#4893,#4895,#4899,.T.);
#4901=ORIENTED_EDGE('',*,*,#4900,.F.);
#4902=CARTESIAN_POINT('',(156.,310.392857143,1.496168576));
#4903=VERTEX_POINT('',#4902);
#4904=CARTESIAN_POINT('',(156.,310.392857143,1.496168576));
#4905=CARTESIAN_POINT('',(156.099129149,310.392857143,1.496168576));
#4906=CARTESIAN_POINT('',(156.196595556,310.394259917,1.486514663));
#4907=CARTESIAN_POINT('',(156.292468161,310.396930363,1.467596343));
#4908=CARTESIAN_POINT('',(156.388340766,310.399600809,1.448678022));
#4909=CARTESIAN_POINT('',(156.483615292,310.403601714,1.420033458));
#4910=CARTESIAN_POINT('',(156.574432385,310.408570122,1.38263083));
#4911=CARTESIAN_POINT('',(156.665249479,310.41353853,1.345228202));
#4912=CARTESIAN_POINT('',(156.751390911,310.419425895,1.29943696));
#4913=CARTESIAN_POINT('',(156.832904714,310.425891917,1.245302265));
#4914=CARTESIAN_POINT('',(156.914418516,310.43235794,1.191167569));
#4915=CARTESIAN_POINT('',(156.991584579,310.439450332,1.128128324));
#4916=CARTESIAN_POINT('',(157.060743738,310.446437013,1.059223172));
#4917=CARTESIAN_POINT('',(157.129902897,310.453423695,0.99031802));
#4918=CARTESIAN_POINT('',(157.191980781,310.46037199,0.915067503));
#4919=CARTESIAN_POINT('',(157.246811401,310.466882794,0.833285414));
#4920=CARTESIAN_POINT('',(157.301642021,310.473393598,0.751503324));
#4921=CARTESIAN_POINT('',(157.348221197,310.479347661,0.664394896));
#4922=CARTESIAN_POINT('',(157.385631271,310.484284477,0.574263879));
#4923=CARTESIAN_POINT('',(157.423041345,310.489221293,0.484132862));
#4924=CARTESIAN_POINT('',(157.451858504,310.493215318,0.389622517));
#4925=CARTESIAN_POINT('',(157.471130803,310.495915516,0.292843778));
#4926=CARTESIAN_POINT('',(157.490403102,310.498615715,0.196065038));
#4927=CARTESIAN_POINT('',(157.499950233,310.49999189,0.098735094));
#4928=CARTESIAN_POINT('',(157.499999755,310.499999964,0.000866255));
#4929=CARTESIAN_POINT('',(157.500049277,310.500008039,-0.097002584));
#4930=CARTESIAN_POINT('',(157.490313491,310.498603256,-0.196423707));
#4931=CARTESIAN_POINT('',(157.471183959,310.495922964,-0.292576719));
#4932=CARTESIAN_POINT('',(157.452054427,310.493242672,-0.38872973));
#4933=CARTESIAN_POINT('',(157.423743167,310.489315836,-0.482200909));
#4934=CARTESIAN_POINT('',(157.386165816,310.484355032,-0.572974316));
#4935=CARTESIAN_POINT('',(157.348588464,310.479394228,-0.663747723));
#4936=CARTESIAN_POINT('',(157.301673344,310.473400408,-0.751330402));
#4937=CARTESIAN_POINT('',(157.247406051,310.466953422,-0.832397783));
#4938=CARTESIAN_POINT('',(157.193138757,310.460506435,-0.913465164));
#4939=CARTESIAN_POINT('',(157.131044422,310.45354122,-0.989137));
#4940=CARTESIAN_POINT('',(157.061073968,310.446470379,-1.058894052));
#4941=CARTESIAN_POINT('',(156.991103515,310.439399539,-1.128651104));
#4942=CARTESIAN_POINT('',(156.915404445,310.432446129,-1.190391454));
#4943=CARTESIAN_POINT('',(156.834184971,310.425993551,-1.244451076));
#4944=CARTESIAN_POINT('',(156.752965498,310.419540972,-1.298510697));
#4945=CARTESIAN_POINT('',(156.665172744,310.413534095,-1.3452619));
#4946=CARTESIAN_POINT('',(156.574404942,310.408568621,-1.382642132));
#4947=CARTESIAN_POINT('',(156.48363714,310.403603147,-1.420022364));
#4948=CARTESIAN_POINT('',(156.390154152,310.399665164,-1.448218153));
#4949=CARTESIAN_POINT('',(156.29396778,310.396972241,-1.467299637));
#4950=CARTESIAN_POINT('',(156.197781408,310.394279317,-1.486381121));
#4951=CARTESIAN_POINT('',(156.098395986,310.392862216,-1.496133338));
#4952=CARTESIAN_POINT('',(156.000542812,310.392857157,-1.496168479));
#4953=CARTESIAN_POINT('',(155.902689638,310.392852098,-1.49620362));
#4954=CARTESIAN_POINT('',(155.805331404,310.394215045,-1.486830053));
#4955=CARTESIAN_POINT('',(155.708481431,310.396903956,-1.467783407));
#4956=CARTESIAN_POINT('',(155.611631457,310.399592867,-1.448736761));
#4957=CARTESIAN_POINT('',(155.517089405,310.403573907,-1.420228772));
#4958=CARTESIAN_POINT('',(155.426808803,310.408502293,-1.38314136));
#4959=CARTESIAN_POINT('',(155.336528201,310.413430678,-1.346053948));
#4960=CARTESIAN_POINT('',(155.249167476,310.419382195,-1.299800583));
#4961=CARTESIAN_POINT('',(155.167171215,310.425885895,-1.245352687));
#4962=CARTESIAN_POINT('',(155.085174954,310.432389594,-1.19090479));
#4963=CARTESIAN_POINT('',(155.009632115,310.439334934,-1.129191921));
#4964=CARTESIAN_POINT('',(154.940386857,310.446322858,-1.06034841));
#4965=CARTESIAN_POINT('',(154.871141599,310.453310781,-0.9915049));
#4966=CARTESIAN_POINT('',(154.807728879,310.460406772,-0.914621948));
#4967=CARTESIAN_POINT('',(154.75324772,310.466875774,-0.833373588));
#4968=CARTESIAN_POINT('',(154.69876656,310.473344775,-0.752125227));
#4969=CARTESIAN_POINT('',(154.652616338,310.479238971,-0.666184602));
#4970=CARTESIAN_POINT('',(154.614875899,310.484217561,-0.575484266));
#4971=CARTESIAN_POINT('',(154.57713546,310.489196151,-0.48478393));
#4972=CARTESIAN_POINT('',(154.548207922,310.493206365,-0.389625186));
#4973=CARTESIAN_POINT('',(154.529062077,310.495888494,-0.293810692));
#4974=CARTESIAN_POINT('',(154.509916232,310.498570623,-0.197996199));
#4975=CARTESIAN_POINT('',(154.500089023,310.499987272,-0.100428468));
#4976=CARTESIAN_POINT('',(154.500000602,310.499999914,-0.001344265));
#4977=CARTESIAN_POINT('',(154.499912181,310.500012556,0.097739938));
#4978=CARTESIAN_POINT('',(154.50954452,310.498623778,0.195191225));
#4979=CARTESIAN_POINT('',(154.528518093,310.495964714,0.2910751));
#4980=CARTESIAN_POINT('',(154.547491666,310.493305651,0.386958975));
#4981=CARTESIAN_POINT('',(154.576292661,310.489311086,0.482289981));
#4982=CARTESIAN_POINT('',(154.613839797,310.484354291,0.572987874));
#4983=CARTESIAN_POINT('',(154.651386934,310.479397496,0.663685767));
#4984=CARTESIAN_POINT('',(154.69737422,310.473517864,0.749731104));
#4985=CARTESIAN_POINT('',(154.751769084,310.467051449,0.831164227));
#4986=CARTESIAN_POINT('',(154.806163948,310.460585034,0.91259735));
#4987=CARTESIAN_POINT('',(154.86940184,310.453499016,0.989524533));
#4988=CARTESIAN_POINT('',(154.938487938,310.44651466,1.058457113));
#4989=CARTESIAN_POINT('',(155.076660132,310.432545949,1.196322273));
#4990=CARTESIAN_POINT('',(155.243896443,310.418530511,1.307619736));
#4991=CARTESIAN_POINT('',(155.424317813,310.40863857,1.382115447));
#4992=CARTESIAN_POINT('',(155.514528498,310.4036926,1.419363303));
#4993=CARTESIAN_POINT('',(155.60919556,310.399683275,1.448089853));
#4994=CARTESIAN_POINT('',(155.706042525,310.396971952,1.467301681));
#4995=CARTESIAN_POINT('',(155.80288949,310.394260629,1.48651351));
#4996=CARTESIAN_POINT('',(155.900870972,310.392857143,1.496168576));
#4997=CARTESIAN_POINT('',(156.,310.392857143,1.496168576));
#4998=B_SPLINE_CURVE_WITH_KNOTS('',3,(#4904,#4905,#4906,#4907,#4908,#4909,#4910,#4911,#4912,#4913,#4914,#4915,#4916,#4917,#4918,#4919,#4920,#4921,#4922,#4923,#4924,#4925,#4926,#4927,#4928,#4929,
#4930,#4931,#4932,#4933,#4934,#4935,#4936,#4937,#4938,#4939,#4940,#4941,#4942,#4943,#4944,#4945,#4946,#4947,#4948,#4949,#4950,#4951,#4952,#4953,#4954,
#4955,#4956,#4957,#4958,#4959,#4960,#4961,#4962,#4963,#4964,#4965,#4966,#4967,#4968,#4969,#4970,#4971,#4972,#4973,#4974,#4975,#4976,#4977,#4978,#4979,
#4980,#4981,#4982,#4983,#4984,#4985,#4986,#4987,#4988,#4989,#4990,#4991,#4992,#4993,#4994,#4995,#4996,#4997),.UNSPECIFIED.,.T.,.F.,(4,3,3,3,3,3,3,3,3,3,3,3,3,3,3,3,3,3,3,3,3,3,3,3,3,3,
3,3,3,3,3,4),(0.,0.000293159,0.000586319,0.000879478,0.001172638,0.001465797,0.001758957,0.002052116,0.002345276,0.002638435,0.002931595,0.003224754,0.003517913,0.003811073,0.004104232,0.004397392,0.004690551,0.004983711,0.00527687,0.00557003,0.005863189,0.006156348,0.006449508,0.006742667,0.007035827,0.007328986,
0.007622146,0.007915305,0.008208465,0.008794784,0.009087943,0.009381102),.UNSPECIFIED.);
#4999=EDGE_CURVE('421',#4893,#4903,#4998,.T.);
#5000=ORIENTED_EDGE('',*,*,#4999,.T.);
#5001=CARTESIAN_POINT('',(157.499999938,310.499999999,-0.));
#5002=VERTEX_POINT('',#5001);
#5003=CARTESIAN_POINT('',(156.,310.392857143,1.496168576));
#5004=CARTESIAN_POINT('',(156.099129149,310.392857143,1.496168576));
#5005=CARTESIAN_POINT('',(156.196595556,310.394259917,1.486514663));
#5006=CARTESIAN_POINT('',(156.292468161,310.396930363,1.467596343));
#5007=CARTESIAN_POINT('',(156.388340766,310.399600809,1.448678022));
#5008=CARTESIAN_POINT('',(156.483615292,310.403601714,1.420033458));
#5009=CARTESIAN_POINT('',(156.574432385,310.408570122,1.38263083));
#5010=CARTESIAN_POINT('',(156.665249479,310.41353853,1.345228202));
#5011=CARTESIAN_POINT('',(156.751390911,310.419425895,1.29943696));
#5012=CARTESIAN_POINT('',(156.832904714,310.425891917,1.245302265));
#5013=CARTESIAN_POINT('',(156.914418516,310.43235794,1.191167569));
#5014=CARTESIAN_POINT('',(156.991584579,310.439450332,1.128128324));
#5015=CARTESIAN_POINT('',(157.060743738,310.446437013,1.059223172));
#5016=CARTESIAN_POINT('',(157.129902897,310.453423695,0.99031802));
#5017=CARTESIAN_POINT('',(157.191980781,310.46037199,0.915067503));
#5018=CARTESIAN_POINT('',(157.246811401,310.466882794,0.833285414));
#5019=CARTESIAN_POINT('',(157.301642021,310.473393598,0.751503324));
#5020=CARTESIAN_POINT('',(157.348221197,310.479347661,0.664394896));
#5021=CARTESIAN_POINT('',(157.385631271,310.484284477,0.574263879));
#5022=CARTESIAN_POINT('',(157.423041345,310.489221293,0.484132862));
#5023=CARTESIAN_POINT('',(157.451858504,310.493215318,0.389622517));
#5024=CARTESIAN_POINT('',(157.471130803,310.495915516,0.292843778));
#5025=CARTESIAN_POINT('',(157.490403102,310.498615715,0.196065038));
#5026=CARTESIAN_POINT('',(157.499950233,310.49999189,0.098735094));
#5027=CARTESIAN_POINT('',(157.499999755,310.499999964,0.000866255));
#5028=CARTESIAN_POINT('',(157.500049277,310.500008039,-0.097002584));
#5029=CARTESIAN_POINT('',(157.490313491,310.498603256,-0.196423707));
#5030=CARTESIAN_POINT('',(157.471183959,310.495922964,-0.292576719));
#5031=CARTESIAN_POINT('',(157.452054427,310.493242672,-0.38872973));
#5032=CARTESIAN_POINT('',(157.423743167,310.489315836,-0.482200909));
#5033=CARTESIAN_POINT('',(157.386165816,310.484355032,-0.572974316));
#5034=CARTESIAN_POINT('',(157.348588464,310.479394228,-0.663747723));
#5035=CARTESIAN_POINT('',(157.301673344,310.473400408,-0.751330402));
#5036=CARTESIAN_POINT('',(157.247406051,310.466953422,-0.832397783));
#5037=CARTESIAN_POINT('',(157.193138757,310.460506435,-0.913465164));
#5038=CARTESIAN_POINT('',(157.131044422,310.45354122,-0.989137));
#5039=CARTESIAN_POINT('',(157.061073968,310.446470379,-1.058894052));
#5040=CARTESIAN_POINT('',(156.991103515,310.439399539,-1.128651104));
#5041=CARTESIAN_POINT('',(156.915404445,310.432446129,-1.190391454));
#5042=CARTESIAN_POINT('',(156.834184971,310.425993551,-1.244451076));
#5043=CARTESIAN_POINT('',(156.752965498,310.419540972,-1.298510697));
#5044=CARTESIAN_POINT('',(156.665172744,310.413534095,-1.3452619));
#5045=CARTESIAN_POINT('',(156.574404942,310.408568621,-1.382642132));
#5046=CARTESIAN_POINT('',(156.48363714,310.403603147,-1.420022364));
#5047=CARTESIAN_POINT('',(156.390154152,310.399665164,-1.448218153));
#5048=CARTESIAN_POINT('',(156.29396778,310.396972241,-1.467299637));
#5049=CARTESIAN_POINT('',(156.197781408,310.394279317,-1.486381121));
#5050=CARTESIAN_POINT('',(156.098395986,310.392862216,-1.496133338));
#5051=CARTESIAN_POINT('',(156.000542812,310.392857157,-1.496168479));
#5052=CARTESIAN_POINT('',(155.902689638,310.392852098,-1.49620362));
#5053=CARTESIAN_POINT('',(155.805331404,310.394215045,-1.486830053));
#5054=CARTESIAN_POINT('',(155.708481431,310.396903956,-1.467783407));
#5055=CARTESIAN_POINT('',(155.611631457,310.399592867,-1.448736761));
#5056=CARTESIAN_POINT('',(155.517089405,310.403573907,-1.420228772));
#5057=CARTESIAN_POINT('',(155.426808803,310.408502293,-1.38314136));
#5058=CARTESIAN_POINT('',(155.336528201,310.413430678,-1.346053948));
#5059=CARTESIAN_POINT('',(155.249167476,310.419382195,-1.299800583));
#5060=CARTESIAN_POINT('',(155.167171215,310.425885895,-1.245352687));
#5061=CARTESIAN_POINT('',(155.085174954,310.432389594,-1.19090479));
#5062=CARTESIAN_POINT('',(155.009632115,310.439334934,-1.129191921));
#5063=CARTESIAN_POINT('',(154.940386857,310.446322858,-1.06034841));
#5064=CARTESIAN_POINT('',(154.871141599,310.453310781,-0.9915049));
#5065=CARTESIAN_POINT('',(154.807728879,310.460406772,-0.914621948));
#5066=CARTESIAN_POINT('',(154.75324772,310.466875774,-0.833373588));
#5067=CARTESIAN_POINT('',(154.69876656,310.473344775,-0.752125227));
#5068=CARTESIAN_POINT('',(154.652616338,310.479238971,-0.666184602));
#5069=CARTESIAN_POINT('',(154.614875899,310.484217561,-0.575484266));
#5070=CARTESIAN_POINT('',(154.57713546,310.489196151,-0.48478393));
#5071=CARTESIAN_POINT('',(154.548207922,310.493206365,-0.389625186));
#5072=CARTESIAN_POINT('',(154.529062077,310.495888494,-0.293810692));
#5073=CARTESIAN_POINT('',(154.509916232,310.498570623,-0.197996199));
#5074=CARTESIAN_POINT('',(154.500089023,310.499987272,-0.100428468));
#5075=CARTESIAN_POINT('',(154.500000602,310.499999914,-0.001344265));
#5076=CARTESIAN_POINT('',(154.499912181,310.500012556,0.097739938));
#5077=CARTESIAN_POINT('',(154.50954452,310.498623778,0.195191225));
#5078=CARTESIAN_POINT('',(154.528518093,310.495964714,0.2910751));
#5079=CARTESIAN_POINT('',(154.547491666,310.493305651,0.386958975));
#5080=CARTESIAN_POINT('',(154.576292661,310.489311086,0.482289981));
#5081=CARTESIAN_POINT('',(154.613839797,310.484354291,0.572987874));
#5082=CARTESIAN_POINT('',(154.651386934,310.479397496,0.663685767));
#5083=CARTESIAN_POINT('',(154.69737422,310.473517864,0.749731104));
#5084=CARTESIAN_POINT('',(154.751769084,310.467051449,0.831164227));
#5085=CARTESIAN_POINT('',(154.806163948,310.460585034,0.91259735));
#5086=CARTESIAN_POINT('',(154.86940184,310.453499016,0.989524533));
#5087=CARTESIAN_POINT('',(154.938487938,310.44651466,1.058457113));
#5088=CARTESIAN_POINT('',(155.076660132,310.432545949,1.196322273));
#5089=CARTESIAN_POINT('',(155.243896443,310.418530511,1.307619736));
#5090=CARTESIAN_POINT('',(155.424317813,310.40863857,1.382115447));
#5091=CARTESIAN_POINT('',(155.514528498,310.4036926,1.419363303));
#5092=CARTESIAN_POINT('',(155.60919556,310.399683275,1.448089853));
#5093=CARTESIAN_POINT('',(155.706042525,310.396971952,1.467301681));
#5094=CARTESIAN_POINT('',(155.80288949,310.394260629,1.48651351));
#5095=CARTESIAN_POINT('',(155.900870972,310.392857143,1.496168576));
#5096=CARTESIAN_POINT('',(156.,310.392857143,1.496168576));
#5097=B_SPLINE_CURVE_WITH_KNOTS('',3,(#5003,#5004,#5005,#5006,#5007,#5008,#5009,#5010,#5011,#5012,#5013,#5014,#5015,#5016,#5017,#5018,#5019,#5020,#5021,#5022,#5023,#5024,#5025,#5026,#5027,#5028,
#5029,#5030,#5031,#5032,#5033,#5034,#5035,#5036,#5037,#5038,#5039,#5040,#5041,#5042,#5043,#5044,#5045,#5046,#5047,#5048,#5049,#5050,#5051,#5052,#5053,
#5054,#5055,#5056,#5057,#5058,#5059,#5060,#5061,#5062,#5063,#5064,#5065,#5066,#5067,#5068,#5069,#5070,#5071,#5072,#5073,#5074,#5075,#5076,#5077,#5078,
#5079,#5080,#5081,#5082,#5083,#5084,#5085,#5086,#5087,#5088,#5089,#5090,#5091,#5092,#5093,#5094,#5095,#5096),.UNSPECIFIED.,.T.,.F.,(4,3,3,3,3,3,3,3,3,3,3,3,3,3,3,3,3,3,3,3,3,3,3,3,3,3,
3,3,3,3,3,4),(0.,0.000293159,0.000586319,0.000879478,0.001172638,0.001465797,0.001758957,0.002052116,0.002345276,0.002638435,0.002931595,0.003224754,0.003517913,0.003811073,0.004104232,0.004397392,0.004690551,0.004983711,0.00527687,0.00557003,0.005863189,0.006156348,0.006449508,0.006742667,0.007035827,0.007328986,
0.007622146,0.007915305,0.008208465,0.008794784,0.009087943,0.009381102),.UNSPECIFIED.);
#5098=EDGE_CURVE('421',#4903,#5002,#5097,.T.);
#5099=ORIENTED_EDGE('',*,*,#5098,.T.);
#5100=CARTESIAN_POINT('',(200.,310.5,0.));
#5101=DIRECTION('',(-1.,-0.,-0.));
#5102=VECTOR('',#5101,42.500000062);
#5103=LINE('',#5100,#5102);
#5104=EDGE_CURVE('',#4858,#5002,#5103,.T.);
#5105=ORIENTED_EDGE('',*,*,#5104,.F.);
#5106=ORIENTED_EDGE('',*,*,#4882,.T.);
#5107=ORIENTED_EDGE('',*,*,#4875,.T.);
#5108=ORIENTED_EDGE('',*,*,#5104,.T.);
#5109=CARTESIAN_POINT('',(156.,310.392857143,1.496168576));
#5110=CARTESIAN_POINT('',(156.099129149,310.392857143,1.496168576));
#5111=CARTESIAN_POINT('',(156.196595556,310.394259917,1.486514663));
#5112=CARTESIAN_POINT('',(156.292468161,310.396930363,1.467596343));
#5113=CARTESIAN_POINT('',(156.388340766,310.399600809,1.448678022));
#5114=CARTESIAN_POINT('',(156.483615292,310.403601714,1.420033458));
#5115=CARTESIAN_POINT('',(156.574432385,310.408570122,1.38263083));
#5116=CARTESIAN_POINT('',(156.665249479,310.41353853,1.345228202));
#5117=CARTESIAN_POINT('',(156.751390911,310.419425895,1.29943696));
#5118=CARTESIAN_POINT('',(156.832904714,310.425891917,1.245302265));
#5119=CARTESIAN_POINT('',(156.914418516,310.43235794,1.191167569));
#5120=CARTESIAN_POINT('',(156.991584579,310.439450332,1.128128324));
#5121=CARTESIAN_POINT('',(157.060743738,310.446437013,1.059223172));
#5122=CARTESIAN_POINT('',(157.129902897,310.453423695,0.99031802));
#5123=CARTESIAN_POINT('',(157.191980781,310.46037199,0.915067503));
#5124=CARTESIAN_POINT('',(157.246811401,310.466882794,0.833285414));
#5125=CARTESIAN_POINT('',(157.301642021,310.473393598,0.751503324));
#5126=CARTESIAN_POINT('',(157.348221197,310.479347661,0.664394896));
#5127=CARTESIAN_POINT('',(157.385631271,310.484284477,0.574263879));
#5128=CARTESIAN_POINT('',(157.423041345,310.489221293,0.484132862));
#5129=CARTESIAN_POINT('',(157.451858504,310.493215318,0.389622517));
#5130=CARTESIAN_POINT('',(157.471130803,310.495915516,0.292843778));
#5131=CARTESIAN_POINT('',(157.490403102,310.498615715,0.196065038));
#5132=CARTESIAN_POINT('',(157.499950233,310.49999189,0.098735094));
#5133=CARTESIAN_POINT('',(157.499999755,310.499999964,0.000866255));
#5134=CARTESIAN_POINT('',(157.500049277,310.500008039,-0.097002584));
#5135=CARTESIAN_POINT('',(157.490313491,310.498603256,-0.196423707));
#5136=CARTESIAN_POINT('',(157.471183959,310.495922964,-0.292576719));
#5137=CARTESIAN_POINT('',(157.452054427,310.493242672,-0.38872973));
#5138=CARTESIAN_POINT('',(157.423743167,310.489315836,-0.482200909));
#5139=CARTESIAN_POINT('',(157.386165816,310.484355032,-0.572974316));
#5140=CARTESIAN_POINT('',(157.348588464,310.479394228,-0.663747723));
#5141=CARTESIAN_POINT('',(157.301673344,310.473400408,-0.751330402));
#5142=CARTESIAN_POINT('',(157.247406051,310.466953422,-0.832397783));
#5143=CARTESIAN_POINT('',(157.193138757,310.460506435,-0.913465164));
#5144=CARTESIAN_POINT('',(157.131044422,310.45354122,-0.989137));
#5145=CARTESIAN_POINT('',(157.061073968,310.446470379,-1.058894052));
#5146=CARTESIAN_POINT('',(156.991103515,310.439399539,-1.128651104));
#5147=CARTESIAN_POINT('',(156.915404445,310.432446129,-1.190391454));
#5148=CARTESIAN_POINT('',(156.834184971,310.425993551,-1.244451076));
#5149=CARTESIAN_POINT('',(156.752965498,310.419540972,-1.298510697));
#5150=CARTESIAN_POINT('',(156.665172744,310.413534095,-1.3452619));
#5151=CARTESIAN_POINT('',(156.574404942,310.408568621,-1.382642132));
#5152=CARTESIAN_POINT('',(156.48363714,310.403603147,-1.420022364));
#5153=CARTESIAN_POINT('',(156.390154152,310.399665164,-1.448218153));
#5154=CARTESIAN_POINT('',(156.29396778,310.396972241,-1.467299637));
#5155=CARTESIAN_POINT('',(156.197781408,310.394279317,-1.486381121));
#5156=CARTESIAN_POINT('',(156.098395986,310.392862216,-1.496133338));
#5157=CARTESIAN_POINT('',(156.000542812,310.392857157,-1.496168479));
#5158=CARTESIAN_POINT('',(155.902689638,310.392852098,-1.49620362));
#5159=CARTESIAN_POINT('',(155.805331404,310.394215045,-1.486830053));
#5160=CARTESIAN_POINT('',(155.708481431,310.396903956,-1.467783407));
#5161=CARTESIAN_POINT('',(155.611631457,310.399592867,-1.448736761));
#5162=CARTESIAN_POINT('',(155.517089405,310.403573907,-1.420228772));
#5163=CARTESIAN_POINT('',(155.426808803,310.408502293,-1.38314136));
#5164=CARTESIAN_POINT('',(155.336528201,310.413430678,-1.346053948));
#5165=CARTESIAN_POINT('',(155.249167476,310.419382195,-1.299800583));
#5166=CARTESIAN_POINT('',(155.167171215,310.425885895,-1.245352687));
#5167=CARTESIAN_POINT('',(155.085174954,310.432389594,-1.19090479));
#5168=CARTESIAN_POINT('',(155.009632115,310.439334934,-1.129191921));
#5169=CARTESIAN_POINT('',(154.940386857,310.446322858,-1.06034841));
#5170=CARTESIAN_POINT('',(154.871141599,310.453310781,-0.9915049));
#5171=CARTESIAN_POINT('',(154.807728879,310.460406772,-0.914621948));
#5172=CARTESIAN_POINT('',(154.75324772,310.466875774,-0.833373588));
#5173=CARTESIAN_POINT('',(154.69876656,310.473344775,-0.752125227));
#5174=CARTESIAN_POINT('',(154.652616338,310.479238971,-0.666184602));
#5175=CARTESIAN_POINT('',(154.614875899,310.484217561,-0.575484266));
#5176=CARTESIAN_POINT('',(154.57713546,310.489196151,-0.48478393));
#5177=CARTESIAN_POINT('',(154.548207922,310.493206365,-0.389625186));
#5178=CARTESIAN_POINT('',(154.529062077,310.495888494,-0.293810692));
#5179=CARTESIAN_POINT('',(154.509916232,310.498570623,-0.197996199));
#5180=CARTESIAN_POINT('',(154.500089023,310.499987272,-0.100428468));
#5181=CARTESIAN_POINT('',(154.500000602,310.499999914,-0.001344265));
#5182=CARTESIAN_POINT('',(154.499912181,310.500012556,0.097739938));
#5183=CARTESIAN_POINT('',(154.50954452,310.498623778,0.195191225));
#5184=CARTESIAN_POINT('',(154.528518093,310.495964714,0.2910751));
#5185=CARTESIAN_POINT('',(154.547491666,310.493305651,0.386958975));
#5186=CARTESIAN_POINT('',(154.576292661,310.489311086,0.482289981));
#5187=CARTESIAN_POINT('',(154.613839797,310.484354291,0.572987874));
#5188=CARTESIAN_POINT('',(154.651386934,310.479397496,0.663685767));
#5189=CARTESIAN_POINT('',(154.69737422,310.473517864,0.749731104));
#5190=CARTESIAN_POINT('',(154.751769084,310.467051449,0.831164227));
#5191=CARTESIAN_POINT('',(154.806163948,310.460585034,0.91259735));
#5192=CARTESIAN_POINT('',(154.86940184,310.453499016,0.989524533));
#5193=CARTESIAN_POINT('',(154.938487938,310.44651466,1.058457113));
#5194=CARTESIAN_POINT('',(155.076660132,310.432545949,1.196322273));
#5195=CARTESIAN_POINT('',(155.243896443,310.418530511,1.307619736));
#5196=CARTESIAN_POINT('',(155.424317813,310.40863857,1.382115447));
#5197=CARTESIAN_POINT('',(155.514528498,310.4036926,1.419363303));
#5198=CARTESIAN_POINT('',(155.60919556,310.399683275,1.448089853));
#5199=CARTESIAN_POINT('',(155.706042525,310.396971952,1.467301681));
#5200=CARTESIAN_POINT('',(155.80288949,310.394260629,1.48651351));
#5201=CARTESIAN_POINT('',(155.900870972,310.392857143,1.496168576));
#5202=CARTESIAN_POINT('',(156.,310.392857143,1.496168576));
#5203=B_SPLINE_CURVE_WITH_KNOTS('',3,(#5109,#5110,#5111,#5112,#5113,#5114,#5115,#5116,#5117,#5118,#5119,#5120,#5121,#5122,#5123,#5124,#5125,#5126,#5127,#5128,#5129,#5130,#5131,#5132,#5133,#5134,
#5135,#5136,#5137,#5138,#5139,#5140,#5141,#5142,#5143,#5144,#5145,#5146,#5147,#5148,#5149,#5150,#5151,#5152,#5153,#5154,#5155,#5156,#5157,#5158,#5159,
#5160,#5161,#5162,#5163,#5164,#5165,#5166,#5167,#5168,#5169,#5170,#5171,#5172,#5173,#5174,#5175,#5176,#5177,#5178,#5179,#5180,#5181,#5182,#5183,#5184,
#5185,#5186,#5187,#5188,#5189,#5190,#5191,#5192,#5193,#5194,#5195,#5196,#5197,#5198,#5199,#5200,#5201,#5202),.UNSPECIFIED.,.T.,.F.,(4,3,3,3,3,3,3,3,3,3,3,3,3,3,3,3,3,3,3,3,3,3,3,3,3,3,
3,3,3,3,3,4),(0.,0.000293159,0.000586319,0.000879478,0.001172638,0.001465797,0.001758957,0.002052116,0.002345276,0.002638435,0.002931595,0.003224754,0.003517913,0.003811073,0.004104232,0.004397392,0.004690551,0.004983711,0.00527687,0.00557003,0.005863189,0.006156348,0.006449508,0.006742667,0.007035827,0.007328986,
0.007622146,0.007915305,0.008208465,0.008794784,0.009087943,0.009381102),.UNSPECIFIED.);
#5204=EDGE_CURVE('421',#5002,#4893,#5203,.T.);
#5205=ORIENTED_EDGE('',*,*,#5204,.T.);
#5206=ORIENTED_EDGE('',*,*,#4900,.T.);
#5207=CARTESIAN_POINT('',(145.999999997,310.5,0.));
#5208=VERTEX_POINT('',#5207);
#5209=CARTESIAN_POINT('',(147.,310.452380952,0.99886557));
#5210=CARTESIAN_POINT('',(147.066074231,310.452380952,0.99886557));
#5211=CARTESIAN_POINT('',(147.131042477,310.453004187,0.992403735));
#5212=CARTESIAN_POINT('',(147.194950248,310.454190743,0.979742779));
#5213=CARTESIAN_POINT('',(147.258858019,310.455377299,0.967081823));
#5214=CARTESIAN_POINT('',(147.322367954,310.457155,0.947913727));
#5215=CARTESIAN_POINT('',(147.382916297,310.45936309,0.922888807));
#5216=CARTESIAN_POINT('',(147.443464641,310.46157118,0.897863888));
#5217=CARTESIAN_POINT('',(147.50089768,310.464187849,0.867231908));
#5218=CARTESIAN_POINT('',(147.555245145,310.46706177,0.831034236));
#5219=CARTESIAN_POINT('',(147.60959261,310.469935691,0.794836565));
#5220=CARTESIAN_POINT('',(147.661049674,310.473088568,0.752692319));
#5221=CARTESIAN_POINT('',(147.707166332,310.476194487,0.706646359));
#5222=CARTESIAN_POINT('',(147.799399647,310.482406324,0.614554438));
#5223=CARTESIAN_POINT('',(147.87390157,310.488629348,0.503126366));
#5224=CARTESIAN_POINT('',(147.923777451,310.49301737,0.382866117));
#5225=CARTESIAN_POINT('',(147.973653333,310.497405393,0.262605867));
#5226=CARTESIAN_POINT('',(147.999927667,310.499993111,0.131010836));
#5227=CARTESIAN_POINT('',(147.999999847,310.499999985,0.000553244));
#5228=CARTESIAN_POINT('',(148.000035937,310.500003423,-0.064675553));
#5229=CARTESIAN_POINT('',(147.993544562,310.499379437,-0.1309339));
#5230=CARTESIAN_POINT('',(147.980791728,310.49818821,-0.195049489));
#5231=CARTESIAN_POINT('',(147.968038895,310.496996984,-0.259165078));
#5232=CARTESIAN_POINT('',(147.949165998,310.495251869,-0.32149099));
#5233=CARTESIAN_POINT('',(147.924129153,310.493048319,-0.382016992));
#5234=CARTESIAN_POINT('',(147.899092309,310.490844768,-0.442542994));
#5235=CARTESIAN_POINT('',(147.86779693,310.488179156,-0.501034716));
#5236=CARTESIAN_POINT('',(147.831613647,310.485313393,-0.555160379));
#5237=CARTESIAN_POINT('',(147.795430363,310.48244763,-0.609286042));
#5238=CARTESIAN_POINT('',(147.754109313,310.479356596,-0.659741193));
#5239=CARTESIAN_POINT('',(147.707432796,310.476212437,-0.706380203));
#5240=CARTESIAN_POINT('',(147.660756278,310.473068278,-0.753019214));
#5241=CARTESIAN_POINT('',(147.610238681,310.469974275,-0.794325578));
#5242=CARTESIAN_POINT('',(147.556095555,310.467106775,-0.8304672));
#5243=CARTESIAN_POINT('',(147.501952428,310.464239275,-0.866608821));
#5244=CARTESIAN_POINT('',(147.4434815,310.461571853,-0.897856155));
#5245=CARTESIAN_POINT('',(147.382926288,310.459363454,-0.922884678));
#5246=CARTESIAN_POINT('',(147.322371075,310.457155056,-0.947913201));
#5247=CARTESIAN_POINT('',(147.260043846,310.455405528,-0.966777947));
#5248=CARTESIAN_POINT('',(147.19596021,310.454209543,-0.979542153));
#5249=CARTESIAN_POINT('',(147.131876574,310.453013558,-0.99230636));
#5250=CARTESIAN_POINT('',(147.065607282,310.452383192,-0.998842134));
#5251=CARTESIAN_POINT('',(147.000359423,310.452380959,-0.998865505));
#5252=CARTESIAN_POINT('',(146.869863703,310.452376492,-0.998912248));
#5253=CARTESIAN_POINT('',(146.73827325,310.454952914,-0.972852267));
#5254=CARTESIAN_POINT('',(146.617900119,310.459333349,-0.923225814));
#5255=CARTESIAN_POINT('',(146.497526987,310.463713783,-0.873599362));
#5256=CARTESIAN_POINT('',(146.385894498,310.469933581,-0.799366887));
#5257=CARTESIAN_POINT('',(146.293588593,310.47614367,-0.707399321));
#5258=CARTESIAN_POINT('',(146.247435641,310.479248715,-0.661415539));
#5259=CARTESIAN_POINT('',(146.20516713,310.482401814,-0.610087569));
#5260=CARTESIAN_POINT('',(146.168819071,310.48527913,-0.555807125));
#5261=CARTESIAN_POINT('',(146.132471013,310.488156446,-0.50152668));
#5262=CARTESIAN_POINT('',(146.101712764,310.490775619,-0.444169766));
#5263=CARTESIAN_POINT('',(146.076574303,310.492986429,-0.383713164));
#5264=CARTESIAN_POINT('',(146.051435842,310.495197239,-0.323256561));
#5265=CARTESIAN_POINT('',(146.032125224,310.496981843,-0.259723674));
#5266=CARTESIAN_POINT('',(146.01936324,310.498173736,-0.195826991));
#5267=CARTESIAN_POINT('',(146.006601257,310.499365629,-0.131930309));
#5268=CARTESIAN_POINT('',(146.000064811,310.499993828,-0.066993398));
#5269=CARTESIAN_POINT('',(146.000000475,310.499999955,-0.000974507));
#5270=CARTESIAN_POINT('',(145.999936139,310.500006082,0.065044384));
#5271=CARTESIAN_POINT('',(146.00636764,310.499387877,0.130152319));
#5272=CARTESIAN_POINT('',(146.019011686,310.498206575,0.194058528));
#5273=CARTESIAN_POINT('',(146.031655733,310.497025273,0.257964736));
#5274=CARTESIAN_POINT('',(146.050810349,310.495253966,0.321430909));
#5275=CARTESIAN_POINT('',(146.075864379,310.493048888,0.382001355));
#5276=CARTESIAN_POINT('',(146.100918408,310.490843809,0.442571801));
#5277=CARTESIAN_POINT('',(146.131588465,310.488229819,0.49999336));
#5278=CARTESIAN_POINT('',(146.167815684,310.485358606,0.554305776));
#5279=CARTESIAN_POINT('',(146.204042903,310.482487394,0.608618193));
#5280=CARTESIAN_POINT('',(146.246232185,310.479335303,0.660049545));
#5281=CARTESIAN_POINT('',(146.292324986,310.476228758,0.706138091));
#5282=CARTESIAN_POINT('',(146.38451059,310.470015668,0.798315181));
#5283=CARTESIAN_POINT('',(146.495982523,310.46378885,0.872711893));
#5284=CARTESIAN_POINT('',(146.616264562,310.459392995,0.922549828));
#5285=CARTESIAN_POINT('',(146.7365466,310.454997139,0.972387763));
#5286=CARTESIAN_POINT('',(146.867851703,310.452380952,0.99886557));
#5287=CARTESIAN_POINT('',(147.,310.452380952,0.99886557));
#5288=B_SPLINE_CURVE_WITH_KNOTS('',3,(#5209,#5210,#5211,#5212,#5213,#5214,#5215,#5216,#5217,#5218,#5219,#5220,#5221,#5222,#5223,#5224,#5225,#5226,#5227,#5228,#5229,#5230,#5231,#5232,#5233,#5234,
#5235,#5236,#5237,#5238,#5239,#5240,#5241,#5242,#5243,#5244,#5245,#5246,#5247,#5248,#5249,#5250,#5251,#5252,#5253,#5254,#5255,#5256,#5257,#5258,#5259,
#5260,#5261,#5262,#5263,#5264,#5265,#5266,#5267,#5268,#5269,#5270,#5271,#5272,#5273,#5274,#5275,#5276,#5277,#5278,#5279,#5280,#5281,#5282,#5283,#5284,
#5285,#5286,#5287),.UNSPECIFIED.,.T.,.F.,(4,3,3,3,3,3,3,3,3,3,3,3,3,3,3,3,3,3,3,3,3,3,3,3,3,3,
4),(0.,0.000195407,0.000390814,0.000586221,0.000781629,0.001172443,0.001563257,0.001758664,0.001954071,0.002149479,0.002344886,0.002540293,0.0027357,0.002931107,0.003126514,0.003517329,0.003908143,0.00410355,0.004298957,0.004494364,0.004689771,0.004885178,0.005080586,0.005275993,0.0054714,0.005862214,
0.006253028),.UNSPECIFIED.);
#5289=EDGE_CURVE('425',#4895,#5208,#5288,.T.);
#5290=ORIENTED_EDGE('',*,*,#5289,.T.);
#5291=CARTESIAN_POINT('',(50.,310.5,-0.));
#5292=VERTEX_POINT('',#5291);
#5293=CARTESIAN_POINT('',(145.999999997,310.5,0.));
#5294=DIRECTION('',(-1.,-0.,-0.));
#5295=VECTOR('',#5294,95.999999997);
#5296=LINE('',#5293,#5295);
#5297=EDGE_CURVE('',#5208,#5292,#5296,.T.);
#5298=ORIENTED_EDGE('',*,*,#5297,.T.);
#5299=CARTESIAN_POINT('',(50.,289.5,0.));
#5300=VERTEX_POINT('',#5299);
#5301=CARTESIAN_POINT('',(50.,300.,0.));
#5302=DIRECTION('',(1.,0.,0.));
#5303=DIRECTION('',(-0.,1.,0.));
#5304=AXIS2_PLACEMENT_3D('',#5301,#5302,#5303);
#5305=CIRCLE('',#5304,10.5);
#5306=EDGE_CURVE('309',#5300,#5292,#5305,.T.);
#5307=ORIENTED_EDGE('',*,*,#5306,.F.);
#5308=CARTESIAN_POINT('',(50.,300.,0.));
#5309=DIRECTION('',(1.,0.,0.));
#5310=DIRECTION('',(-0.,1.,0.));
#5311=AXIS2_PLACEMENT_3D('',#5308,#5309,#5310);
#5312=CIRCLE('',#5311,10.5);
#5313=EDGE_CURVE('309',#5292,#5300,#5312,.T.);
#5314=ORIENTED_EDGE('',*,*,#5313,.F.);
#5315=ORIENTED_EDGE('',*,*,#5297,.F.);
#5316=CARTESIAN_POINT('',(147.,310.452380952,0.99886557));
#5317=VERTEX_POINT('',#5316);
#5318=CARTESIAN_POINT('',(147.,310.452380952,0.99886557));
#5319=CARTESIAN_POINT('',(147.066074231,310.452380952,0.99886557));
#5320=CARTESIAN_POINT('',(147.131042477,310.453004187,0.992403735));
#5321=CARTESIAN_POINT('',(147.194950248,310.454190743,0.979742779));
#5322=CARTESIAN_POINT('',(147.258858019,310.455377299,0.967081823));
#5323=CARTESIAN_POINT('',(147.322367954,310.457155,0.947913727));
#5324=CARTESIAN_POINT('',(147.382916297,310.45936309,0.922888807));
#5325=CARTESIAN_POINT('',(147.443464641,310.46157118,0.897863888));
#5326=CARTESIAN_POINT('',(147.50089768,310.464187849,0.867231908));
#5327=CARTESIAN_POINT('',(147.555245145,310.46706177,0.831034236));
#5328=CARTESIAN_POINT('',(147.60959261,310.469935691,0.794836565));
#5329=CARTESIAN_POINT('',(147.661049674,310.473088568,0.752692319));
#5330=CARTESIAN_POINT('',(147.707166332,310.476194487,0.706646359));
#5331=CARTESIAN_POINT('',(147.799399647,310.482406324,0.614554438));
#5332=CARTESIAN_POINT('',(147.87390157,310.488629348,0.503126366));
#5333=CARTESIAN_POINT('',(147.923777451,310.49301737,0.382866117));
#5334=CARTESIAN_POINT('',(147.973653333,310.497405393,0.262605867));
#5335=CARTESIAN_POINT('',(147.999927667,310.499993111,0.131010836));
#5336=CARTESIAN_POINT('',(147.999999847,310.499999985,0.000553244));
#5337=CARTESIAN_POINT('',(148.000035937,310.500003423,-0.064675553));
#5338=CARTESIAN_POINT('',(147.993544562,310.499379437,-0.1309339));
#5339=CARTESIAN_POINT('',(147.980791728,310.49818821,-0.195049489));
#5340=CARTESIAN_POINT('',(147.968038895,310.496996984,-0.259165078));
#5341=CARTESIAN_POINT('',(147.949165998,310.495251869,-0.32149099));
#5342=CARTESIAN_POINT('',(147.924129153,310.493048319,-0.382016992));
#5343=CARTESIAN_POINT('',(147.899092309,310.490844768,-0.442542994));
#5344=CARTESIAN_POINT('',(147.86779693,310.488179156,-0.501034716));
#5345=CARTESIAN_POINT('',(147.831613647,310.485313393,-0.555160379));
#5346=CARTESIAN_POINT('',(147.795430363,310.48244763,-0.609286042));
#5347=CARTESIAN_POINT('',(147.754109313,310.479356596,-0.659741193));
#5348=CARTESIAN_POINT('',(147.707432796,310.476212437,-0.706380203));
#5349=CARTESIAN_POINT('',(147.660756278,310.473068278,-0.753019214));
#5350=CARTESIAN_POINT('',(147.610238681,310.469974275,-0.794325578));
#5351=CARTESIAN_POINT('',(147.556095555,310.467106775,-0.8304672));
#5352=CARTESIAN_POINT('',(147.501952428,310.464239275,-0.866608821));
#5353=CARTESIAN_POINT('',(147.4434815,310.461571853,-0.897856155));
#5354=CARTESIAN_POINT('',(147.382926288,310.459363454,-0.922884678));
#5355=CARTESIAN_POINT('',(147.322371075,310.457155056,-0.947913201));
#5356=CARTESIAN_POINT('',(147.260043846,310.455405528,-0.966777947));
#5357=CARTESIAN_POINT('',(147.19596021,310.454209543,-0.979542153));
#5358=CARTESIAN_POINT('',(147.131876574,310.453013558,-0.99230636));
#5359=CARTESIAN_POINT('',(147.065607282,310.452383192,-0.998842134));
#5360=CARTESIAN_POINT('',(147.000359423,310.452380959,-0.998865505));
#5361=CARTESIAN_POINT('',(146.869863703,310.452376492,-0.998912248));
#5362=CARTESIAN_POINT('',(146.73827325,310.454952914,-0.972852267));
#5363=CARTESIAN_POINT('',(146.617900119,310.459333349,-0.923225814));
#5364=CARTESIAN_POINT('',(146.497526987,310.463713783,-0.873599362));
#5365=CARTESIAN_POINT('',(146.385894498,310.469933581,-0.799366887));
#5366=CARTESIAN_POINT('',(146.293588593,310.47614367,-0.707399321));
#5367=CARTESIAN_POINT('',(146.247435641,310.479248715,-0.661415539));
#5368=CARTESIAN_POINT('',(146.20516713,310.482401814,-0.610087569));
#5369=CARTESIAN_POINT('',(146.168819071,310.48527913,-0.555807125));
#5370=CARTESIAN_POINT('',(146.132471013,310.488156446,-0.50152668));
#5371=CARTESIAN_POINT('',(146.101712764,310.490775619,-0.444169766));
#5372=CARTESIAN_POINT('',(146.076574303,310.492986429,-0.383713164));
#5373=CARTESIAN_POINT('',(146.051435842,310.495197239,-0.323256561));
#5374=CARTESIAN_POINT('',(146.032125224,310.496981843,-0.259723674));
#5375=CARTESIAN_POINT('',(146.01936324,310.498173736,-0.195826991));
#5376=CARTESIAN_POINT('',(146.006601257,310.499365629,-0.131930309));
#5377=CARTESIAN_POINT('',(146.000064811,310.499993828,-0.066993398));
#5378=CARTESIAN_POINT('',(146.000000475,310.499999955,-0.000974507));
#5379=CARTESIAN_POINT('',(145.999936139,310.500006082,0.065044384));
#5380=CARTESIAN_POINT('',(146.00636764,310.499387877,0.130152319));
#5381=CARTESIAN_POINT('',(146.019011686,310.498206575,0.194058528));
#5382=CARTESIAN_POINT('',(146.031655733,310.497025273,0.257964736));
#5383=CARTESIAN_POINT('',(146.050810349,310.495253966,0.321430909));
#5384=CARTESIAN_POINT('',(146.075864379,310.493048888,0.382001355));
#5385=CARTESIAN_POINT('',(146.100918408,310.490843809,0.442571801));
#5386=CARTESIAN_POINT('',(146.131588465,310.488229819,0.49999336));
#5387=CARTESIAN_POINT('',(146.167815684,310.485358606,0.554305776));
#5388=CARTESIAN_POINT('',(146.204042903,310.482487394,0.608618193));
#5389=CARTESIAN_POINT('',(146.246232185,310.479335303,0.660049545));
#5390=CARTESIAN_POINT('',(146.292324986,310.476228758,0.706138091));
#5391=CARTESIAN_POINT('',(146.38451059,310.470015668,0.798315181));
#5392=CARTESIAN_POINT('',(146.495982523,310.46378885,0.872711893));
#5393=CARTESIAN_POINT('',(146.616264562,310.459392995,0.922549828));
#5394=CARTESIAN_POINT('',(146.7365466,310.454997139,0.972387763));
#5395=CARTESIAN_POINT('',(146.867851703,310.452380952,0.99886557));
#5396=CARTESIAN_POINT('',(147.,310.452380952,0.99886557));
#5397=B_SPLINE_CURVE_WITH_KNOTS('',3,(#5318,#5319,#5320,#5321,#5322,#5323,#5324,#5325,#5326,#5327,#5328,#5329,#5330,#5331,#5332,#5333,#5334,#5335,#5336,#5337,#5338,#5339,#5340,#5341,#5342,#5343,
#5344,#5345,#5346,#5347,#5348,#5349,#5350,#5351,#5352,#5353,#5354,#5355,#5356,#5357,#5358,#5359,#5360,#5361,#5362,#5363,#5364,#5365,#5366,#5367,#5368,
#5369,#5370,#5371,#5372,#5373,#5374,#5375,#5376,#5377,#5378,#5379,#5380,#5381,#5382,#5383,#5384,#5385,#5386,#5387,#5388,#5389,#5390,#5391,#5392,#5393,
#5394,#5395,#5396),.UNSPECIFIED.,.T.,.F.,(4,3,3,3,3,3,3,3,3,3,3,3,3,3,3,3,3,3,3,3,3,3,3,3,3,3,
4),(0.,0.000195407,0.000390814,0.000586221,0.000781629,0.001172443,0.001563257,0.001758664,0.001954071,0.002149479,0.002344886,0.002540293,0.0027357,0.002931107,0.003126514,0.003517329,0.003908143,0.00410355,0.004298957,0.004494364,0.004689771,0.004885178,0.005080586,0.005275993,0.0054714,0.005862214,
0.006253028),.UNSPECIFIED.);
#5398=EDGE_CURVE('425',#5208,#5317,#5397,.T.);
#5399=ORIENTED_EDGE('',*,*,#5398,.T.);
#5400=CARTESIAN_POINT('',(147.,310.452380952,0.99886557));
#5401=CARTESIAN_POINT('',(147.066074231,310.452380952,0.99886557));
#5402=CARTESIAN_POINT('',(147.131042477,310.453004187,0.992403735));
#5403=CARTESIAN_POINT('',(147.194950248,310.454190743,0.979742779));
#5404=CARTESIAN_POINT('',(147.258858019,310.455377299,0.967081823));
#5405=CARTESIAN_POINT('',(147.322367954,310.457155,0.947913727));
#5406=CARTESIAN_POINT('',(147.382916297,310.45936309,0.922888807));
#5407=CARTESIAN_POINT('',(147.443464641,310.46157118,0.897863888));
#5408=CARTESIAN_POINT('',(147.50089768,310.464187849,0.867231908));
#5409=CARTESIAN_POINT('',(147.555245145,310.46706177,0.831034236));
#5410=CARTESIAN_POINT('',(147.60959261,310.469935691,0.794836565));
#5411=CARTESIAN_POINT('',(147.661049674,310.473088568,0.752692319));
#5412=CARTESIAN_POINT('',(147.707166332,310.476194487,0.706646359));
#5413=CARTESIAN_POINT('',(147.799399647,310.482406324,0.614554438));
#5414=CARTESIAN_POINT('',(147.87390157,310.488629348,0.503126366));
#5415=CARTESIAN_POINT('',(147.923777451,310.49301737,0.382866117));
#5416=CARTESIAN_POINT('',(147.973653333,310.497405393,0.262605867));
#5417=CARTESIAN_POINT('',(147.999927667,310.499993111,0.131010836));
#5418=CARTESIAN_POINT('',(147.999999847,310.499999985,0.000553244));
#5419=CARTESIAN_POINT('',(148.000035937,310.500003423,-0.064675553));
#5420=CARTESIAN_POINT('',(147.993544562,310.499379437,-0.1309339));
#5421=CARTESIAN_POINT('',(147.980791728,310.49818821,-0.195049489));
#5422=CARTESIAN_POINT('',(147.968038895,310.496996984,-0.259165078));
#5423=CARTESIAN_POINT('',(147.949165998,310.495251869,-0.32149099));
#5424=CARTESIAN_POINT('',(147.924129153,310.493048319,-0.382016992));
#5425=CARTESIAN_POINT('',(147.899092309,310.490844768,-0.442542994));
#5426=CARTESIAN_POINT('',(147.86779693,310.488179156,-0.501034716));
#5427=CARTESIAN_POINT('',(147.831613647,310.485313393,-0.555160379));
#5428=CARTESIAN_POINT('',(147.795430363,310.48244763,-0.609286042));
#5429=CARTESIAN_POINT('',(147.754109313,310.479356596,-0.659741193));
#5430=CARTESIAN_POINT('',(147.707432796,310.476212437,-0.706380203));
#5431=CARTESIAN_POINT('',(147.660756278,310.473068278,-0.753019214));
#5432=CARTESIAN_POINT('',(147.610238681,310.469974275,-0.794325578));
#5433=CARTESIAN_POINT('',(147.556095555,310.467106775,-0.8304672));
#5434=CARTESIAN_POINT('',(147.501952428,310.464239275,-0.866608821));
#5435=CARTESIAN_POINT('',(147.4434815,310.461571853,-0.897856155));
#5436=CARTESIAN_POINT('',(147.382926288,310.459363454,-0.922884678));
#5437=CARTESIAN_POINT('',(147.322371075,310.457155056,-0.947913201));
#5438=CARTESIAN_POINT('',(147.260043846,310.455405528,-0.966777947));
#5439=CARTESIAN_POINT('',(147.19596021,310.454209543,-0.979542153));
#5440=CARTESIAN_POINT('',(147.131876574,310.453013558,-0.99230636));
#5441=CARTESIAN_POINT('',(147.065607282,310.452383192,-0.998842134));
#5442=CARTESIAN_POINT('',(147.000359423,310.452380959,-0.998865505));
#5443=CARTESIAN_POINT('',(146.869863703,310.452376492,-0.998912248));
#5444=CARTESIAN_POINT('',(146.73827325,310.454952914,-0.972852267));
#5445=CARTESIAN_POINT('',(146.617900119,310.459333349,-0.923225814));
#5446=CARTESIAN_POINT('',(146.497526987,310.463713783,-0.873599362));
#5447=CARTESIAN_POINT('',(146.385894498,310.469933581,-0.799366887));
#5448=CARTESIAN_POINT('',(146.293588593,310.47614367,-0.707399321));
#5449=CARTESIAN_POINT('',(146.247435641,310.479248715,-0.661415539));
#5450=CARTESIAN_POINT('',(146.20516713,310.482401814,-0.610087569));
#5451=CARTESIAN_POINT('',(146.168819071,310.48527913,-0.555807125));
#5452=CARTESIAN_POINT('',(146.132471013,310.488156446,-0.50152668));
#5453=CARTESIAN_POINT('',(146.101712764,310.490775619,-0.444169766));
#5454=CARTESIAN_POINT('',(146.076574303,310.492986429,-0.383713164));
#5455=CARTESIAN_POINT('',(146.051435842,310.495197239,-0.323256561));
#5456=CARTESIAN_POINT('',(146.032125224,310.496981843,-0.259723674));
#5457=CARTESIAN_POINT('',(146.01936324,310.498173736,-0.195826991));
#5458=CARTESIAN_POINT('',(146.006601257,310.499365629,-0.131930309));
#5459=CARTESIAN_POINT('',(146.000064811,310.499993828,-0.066993398));
#5460=CARTESIAN_POINT('',(146.000000475,310.499999955,-0.000974507));
#5461=CARTESIAN_POINT('',(145.999936139,310.500006082,0.065044384));
#5462=CARTESIAN_POINT('',(146.00636764,310.499387877,0.130152319));
#5463=CARTESIAN_POINT('',(146.019011686,310.498206575,0.194058528));
#5464=CARTESIAN_POINT('',(146.031655733,310.497025273,0.257964736));
#5465=CARTESIAN_POINT('',(146.050810349,310.495253966,0.321430909));
#5466=CARTESIAN_POINT('',(146.075864379,310.493048888,0.382001355));
#5467=CARTESIAN_POINT('',(146.100918408,310.490843809,0.442571801));
#5468=CARTESIAN_POINT('',(146.131588465,310.488229819,0.49999336));
#5469=CARTESIAN_POINT('',(146.167815684,310.485358606,0.554305776));
#5470=CARTESIAN_POINT('',(146.204042903,310.482487394,0.608618193));
#5471=CARTESIAN_POINT('',(146.246232185,310.479335303,0.660049545));
#5472=CARTESIAN_POINT('',(146.292324986,310.476228758,0.706138091));
#5473=CARTESIAN_POINT('',(146.38451059,310.470015668,0.798315181));
#5474=CARTESIAN_POINT('',(146.495982523,310.46378885,0.872711893));
#5475=CARTESIAN_POINT('',(146.616264562,310.459392995,0.922549828));
#5476=CARTESIAN_POINT('',(146.7365466,310.454997139,0.972387763));
#5477=CARTESIAN_POINT('',(146.867851703,310.452380952,0.99886557));
#5478=CARTESIAN_POINT('',(147.,310.452380952,0.99886557));
#5479=B_SPLINE_CURVE_WITH_KNOTS('',3,(#5400,#5401,#5402,#5403,#5404,#5405,#5406,#5407,#5408,#5409,#5410,#5411,#5412,#5413,#5414,#5415,#5416,#5417,#5418,#5419,#5420,#5421,#5422,#5423,#5424,#5425,
#5426,#5427,#5428,#5429,#5430,#5431,#5432,#5433,#5434,#5435,#5436,#5437,#5438,#5439,#5440,#5441,#5442,#5443,#5444,#5445,#5446,#5447,#5448,#5449,#5450,
#5451,#5452,#5453,#5454,#5455,#5456,#5457,#5458,#5459,#5460,#5461,#5462,#5463,#5464,#5465,#5466,#5467,#5468,#5469,#5470,#5471,#5472,#5473,#5474,#5475,
#5476,#5477,#5478),.UNSPECIFIED.,.T.,.F.,(4,3,3,3,3,3,3,3,3,3,3,3,3,3,3,3,3,3,3,3,3,3,3,3,3,3,
4),(0.,0.000195407,0.000390814,0.000586221,0.000781629,0.001172443,0.001563257,0.001758664,0.001954071,0.002149479,0.002344886,0.002540293,0.0027357,0.002931107,0.003126514,0.003517329,0.003908143,0.00410355,0.004298957,0.004494364,0.004689771,0.004885178,0.005080586,0.005275993,0.0054714,0.005862214,
0.006253028),.UNSPECIFIED.);
#5480=EDGE_CURVE('425',#5317,#4895,#5479,.T.);
#5481=ORIENTED_EDGE('',*,*,#5480,.T.);
#5482=EDGE_LOOP('',(#4901,#5000,#5099,#5105,#5106,#5107,#5108,#5205,#5206,#5290,#5298,#5307,#5314,#5315,#5399,#5481));
#5483=FACE_BOUND('',#5482,.T.);
#5484=CARTESIAN_POINT('',(154.5,289.547619048,-0.99886557));
#5485=VERTEX_POINT('',#5484);
#5486=CARTESIAN_POINT('',(153.499999997,289.5,-0.));
#5487=VERTEX_POINT('',#5486);
#5488=CARTESIAN_POINT('',(154.5,289.547619048,-0.99886557));
#5489=CARTESIAN_POINT('',(154.566074231,289.547619048,-0.99886557));
#5490=CARTESIAN_POINT('',(154.631042477,289.546995813,-0.992403735));
#5491=CARTESIAN_POINT('',(154.694950248,289.545809257,-0.979742779));
#5492=CARTESIAN_POINT('',(154.758858019,289.544622701,-0.967081823));
#5493=CARTESIAN_POINT('',(154.822367954,289.542845,-0.947913727));
#5494=CARTESIAN_POINT('',(154.882916297,289.54063691,-0.922888807));
#5495=CARTESIAN_POINT('',(154.943464641,289.53842882,-0.897863888));
#5496=CARTESIAN_POINT('',(155.00089768,289.535812151,-0.867231908));
#5497=CARTESIAN_POINT('',(155.055245145,289.53293823,-0.831034236));
#5498=CARTESIAN_POINT('',(155.10959261,289.530064309,-0.794836565));
#5499=CARTESIAN_POINT('',(155.161049674,289.526911432,-0.752692319));
#5500=CARTESIAN_POINT('',(155.207166332,289.523805513,-0.706646359));
#5501=CARTESIAN_POINT('',(155.299399647,289.517593676,-0.614554438));
#5502=CARTESIAN_POINT('',(155.37390157,289.511370652,-0.503126366));
#5503=CARTESIAN_POINT('',(155.423777451,289.50698263,-0.382866117));
#5504=CARTESIAN_POINT('',(155.473653333,289.502594607,-0.262605867));
#5505=CARTESIAN_POINT('',(155.499927667,289.500006889,-0.131010836));
#5506=CARTESIAN_POINT('',(155.499999847,289.500000015,-0.000553244));
#5507=CARTESIAN_POINT('',(155.500035937,289.499996577,0.064675553));
#5508=CARTESIAN_POINT('',(155.493544562,289.500620563,0.1309339));
#5509=CARTESIAN_POINT('',(155.480791728,289.50181179,0.195049489));
#5510=CARTESIAN_POINT('',(155.468038895,289.503003016,0.259165078));
#5511=CARTESIAN_POINT('',(155.449165998,289.504748131,0.32149099));
#5512=CARTESIAN_POINT('',(155.424129153,289.506951681,0.382016992));
#5513=CARTESIAN_POINT('',(155.399092309,289.509155232,0.442542994));
#5514=CARTESIAN_POINT('',(155.36779693,289.511820844,0.501034716));
#5515=CARTESIAN_POINT('',(155.331613647,289.514686607,0.555160379));
#5516=CARTESIAN_POINT('',(155.295430363,289.51755237,0.609286042));
#5517=CARTESIAN_POINT('',(155.254109313,289.520643404,0.659741193));
#5518=CARTESIAN_POINT('',(155.207432796,289.523787563,0.706380203));
#5519=CARTESIAN_POINT('',(155.160756278,289.526931722,0.753019214));
#5520=CARTESIAN_POINT('',(155.110238681,289.530025725,0.794325578));
#5521=CARTESIAN_POINT('',(155.056095555,289.532893225,0.8304672));
#5522=CARTESIAN_POINT('',(155.001952428,289.535760725,0.866608821));
#5523=CARTESIAN_POINT('',(154.9434815,289.538428147,0.897856155));
#5524=CARTESIAN_POINT('',(154.882926288,289.540636546,0.922884678));
#5525=CARTESIAN_POINT('',(154.822371075,289.542844944,0.947913201));
#5526=CARTESIAN_POINT('',(154.760043846,289.544594472,0.966777947));
#5527=CARTESIAN_POINT('',(154.69596021,289.545790457,0.979542153));
#5528=CARTESIAN_POINT('',(154.631876574,289.546986442,0.99230636));
#5529=CARTESIAN_POINT('',(154.565607282,289.547616808,0.998842134));
#5530=CARTESIAN_POINT('',(154.500359423,289.547619041,0.998865505));
#5531=CARTESIAN_POINT('',(154.369863703,289.547623508,0.998912248));
#5532=CARTESIAN_POINT('',(154.23827325,289.545047086,0.972852267));
#5533=CARTESIAN_POINT('',(154.117900119,289.540666651,0.923225814));
#5534=CARTESIAN_POINT('',(153.997526987,289.536286217,0.873599362));
#5535=CARTESIAN_POINT('',(153.885894498,289.530066419,0.799366887));
#5536=CARTESIAN_POINT('',(153.793588593,289.52385633,0.707399321));
#5537=CARTESIAN_POINT('',(153.747435641,289.520751285,0.661415539));
#5538=CARTESIAN_POINT('',(153.70516713,289.517598186,0.610087569));
#5539=CARTESIAN_POINT('',(153.668819071,289.51472087,0.555807125));
#5540=CARTESIAN_POINT('',(153.632471013,289.511843554,0.50152668));
#5541=CARTESIAN_POINT('',(153.601712764,289.509224381,0.444169766));
#5542=CARTESIAN_POINT('',(153.576574303,289.507013571,0.383713164));
#5543=CARTESIAN_POINT('',(153.551435842,289.504802761,0.323256561));
#5544=CARTESIAN_POINT('',(153.532125224,289.503018157,0.259723674));
#5545=CARTESIAN_POINT('',(153.51936324,289.501826264,0.195826991));
#5546=CARTESIAN_POINT('',(153.506601257,289.500634371,0.131930309));
#5547=CARTESIAN_POINT('',(153.500064811,289.500006172,0.066993398));
#5548=CARTESIAN_POINT('',(153.500000475,289.500000045,0.000974507));
#5549=CARTESIAN_POINT('',(153.499936139,289.499993918,-0.065044384));
#5550=CARTESIAN_POINT('',(153.50636764,289.500612123,-0.130152319));
#5551=CARTESIAN_POINT('',(153.519011686,289.501793425,-0.194058528));
#5552=CARTESIAN_POINT('',(153.531655733,289.502974727,-0.257964736));
#5553=CARTESIAN_POINT('',(153.550810349,289.504746034,-0.321430909));
#5554=CARTESIAN_POINT('',(153.575864379,289.506951112,-0.382001355));
#5555=CARTESIAN_POINT('',(153.600918408,289.509156191,-0.442571801));
#5556=CARTESIAN_POINT('',(153.631588465,289.511770181,-0.49999336));
#5557=CARTESIAN_POINT('',(153.667815684,289.514641394,-0.554305776));
#5558=CARTESIAN_POINT('',(153.704042903,289.517512606,-0.608618193));
#5559=CARTESIAN_POINT('',(153.746232185,289.520664697,-0.660049545));
#5560=CARTESIAN_POINT('',(153.792324986,289.523771242,-0.706138091));
#5561=CARTESIAN_POINT('',(153.88451059,289.529984332,-0.798315181));
#5562=CARTESIAN_POINT('',(153.995982523,289.53621115,-0.872711893));
#5563=CARTESIAN_POINT('',(154.116264562,289.540607005,-0.922549828));
#5564=CARTESIAN_POINT('',(154.2365466,289.545002861,-0.972387763));
#5565=CARTESIAN_POINT('',(154.367851703,289.547619048,-0.99886557));
#5566=CARTESIAN_POINT('',(154.5,289.547619048,-0.99886557));
#5567=B_SPLINE_CURVE_WITH_KNOTS('',3,(#5488,#5489,#5490,#5491,#5492,#5493,#5494,#5495,#5496,#5497,#5498,#5499,#5500,#5501,#5502,#5503,#5504,#5505,#5506,#5507,#5508,#5509,#5510,#5511,#5512,#5513,
#5514,#5515,#5516,#5517,#5518,#5519,#5520,#5521,#5522,#5523,#5524,#5525,#5526,#5527,#5528,#5529,#5530,#5531,#5532,#5533,#5534,#5535,#5536,#5537,#5538,
#5539,#5540,#5541,#5542,#5543,#5544,#5545,#5546,#5547,#5548,#5549,#5550,#5551,#5552,#5553,#5554,#5555,#5556,#5557,#5558,#5559,#5560,#5561,#5562,#5563,
#5564,#5565,#5566),.UNSPECIFIED.,.T.,.F.,(4,3,3,3,3,3,3,3,3,3,3,3,3,3,3,3,3,3,3,3,3,3,3,3,3,3,
4),(0.,0.000195407,0.000390814,0.000586221,0.000781629,0.001172443,0.001563257,0.001758664,0.001954071,0.002149479,0.002344886,0.002540293,0.0027357,0.002931107,0.003126514,0.003517329,0.003908143,0.00410355,0.004298957,0.004494364,0.004689771,0.004885178,0.005080586,0.005275993,0.0054714,0.005862214,
0.006253028),.UNSPECIFIED.);
#5568=EDGE_CURVE('423',#5485,#5487,#5567,.T.);
#5569=ORIENTED_EDGE('',*,*,#5568,.T.);
#5570=CARTESIAN_POINT('',(154.5,289.547619048,-0.99886557));
#5571=CARTESIAN_POINT('',(154.566074231,289.547619048,-0.99886557));
#5572=CARTESIAN_POINT('',(154.631042477,289.546995813,-0.992403735));
#5573=CARTESIAN_POINT('',(154.694950248,289.545809257,-0.979742779));
#5574=CARTESIAN_POINT('',(154.758858019,289.544622701,-0.967081823));
#5575=CARTESIAN_POINT('',(154.822367954,289.542845,-0.947913727));
#5576=CARTESIAN_POINT('',(154.882916297,289.54063691,-0.922888807));
#5577=CARTESIAN_POINT('',(154.943464641,289.53842882,-0.897863888));
#5578=CARTESIAN_POINT('',(155.00089768,289.535812151,-0.867231908));
#5579=CARTESIAN_POINT('',(155.055245145,289.53293823,-0.831034236));
#5580=CARTESIAN_POINT('',(155.10959261,289.530064309,-0.794836565));
#5581=CARTESIAN_POINT('',(155.161049674,289.526911432,-0.752692319));
#5582=CARTESIAN_POINT('',(155.207166332,289.523805513,-0.706646359));
#5583=CARTESIAN_POINT('',(155.299399647,289.517593676,-0.614554438));
#5584=CARTESIAN_POINT('',(155.37390157,289.511370652,-0.503126366));
#5585=CARTESIAN_POINT('',(155.423777451,289.50698263,-0.382866117));
#5586=CARTESIAN_POINT('',(155.473653333,289.502594607,-0.262605867));
#5587=CARTESIAN_POINT('',(155.499927667,289.500006889,-0.131010836));
#5588=CARTESIAN_POINT('',(155.499999847,289.500000015,-0.000553244));
#5589=CARTESIAN_POINT('',(155.500035937,289.499996577,0.064675553));
#5590=CARTESIAN_POINT('',(155.493544562,289.500620563,0.1309339));
#5591=CARTESIAN_POINT('',(155.480791728,289.50181179,0.195049489));
#5592=CARTESIAN_POINT('',(155.468038895,289.503003016,0.259165078));
#5593=CARTESIAN_POINT('',(155.449165998,289.504748131,0.32149099));
#5594=CARTESIAN_POINT('',(155.424129153,289.506951681,0.382016992));
#5595=CARTESIAN_POINT('',(155.399092309,289.509155232,0.442542994));
#5596=CARTESIAN_POINT('',(155.36779693,289.511820844,0.501034716));
#5597=CARTESIAN_POINT('',(155.331613647,289.514686607,0.555160379));
#5598=CARTESIAN_POINT('',(155.295430363,289.51755237,0.609286042));
#5599=CARTESIAN_POINT('',(155.254109313,289.520643404,0.659741193));
#5600=CARTESIAN_POINT('',(155.207432796,289.523787563,0.706380203));
#5601=CARTESIAN_POINT('',(155.160756278,289.526931722,0.753019214));
#5602=CARTESIAN_POINT('',(155.110238681,289.530025725,0.794325578));
#5603=CARTESIAN_POINT('',(155.056095555,289.532893225,0.8304672));
#5604=CARTESIAN_POINT('',(155.001952428,289.535760725,0.866608821));
#5605=CARTESIAN_POINT('',(154.9434815,289.538428147,0.897856155));
#5606=CARTESIAN_POINT('',(154.882926288,289.540636546,0.922884678));
#5607=CARTESIAN_POINT('',(154.822371075,289.542844944,0.947913201));
#5608=CARTESIAN_POINT('',(154.760043846,289.544594472,0.966777947));
#5609=CARTESIAN_POINT('',(154.69596021,289.545790457,0.979542153));
#5610=CARTESIAN_POINT('',(154.631876574,289.546986442,0.99230636));
#5611=CARTESIAN_POINT('',(154.565607282,289.547616808,0.998842134));
#5612=CARTESIAN_POINT('',(154.500359423,289.547619041,0.998865505));
#5613=CARTESIAN_POINT('',(154.369863703,289.547623508,0.998912248));
#5614=CARTESIAN_POINT('',(154.23827325,289.545047086,0.972852267));
#5615=CARTESIAN_POINT('',(154.117900119,289.540666651,0.923225814));
#5616=CARTESIAN_POINT('',(153.997526987,289.536286217,0.873599362));
#5617=CARTESIAN_POINT('',(153.885894498,289.530066419,0.799366887));
#5618=CARTESIAN_POINT('',(153.793588593,289.52385633,0.707399321));
#5619=CARTESIAN_POINT('',(153.747435641,289.520751285,0.661415539));
#5620=CARTESIAN_POINT('',(153.70516713,289.517598186,0.610087569));
#5621=CARTESIAN_POINT('',(153.668819071,289.51472087,0.555807125));
#5622=CARTESIAN_POINT('',(153.632471013,289.511843554,0.50152668));
#5623=CARTESIAN_POINT('',(153.601712764,289.509224381,0.444169766));
#5624=CARTESIAN_POINT('',(153.576574303,289.507013571,0.383713164));
#5625=CARTESIAN_POINT('',(153.551435842,289.504802761,0.323256561));
#5626=CARTESIAN_POINT('',(153.532125224,289.503018157,0.259723674));
#5627=CARTESIAN_POINT('',(153.51936324,289.501826264,0.195826991));
#5628=CARTESIAN_POINT('',(153.506601257,289.500634371,0.131930309));
#5629=CARTESIAN_POINT('',(153.500064811,289.500006172,0.066993398));
#5630=CARTESIAN_POINT('',(153.500000475,289.500000045,0.000974507));
#5631=CARTESIAN_POINT('',(153.499936139,289.499993918,-0.065044384));
#5632=CARTESIAN_POINT('',(153.50636764,289.500612123,-0.130152319));
#5633=CARTESIAN_POINT('',(153.519011686,289.501793425,-0.194058528));
#5634=CARTESIAN_POINT('',(153.531655733,289.502974727,-0.257964736));
#5635=CARTESIAN_POINT('',(153.550810349,289.504746034,-0.321430909));
#5636=CARTESIAN_POINT('',(153.575864379,289.506951112,-0.382001355));
#5637=CARTESIAN_POINT('',(153.600918408,289.509156191,-0.442571801));
#5638=CARTESIAN_POINT('',(153.631588465,289.511770181,-0.49999336));
#5639=CARTESIAN_POINT('',(153.667815684,289.514641394,-0.554305776));
#5640=CARTESIAN_POINT('',(153.704042903,289.517512606,-0.608618193));
#5641=CARTESIAN_POINT('',(153.746232185,289.520664697,-0.660049545));
#5642=CARTESIAN_POINT('',(153.792324986,289.523771242,-0.706138091));
#5643=CARTESIAN_POINT('',(153.88451059,289.529984332,-0.798315181));
#5644=CARTESIAN_POINT('',(153.995982523,289.53621115,-0.872711893));
#5645=CARTESIAN_POINT('',(154.116264562,289.540607005,-0.922549828));
#5646=CARTESIAN_POINT('',(154.2365466,289.545002861,-0.972387763));
#5647=CARTESIAN_POINT('',(154.367851703,289.547619048,-0.99886557));
#5648=CARTESIAN_POINT('',(154.5,289.547619048,-0.99886557));
#5649=B_SPLINE_CURVE_WITH_KNOTS('',3,(#5570,#5571,#5572,#5573,#5574,#5575,#5576,#5577,#5578,#5579,#5580,#5581,#5582,#5583,#5584,#5585,#5586,#5587,#5588,#5589,#5590,#5591,#5592,#5593,#5594,#5595,
#5596,#5597,#5598,#5599,#5600,#5601,#5602,#5603,#5604,#5605,#5606,#5607,#5608,#5609,#5610,#5611,#5612,#5613,#5614,#5615,#5616,#5617,#5618,#5619,#5620,
#5621,#5622,#5623,#5624,#5625,#5626,#5627,#5628,#5629,#5630,#5631,#5632,#5633,#5634,#5635,#5636,#5637,#5638,#5639,#5640,#5641,#5642,#5643,#5644,#5645,
#5646,#5647,#5648),.UNSPECIFIED.,.T.,.F.,(4,3,3,3,3,3,3,3,3,3,3,3,3,3,3,3,3,3,3,3,3,3,3,3,3,3,
4),(0.,0.000195407,0.000390814,0.000586221,0.000781629,0.001172443,0.001563257,0.001758664,0.001954071,0.002149479,0.002344886,0.002540293,0.0027357,0.002931107,0.003126514,0.003517329,0.003908143,0.00410355,0.004298957,0.004494364,0.004689771,0.004885178,0.005080586,0.005275993,0.0054714,0.005862214,
0.006253028),.UNSPECIFIED.);
#5650=EDGE_CURVE('423',#5487,#5485,#5649,.T.);
#5651=ORIENTED_EDGE('',*,*,#5650,.T.);
#5652=EDGE_LOOP('',(#5569,#5651));
#5653=FACE_BOUND('',#5652,.T.);
#5654=CARTESIAN_POINT('',(161.,289.547619048,-0.99886557));
#5655=VERTEX_POINT('',#5654);
#5656=CARTESIAN_POINT('',(162.00000097,289.499999978,0.));
#5657=VERTEX_POINT('',#5656);
#5658=CARTESIAN_POINT('',(161.,289.547619048,-0.99886557));
#5659=CARTESIAN_POINT('',(161.066074231,289.547619048,-0.99886557));
#5660=CARTESIAN_POINT('',(161.131042477,289.546995813,-0.992403738));
#5661=CARTESIAN_POINT('',(161.194950248,289.545809257,-0.979742779));
#5662=CARTESIAN_POINT('',(161.258858018,289.544622701,-0.96708182));
#5663=CARTESIAN_POINT('',(161.322367954,289.542845,-0.947913728));
#5664=CARTESIAN_POINT('',(161.382916297,289.54063691,-0.922888807));
#5665=CARTESIAN_POINT('',(161.44346464,289.53842882,-0.897863887));
#5666=CARTESIAN_POINT('',(161.500897681,289.535812151,-0.86723191));
#5667=CARTESIAN_POINT('',(161.555245145,289.53293823,-0.831034236));
#5668=CARTESIAN_POINT('',(161.609592609,289.530064309,-0.794836563));
#5669=CARTESIAN_POINT('',(161.661049676,289.526911432,-0.752692321));
#5670=CARTESIAN_POINT('',(161.707166332,289.523805513,-0.706646359));
#5671=CARTESIAN_POINT('',(161.799399643,289.517593675,-0.614554435));
#5672=CARTESIAN_POINT('',(161.873901571,289.51137065,-0.503126367));
#5673=CARTESIAN_POINT('',(161.923777451,289.50698263,-0.382866117));
#5674=CARTESIAN_POINT('',(161.973653331,289.502594609,-0.262605866));
#5675=CARTESIAN_POINT('',(161.999928639,289.500006866,-0.131010889));
#5676=CARTESIAN_POINT('',(162.00000082,289.499999992,-0.000553296));
#5677=CARTESIAN_POINT('',(162.000036911,289.499996555,0.0646755));
#5678=CARTESIAN_POINT('',(161.99354456,289.500620564,0.1309339));
#5679=CARTESIAN_POINT('',(161.980791728,289.50181179,0.195049489));
#5680=CARTESIAN_POINT('',(161.968038897,289.503003016,0.259165079));
#5681=CARTESIAN_POINT('',(161.949165999,289.504748131,0.32149099));
#5682=CARTESIAN_POINT('',(161.924129153,289.506951681,0.382016992));
#5683=CARTESIAN_POINT('',(161.899092308,289.509155232,0.442542994));
#5684=CARTESIAN_POINT('',(161.867796928,289.511820844,0.501034714));
#5685=CARTESIAN_POINT('',(161.831613647,289.514686607,0.555160379));
#5686=CARTESIAN_POINT('',(161.795430365,289.51755237,0.609286043));
#5687=CARTESIAN_POINT('',(161.754109293,289.520643403,0.659741179));
#5688=CARTESIAN_POINT('',(161.707432796,289.523787563,0.706380203));
#5689=CARTESIAN_POINT('',(161.660756298,289.526931723,0.753019228));
#5690=CARTESIAN_POINT('',(161.610238679,289.530025725,0.794325575));
#5691=CARTESIAN_POINT('',(161.556095555,289.532893225,0.8304672));
#5692=CARTESIAN_POINT('',(161.501952431,289.535760726,0.866608825));
#5693=CARTESIAN_POINT('',(161.443481499,289.538428147,0.897856154));
#5694=CARTESIAN_POINT('',(161.382926288,289.540636546,0.922884678));
#5695=CARTESIAN_POINT('',(161.322371076,289.542844944,0.947913203));
#5696=CARTESIAN_POINT('',(161.260043846,289.544594472,0.966777946));
#5697=CARTESIAN_POINT('',(161.19596021,289.545790457,0.979542153));
#5698=CARTESIAN_POINT('',(161.131876575,289.546986442,0.992306361));
#5699=CARTESIAN_POINT('',(161.065607282,289.547616808,0.998842133));
#5700=CARTESIAN_POINT('',(161.000359423,289.547619041,0.998865505));
#5701=CARTESIAN_POINT('',(160.869863703,289.547623509,0.99891225));
#5702=CARTESIAN_POINT('',(160.738273247,289.545047086,0.972852275));
#5703=CARTESIAN_POINT('',(160.617900119,289.540666651,0.923225814));
#5704=CARTESIAN_POINT('',(160.49752699,289.536286217,0.873599354));
#5705=CARTESIAN_POINT('',(160.385894494,289.53006642,0.799366891));
#5706=CARTESIAN_POINT('',(160.293588593,289.52385633,0.707399321));
#5707=CARTESIAN_POINT('',(160.247435643,289.520751285,0.661415536));
#5708=CARTESIAN_POINT('',(160.20516713,289.517598185,0.610087569));
#5709=CARTESIAN_POINT('',(160.168819071,289.51472087,0.555807125));
#5710=CARTESIAN_POINT('',(160.132471013,289.511843554,0.50152668));
#5711=CARTESIAN_POINT('',(160.101712763,289.50922438,0.444169766));
#5712=CARTESIAN_POINT('',(160.076574303,289.507013571,0.383713164));
#5713=CARTESIAN_POINT('',(160.051435843,289.504802761,0.323256561));
#5714=CARTESIAN_POINT('',(160.032124993,289.503018158,0.259723712));
#5715=CARTESIAN_POINT('',(160.01936324,289.501826264,0.195826991));
#5716=CARTESIAN_POINT('',(160.006601487,289.50063437,0.13193027));
#5717=CARTESIAN_POINT('',(160.000064798,289.500006172,0.0669934));
#5718=CARTESIAN_POINT('',(160.000000462,289.500000044,0.000974509));
#5719=CARTESIAN_POINT('',(159.999936126,289.499993917,-0.065044382));
#5720=CARTESIAN_POINT('',(160.006367639,289.500612124,-0.13015232));
#5721=CARTESIAN_POINT('',(160.019011686,289.501793425,-0.194058528));
#5722=CARTESIAN_POINT('',(160.031655734,289.502974726,-0.257964736));
#5723=CARTESIAN_POINT('',(160.05081035,289.504746034,-0.321430909));
#5724=CARTESIAN_POINT('',(160.075864379,289.506951112,-0.382001355));
#5725=CARTESIAN_POINT('',(160.100918408,289.50915619,-0.442571801));
#5726=CARTESIAN_POINT('',(160.131588465,289.511770182,-0.49999336));
#5727=CARTESIAN_POINT('',(160.167815684,289.514641394,-0.554305776));
#5728=CARTESIAN_POINT('',(160.204042903,289.517512605,-0.608618193));
#5729=CARTESIAN_POINT('',(160.246232187,289.520664696,-0.660049543));
#5730=CARTESIAN_POINT('',(160.292324986,289.523771242,-0.706138091));
#5731=CARTESIAN_POINT('',(160.384510586,289.529984332,-0.798315185));
#5732=CARTESIAN_POINT('',(160.495982527,289.53621115,-0.872711884));
#5733=CARTESIAN_POINT('',(160.616264562,289.540607005,-0.922549828));
#5734=CARTESIAN_POINT('',(160.736546597,289.545002861,-0.972387771));
#5735=CARTESIAN_POINT('',(160.867851703,289.547619048,-0.99886557));
#5736=CARTESIAN_POINT('',(161.,289.547619048,-0.99886557));
#5737=B_SPLINE_CURVE_WITH_KNOTS('',3,(#5658,#5659,#5660,#5661,#5662,#5663,#5664,#5665,#5666,#5667,#5668,#5669,#5670,#5671,#5672,#5673,#5674,#5675,#5676,#5677,#5678,#5679,#5680,#5681,#5682,#5683,
#5684,#5685,#5686,#5687,#5688,#5689,#5690,#5691,#5692,#5693,#5694,#5695,#5696,#5697,#5698,#5699,#5700,#5701,#5702,#5703,#5704,#5705,#5706,#5707,#5708,
#5709,#5710,#5711,#5712,#5713,#5714,#5715,#5716,#5717,#5718,#5719,#5720,#5721,#5722,#5723,#5724,#5725,#5726,#5727,#5728,#5729,#5730,#5731,#5732,#5733,
#5734,#5735,#5736),.UNSPECIFIED.,.T.,.F.,(4,3,3,3,3,3,3,3,3,3,3,3,3,3,3,3,3,3,3,3,3,3,3,3,3,3,
4),(0.,0.000195407,0.000390814,0.000586221,0.000781629,0.001172443,0.001563257,0.001758664,0.001954071,0.002149479,0.002344886,0.002540293,0.0027357,0.002931107,0.003126514,0.003517329,0.003908143,0.00410355,0.004298957,0.004494364,0.004689771,0.004885178,0.005080586,0.005275993,0.0054714,0.005862214,
0.006253028),.UNSPECIFIED.);
#5738=EDGE_CURVE('427',#5655,#5657,#5737,.T.);
#5739=ORIENTED_EDGE('',*,*,#5738,.T.);
#5740=CARTESIAN_POINT('',(159.999999984,289.499999999,0.));
#5741=VERTEX_POINT('',#5740);
#5742=CARTESIAN_POINT('',(161.,289.547619048,-0.99886557));
#5743=CARTESIAN_POINT('',(161.066074231,289.547619048,-0.99886557));
#5744=CARTESIAN_POINT('',(161.131042477,289.546995813,-0.992403738));
#5745=CARTESIAN_POINT('',(161.194950248,289.545809257,-0.979742779));
#5746=CARTESIAN_POINT('',(161.258858018,289.544622701,-0.96708182));
#5747=CARTESIAN_POINT('',(161.322367954,289.542845,-0.947913728));
#5748=CARTESIAN_POINT('',(161.382916297,289.54063691,-0.922888807));
#5749=CARTESIAN_POINT('',(161.44346464,289.53842882,-0.897863887));
#5750=CARTESIAN_POINT('',(161.500897681,289.535812151,-0.86723191));
#5751=CARTESIAN_POINT('',(161.555245145,289.53293823,-0.831034236));
#5752=CARTESIAN_POINT('',(161.609592609,289.530064309,-0.794836563));
#5753=CARTESIAN_POINT('',(161.661049676,289.526911432,-0.752692321));
#5754=CARTESIAN_POINT('',(161.707166332,289.523805513,-0.706646359));
#5755=CARTESIAN_POINT('',(161.799399643,289.517593675,-0.614554435));
#5756=CARTESIAN_POINT('',(161.873901571,289.51137065,-0.503126367));
#5757=CARTESIAN_POINT('',(161.923777451,289.50698263,-0.382866117));
#5758=CARTESIAN_POINT('',(161.973653331,289.502594609,-0.262605866));
#5759=CARTESIAN_POINT('',(161.999928639,289.500006866,-0.131010889));
#5760=CARTESIAN_POINT('',(162.00000082,289.499999992,-0.000553296));
#5761=CARTESIAN_POINT('',(162.000036911,289.499996555,0.0646755));
#5762=CARTESIAN_POINT('',(161.99354456,289.500620564,0.1309339));
#5763=CARTESIAN_POINT('',(161.980791728,289.50181179,0.195049489));
#5764=CARTESIAN_POINT('',(161.968038897,289.503003016,0.259165079));
#5765=CARTESIAN_POINT('',(161.949165999,289.504748131,0.32149099));
#5766=CARTESIAN_POINT('',(161.924129153,289.506951681,0.382016992));
#5767=CARTESIAN_POINT('',(161.899092308,289.509155232,0.442542994));
#5768=CARTESIAN_POINT('',(161.867796928,289.511820844,0.501034714));
#5769=CARTESIAN_POINT('',(161.831613647,289.514686607,0.555160379));
#5770=CARTESIAN_POINT('',(161.795430365,289.51755237,0.609286043));
#5771=CARTESIAN_POINT('',(161.754109293,289.520643403,0.659741179));
#5772=CARTESIAN_POINT('',(161.707432796,289.523787563,0.706380203));
#5773=CARTESIAN_POINT('',(161.660756298,289.526931723,0.753019228));
#5774=CARTESIAN_POINT('',(161.610238679,289.530025725,0.794325575));
#5775=CARTESIAN_POINT('',(161.556095555,289.532893225,0.8304672));
#5776=CARTESIAN_POINT('',(161.501952431,289.535760726,0.866608825));
#5777=CARTESIAN_POINT('',(161.443481499,289.538428147,0.897856154));
#5778=CARTESIAN_POINT('',(161.382926288,289.540636546,0.922884678));
#5779=CARTESIAN_POINT('',(161.322371076,289.542844944,0.947913203));
#5780=CARTESIAN_POINT('',(161.260043846,289.544594472,0.966777946));
#5781=CARTESIAN_POINT('',(161.19596021,289.545790457,0.979542153));
#5782=CARTESIAN_POINT('',(161.131876575,289.546986442,0.992306361));
#5783=CARTESIAN_POINT('',(161.065607282,289.547616808,0.998842133));
#5784=CARTESIAN_POINT('',(161.000359423,289.547619041,0.998865505));
#5785=CARTESIAN_POINT('',(160.869863703,289.547623509,0.99891225));
#5786=CARTESIAN_POINT('',(160.738273247,289.545047086,0.972852275));
#5787=CARTESIAN_POINT('',(160.617900119,289.540666651,0.923225814));
#5788=CARTESIAN_POINT('',(160.49752699,289.536286217,0.873599354));
#5789=CARTESIAN_POINT('',(160.385894494,289.53006642,0.799366891));
#5790=CARTESIAN_POINT('',(160.293588593,289.52385633,0.707399321));
#5791=CARTESIAN_POINT('',(160.247435643,289.520751285,0.661415536));
#5792=CARTESIAN_POINT('',(160.20516713,289.517598185,0.610087569));
#5793=CARTESIAN_POINT('',(160.168819071,289.51472087,0.555807125));
#5794=CARTESIAN_POINT('',(160.132471013,289.511843554,0.50152668));
#5795=CARTESIAN_POINT('',(160.101712763,289.50922438,0.444169766));
#5796=CARTESIAN_POINT('',(160.076574303,289.507013571,0.383713164));
#5797=CARTESIAN_POINT('',(160.051435843,289.504802761,0.323256561));
#5798=CARTESIAN_POINT('',(160.032124993,289.503018158,0.259723712));
#5799=CARTESIAN_POINT('',(160.01936324,289.501826264,0.195826991));
#5800=CARTESIAN_POINT('',(160.006601487,289.50063437,0.13193027));
#5801=CARTESIAN_POINT('',(160.000064798,289.500006172,0.0669934));
#5802=CARTESIAN_POINT('',(160.000000462,289.500000044,0.000974509));
#5803=CARTESIAN_POINT('',(159.999936126,289.499993917,-0.065044382));
#5804=CARTESIAN_POINT('',(160.006367639,289.500612124,-0.13015232));
#5805=CARTESIAN_POINT('',(160.019011686,289.501793425,-0.194058528));
#5806=CARTESIAN_POINT('',(160.031655734,289.502974726,-0.257964736));
#5807=CARTESIAN_POINT('',(160.05081035,289.504746034,-0.321430909));
#5808=CARTESIAN_POINT('',(160.075864379,289.506951112,-0.382001355));
#5809=CARTESIAN_POINT('',(160.100918408,289.50915619,-0.442571801));
#5810=CARTESIAN_POINT('',(160.131588465,289.511770182,-0.49999336));
#5811=CARTESIAN_POINT('',(160.167815684,289.514641394,-0.554305776));
#5812=CARTESIAN_POINT('',(160.204042903,289.517512605,-0.608618193));
#5813=CARTESIAN_POINT('',(160.246232187,289.520664696,-0.660049543));
#5814=CARTESIAN_POINT('',(160.292324986,289.523771242,-0.706138091));
#5815=CARTESIAN_POINT('',(160.384510586,289.529984332,-0.798315185));
#5816=CARTESIAN_POINT('',(160.495982527,289.53621115,-0.872711884));
#5817=CARTESIAN_POINT('',(160.616264562,289.540607005,-0.922549828));
#5818=CARTESIAN_POINT('',(160.736546597,289.545002861,-0.972387771));
#5819=CARTESIAN_POINT('',(160.867851703,289.547619048,-0.99886557));
#5820=CARTESIAN_POINT('',(161.,289.547619048,-0.99886557));
#5821=B_SPLINE_CURVE_WITH_KNOTS('',3,(#5742,#5743,#5744,#5745,#5746,#5747,#5748,#5749,#5750,#5751,#5752,#5753,#5754,#5755,#5756,#5757,#5758,#5759,#5760,#5761,#5762,#5763,#5764,#5765,#5766,#5767,
#5768,#5769,#5770,#5771,#5772,#5773,#5774,#5775,#5776,#5777,#5778,#5779,#5780,#5781,#5782,#5783,#5784,#5785,#5786,#5787,#5788,#5789,#5790,#5791,#5792,
#5793,#5794,#5795,#5796,#5797,#5798,#5799,#5800,#5801,#5802,#5803,#5804,#5805,#5806,#5807,#5808,#5809,#5810,#5811,#5812,#5813,#5814,#5815,#5816,#5817,
#5818,#5819,#5820),.UNSPECIFIED.,.T.,.F.,(4,3,3,3,3,3,3,3,3,3,3,3,3,3,3,3,3,3,3,3,3,3,3,3,3,3,
4),(0.,0.000195407,0.000390814,0.000586221,0.000781629,0.001172443,0.001563257,0.001758664,0.001954071,0.002149479,0.002344886,0.002540293,0.0027357,0.002931107,0.003126514,0.003517329,0.003908143,0.00410355,0.004298957,0.004494364,0.004689771,0.004885178,0.005080586,0.005275993,0.0054714,0.005862214,
0.006253028),.UNSPECIFIED.);
#5822=EDGE_CURVE('427',#5657,#5741,#5821,.T.);
#5823=ORIENTED_EDGE('',*,*,#5822,.T.);
#5824=CARTESIAN_POINT('',(161.,289.547619048,-0.99886557));
#5825=CARTESIAN_POINT('',(161.066074231,289.547619048,-0.99886557));
#5826=CARTESIAN_POINT('',(161.131042477,289.546995813,-0.992403738));
#5827=CARTESIAN_POINT('',(161.194950248,289.545809257,-0.979742779));
#5828=CARTESIAN_POINT('',(161.258858018,289.544622701,-0.96708182));
#5829=CARTESIAN_POINT('',(161.322367954,289.542845,-0.947913728));
#5830=CARTESIAN_POINT('',(161.382916297,289.54063691,-0.922888807));
#5831=CARTESIAN_POINT('',(161.44346464,289.53842882,-0.897863887));
#5832=CARTESIAN_POINT('',(161.500897681,289.535812151,-0.86723191));
#5833=CARTESIAN_POINT('',(161.555245145,289.53293823,-0.831034236));
#5834=CARTESIAN_POINT('',(161.609592609,289.530064309,-0.794836563));
#5835=CARTESIAN_POINT('',(161.661049676,289.526911432,-0.752692321));
#5836=CARTESIAN_POINT('',(161.707166332,289.523805513,-0.706646359));
#5837=CARTESIAN_POINT('',(161.799399643,289.517593675,-0.614554435));
#5838=CARTESIAN_POINT('',(161.873901571,289.51137065,-0.503126367));
#5839=CARTESIAN_POINT('',(161.923777451,289.50698263,-0.382866117));
#5840=CARTESIAN_POINT('',(161.973653331,289.502594609,-0.262605866));
#5841=CARTESIAN_POINT('',(161.999928639,289.500006866,-0.131010889));
#5842=CARTESIAN_POINT('',(162.00000082,289.499999992,-0.000553296));
#5843=CARTESIAN_POINT('',(162.000036911,289.499996555,0.0646755));
#5844=CARTESIAN_POINT('',(161.99354456,289.500620564,0.1309339));
#5845=CARTESIAN_POINT('',(161.980791728,289.50181179,0.195049489));
#5846=CARTESIAN_POINT('',(161.968038897,289.503003016,0.259165079));
#5847=CARTESIAN_POINT('',(161.949165999,289.504748131,0.32149099));
#5848=CARTESIAN_POINT('',(161.924129153,289.506951681,0.382016992));
#5849=CARTESIAN_POINT('',(161.899092308,289.509155232,0.442542994));
#5850=CARTESIAN_POINT('',(161.867796928,289.511820844,0.501034714));
#5851=CARTESIAN_POINT('',(161.831613647,289.514686607,0.555160379));
#5852=CARTESIAN_POINT('',(161.795430365,289.51755237,0.609286043));
#5853=CARTESIAN_POINT('',(161.754109293,289.520643403,0.659741179));
#5854=CARTESIAN_POINT('',(161.707432796,289.523787563,0.706380203));
#5855=CARTESIAN_POINT('',(161.660756298,289.526931723,0.753019228));
#5856=CARTESIAN_POINT('',(161.610238679,289.530025725,0.794325575));
#5857=CARTESIAN_POINT('',(161.556095555,289.532893225,0.8304672));
#5858=CARTESIAN_POINT('',(161.501952431,289.535760726,0.866608825));
#5859=CARTESIAN_POINT('',(161.443481499,289.538428147,0.897856154));
#5860=CARTESIAN_POINT('',(161.382926288,289.540636546,0.922884678));
#5861=CARTESIAN_POINT('',(161.322371076,289.542844944,0.947913203));
#5862=CARTESIAN_POINT('',(161.260043846,289.544594472,0.966777946));
#5863=CARTESIAN_POINT('',(161.19596021,289.545790457,0.979542153));
#5864=CARTESIAN_POINT('',(161.131876575,289.546986442,0.992306361));
#5865=CARTESIAN_POINT('',(161.065607282,289.547616808,0.998842133));
#5866=CARTESIAN_POINT('',(161.000359423,289.547619041,0.998865505));
#5867=CARTESIAN_POINT('',(160.869863703,289.547623509,0.99891225));
#5868=CARTESIAN_POINT('',(160.738273247,289.545047086,0.972852275));
#5869=CARTESIAN_POINT('',(160.617900119,289.540666651,0.923225814));
#5870=CARTESIAN_POINT('',(160.49752699,289.536286217,0.873599354));
#5871=CARTESIAN_POINT('',(160.385894494,289.53006642,0.799366891));
#5872=CARTESIAN_POINT('',(160.293588593,289.52385633,0.707399321));
#5873=CARTESIAN_POINT('',(160.247435643,289.520751285,0.661415536));
#5874=CARTESIAN_POINT('',(160.20516713,289.517598185,0.610087569));
#5875=CARTESIAN_POINT('',(160.168819071,289.51472087,0.555807125));
#5876=CARTESIAN_POINT('',(160.132471013,289.511843554,0.50152668));
#5877=CARTESIAN_POINT('',(160.101712763,289.50922438,0.444169766));
#5878=CARTESIAN_POINT('',(160.076574303,289.507013571,0.383713164));
#5879=CARTESIAN_POINT('',(160.051435843,289.504802761,0.323256561));
#5880=CARTESIAN_POINT('',(160.032124993,289.503018158,0.259723712));
#5881=CARTESIAN_POINT('',(160.01936324,289.501826264,0.195826991));
#5882=CARTESIAN_POINT('',(160.006601487,289.50063437,0.13193027));
#5883=CARTESIAN_POINT('',(160.000064798,289.500006172,0.0669934));
#5884=CARTESIAN_POINT('',(160.000000462,289.500000044,0.000974509));
#5885=CARTESIAN_POINT('',(159.999936126,289.499993917,-0.065044382));
#5886=CARTESIAN_POINT('',(160.006367639,289.500612124,-0.13015232));
#5887=CARTESIAN_POINT('',(160.019011686,289.501793425,-0.194058528));
#5888=CARTESIAN_POINT('',(160.031655734,289.502974726,-0.257964736));
#5889=CARTESIAN_POINT('',(160.05081035,289.504746034,-0.321430909));
#5890=CARTESIAN_POINT('',(160.075864379,289.506951112,-0.382001355));
#5891=CARTESIAN_POINT('',(160.100918408,289.50915619,-0.442571801));
#5892=CARTESIAN_POINT('',(160.131588465,289.511770182,-0.49999336));
#5893=CARTESIAN_POINT('',(160.167815684,289.514641394,-0.554305776));
#5894=CARTESIAN_POINT('',(160.204042903,289.517512605,-0.608618193));
#5895=CARTESIAN_POINT('',(160.246232187,289.520664696,-0.660049543));
#5896=CARTESIAN_POINT('',(160.292324986,289.523771242,-0.706138091));
#5897=CARTESIAN_POINT('',(160.384510586,289.529984332,-0.798315185));
#5898=CARTESIAN_POINT('',(160.495982527,289.53621115,-0.872711884));
#5899=CARTESIAN_POINT('',(160.616264562,289.540607005,-0.922549828));
#5900=CARTESIAN_POINT('',(160.736546597,289.545002861,-0.972387771));
#5901=CARTESIAN_POINT('',(160.867851703,289.547619048,-0.99886557));
#5902=CARTESIAN_POINT('',(161.,289.547619048,-0.99886557));
#5903=B_SPLINE_CURVE_WITH_KNOTS('',3,(#5824,#5825,#5826,#5827,#5828,#5829,#5830,#5831,#5832,#5833,#5834,#5835,#5836,#5837,#5838,#5839,#5840,#5841,#5842,#5843,#5844,#5845,#5846,#5847,#5848,#5849,
#5850,#5851,#5852,#5853,#5854,#5855,#5856,#5857,#5858,#5859,#5860,#5861,#5862,#5863,#5864,#5865,#5866,#5867,#5868,#5869,#5870,#5871,#5872,#5873,#5874,
#5875,#5876,#5877,#5878,#5879,#5880,#5881,#5882,#5883,#5884,#5885,#5886,#5887,#5888,#5889,#5890,#5891,#5892,#5893,#5894,#5895,#5896,#5897,#5898,#5899,
#5900,#5901,#5902),.UNSPECIFIED.,.T.,.F.,(4,3,3,3,3,3,3,3,3,3,3,3,3,3,3,3,3,3,3,3,3,3,3,3,3,3,
4),(0.,0.000195407,0.000390814,0.000586221,0.000781629,0.001172443,0.001563257,0.001758664,0.001954071,0.002149479,0.002344886,0.002540293,0.0027357,0.002931107,0.003126514,0.003517329,0.003908143,0.00410355,0.004298957,0.004494364,0.004689771,0.004885178,0.005080586,0.005275993,0.0054714,0.005862214,
0.006253028),.UNSPECIFIED.);
#5904=EDGE_CURVE('427',#5741,#5655,#5903,.T.);
#5905=ORIENTED_EDGE('',*,*,#5904,.T.);
#5906=EDGE_LOOP('',(#5739,#5823,#5905));
#5907=FACE_BOUND('',#5906,.T.);
#5908=ADVANCED_FACE('258',(#5483,#5653,#5907),#4891,.F.);
#5909=CARTESIAN_POINT('',(50.,325.,0.));
#5910=DIRECTION('',(0.,0.,1.));
#5911=DIRECTION('',(1.,0.,-0.));
#5912=AXIS2_PLACEMENT_3D('',#5909,#5910,#5911);
#5913=TOROIDAL_SURFACE('',#5912,25.,10.5);
#5914=CARTESIAN_POINT('',(50.,360.5,-0.));
#5915=VERTEX_POINT('',#5914);
#5916=CARTESIAN_POINT('',(50.,325.,0.));
#5917=DIRECTION('',(-0.,-0.,-1.));
#5918=DIRECTION('',(1.,0.,-0.));
#5919=AXIS2_PLACEMENT_3D('',#5916,#5917,#5918);
#5920=CIRCLE('',#5919,35.5);
#5921=EDGE_CURVE('',#5300,#5915,#5920,.T.);
#5922=ORIENTED_EDGE('',*,*,#5921,.F.);
#5923=ORIENTED_EDGE('',*,*,#5306,.T.);
#5924=ORIENTED_EDGE('',*,*,#5313,.T.);
#5925=ORIENTED_EDGE('',*,*,#5921,.T.);
#5926=CARTESIAN_POINT('',(50.,350.,10.5));
#5927=VERTEX_POINT('',#5926);
#5928=CARTESIAN_POINT('',(50.,350.,0.));
#5929=DIRECTION('',(-1.,-0.,-0.));
#5930=DIRECTION('',(-0.,1.,0.));
#5931=AXIS2_PLACEMENT_3D('',#5928,#5929,#5930);
#5932=CIRCLE('',#5931,10.5);
#5933=EDGE_CURVE('311',#5927,#5915,#5932,.T.);
#5934=ORIENTED_EDGE('',*,*,#5933,.F.);
#5935=CARTESIAN_POINT('',(50.,350.,0.));
#5936=DIRECTION('',(-1.,-0.,-0.));
#5937=DIRECTION('',(-0.,1.,0.));
#5938=AXIS2_PLACEMENT_3D('',#5935,#5936,#5937);
#5939=CIRCLE('',#5938,10.5);
#5940=EDGE_CURVE('311',#5915,#5927,#5939,.T.);
#5941=ORIENTED_EDGE('',*,*,#5940,.F.);
#5942=EDGE_LOOP('',(#5922,#5923,#5924,#5925,#5934,#5941));
#5943=FACE_BOUND('',#5942,.T.);
#5944=ADVANCED_FACE('260',(#5943),#5913,.F.);
#5945=CARTESIAN_POINT('',(200.,350.,0.));
#5946=DIRECTION('',(-1.,0.,0.));
#5947=DIRECTION('',(0.,0.,1.));
#5948=AXIS2_PLACEMENT_3D('',#5945,#5946,#5947);
#5949=CYLINDRICAL_SURFACE('',#5948,10.5);
#5950=CARTESIAN_POINT('',(200.,350.,10.5));
#5951=VERTEX_POINT('',#5950);
#5952=CARTESIAN_POINT('',(50.,350.,10.5));
#5953=DIRECTION('',(1.,-0.,-0.));
#5954=VECTOR('',#5953,150.);
#5955=LINE('',#5952,#5954);
#5956=EDGE_CURVE('',#5927,#5951,#5955,.T.);
#5957=ORIENTED_EDGE('',*,*,#5956,.F.);
#5958=ORIENTED_EDGE('',*,*,#5933,.T.);
#5959=ORIENTED_EDGE('',*,*,#5940,.T.);
#5960=ORIENTED_EDGE('',*,*,#5956,.T.);
#5961=CARTESIAN_POINT('',(200.,339.5,-0.));
#5962=VERTEX_POINT('',#5961);
#5963=CARTESIAN_POINT('',(200.,350.,0.));
#5964=DIRECTION('',(-1.,0.,0.));
#5965=DIRECTION('',(0.,0.,1.));
#5966=AXIS2_PLACEMENT_3D('',#5963,#5964,#5965);
#5967=CIRCLE('',#5966,10.5);
#5968=EDGE_CURVE('313',#5962,#5951,#5967,.T.);
#5969=ORIENTED_EDGE('',*,*,#5968,.F.);
#5970=CARTESIAN_POINT('',(200.,350.,0.));
#5971=DIRECTION('',(-1.,0.,0.));
#5972=DIRECTION('',(0.,0.,1.));
#5973=AXIS2_PLACEMENT_3D('',#5970,#5971,#5972);
#5974=CIRCLE('',#5973,10.5);
#5975=EDGE_CURVE('313',#5951,#5962,#5974,.T.);
#5976=ORIENTED_EDGE('',*,*,#5975,.F.);
#5977=EDGE_LOOP('',(#5957,#5958,#5959,#5960,#5969,#5976));
#5978=FACE_BOUND('',#5977,.T.);
#5979=CARTESIAN_POINT('',(123.5,339.5,-0.));
#5980=VERTEX_POINT('73',#5979);
#5981=CARTESIAN_POINT('',(126.500000001,339.5,0.));
#5982=VERTEX_POINT('',#5981);
#5983=CARTESIAN_POINT('',(123.5,339.5,0.000001021));
#5984=CARTESIAN_POINT('',(123.499999847,339.499999992,-0.099068357));
#5985=CARTESIAN_POINT('',(123.509716471,339.50140087,-0.196505487));
#5986=CARTESIAN_POINT('',(123.528775915,339.504071414,-0.292374958));
#5987=CARTESIAN_POINT('',(123.54783536,339.506741958,-0.388244429));
#5988=CARTESIAN_POINT('',(123.576725213,339.510747831,-0.48356179));
#5989=CARTESIAN_POINT('',(123.614349369,339.515712968,-0.574217233));
#5990=CARTESIAN_POINT('',(123.651973524,339.520678105,-0.664872675));
#5991=CARTESIAN_POINT('',(123.698035459,339.526564547,-0.750876953));
#5992=CARTESIAN_POINT('',(123.752507068,339.533036256,-0.83226798));
#5993=CARTESIAN_POINT('',(123.806978677,339.539507966,-0.913659007));
#5994=CARTESIAN_POINT('',(123.870283823,339.546595205,-0.99051943));
#5995=CARTESIAN_POINT('',(123.939424973,339.553580029,-1.05939124));
#5996=CARTESIAN_POINT('',(124.077707275,339.567549679,-1.197134858));
#5997=CARTESIAN_POINT('',(124.245052534,339.581553469,-1.30828093));
#5998=CARTESIAN_POINT('',(124.425541083,339.591428426,-1.382619903));
#5999=CARTESIAN_POINT('',(124.515785358,339.596365905,-1.419789389));
#6000=CARTESIAN_POINT('',(124.61049829,339.600365225,-1.448436952));
#6001=CARTESIAN_POINT('',(124.707355608,339.603064727,-1.467561556));
#6002=CARTESIAN_POINT('',(124.804212926,339.605764228,-1.486686161));
#6003=CARTESIAN_POINT('',(124.902229764,339.607155358,-1.496255442));
#6004=CARTESIAN_POINT('',(125.001343851,339.607142769,-1.496167979));
#6005=CARTESIAN_POINT('',(125.100457938,339.607130179,-1.496080515));
#6006=CARTESIAN_POINT('',(125.197909808,339.60571526,-1.48634218));
#6007=CARTESIAN_POINT('',(125.293767865,339.603033354,-1.467339282));
#6008=CARTESIAN_POINT('',(125.389625923,339.600351449,-1.448336385));
#6009=CARTESIAN_POINT('',(125.484888998,339.59633921,-1.419602524));
#6010=CARTESIAN_POINT('',(125.575663358,339.591362462,-1.382123221));
#6011=CARTESIAN_POINT('',(125.666437719,339.586385713,-1.344643919));
#6012=CARTESIAN_POINT('',(125.752538188,339.580491731,-1.298779007));
#6013=CARTESIAN_POINT('',(125.834009559,339.574020384,-1.244567812));
#6014=CARTESIAN_POINT('',(125.91548093,339.567549036,-1.190356616));
#6015=CARTESIAN_POINT('',(125.992590576,339.560455376,-1.12725532));
#6016=CARTESIAN_POINT('',(126.061680935,339.553468266,-1.058288592));
#6017=CARTESIAN_POINT('',(126.130771293,339.546481157,-0.989321865));
#6018=CARTESIAN_POINT('',(126.192790548,339.539535904,-0.914018555));
#6019=CARTESIAN_POINT('',(126.247554325,339.533028962,-0.83217624));
#6020=CARTESIAN_POINT('',(126.302318102,339.526522021,-0.750333926));
#6021=CARTESIAN_POINT('',(126.348807508,339.520576755,-0.663206118));
#6022=CARTESIAN_POINT('',(126.386137922,339.515648651,-0.573041692));
#6023=CARTESIAN_POINT('',(126.423468336,339.510720546,-0.482877266));
#6024=CARTESIAN_POINT('',(126.452213125,339.506736225,-0.388315713));
#6025=CARTESIAN_POINT('',(126.471391489,339.504047957,-0.291531656));
#6026=CARTESIAN_POINT('',(126.490569853,339.501359689,-0.194747599));
#6027=CARTESIAN_POINT('',(126.500029985,339.499995716,-0.097412721));
#6028=CARTESIAN_POINT('',(126.499999929,339.50000001,0.000460641));
#6029=CARTESIAN_POINT('',(126.499969874,339.500004304,0.098334002));
#6030=CARTESIAN_POINT('',(126.490137373,339.501421894,0.197751618));
#6031=CARTESIAN_POINT('',(126.47092404,339.504113451,0.293880157));
#6032=CARTESIAN_POINT('',(126.451710708,339.506805008,0.390008696));
#6033=CARTESIAN_POINT('',(126.423317721,339.510742147,0.483456035));
#6034=CARTESIAN_POINT('',(126.385655783,339.515712288,0.574204819));
#6035=CARTESIAN_POINT('',(126.347993846,339.520682429,0.664953603));
#6036=CARTESIAN_POINT('',(126.301007673,339.526682459,0.7524793));
#6037=CARTESIAN_POINT('',(126.246669838,339.533134015,0.833496522));
#6038=CARTESIAN_POINT('',(126.192332003,339.539585571,0.914513745));
#6039=CARTESIAN_POINT('',(126.130147709,339.546555681,0.990155397));
#6040=CARTESIAN_POINT('',(126.060124982,339.553625477,1.059839294));
#6041=CARTESIAN_POINT('',(125.990102256,339.560695274,1.129523192));
#6042=CARTESIAN_POINT('',(125.914352529,339.567645559,1.191192893));
#6043=CARTESIAN_POINT('',(125.833083488,339.5740939,1.245183519));
#6044=CARTESIAN_POINT('',(125.751814447,339.580542241,1.299174146));
#6045=CARTESIAN_POINT('',(125.66396675,339.586542442,1.345851911));
#6046=CARTESIAN_POINT('',(125.57317418,339.591498636,1.38314835));
#6047=CARTESIAN_POINT('',(125.482381611,339.596454831,1.420444789));
#6048=CARTESIAN_POINT('',(125.388874598,339.600382527,1.448559475));
#6049=CARTESIAN_POINT('',(125.292663556,339.603064193,1.467557772));
#6050=CARTESIAN_POINT('',(125.196452514,339.605745858,1.486556069));
#6051=CARTESIAN_POINT('',(125.097064845,339.607150133,1.496219117));
#6052=CARTESIAN_POINT('',(124.999216188,339.607142828,1.496168373));
#6053=CARTESIAN_POINT('',(124.901367531,339.607135523,1.496117629));
#6054=CARTESIAN_POINT('',(124.804013742,339.605760401,1.486659541));
#6055=CARTESIAN_POINT('',(124.707168408,339.603059508,1.467524581));
#6056=CARTESIAN_POINT('',(124.610323074,339.600358614,1.448389622));
#6057=CARTESIAN_POINT('',(124.51583261,339.596368102,1.419805454));
#6058=CARTESIAN_POINT('',(124.425585037,339.591430831,1.382638005));
#6059=CARTESIAN_POINT('',(124.335337463,339.58649356,1.345470557));
#6060=CARTESIAN_POINT('',(124.247996965,339.580533691,1.299128635));
#6061=CARTESIAN_POINT('',(124.166059942,339.574025904,1.244614054));
#6062=CARTESIAN_POINT('',(124.084122919,339.567518116,1.190099474));
#6063=CARTESIAN_POINT('',(124.008633532,339.560571367,1.128326193));
#6064=CARTESIAN_POINT('',(123.939448446,339.5535824,1.059414617));
#6065=CARTESIAN_POINT('',(123.87026336,339.546593433,0.990503041));
#6066=CARTESIAN_POINT('',(123.806914742,339.539500356,0.913562938));
#6067=CARTESIAN_POINT('',(123.752509601,339.533036557,0.832271764));
#6068=CARTESIAN_POINT('',(123.69810446,339.526572758,0.75098059));
#6069=CARTESIAN_POINT('',(123.652020768,339.520685885,0.665002306));
#6070=CARTESIAN_POINT('',(123.614364745,339.515714998,0.574254295));
#6071=CARTESIAN_POINT('',(123.576708721,339.510744111,0.483506285));
#6072=CARTESIAN_POINT('',(123.547863853,339.5067459,0.388341127));
#6073=CARTESIAN_POINT('',(123.528803082,339.50407522,0.292511575));
#6074=CARTESIAN_POINT('',(123.509742311,339.50140454,0.196682023));
#6075=CARTESIAN_POINT('',(123.500000153,339.500000008,0.099070398));
#6076=CARTESIAN_POINT('',(123.5,339.5,0.000001021));
#6077=B_SPLINE_CURVE_WITH_KNOTS('',3,(#5983,#5984,#5985,#5986,#5987,#5988,#5989,#5990,#5991,#5992,#5993,#5994,#5995,#5996,#5997,#5998,#5999,#6000,#6001,#6002,#6003,#6004,#6005,#6006,#6007,#6008,
#6009,#6010,#6011,#6012,#6013,#6014,#6015,#6016,#6017,#6018,#6019,#6020,#6021,#6022,#6023,#6024,#6025,#6026,#6027,#6028,#6029,#6030,#6031,#6032,#6033,
#6034,#6035,#6036,#6037,#6038,#6039,#6040,#6041,#6042,#6043,#6044,#6045,#6046,#6047,#6048,#6049,#6050,#6051,#6052,#6053,#6054,#6055,#6056,#6057,#6058,
#6059,#6060,#6061,#6062,#6063,#6064,#6065,#6066,#6067,#6068,#6069,#6070,#6071,#6072,#6073,#6074,#6075,#6076),.UNSPECIFIED.,.T.,.F.,(4,3,3,3,3,3,3,3,3,3,3,3,3,3,3,3,3,3,3,3,3,3,3,3,3,3,
3,3,3,3,3,4),(0.007037152,0.007330311,0.007623471,0.00791663,0.008209789,0.008796108,0.009089268,0.009382427,0.009675587,0.009968746,0.010261906,0.010555065,0.010848225,0.011141384,0.011434543,0.011727703,0.012020862,0.012314022,0.012607181,0.012900341,0.0131935,0.01348666,0.013779819,0.014072979,0.014366138,0.014659297,
0.014952457,0.015245616,0.015538776,0.015831935,0.016125095,0.016418254),.UNSPECIFIED.);
#6078=EDGE_CURVE('417',#5980,#5982,#6077,.T.);
#6079=ORIENTED_EDGE('',*,*,#6078,.T.);
#6080=CARTESIAN_POINT('',(123.5,339.5,0.000001021));
#6081=CARTESIAN_POINT('',(123.499999847,339.499999992,-0.099068357));
#6082=CARTESIAN_POINT('',(123.509716471,339.50140087,-0.196505487));
#6083=CARTESIAN_POINT('',(123.528775915,339.504071414,-0.292374958));
#6084=CARTESIAN_POINT('',(123.54783536,339.506741958,-0.388244429));
#6085=CARTESIAN_POINT('',(123.576725213,339.510747831,-0.48356179));
#6086=CARTESIAN_POINT('',(123.614349369,339.515712968,-0.574217233));
#6087=CARTESIAN_POINT('',(123.651973524,339.520678105,-0.664872675));
#6088=CARTESIAN_POINT('',(123.698035459,339.526564547,-0.750876953));
#6089=CARTESIAN_POINT('',(123.752507068,339.533036256,-0.83226798));
#6090=CARTESIAN_POINT('',(123.806978677,339.539507966,-0.913659007));
#6091=CARTESIAN_POINT('',(123.870283823,339.546595205,-0.99051943));
#6092=CARTESIAN_POINT('',(123.939424973,339.553580029,-1.05939124));
#6093=CARTESIAN_POINT('',(124.077707275,339.567549679,-1.197134858));
#6094=CARTESIAN_POINT('',(124.245052534,339.581553469,-1.30828093));
#6095=CARTESIAN_POINT('',(124.425541083,339.591428426,-1.382619903));
#6096=CARTESIAN_POINT('',(124.515785358,339.596365905,-1.419789389));
#6097=CARTESIAN_POINT('',(124.61049829,339.600365225,-1.448436952));
#6098=CARTESIAN_POINT('',(124.707355608,339.603064727,-1.467561556));
#6099=CARTESIAN_POINT('',(124.804212926,339.605764228,-1.486686161));
#6100=CARTESIAN_POINT('',(124.902229764,339.607155358,-1.496255442));
#6101=CARTESIAN_POINT('',(125.001343851,339.607142769,-1.496167979));
#6102=CARTESIAN_POINT('',(125.100457938,339.607130179,-1.496080515));
#6103=CARTESIAN_POINT('',(125.197909808,339.60571526,-1.48634218));
#6104=CARTESIAN_POINT('',(125.293767865,339.603033354,-1.467339282));
#6105=CARTESIAN_POINT('',(125.389625923,339.600351449,-1.448336385));
#6106=CARTESIAN_POINT('',(125.484888998,339.59633921,-1.419602524));
#6107=CARTESIAN_POINT('',(125.575663358,339.591362462,-1.382123221));
#6108=CARTESIAN_POINT('',(125.666437719,339.586385713,-1.344643919));
#6109=CARTESIAN_POINT('',(125.752538188,339.580491731,-1.298779007));
#6110=CARTESIAN_POINT('',(125.834009559,339.574020384,-1.244567812));
#6111=CARTESIAN_POINT('',(125.91548093,339.567549036,-1.190356616));
#6112=CARTESIAN_POINT('',(125.992590576,339.560455376,-1.12725532));
#6113=CARTESIAN_POINT('',(126.061680935,339.553468266,-1.058288592));
#6114=CARTESIAN_POINT('',(126.130771293,339.546481157,-0.989321865));
#6115=CARTESIAN_POINT('',(126.192790548,339.539535904,-0.914018555));
#6116=CARTESIAN_POINT('',(126.247554325,339.533028962,-0.83217624));
#6117=CARTESIAN_POINT('',(126.302318102,339.526522021,-0.750333926));
#6118=CARTESIAN_POINT('',(126.348807508,339.520576755,-0.663206118));
#6119=CARTESIAN_POINT('',(126.386137922,339.515648651,-0.573041692));
#6120=CARTESIAN_POINT('',(126.423468336,339.510720546,-0.482877266));
#6121=CARTESIAN_POINT('',(126.452213125,339.506736225,-0.388315713));
#6122=CARTESIAN_POINT('',(126.471391489,339.504047957,-0.291531656));
#6123=CARTESIAN_POINT('',(126.490569853,339.501359689,-0.194747599));
#6124=CARTESIAN_POINT('',(126.500029985,339.499995716,-0.097412721));
#6125=CARTESIAN_POINT('',(126.499999929,339.50000001,0.000460641));
#6126=CARTESIAN_POINT('',(126.499969874,339.500004304,0.098334002));
#6127=CARTESIAN_POINT('',(126.490137373,339.501421894,0.197751618));
#6128=CARTESIAN_POINT('',(126.47092404,339.504113451,0.293880157));
#6129=CARTESIAN_POINT('',(126.451710708,339.506805008,0.390008696));
#6130=CARTESIAN_POINT('',(126.423317721,339.510742147,0.483456035));
#6131=CARTESIAN_POINT('',(126.385655783,339.515712288,0.574204819));
#6132=CARTESIAN_POINT('',(126.347993846,339.520682429,0.664953603));
#6133=CARTESIAN_POINT('',(126.301007673,339.526682459,0.7524793));
#6134=CARTESIAN_POINT('',(126.246669838,339.533134015,0.833496522));
#6135=CARTESIAN_POINT('',(126.192332003,339.539585571,0.914513745));
#6136=CARTESIAN_POINT('',(126.130147709,339.546555681,0.990155397));
#6137=CARTESIAN_POINT('',(126.060124982,339.553625477,1.059839294));
#6138=CARTESIAN_POINT('',(125.990102256,339.560695274,1.129523192));
#6139=CARTESIAN_POINT('',(125.914352529,339.567645559,1.191192893));
#6140=CARTESIAN_POINT('',(125.833083488,339.5740939,1.245183519));
#6141=CARTESIAN_POINT('',(125.751814447,339.580542241,1.299174146));
#6142=CARTESIAN_POINT('',(125.66396675,339.586542442,1.345851911));
#6143=CARTESIAN_POINT('',(125.57317418,339.591498636,1.38314835));
#6144=CARTESIAN_POINT('',(125.482381611,339.596454831,1.420444789));
#6145=CARTESIAN_POINT('',(125.388874598,339.600382527,1.448559475));
#6146=CARTESIAN_POINT('',(125.292663556,339.603064193,1.467557772));
#6147=CARTESIAN_POINT('',(125.196452514,339.605745858,1.486556069));
#6148=CARTESIAN_POINT('',(125.097064845,339.607150133,1.496219117));
#6149=CARTESIAN_POINT('',(124.999216188,339.607142828,1.496168373));
#6150=CARTESIAN_POINT('',(124.901367531,339.607135523,1.496117629));
#6151=CARTESIAN_POINT('',(124.804013742,339.605760401,1.486659541));
#6152=CARTESIAN_POINT('',(124.707168408,339.603059508,1.467524581));
#6153=CARTESIAN_POINT('',(124.610323074,339.600358614,1.448389622));
#6154=CARTESIAN_POINT('',(124.51583261,339.596368102,1.419805454));
#6155=CARTESIAN_POINT('',(124.425585037,339.591430831,1.382638005));
#6156=CARTESIAN_POINT('',(124.335337463,339.58649356,1.345470557));
#6157=CARTESIAN_POINT('',(124.247996965,339.580533691,1.299128635));
#6158=CARTESIAN_POINT('',(124.166059942,339.574025904,1.244614054));
#6159=CARTESIAN_POINT('',(124.084122919,339.567518116,1.190099474));
#6160=CARTESIAN_POINT('',(124.008633532,339.560571367,1.128326193));
#6161=CARTESIAN_POINT('',(123.939448446,339.5535824,1.059414617));
#6162=CARTESIAN_POINT('',(123.87026336,339.546593433,0.990503041));
#6163=CARTESIAN_POINT('',(123.806914742,339.539500356,0.913562938));
#6164=CARTESIAN_POINT('',(123.752509601,339.533036557,0.832271764));
#6165=CARTESIAN_POINT('',(123.69810446,339.526572758,0.75098059));
#6166=CARTESIAN_POINT('',(123.652020768,339.520685885,0.665002306));
#6167=CARTESIAN_POINT('',(123.614364745,339.515714998,0.574254295));
#6168=CARTESIAN_POINT('',(123.576708721,339.510744111,0.483506285));
#6169=CARTESIAN_POINT('',(123.547863853,339.5067459,0.388341127));
#6170=CARTESIAN_POINT('',(123.528803082,339.50407522,0.292511575));
#6171=CARTESIAN_POINT('',(123.509742311,339.50140454,0.196682023));
#6172=CARTESIAN_POINT('',(123.500000153,339.500000008,0.099070398));
#6173=CARTESIAN_POINT('',(123.5,339.5,0.000001021));
#6174=B_SPLINE_CURVE_WITH_KNOTS('',3,(#6080,#6081,#6082,#6083,#6084,#6085,#6086,#6087,#6088,#6089,#6090,#6091,#6092,#6093,#6094,#6095,#6096,#6097,#6098,#6099,#6100,#6101,#6102,#6103,#6104,#6105,
#6106,#6107,#6108,#6109,#6110,#6111,#6112,#6113,#6114,#6115,#6116,#6117,#6118,#6119,#6120,#6121,#6122,#6123,#6124,#6125,#6126,#6127,#6128,#6129,#6130,
#6131,#6132,#6133,#6134,#6135,#6136,#6137,#6138,#6139,#6140,#6141,#6142,#6143,#6144,#6145,#6146,#6147,#6148,#6149,#6150,#6151,#6152,#6153,#6154,#6155,
#6156,#6157,#6158,#6159,#6160,#6161,#6162,#6163,#6164,#6165,#6166,#6167,#6168,#6169,#6170,#6171,#6172,#6173),.UNSPECIFIED.,.T.,.F.,(4,3,3,3,3,3,3,3,3,3,3,3,3,3,3,3,3,3,3,3,3,3,3,3,3,3,
3,3,3,3,3,4),(0.007037152,0.007330311,0.007623471,0.00791663,0.008209789,0.008796108,0.009089268,0.009382427,0.009675587,0.009968746,0.010261906,0.010555065,0.010848225,0.011141384,0.011434543,0.011727703,0.012020862,0.012314022,0.012607181,0.012900341,0.0131935,0.01348666,0.013779819,0.014072979,0.014366138,0.014659297,
0.014952457,0.015245616,0.015538776,0.015831935,0.016125095,0.016418254),.UNSPECIFIED.);
#6175=EDGE_CURVE('417',#5982,#5980,#6174,.T.);
#6176=ORIENTED_EDGE('',*,*,#6175,.T.);
#6177=CARTESIAN_POINT('',(120.500000001,339.5,0.));
#6178=VERTEX_POINT('',#6177);
#6179=CARTESIAN_POINT('',(123.5,339.5,0.));
#6180=CARTESIAN_POINT('',(123.5,339.5,0.097871656));
#6181=CARTESIAN_POINT('',(123.490198639,339.501413145,0.19729067));
#6182=CARTESIAN_POINT('',(123.4710144,339.504100792,0.293427705));
#6183=CARTESIAN_POINT('',(123.451830161,339.506788439,0.38956474));
#6184=CARTESIAN_POINT('',(123.423465541,339.510722003,0.483020354));
#6185=CARTESIAN_POINT('',(123.385832971,339.515688904,0.573777687));
#6186=CARTESIAN_POINT('',(123.348200402,339.520655804,0.664535019));
#6187=CARTESIAN_POINT('',(123.301238866,339.526653683,0.752080534));
#6188=CARTESIAN_POINT('',(123.246925523,339.533103654,0.833115171));
#6189=CARTESIAN_POINT('',(123.19261218,339.539553626,0.914149808));
#6190=CARTESIAN_POINT('',(123.130459089,339.546522042,0.989801981));
#6191=CARTESIAN_POINT('',(123.060454504,339.553592202,1.059511265));
#6192=CARTESIAN_POINT('',(122.990449919,339.560662362,1.12922055));
#6193=CARTESIAN_POINT('',(122.914718316,339.567613921,1.190915511));
#6194=CARTESIAN_POINT('',(122.833465946,339.574063548,1.244929359));
#6195=CARTESIAN_POINT('',(122.752213576,339.580513176,1.298943206));
#6196=CARTESIAN_POINT('',(122.664385454,339.58651589,1.345647231));
#6197=CARTESIAN_POINT('',(122.573601479,339.591475302,1.382972745));
#6198=CARTESIAN_POINT('',(122.482817503,339.596434714,1.420298259));
#6199=CARTESIAN_POINT('',(122.389318835,339.600365989,1.448441115));
#6200=CARTESIAN_POINT('',(122.293116357,339.603051562,1.467468288));
#6201=CARTESIAN_POINT('',(122.196913878,339.605737135,1.486495461));
#6202=CARTESIAN_POINT('',(122.097526945,339.607145865,1.496189467));
#6203=CARTESIAN_POINT('',(121.99967672,339.607142852,1.496168542));
#6204=CARTESIAN_POINT('',(121.901826494,339.60713984,1.496147617));
#6205=CARTESIAN_POINT('',(121.804471163,339.605768943,1.486718865));
#6206=CARTESIAN_POINT('',(121.707624218,339.60307221,1.467614569));
#6207=CARTESIAN_POINT('',(121.610777273,339.600375476,1.448510272));
#6208=CARTESIAN_POINT('',(121.516269018,339.596388146,1.419952148));
#6209=CARTESIAN_POINT('',(121.426009818,339.591454061,1.382812867));
#6210=CARTESIAN_POINT('',(121.335750618,339.586519975,1.345673586));
#6211=CARTESIAN_POINT('',(121.248403446,339.580562843,1.299361751));
#6212=CARTESIAN_POINT('',(121.166445631,339.574056529,1.244870573));
#6213=CARTESIAN_POINT('',(121.084487815,339.567550215,1.190379395));
#6214=CARTESIAN_POINT('',(121.008981863,339.560603466,1.128624882));
#6215=CARTESIAN_POINT('',(120.939774128,339.553615291,1.059738884));
#6216=CARTESIAN_POINT('',(120.870566394,339.546627115,0.990852885));
#6217=CARTESIAN_POINT('',(120.807197248,339.539532591,0.913930643));
#6218=CARTESIAN_POINT('',(120.752765723,339.533066984,0.832654329));
#6219=CARTESIAN_POINT('',(120.698334197,339.526601377,0.751378015));
#6220=CARTESIAN_POINT('',(120.652232403,339.520711575,0.665410042));
#6221=CARTESIAN_POINT('',(120.614542078,339.515738397,0.574681346));
#6222=CARTESIAN_POINT('',(120.576851753,339.51076522,0.48395265));
#6223=CARTESIAN_POINT('',(120.547983161,339.506762454,0.388786913));
#6224=CARTESIAN_POINT('',(120.528892862,339.504087799,0.292962588));
#6225=CARTESIAN_POINT('',(120.509802563,339.501413145,0.197138262));
#6226=CARTESIAN_POINT('',(120.500030463,339.500004359,0.099541762));
#6227=CARTESIAN_POINT('',(120.500000073,339.50000001,0.000467306));
#6228=CARTESIAN_POINT('',(120.499969683,339.499995662,-0.09860715));
#6229=CARTESIAN_POINT('',(120.509656783,339.501392294,-0.19604924));
#6230=CARTESIAN_POINT('',(120.528686281,339.504058854,-0.291923733));
#6231=CARTESIAN_POINT('',(120.547715779,339.506725414,-0.387798227));
#6232=CARTESIAN_POINT('',(120.576574931,339.510727363,-0.483120347));
#6233=CARTESIAN_POINT('',(120.614172352,339.515689606,-0.573790525));
#6234=CARTESIAN_POINT('',(120.651769773,339.520651849,-0.664460703));
#6235=CARTESIAN_POINT('',(120.697805797,339.526535928,-0.750479233));
#6236=CARTESIAN_POINT('',(120.752250758,339.533005801,-0.831884876));
#6237=CARTESIAN_POINT('',(120.80669572,339.539475674,-0.913290519));
#6238=CARTESIAN_POINT('',(120.869975476,339.546562986,-0.990176388));
#6239=CARTESIAN_POINT('',(120.939099592,339.553547158,-1.059067055));
#6240=CARTESIAN_POINT('',(121.077347824,339.567515503,-1.196848387));
#6241=CARTESIAN_POINT('',(121.244650784,339.581524542,-1.308052341));
#6242=CARTESIAN_POINT('',(121.425116372,339.591405182,-1.382444902));
#6243=CARTESIAN_POINT('',(121.515349166,339.596345502,-1.419641182));
#6244=CARTESIAN_POINT('',(121.61004603,339.600348407,-1.448316595));
#6245=CARTESIAN_POINT('',(121.706899754,339.603052012,-1.467471475));
#6246=CARTESIAN_POINT('',(121.803753479,339.605755617,-1.486626354));
#6247=CARTESIAN_POINT('',(121.901758019,339.607151022,-1.496225302));
#6248=CARTESIAN_POINT('',(122.000877355,339.607142819,-1.496168322));
#6249=CARTESIAN_POINT('',(122.099996692,339.607134617,-1.496111341));
#6250=CARTESIAN_POINT('',(122.197453587,339.605723896,-1.48640219));
#6251=CARTESIAN_POINT('',(122.293316694,339.603045967,-1.467428651));
#6252=CARTESIAN_POINT('',(122.389179801,339.600368039,-1.448455112));
#6253=CARTESIAN_POINT('',(122.48444685,339.596359712,-1.419752159));
#6254=CARTESIAN_POINT('',(122.575236091,339.591385878,-1.382299556));
#6255=CARTESIAN_POINT('',(122.666025332,339.586412045,-1.344846952));
#6256=CARTESIAN_POINT('',(122.752139845,339.58052027,-1.299007304));
#6257=CARTESIAN_POINT('',(122.833626076,339.574050836,-1.244822895));
#6258=CARTESIAN_POINT('',(122.915112307,339.567581403,-1.190638485));
#6259=CARTESIAN_POINT('',(122.992238716,339.560487596,-1.127556079));
#6260=CARTESIAN_POINT('',(123.061355684,339.553501148,-1.05861312));
#6261=CARTESIAN_POINT('',(123.130472653,339.546514701,-0.989670161));
#6262=CARTESIAN_POINT('',(123.192509088,339.539567797,-0.914382394));
#6263=CARTESIAN_POINT('',(123.24729652,339.53305959,-0.832561382));
#6264=CARTESIAN_POINT('',(123.302083951,339.526551383,-0.750740371));
#6265=CARTESIAN_POINT('',(123.348604097,339.520602982,-0.663618857));
#6266=CARTESIAN_POINT('',(123.38596216,339.515671852,-0.573466027));
#6267=CARTESIAN_POINT('',(123.423320223,339.510740722,-0.483313196));
#6268=CARTESIAN_POINT('',(123.452086818,339.506753004,-0.388769193));
#6269=CARTESIAN_POINT('',(123.471301127,339.504060619,-0.291987167));
#6270=CARTESIAN_POINT('',(123.490515435,339.501368234,-0.195205142));
#6271=CARTESIAN_POINT('',(123.5,339.5,-0.097871656));
#6272=CARTESIAN_POINT('',(123.5,339.5,0.));
#6273=B_SPLINE_CURVE_WITH_KNOTS('',3,(#6179,#6180,#6181,#6182,#6183,#6184,#6185,#6186,#6187,#6188,#6189,#6190,#6191,#6192,#6193,#6194,#6195,#6196,#6197,#6198,#6199,#6200,#6201,#6202,#6203,#6204,
#6205,#6206,#6207,#6208,#6209,#6210,#6211,#6212,#6213,#6214,#6215,#6216,#6217,#6218,#6219,#6220,#6221,#6222,#6223,#6224,#6225,#6226,#6227,#6228,#6229,
#6230,#6231,#6232,#6233,#6234,#6235,#6236,#6237,#6238,#6239,#6240,#6241,#6242,#6243,#6244,#6245,#6246,#6247,#6248,#6249,#6250,#6251,#6252,#6253,#6254,
#6255,#6256,#6257,#6258,#6259,#6260,#6261,#6262,#6263,#6264,#6265,#6266,#6267,#6268,#6269,#6270,#6271,#6272),.UNSPECIFIED.,.T.,.F.,(4,3,3,3,3,3,3,3,3,3,3,3,3,3,3,3,3,3,3,3,3,3,3,3,3,3,
3,3,3,3,3,4),(0.002346141,0.0026393,0.002932459,0.003225619,0.003518778,0.003811938,0.004105097,0.004398257,0.004691416,0.004984576,0.005277735,0.005570895,0.005864054,0.006157213,0.006450373,0.006743532,0.007036692,0.007329851,0.007623011,0.00791617,0.00820933,0.008795648,0.009088808,0.009381967,0.009675127,0.009968286,
0.010261446,0.010554605,0.010847765,0.011140924,0.011434084,0.011727243),.UNSPECIFIED.);
#6274=EDGE_CURVE('277',#5980,#6178,#6273,.T.);
#6275=ORIENTED_EDGE('',*,*,#6274,.T.);
#6276=CARTESIAN_POINT('',(123.5,339.5,0.));
#6277=CARTESIAN_POINT('',(123.5,339.5,0.097871656));
#6278=CARTESIAN_POINT('',(123.490198639,339.501413145,0.19729067));
#6279=CARTESIAN_POINT('',(123.4710144,339.504100792,0.293427705));
#6280=CARTESIAN_POINT('',(123.451830161,339.506788439,0.38956474));
#6281=CARTESIAN_POINT('',(123.423465541,339.510722003,0.483020354));
#6282=CARTESIAN_POINT('',(123.385832971,339.515688904,0.573777687));
#6283=CARTESIAN_POINT('',(123.348200402,339.520655804,0.664535019));
#6284=CARTESIAN_POINT('',(123.301238866,339.526653683,0.752080534));
#6285=CARTESIAN_POINT('',(123.246925523,339.533103654,0.833115171));
#6286=CARTESIAN_POINT('',(123.19261218,339.539553626,0.914149808));
#6287=CARTESIAN_POINT('',(123.130459089,339.546522042,0.989801981));
#6288=CARTESIAN_POINT('',(123.060454504,339.553592202,1.059511265));
#6289=CARTESIAN_POINT('',(122.990449919,339.560662362,1.12922055));
#6290=CARTESIAN_POINT('',(122.914718316,339.567613921,1.190915511));
#6291=CARTESIAN_POINT('',(122.833465946,339.574063548,1.244929359));
#6292=CARTESIAN_POINT('',(122.752213576,339.580513176,1.298943206));
#6293=CARTESIAN_POINT('',(122.664385454,339.58651589,1.345647231));
#6294=CARTESIAN_POINT('',(122.573601479,339.591475302,1.382972745));
#6295=CARTESIAN_POINT('',(122.482817503,339.596434714,1.420298259));
#6296=CARTESIAN_POINT('',(122.389318835,339.600365989,1.448441115));
#6297=CARTESIAN_POINT('',(122.293116357,339.603051562,1.467468288));
#6298=CARTESIAN_POINT('',(122.196913878,339.605737135,1.486495461));
#6299=CARTESIAN_POINT('',(122.097526945,339.607145865,1.496189467));
#6300=CARTESIAN_POINT('',(121.99967672,339.607142852,1.496168542));
#6301=CARTESIAN_POINT('',(121.901826494,339.60713984,1.496147617));
#6302=CARTESIAN_POINT('',(121.804471163,339.605768943,1.486718865));
#6303=CARTESIAN_POINT('',(121.707624218,339.60307221,1.467614569));
#6304=CARTESIAN_POINT('',(121.610777273,339.600375476,1.448510272));
#6305=CARTESIAN_POINT('',(121.516269018,339.596388146,1.419952148));
#6306=CARTESIAN_POINT('',(121.426009818,339.591454061,1.382812867));
#6307=CARTESIAN_POINT('',(121.335750618,339.586519975,1.345673586));
#6308=CARTESIAN_POINT('',(121.248403446,339.580562843,1.299361751));
#6309=CARTESIAN_POINT('',(121.166445631,339.574056529,1.244870573));
#6310=CARTESIAN_POINT('',(121.084487815,339.567550215,1.190379395));
#6311=CARTESIAN_POINT('',(121.008981863,339.560603466,1.128624882));
#6312=CARTESIAN_POINT('',(120.939774128,339.553615291,1.059738884));
#6313=CARTESIAN_POINT('',(120.870566394,339.546627115,0.990852885));
#6314=CARTESIAN_POINT('',(120.807197248,339.539532591,0.913930643));
#6315=CARTESIAN_POINT('',(120.752765723,339.533066984,0.832654329));
#6316=CARTESIAN_POINT('',(120.698334197,339.526601377,0.751378015));
#6317=CARTESIAN_POINT('',(120.652232403,339.520711575,0.665410042));
#6318=CARTESIAN_POINT('',(120.614542078,339.515738397,0.574681346));
#6319=CARTESIAN_POINT('',(120.576851753,339.51076522,0.48395265));
#6320=CARTESIAN_POINT('',(120.547983161,339.506762454,0.388786913));
#6321=CARTESIAN_POINT('',(120.528892862,339.504087799,0.292962588));
#6322=CARTESIAN_POINT('',(120.509802563,339.501413145,0.197138262));
#6323=CARTESIAN_POINT('',(120.500030463,339.500004359,0.099541762));
#6324=CARTESIAN_POINT('',(120.500000073,339.50000001,0.000467306));
#6325=CARTESIAN_POINT('',(120.499969683,339.499995662,-0.09860715));
#6326=CARTESIAN_POINT('',(120.509656783,339.501392294,-0.19604924));
#6327=CARTESIAN_POINT('',(120.528686281,339.504058854,-0.291923733));
#6328=CARTESIAN_POINT('',(120.547715779,339.506725414,-0.387798227));
#6329=CARTESIAN_POINT('',(120.576574931,339.510727363,-0.483120347));
#6330=CARTESIAN_POINT('',(120.614172352,339.515689606,-0.573790525));
#6331=CARTESIAN_POINT('',(120.651769773,339.520651849,-0.664460703));
#6332=CARTESIAN_POINT('',(120.697805797,339.526535928,-0.750479233));
#6333=CARTESIAN_POINT('',(120.752250758,339.533005801,-0.831884876));
#6334=CARTESIAN_POINT('',(120.80669572,339.539475674,-0.913290519));
#6335=CARTESIAN_POINT('',(120.869975476,339.546562986,-0.990176388));
#6336=CARTESIAN_POINT('',(120.939099592,339.553547158,-1.059067055));
#6337=CARTESIAN_POINT('',(121.077347824,339.567515503,-1.196848387));
#6338=CARTESIAN_POINT('',(121.244650784,339.581524542,-1.308052341));
#6339=CARTESIAN_POINT('',(121.425116372,339.591405182,-1.382444902));
#6340=CARTESIAN_POINT('',(121.515349166,339.596345502,-1.419641182));
#6341=CARTESIAN_POINT('',(121.61004603,339.600348407,-1.448316595));
#6342=CARTESIAN_POINT('',(121.706899754,339.603052012,-1.467471475));
#6343=CARTESIAN_POINT('',(121.803753479,339.605755617,-1.486626354));
#6344=CARTESIAN_POINT('',(121.901758019,339.607151022,-1.496225302));
#6345=CARTESIAN_POINT('',(122.000877355,339.607142819,-1.496168322));
#6346=CARTESIAN_POINT('',(122.099996692,339.607134617,-1.496111341));
#6347=CARTESIAN_POINT('',(122.197453587,339.605723896,-1.48640219));
#6348=CARTESIAN_POINT('',(122.293316694,339.603045967,-1.467428651));
#6349=CARTESIAN_POINT('',(122.389179801,339.600368039,-1.448455112));
#6350=CARTESIAN_POINT('',(122.48444685,339.596359712,-1.419752159));
#6351=CARTESIAN_POINT('',(122.575236091,339.591385878,-1.382299556));
#6352=CARTESIAN_POINT('',(122.666025332,339.586412045,-1.344846952));
#6353=CARTESIAN_POINT('',(122.752139845,339.58052027,-1.299007304));
#6354=CARTESIAN_POINT('',(122.833626076,339.574050836,-1.244822895));
#6355=CARTESIAN_POINT('',(122.915112307,339.567581403,-1.190638485));
#6356=CARTESIAN_POINT('',(122.992238716,339.560487596,-1.127556079));
#6357=CARTESIAN_POINT('',(123.061355684,339.553501148,-1.05861312));
#6358=CARTESIAN_POINT('',(123.130472653,339.546514701,-0.989670161));
#6359=CARTESIAN_POINT('',(123.192509088,339.539567797,-0.914382394));
#6360=CARTESIAN_POINT('',(123.24729652,339.53305959,-0.832561382));
#6361=CARTESIAN_POINT('',(123.302083951,339.526551383,-0.750740371));
#6362=CARTESIAN_POINT('',(123.348604097,339.520602982,-0.663618857));
#6363=CARTESIAN_POINT('',(123.38596216,339.515671852,-0.573466027));
#6364=CARTESIAN_POINT('',(123.423320223,339.510740722,-0.483313196));
#6365=CARTESIAN_POINT('',(123.452086818,339.506753004,-0.388769193));
#6366=CARTESIAN_POINT('',(123.471301127,339.504060619,-0.291987167));
#6367=CARTESIAN_POINT('',(123.490515435,339.501368234,-0.195205142));
#6368=CARTESIAN_POINT('',(123.5,339.5,-0.097871656));
#6369=CARTESIAN_POINT('',(123.5,339.5,0.));
#6370=B_SPLINE_CURVE_WITH_KNOTS('',3,(#6276,#6277,#6278,#6279,#6280,#6281,#6282,#6283,#6284,#6285,#6286,#6287,#6288,#6289,#6290,#6291,#6292,#6293,#6294,#6295,#6296,#6297,#6298,#6299,#6300,#6301,
#6302,#6303,#6304,#6305,#6306,#6307,#6308,#6309,#6310,#6311,#6312,#6313,#6314,#6315,#6316,#6317,#6318,#6319,#6320,#6321,#6322,#6323,#6324,#6325,#6326,
#6327,#6328,#6329,#6330,#6331,#6332,#6333,#6334,#6335,#6336,#6337,#6338,#6339,#6340,#6341,#6342,#6343,#6344,#6345,#6346,#6347,#6348,#6349,#6350,#6351,
#6352,#6353,#6354,#6355,#6356,#6357,#6358,#6359,#6360,#6361,#6362,#6363,#6364,#6365,#6366,#6367,#6368,#6369),.UNSPECIFIED.,.T.,.F.,(4,3,3,3,3,3,3,3,3,3,3,3,3,3,3,3,3,3,3,3,3,3,3,3,3,3,
3,3,3,3,3,4),(0.002346141,0.0026393,0.002932459,0.003225619,0.003518778,0.003811938,0.004105097,0.004398257,0.004691416,0.004984576,0.005277735,0.005570895,0.005864054,0.006157213,0.006450373,0.006743532,0.007036692,0.007329851,0.007623011,0.00791617,0.00820933,0.008795648,0.009088808,0.009381967,0.009675127,0.009968286,
0.010261446,0.010554605,0.010847765,0.011140924,0.011434084,0.011727243),.UNSPECIFIED.);
#6371=EDGE_CURVE('277',#6178,#5980,#6370,.T.);
#6372=ORIENTED_EDGE('',*,*,#6371,.T.);
#6373=EDGE_LOOP('',(#6079,#6176,#6275,#6372));
#6374=FACE_BOUND('',#6373,.T.);
#6375=ADVANCED_FACE('262',(#5978,#6374),#5949,.F.);
#6376=CARTESIAN_POINT('',(200.,375.,0.));
#6377=DIRECTION('',(0.,0.,-1.));
#6378=DIRECTION('',(-1.,0.,0.));
#6379=AXIS2_PLACEMENT_3D('',#6376,#6377,#6378);
#6380=TOROIDAL_SURFACE('',#6379,25.,10.5);
#6381=CARTESIAN_POINT('',(200.,410.5,0.));
#6382=VERTEX_POINT('',#6381);
#6383=CARTESIAN_POINT('',(200.,375.,0.));
#6384=DIRECTION('',(-0.,-0.,1.));
#6385=DIRECTION('',(-1.,0.,0.));
#6386=AXIS2_PLACEMENT_3D('',#6383,#6384,#6385);
#6387=CIRCLE('',#6386,35.5);
#6388=EDGE_CURVE('',#5962,#6382,#6387,.T.);
#6389=ORIENTED_EDGE('',*,*,#6388,.F.);
#6390=ORIENTED_EDGE('',*,*,#5968,.T.);
#6391=ORIENTED_EDGE('',*,*,#5975,.T.);
#6392=ORIENTED_EDGE('',*,*,#6388,.T.);
#6393=CARTESIAN_POINT('',(200.,400.,-10.5));
#6394=VERTEX_POINT('',#6393);
#6395=CARTESIAN_POINT('',(200.,400.,0.));
#6396=DIRECTION('',(1.,-0.,-0.));
#6397=DIRECTION('',(-0.,-1.,0.));
#6398=AXIS2_PLACEMENT_3D('',#6395,#6396,#6397);
#6399=CIRCLE('',#6398,10.5);
#6400=EDGE_CURVE('315',#6394,#6382,#6399,.T.);
#6401=ORIENTED_EDGE('',*,*,#6400,.F.);
#6402=CARTESIAN_POINT('',(200.,389.5,-0.));
#6403=VERTEX_POINT('',#6402);
#6404=CARTESIAN_POINT('',(200.,400.,0.));
#6405=DIRECTION('',(1.,-0.,-0.));
#6406=DIRECTION('',(-0.,-1.,0.));
#6407=AXIS2_PLACEMENT_3D('',#6404,#6405,#6406);
#6408=CIRCLE('',#6407,10.5);
#6409=EDGE_CURVE('315',#6403,#6394,#6408,.T.);
#6410=ORIENTED_EDGE('',*,*,#6409,.F.);
#6411=CARTESIAN_POINT('',(200.,400.,0.));
#6412=DIRECTION('',(1.,-0.,-0.));
#6413=DIRECTION('',(-0.,-1.,0.));
#6414=AXIS2_PLACEMENT_3D('',#6411,#6412,#6413);
#6415=CIRCLE('',#6414,10.5);
#6416=EDGE_CURVE('315',#6382,#6403,#6415,.T.);
#6417=ORIENTED_EDGE('',*,*,#6416,.F.);
#6418=EDGE_LOOP('',(#6389,#6390,#6391,#6392,#6401,#6410,#6417));
#6419=FACE_BOUND('',#6418,.T.);
#6420=ADVANCED_FACE('264',(#6419),#6380,.F.);
#6421=CARTESIAN_POINT('',(48.574469557,400.,0.));
#6422=DIRECTION('',(1.,0.,0.));
#6423=DIRECTION('',(0.,0.,-1.));
#6424=AXIS2_PLACEMENT_3D('',#6421,#6422,#6423);
#6425=CYLINDRICAL_SURFACE('',#6424,10.5);
#6426=CARTESIAN_POINT('',(200.,400.,-10.5));
#6427=DIRECTION('',(-1.,-0.,0.));
#6428=VECTOR('',#6427,150.);
#6429=LINE('',#6426,#6428);
#6430=EDGE_CURVE('',#6394,#4151,#6429,.T.);
#6431=ORIENTED_EDGE('',*,*,#6430,.F.);
#6432=ORIENTED_EDGE('',*,*,#6400,.T.);
#6433=ORIENTED_EDGE('',*,*,#6416,.T.);
#6434=ORIENTED_EDGE('',*,*,#6409,.T.);
#6435=ORIENTED_EDGE('',*,*,#6430,.T.);
#6436=ORIENTED_EDGE('',*,*,#4238,.F.);
#6437=ORIENTED_EDGE('',*,*,#4148,.T.);
#6438=ORIENTED_EDGE('',*,*,#4326,.T.);
#6439=EDGE_LOOP('',(#6431,#6432,#6433,#6434,#6435,#6436,#6437,#6438));
#6440=FACE_BOUND('',#6439,.T.);
#6441=ADVANCED_FACE('266',(#6440),#6425,.F.);
#6442=CARTESIAN_POINT('',(135.061853631,162.164340926,0.));
#6443=DIRECTION('',(0.,-1.,0.));
#6444=DIRECTION('',(1.,0.,0.));
#6445=AXIS2_PLACEMENT_3D('',#6442,#6443,#6444);
#6446=CYLINDRICAL_SURFACE('',#6445,10.5);
#6447=CARTESIAN_POINT('',(145.561853631,162.164340926,0.000001002));
#6448=VERTEX_POINT('',#6447);
#6449=CARTESIAN_POINT('',(145.561853631,144.,0.));
#6450=DIRECTION('',(-0.,1.,-0.));
#6451=VECTOR('',#6450,18.164340926);
#6452=LINE('',#6449,#6451);
#6453=EDGE_CURVE('',#2556,#6448,#6452,.T.);
#6454=ORIENTED_EDGE('',*,*,#6453,.F.);
#6455=ORIENTED_EDGE('',*,*,#2562,.T.);
#6456=ORIENTED_EDGE('',*,*,#6453,.T.);
#6457=CARTESIAN_POINT('',(135.061853631,162.164340926,0.));
#6458=DIRECTION('',(0.,-1.,0.));
#6459=DIRECTION('',(1.,0.,0.));
#6460=AXIS2_PLACEMENT_3D('',#6457,#6458,#6459);
#6461=CIRCLE('',#6460,10.5);
#6462=EDGE_CURVE('299',#6448,#6448,#6461,.T.);
#6463=ORIENTED_EDGE('',*,*,#6462,.F.);
#6464=EDGE_LOOP('',(#6454,#6455,#6456,#6463));
#6465=FACE_BOUND('',#6464,.T.);
#6466=ADVANCED_FACE('268',(#6465),#6446,.F.);
#6467=CARTESIAN_POINT('',(93.793970494,212.451445576,0.));
#6468=CARTESIAN_POINT('',(93.875995477,212.456137711,0.));
#6469=CARTESIAN_POINT('',(93.95802046,212.460829846,0.));
#6470=CARTESIAN_POINT('',(94.122070425,212.470214117,0.));
#6471=CARTESIAN_POINT('',(94.190567935,212.474133152,0.));
#6472=CARTESIAN_POINT('',(94.379567066,212.48494318,0.));
#6473=CARTESIAN_POINT('',(94.499490263,212.491463576,0.));
#6474=CARTESIAN_POINT('',(94.712909994,212.502310587,0.));
#6475=CARTESIAN_POINT('',(94.819635809,212.507394674,0.));
#6476=CARTESIAN_POINT('',(95.139855046,212.521628455,0.));
#6477=CARTESIAN_POINT('',(95.353390268,212.529759663,0.));
#6478=CARTESIAN_POINT('',(95.9941143,212.550077961,0.));
#6479=CARTESIAN_POINT('',(96.421421611,212.558189545,0.));
#6480=CARTESIAN_POINT('',(97.703421379,212.566217504,0.));
#6481=CARTESIAN_POINT('',(98.558193268,212.549823814,0.));
#6482=CARTESIAN_POINT('',(101.119586367,212.435475921,0.));
#6483=CARTESIAN_POINT('',(102.823288212,212.272296005,0.));
#6484=CARTESIAN_POINT('',(107.896234961,211.524466294,0.));
#6485=CARTESIAN_POINT('',(111.226673893,210.680794054,0.));
#6486=CARTESIAN_POINT('',(120.86096423,207.165717726,0.));
#6487=CARTESIAN_POINT('',(126.797577136,203.498650914,0.));
#6488=CARTESIAN_POINT('',(136.738822939,194.109829557,0.));
#6489=CARTESIAN_POINT('',(140.73894676,188.392333546,0.));
#6490=CARTESIAN_POINT('',(146.151689652,175.835241966,0.));
#6491=CARTESIAN_POINT('',(147.561853631,169.001342198,0.));
#6492=CARTESIAN_POINT('',(147.561853631,162.164340926,0.));
#6493=CARTESIAN_POINT('',(93.793970494,212.451445576,25.));
#6494=CARTESIAN_POINT('',(93.875995477,212.456137711,25.));
#6495=CARTESIAN_POINT('',(93.95802046,212.460829846,25.));
#6496=CARTESIAN_POINT('',(94.122070425,212.470214117,25.));
#6497=CARTESIAN_POINT('',(94.190567935,212.474133152,25.));
#6498=CARTESIAN_POINT('',(94.379567066,212.48494318,25.));
#6499=CARTESIAN_POINT('',(94.499490263,212.491463576,25.));
#6500=CARTESIAN_POINT('',(94.712909994,212.502310587,25.));
#6501=CARTESIAN_POINT('',(94.819635809,212.507394674,25.));
#6502=CARTESIAN_POINT('',(95.139855046,212.521628455,25.));
#6503=CARTESIAN_POINT('',(95.353390268,212.529759663,25.));
#6504=CARTESIAN_POINT('',(95.9941143,212.550077961,25.));
#6505=CARTESIAN_POINT('',(96.421421611,212.558189545,25.));
#6506=CARTESIAN_POINT('',(97.703421379,212.566217504,25.));
#6507=CARTESIAN_POINT('',(98.558193268,212.549823814,25.));
#6508=CARTESIAN_POINT('',(101.119586367,212.435475921,25.));
#6509=CARTESIAN_POINT('',(102.823288212,212.272296005,25.));
#6510=CARTESIAN_POINT('',(107.896234961,211.524466294,25.));
#6511=CARTESIAN_POINT('',(111.226673893,210.680794054,25.));
#6512=CARTESIAN_POINT('',(120.86096423,207.165717726,25.));
#6513=CARTESIAN_POINT('',(126.797577136,203.498650914,25.));
#6514=CARTESIAN_POINT('',(136.738822939,194.109829557,25.));
#6515=CARTESIAN_POINT('',(140.73894676,188.392333546,25.));
#6516=CARTESIAN_POINT('',(146.151689652,175.835241966,25.));
#6517=CARTESIAN_POINT('',(147.561853631,169.001342198,25.));
#6518=CARTESIAN_POINT('',(147.561853631,162.164340926,25.));
#6519=CARTESIAN_POINT('',(95.221729713,187.492248802,25.));
#6520=CARTESIAN_POINT('',(95.303754696,187.496940937,25.));
#6521=CARTESIAN_POINT('',(95.385779679,187.501633072,25.));
#6522=CARTESIAN_POINT('',(95.549829644,187.511017343,25.));
#6523=CARTESIAN_POINT('',(95.645382043,187.51648366,25.));
#6524=CARTESIAN_POINT('',(95.780867631,187.524233222,25.));
#6525=CARTESIAN_POINT('',(95.821406028,187.526381001,25.));
#6526=CARTESIAN_POINT('',(95.928957572,187.531847285,25.));
#6527=CARTESIAN_POINT('',(95.982741382,187.534409378,25.));
#6528=CARTESIAN_POINT('',(96.144113873,187.541582404,25.));
#6529=CARTESIAN_POINT('',(96.251723619,187.545680076,25.));
#6530=CARTESIAN_POINT('',(96.574612505,187.555919355,25.));
#6531=CARTESIAN_POINT('',(96.789951363,187.560007137,25.));
#6532=CARTESIAN_POINT('',(97.436007163,187.564052777,25.));
#6533=CARTESIAN_POINT('',(97.866764134,187.555791279,25.));
#6534=CARTESIAN_POINT('',(99.157562237,187.498166371,25.));
#6535=CARTESIAN_POINT('',(100.016132173,187.415932868,25.));
#6536=CARTESIAN_POINT('',(102.572612098,187.039068742,25.));
#6537=CARTESIAN_POINT('',(104.250966059,186.61390537,25.));
#6538=CARTESIAN_POINT('',(109.106106682,184.842504543,25.));
#6539=CARTESIAN_POINT('',(112.097825789,182.994509058,25.));
#6540=CARTESIAN_POINT('',(117.107654708,178.263070998,25.));
#6541=CARTESIAN_POINT('',(119.123492199,175.381774486,25.));
#6542=CARTESIAN_POINT('',(121.851210275,169.053706377,25.));
#6543=CARTESIAN_POINT('',(122.561853631,165.609805143,25.));
#6544=CARTESIAN_POINT('',(122.561853631,162.164340926,25.));
#6545=CARTESIAN_POINT('',(95.221729713,187.492248802,0.));
#6546=CARTESIAN_POINT('',(95.303754696,187.496940937,0.));
#6547=CARTESIAN_POINT('',(95.385779679,187.501633072,0.));
#6548=CARTESIAN_POINT('',(95.549829644,187.511017343,0.));
#6549=CARTESIAN_POINT('',(95.645382043,187.51648366,0.));
#6550=CARTESIAN_POINT('',(95.780867631,187.524233222,0.));
#6551=CARTESIAN_POINT('',(95.821406028,187.526381001,0.));
#6552=CARTESIAN_POINT('',(95.928957572,187.531847285,0.));
#6553=CARTESIAN_POINT('',(95.982741382,187.534409378,0.));
#6554=CARTESIAN_POINT('',(96.144113873,187.541582404,0.));
#6555=CARTESIAN_POINT('',(96.251723619,187.545680076,0.));
#6556=CARTESIAN_POINT('',(96.574612505,187.555919355,0.));
#6557=CARTESIAN_POINT('',(96.789951363,187.560007137,0.));
#6558=CARTESIAN_POINT('',(97.436007163,187.564052777,0.));
#6559=CARTESIAN_POINT('',(97.866764134,187.555791279,0.));
#6560=CARTESIAN_POINT('',(99.157562237,187.498166371,0.));
#6561=CARTESIAN_POINT('',(100.016132173,187.415932868,0.));
#6562=CARTESIAN_POINT('',(102.572612098,187.039068742,0.));
#6563=CARTESIAN_POINT('',(104.250966059,186.61390537,0.));
#6564=CARTESIAN_POINT('',(109.106106682,184.842504543,0.));
#6565=CARTESIAN_POINT('',(112.097825789,182.994509058,0.));
#6566=CARTESIAN_POINT('',(117.107654708,178.263070998,0.));
#6567=CARTESIAN_POINT('',(119.123492199,175.381774486,0.));
#6568=CARTESIAN_POINT('',(121.851210275,169.053706377,0.));
#6569=CARTESIAN_POINT('',(122.561853631,165.609805143,0.));
#6570=CARTESIAN_POINT('',(122.561853631,162.164340926,0.));
#6571=CARTESIAN_POINT('',(95.221729713,187.492248802,-25.));
#6572=CARTESIAN_POINT('',(95.303754696,187.496940937,-25.));
#6573=CARTESIAN_POINT('',(95.385779679,187.501633072,-25.));
#6574=CARTESIAN_POINT('',(95.549829644,187.511017343,-25.));
#6575=CARTESIAN_POINT('',(95.645382043,187.51648366,-25.));
#6576=CARTESIAN_POINT('',(95.780867631,187.524233222,-25.));
#6577=CARTESIAN_POINT('',(95.821406028,187.526381001,-25.));
#6578=CARTESIAN_POINT('',(95.928957572,187.531847285,-25.));
#6579=CARTESIAN_POINT('',(95.982741382,187.534409378,-25.));
#6580=CARTESIAN_POINT('',(96.144113873,187.541582404,-25.));
#6581=CARTESIAN_POINT('',(96.251723619,187.545680076,-25.));
#6582=CARTESIAN_POINT('',(96.574612505,187.555919355,-25.));
#6583=CARTESIAN_POINT('',(96.789951363,187.560007137,-25.));
#6584=CARTESIAN_POINT('',(97.436007163,187.564052777,-25.));
#6585=CARTESIAN_POINT('',(97.866764134,187.555791279,-25.));
#6586=CARTESIAN_POINT('',(99.157562237,187.498166371,-25.));
#6587=CARTESIAN_POINT('',(100.016132173,187.415932868,-25.));
#6588=CARTESIAN_POINT('',(102.572612098,187.039068742,-25.));
#6589=CARTESIAN_POINT('',(104.250966059,186.61390537,-25.));
#6590=CARTESIAN_POINT('',(109.106106682,184.842504543,-25.));
#6591=CARTESIAN_POINT('',(112.097825789,182.994509058,-25.));
#6592=CARTESIAN_POINT('',(117.107654708,178.263070998,-25.));
#6593=CARTESIAN_POINT('',(119.123492199,175.381774486,-25.));
#6594=CARTESIAN_POINT('',(121.851210275,169.053706377,-25.));
#6595=CARTESIAN_POINT('',(122.561853631,165.609805143,-25.));
#6596=CARTESIAN_POINT('',(122.561853631,162.164340926,-25.));
#6597=CARTESIAN_POINT('',(93.793970494,212.451445576,-25.));
#6598=CARTESIAN_POINT('',(93.875995477,212.456137711,-25.));
#6599=CARTESIAN_POINT('',(93.95802046,212.460829846,-25.));
#6600=CARTESIAN_POINT('',(94.122070425,212.470214117,-25.));
#6601=CARTESIAN_POINT('',(94.190567935,212.474133152,-25.));
#6602=CARTESIAN_POINT('',(94.379567066,212.48494318,-25.));
#6603=CARTESIAN_POINT('',(94.499490263,212.491463576,-25.));
#6604=CARTESIAN_POINT('',(94.712909994,212.502310587,-25.));
#6605=CARTESIAN_POINT('',(94.819635809,212.507394674,-25.));
#6606=CARTESIAN_POINT('',(95.139855046,212.521628455,-25.));
#6607=CARTESIAN_POINT('',(95.353390268,212.529759663,-25.));
#6608=CARTESIAN_POINT('',(95.9941143,212.550077961,-25.));
#6609=CARTESIAN_POINT('',(96.421421611,212.558189545,-25.));
#6610=CARTESIAN_POINT('',(97.703421379,212.566217504,-25.));
#6611=CARTESIAN_POINT('',(98.558193268,212.549823814,-25.));
#6612=CARTESIAN_POINT('',(101.119586367,212.435475921,-25.));
#6613=CARTESIAN_POINT('',(102.823288212,212.272296005,-25.));
#6614=CARTESIAN_POINT('',(107.896234961,211.524466294,-25.));
#6615=CARTESIAN_POINT('',(111.226673893,210.680794054,-25.));
#6616=CARTESIAN_POINT('',(120.86096423,207.165717726,-25.));
#6617=CARTESIAN_POINT('',(126.797577136,203.498650914,-25.));
#6618=CARTESIAN_POINT('',(136.738822939,194.109829557,-25.));
#6619=CARTESIAN_POINT('',(140.73894676,188.392333546,-25.));
#6620=CARTESIAN_POINT('',(146.151689652,175.835241966,-25.));
#6621=CARTESIAN_POINT('',(147.561853631,169.001342198,-25.));
#6622=CARTESIAN_POINT('',(147.561853631,162.164340926,-25.));
#6623=CARTESIAN_POINT('',(93.793970494,212.451445576,0.));
#6624=CARTESIAN_POINT('',(93.875995477,212.456137711,0.));
#6625=CARTESIAN_POINT('',(93.95802046,212.460829846,0.));
#6626=CARTESIAN_POINT('',(94.122070425,212.470214117,0.));
#6627=CARTESIAN_POINT('',(94.190567935,212.474133152,0.));
#6628=CARTESIAN_POINT('',(94.379567066,212.48494318,0.));
#6629=CARTESIAN_POINT('',(94.499490263,212.491463576,0.));
#6630=CARTESIAN_POINT('',(94.712909994,212.502310587,0.));
#6631=CARTESIAN_POINT('',(94.819635809,212.507394674,0.));
#6632=CARTESIAN_POINT('',(95.139855046,212.521628455,0.));
#6633=CARTESIAN_POINT('',(95.353390268,212.529759663,0.));
#6634=CARTESIAN_POINT('',(95.9941143,212.550077961,0.));
#6635=CARTESIAN_POINT('',(96.421421611,212.558189545,0.));
#6636=CARTESIAN_POINT('',(97.703421379,212.566217504,0.));
#6637=CARTESIAN_POINT('',(98.558193268,212.549823814,0.));
#6638=CARTESIAN_POINT('',(101.119586367,212.435475921,0.));
#6639=CARTESIAN_POINT('',(102.823288212,212.272296005,0.));
#6640=CARTESIAN_POINT('',(107.896234961,211.524466294,0.));
#6641=CARTESIAN_POINT('',(111.226673893,210.680794054,0.));
#6642=CARTESIAN_POINT('',(120.86096423,207.165717726,0.));
#6643=CARTESIAN_POINT('',(126.797577136,203.498650914,0.));
#6644=CARTESIAN_POINT('',(136.738822939,194.109829557,0.));
#6645=CARTESIAN_POINT('',(140.73894676,188.392333546,0.));
#6646=CARTESIAN_POINT('',(146.151689652,175.835241966,0.));
#6647=CARTESIAN_POINT('',(147.561853631,169.001342198,0.));
#6648=CARTESIAN_POINT('',(147.561853631,162.164340926,0.));
#6649=(BOUNDED_SURFACE()
B_SPLINE_SURFACE(3,3,((#6467,#6468,#6469,#6470,#6471,#6472,#6473,#6474,#6475,#6476,#6477,#6478,#6479,#6480,#6481,#6482,#6483,#6484,#6485,#6486,#6487,#6488,#6489,#6490,#6491,#6492),(#6493,#6494,#6495,#6496,#6497,#6498,#6499,#6500,#6501,#6502,#6503,#6504,#6505,#6506,#6507,#6508,#6509,#6510,#6511,#6512,#6513,#6514,#6515,#6516,#6517,#6518),(#6519,#6520,#6521,#6522,#6523,#6524,#6525,#6526,#6527,#6528,#6529,#6530,#6531,#6532,#6533,#6534,#6535,#6536,#6537,#6538,#6539,#6540,#6541,#6542,#6543,#6544),(#6545,#6546,#6547,#6548,#6549,#6550,#6551,#6552,#6553,#6554,#6555,#6556,#6557,#6558,#6559,#6560,#6561,#6562,#6563,#6564,#6565,#6566,#6567,#6568,#6569,#6570),(#6571,#6572,#6573,#6574,#6575,#6576,#6577,#6578,#6579,#6580,#6581,#6582,#6583,#6584,#6585,#6586,#6587,#6588,#6589,#6590,#6591,#6592,#6593,#6594,#6595,#6596),(#6597,#6598,#6599,#6600,#6601,#6602,#6603,#6604,#6605,#6606,#6607,#6608,#6609,#6610,#6611,#6612,#6613,#6614,#6615,#6616,#6617,#6618,#6619,#6620,#6621,#6622),(#6623,#6624,#6625,#6626,#6627,#6628,#6629,#6630,#6631,#6632,#6633,#6634,#6635,#6636,#6637,#6638,#6639,#6640,#6641,#6642,#6643,#6644,#6645,#6646,#6647,#6648)),.UNSPECIFIED.,.T.,.F.,.U.)
B_SPLINE_SURFACE_WITH_KNOTS((4,3,4),(4,2,2,2,2,2,2,2,2,2,2,2,4),(0.,0.5,1.),(-0.006171517,-0.003085759,0.,0.003017755,0.00603551,0.012071019,0.024142038,0.048284077,0.096568154,0.193136308,0.386272615,0.579408923,0.77254523),.UNSPECIFIED.)
GEOMETRIC_REPRESENTATION_ITEM()
RATIONAL_B_SPLINE_SURFACE(((1.,1.,1.,1.,1.,1.,1.,1.,1.,1.,1.,1.,1.,1.,1.,1.,1.,1.,1.,1.,1.,1.,1.,1.,1.,1.),(0.333333333,0.333333333,0.333333333,0.333333333,0.333333333,0.333333333,0.333333333,0.333333333,0.333333333,0.333333333,0.333333333,0.333333333,0.333333333,0.333333333,0.333333333,0.333333333,0.333333333,0.333333333,0.333333333,0.333333333,0.333333333,0.333333333,0.333333333,0.333333333,0.333333333,0.333333333),(0.333333333,0.333333333,0.333333333,0.333333333,0.333333333,0.333333333,0.333333333,0.333333333,0.333333333,0.333333333,0.333333333,0.333333333,0.333333333,0.333333333,0.333333333,0.333333333,0.333333333,0.333333333,0.333333333,0.333333333,0.333333333,0.333333333,0.333333333,0.333333333,0.333333333,0.333333333),(1.,1.,1.,1.,1.,1.,1.,1.,1.,1.,1.,1.,1.,1.,1.,1.,1.,1.,1.,1.,1.,1.,1.,1.,1.,1.),(0.333333333,0.333333333,0.333333333,0.333333333,0.333333333,0.333333333,0.333333333,0.333333333,0.333333333,0.333333333,0.333333333,0.333333333,0.333333333,0.333333333,0.333333333,0.333333333,0.333333333,0.333333333,0.333333333,0.333333333,0.333333333,0.333333333,0.333333333,0.333333333,0.333333333,0.333333333),(0.333333333,0.333333333,0.333333333,0.333333333,0.333333333,0.333333333,0.333333333,0.333333333,0.333333333,0.333333333,0.333333333,0.333333333,0.333333333,0.333333333,0.333333333,0.333333333,0.333333333,0.333333333,0.333333333,0.333333333,0.333333333,0.333333333,0.333333333,0.333333333,0.333333333,0.333333333),(1.,1.,1.,1.,1.,1.,1.,1.,1.,1.,1.,1.,1.,1.,1.,1.,1.,1.,1.,1.,1.,1.,1.,1.,1.,1.)))
REPRESENTATION_ITEM('')
SURFACE()
);
#6650=OFFSET_SURFACE('',#6649,-2.,.F.);
#6651=CARTESIAN_POINT('',(101.508320075,210.366492773,0.));
#6652=VERTEX_POINT('',#6651);
#6653=CARTESIAN_POINT('',(101.50831662,210.366490001,0.));
#6654=CARTESIAN_POINT('',(100.585149799,210.449685126,0.));
#6655=CARTESIAN_POINT('',(99.6595824,210.50637464,0.));
#6656=CARTESIAN_POINT('',(98.73315497,210.536419831,0.));
#6657=CARTESIAN_POINT('',(97.906297274,210.563235851,0.));
#6658=CARTESIAN_POINT('',(97.07874314,210.56884897,-0.));
#6659=CARTESIAN_POINT('',(96.251548736,210.553245047,-0.));
#6660=CARTESIAN_POINT('',(95.837951534,210.545443086,0.));
#6661=CARTESIAN_POINT('',(95.424444409,210.53233802,0.));
#6662=CARTESIAN_POINT('',(95.011155106,210.513932722,0.));
#6663=CARTESIAN_POINT('',(94.913667279,210.509591229,0.));
#6664=CARTESIAN_POINT('',(94.815873965,210.504941469,0.));
#6665=CARTESIAN_POINT('',(94.718714431,210.50002323,0.));
#6666=B_SPLINE_CURVE_WITH_KNOTS('',3,(#6653,#6654,#6655,#6656,#6657,#6658,#6659,#6660,#6661,#6662,#6663,#6664,#6665),.UNSPECIFIED.,.F.,.F.,(4,3,3,3,4),(0.69661014,0.723875433,0.748210332,0.760377781,0.763247872),.UNSPECIFIED.);
#6667=EDGE_CURVE('',#6652,#4475,#6666,.T.);
#6668=ORIENTED_EDGE('',*,*,#6667,.F.);
#6669=CARTESIAN_POINT('',(104.486080121,210.004816941,0.));
#6670=VERTEX_POINT('',#6669);
#6671=CARTESIAN_POINT('',(101.50832353,210.366495544,0.));
#6672=CARTESIAN_POINT('',(101.508323528,210.366495525,0.099067783));
#6673=CARTESIAN_POINT('',(101.51785566,210.364232876,0.196464918));
#6674=CARTESIAN_POINT('',(101.536534182,210.359859853,0.29226136));
#6675=CARTESIAN_POINT('',(101.555212705,210.355486829,0.388057802));
#6676=CARTESIAN_POINT('',(101.583503867,210.348897083,0.483256371));
#6677=CARTESIAN_POINT('',(101.620424183,210.340496998,0.57393253));
#6678=CARTESIAN_POINT('',(101.657344498,210.332096913,0.664608689));
#6679=CARTESIAN_POINT('',(101.702547737,210.321965511,0.750596221));
#6680=CARTESIAN_POINT('',(101.756002371,210.310372366,0.831944362));
#6681=CARTESIAN_POINT('',(101.809457006,210.298779222,0.913292503));
#6682=CARTESIAN_POINT('',(101.871677784,210.285628844,0.990219383));
#6683=CARTESIAN_POINT('',(101.939695599,210.271855681,1.059134168));
#6684=CARTESIAN_POINT('',(102.007713414,210.258082518,1.128048953));
#6685=CARTESIAN_POINT('',(102.082023289,210.243572548,1.189889649));
#6686=CARTESIAN_POINT('',(102.162833659,210.228616393,1.244490103));
#6687=CARTESIAN_POINT('',(102.243644028,210.213660238,1.299090558));
#6688=CARTESIAN_POINT('',(102.3295918,210.19852743,1.34535725));
#6689=CARTESIAN_POINT('',(102.418680099,210.183809856,1.382551247));
#6690=CARTESIAN_POINT('',(102.507768398,210.169092282,1.419745243));
#6691=CARTESIAN_POINT('',(102.601329877,210.154573459,1.448397105));
#6692=CARTESIAN_POINT('',(102.697069031,210.140815803,1.46752355));
#6693=CARTESIAN_POINT('',(102.792808185,210.127058147,1.486649996));
#6694=CARTESIAN_POINT('',(102.889232289,210.114260661,1.496121845));
#6695=CARTESIAN_POINT('',(102.986332746,210.10246171,1.496171078));
#6696=CARTESIAN_POINT('',(103.083433204,210.09066276,1.496220311));
#6697=CARTESIAN_POINT('',(103.182196612,210.079777604,1.486535477));
#6698=CARTESIAN_POINT('',(103.277857309,210.070275537,1.467527046));
#6699=CARTESIAN_POINT('',(103.373518006,210.06077347,1.448518614));
#6700=CARTESIAN_POINT('',(103.466682156,210.052558612,1.420383196));
#6701=CARTESIAN_POINT('',(103.557308121,210.045466903,1.383027315));
#6702=CARTESIAN_POINT('',(103.647934086,210.038375193,1.345671435));
#6703=CARTESIAN_POINT('',(103.735599934,210.032459957,1.298991712));
#6704=CARTESIAN_POINT('',(103.816862025,210.027677848,1.244977737));
#6705=CARTESIAN_POINT('',(103.898124117,210.022895738,1.190963761));
#6706=CARTESIAN_POINT('',(103.974011062,210.01916474,1.129245771));
#6707=CARTESIAN_POINT('',(104.044257882,210.016214145,1.059470132));
#6708=CARTESIAN_POINT('',(104.114504702,210.01326355,0.989694494));
#6709=CARTESIAN_POINT('',(104.176777618,210.011185877,0.914182388));
#6710=CARTESIAN_POINT('',(104.231342678,210.009644929,0.833171444));
#6711=CARTESIAN_POINT('',(104.285907738,210.008103981,0.752160499));
#6712=CARTESIAN_POINT('',(104.333157325,210.007095806,0.664612891));
#6713=CARTESIAN_POINT('',(104.371022253,210.006412451,0.573916488));
#6714=CARTESIAN_POINT('',(104.40888718,210.005729097,0.483220085));
#6715=CARTESIAN_POINT('',(104.437458551,210.005360232,0.38983361));
#6716=CARTESIAN_POINT('',(104.456797307,210.005131832,0.293775473));
#6717=CARTESIAN_POINT('',(104.476136063,210.004903433,0.197717335));
#6718=CARTESIAN_POINT('',(104.486044124,210.004817307,0.098361929));
#6719=CARTESIAN_POINT('',(104.48608002,210.004816942,0.000545389));
#6720=CARTESIAN_POINT('',(104.486115916,210.004816578,-0.09727115));
#6721=CARTESIAN_POINT('',(104.476599623,210.004898584,-0.194544919));
#6722=CARTESIAN_POINT('',(104.457300925,210.005125891,-0.291262795));
#6723=CARTESIAN_POINT('',(104.438002228,210.005353199,-0.387980671));
#6724=CARTESIAN_POINT('',(104.409079196,210.005727191,-0.482532004));
#6725=CARTESIAN_POINT('',(104.371533364,210.006403236,-0.572690715));
#6726=CARTESIAN_POINT('',(104.333987533,210.007079281,-0.662849427));
#6727=CARTESIAN_POINT('',(104.287233588,210.008069953,-0.750002068));
#6728=CARTESIAN_POINT('',(104.232240393,210.009619602,-0.831837109));
#6729=CARTESIAN_POINT('',(104.177247198,210.011169252,-0.913672151));
#6730=CARTESIAN_POINT('',(104.11500561,210.013250536,-0.989006325));
#6731=CARTESIAN_POINT('',(104.045721827,210.016152739,-1.058014037));
#6732=CARTESIAN_POINT('',(103.976438043,210.019054943,-1.127021749));
#6733=CARTESIAN_POINT('',(103.899200875,210.022837602,-1.190166265));
#6734=CARTESIAN_POINT('',(103.817732672,210.027626638,-1.244398597));
#6735=CARTESIAN_POINT('',(103.736264468,210.032415674,-1.298630929));
#6736=CARTESIAN_POINT('',(103.650248039,210.038210389,-1.344535098));
#6737=CARTESIAN_POINT('',(103.559668851,210.045282378,-1.382051881));
#6738=CARTESIAN_POINT('',(103.469089664,210.052354367,-1.419568664));
#6739=CARTESIAN_POINT('',(103.374229014,210.060710278,-1.448308014));
#6740=CARTESIAN_POINT('',(103.278878774,210.070174113,-1.467323705));
#6741=CARTESIAN_POINT('',(103.183528534,210.079637948,-1.486339396));
#6742=CARTESIAN_POINT('',(103.086672886,210.090284399,-1.496087205));
#6743=CARTESIAN_POINT('',(102.98834909,210.102216854,-1.496170733));
#6744=CARTESIAN_POINT('',(102.890025293,210.114149309,-1.496254261));
#6745=CARTESIAN_POINT('',(102.793460344,210.126975497,-1.486676702));
#6746=CARTESIAN_POINT('',(102.698575579,210.140599401,-1.467823708));
#6747=CARTESIAN_POINT('',(102.603690813,210.154223304,-1.448970713));
#6748=CARTESIAN_POINT('',(102.509503222,210.168813711,-1.420380222));
#6749=CARTESIAN_POINT('',(102.419820967,210.183621433,-1.383026989));
#6750=CARTESIAN_POINT('',(102.330138712,210.198429156,-1.345673757));
#6751=CARTESIAN_POINT('',(102.245159479,210.213392219,-1.299922128));
#6752=CARTESIAN_POINT('',(102.164809406,210.228250879,-1.245822701));
#6753=CARTESIAN_POINT('',(102.084459333,210.24310954,-1.191723275));
#6754=CARTESIAN_POINT('',(102.008461257,210.2579348,-1.128713705));
#6755=CARTESIAN_POINT('',(101.940392376,210.271714609,-1.059839654));
#6756=CARTESIAN_POINT('',(101.872323495,210.285494418,-0.990965604));
#6757=CARTESIAN_POINT('',(101.811269893,210.298392034,-0.915749989));
#6758=CARTESIAN_POINT('',(101.757365438,210.310076824,-0.834014916));
#6759=CARTESIAN_POINT('',(101.703460983,210.321761615,-0.752279843));
#6760=CARTESIAN_POINT('',(101.657679403,210.33202191,-0.665210004));
#6761=CARTESIAN_POINT('',(101.620914296,210.340385499,-0.575134753));
#6762=CARTESIAN_POINT('',(101.54738408,210.357112676,-0.394984251));
#6763=CARTESIAN_POINT('',(101.508323534,210.366495582,-0.198134775));
#6764=CARTESIAN_POINT('',(101.50832353,210.366495544,0.));
#6765=B_SPLINE_CURVE_WITH_KNOTS('',3,(#6671,#6672,#6673,#6674,#6675,#6676,#6677,#6678,#6679,#6680,#6681,#6682,#6683,#6684,#6685,#6686,#6687,#6688,#6689,#6690,#6691,#6692,#6693,#6694,#6695,#6696,
#6697,#6698,#6699,#6700,#6701,#6702,#6703,#6704,#6705,#6706,#6707,#6708,#6709,#6710,#6711,#6712,#6713,#6714,#6715,#6716,#6717,#6718,#6719,#6720,#6721,
#6722,#6723,#6724,#6725,#6726,#6727,#6728,#6729,#6730,#6731,#6732,#6733,#6734,#6735,#6736,#6737,#6738,#6739,#6740,#6741,#6742,#6743,#6744,#6745,#6746,
#6747,#6748,#6749,#6750,#6751,#6752,#6753,#6754,#6755,#6756,#6757,#6758,#6759,#6760,#6761,#6762,#6763,#6764),.UNSPECIFIED.,.T.,.F.,(4,3,3,3,3,3,3,3,3,3,3,3,3,3,3,3,3,3,3,3,3,3,3,3,3,3,
3,3,3,3,3,4),(0.,0.000292974,0.000585948,0.000878922,0.001171896,0.00146487,0.001757844,0.002050818,0.002343792,0.002636767,0.002929741,0.003222715,0.003515689,0.003808663,0.004101637,0.004394611,0.004687585,0.004980559,0.005273533,0.005566507,0.005859481,0.006152455,0.006445429,0.006738403,0.007031377,0.007324351,
0.007617326,0.0079103,0.008203274,0.008496248,0.008789222,0.00937517),.UNSPECIFIED.);
#6766=EDGE_CURVE('432',#6652,#6670,#6765,.T.);
#6767=ORIENTED_EDGE('',*,*,#6766,.T.);
#6768=CARTESIAN_POINT('',(107.540193815,209.436337238,0.));
#6769=VERTEX_POINT('',#6768);
#6770=CARTESIAN_POINT('',(107.540181678,209.436311317,0.));
#6771=CARTESIAN_POINT('',(106.528584313,209.658399354,0.));
#6772=CARTESIAN_POINT('',(105.509857392,209.84806797,0.));
#6773=CARTESIAN_POINT('',(104.486077481,210.004799695,0.));
#6774=B_SPLINE_CURVE_WITH_KNOTS('',3,(#6770,#6771,#6772,#6773),.UNSPECIFIED.,.F.,.F.,(4,4),(0.636726157,0.66719299),.UNSPECIFIED.);
#6775=EDGE_CURVE('',#6769,#6670,#6774,.T.);
#6776=ORIENTED_EDGE('',*,*,#6775,.F.);
#6777=CARTESIAN_POINT('',(110.448786116,208.702777333,-0.));
#6778=VERTEX_POINT('',#6777);
#6779=CARTESIAN_POINT('',(107.540205951,209.436363159,0.));
#6780=CARTESIAN_POINT('',(107.540205947,209.43636314,0.099069733));
#6781=CARTESIAN_POINT('',(107.549377176,209.432918305,0.196468848));
#6782=CARTESIAN_POINT('',(107.567356285,209.426228482,0.292267292));
#6783=CARTESIAN_POINT('',(107.585335394,209.419538659,0.388065736));
#6784=CARTESIAN_POINT('',(107.612571444,209.409439309,0.483266234));
#6785=CARTESIAN_POINT('',(107.648139962,209.396457776,0.573944806));
#6786=CARTESIAN_POINT('',(107.683708481,209.383476243,0.664623377));
#6787=CARTESIAN_POINT('',(107.727276143,209.367734187,0.750613238));
#6788=CARTESIAN_POINT('',(107.778845694,209.349503349,0.831963647));
#6789=CARTESIAN_POINT('',(107.830415245,209.331272511,0.913314055));
#6790=CARTESIAN_POINT('',(107.890484973,209.310393048,0.990243929));
#6791=CARTESIAN_POINT('',(107.956228043,209.288166125,1.05916108));
#6792=CARTESIAN_POINT('',(108.021971112,209.265939201,1.128078231));
#6793=CARTESIAN_POINT('',(108.093863113,209.242189224,1.189921557));
#6794=CARTESIAN_POINT('',(108.172148162,209.217178522,1.244524189));
#6795=CARTESIAN_POINT('',(108.250433211,209.192167821,1.299126822));
#6796=CARTESIAN_POINT('',(108.333793774,209.166335001,1.345396121));
#6797=CARTESIAN_POINT('',(108.420321921,209.140519287,1.382591903));
#6798=CARTESIAN_POINT('',(108.506850069,209.114703573,1.419787685));
#6799=CARTESIAN_POINT('',(108.597840598,209.088522372,1.448440915));
#6800=CARTESIAN_POINT('',(108.691088555,209.062822352,1.467568459));
#6801=CARTESIAN_POINT('',(108.784336513,209.037122333,1.486696004));
#6802=CARTESIAN_POINT('',(108.878384825,209.012289158,1.496168344));
#6803=CARTESIAN_POINT('',(108.973229805,208.988362025,1.496217583));
#6804=CARTESIAN_POINT('',(109.068074785,208.964434892,1.496266823));
#6805=CARTESIAN_POINT('',(109.164684714,208.941205542,1.486581424));
#6806=CARTESIAN_POINT('',(109.258390825,208.919739335,1.467572033));
#6807=CARTESIAN_POINT('',(109.352096936,208.898273128,1.448562642));
#6808=CARTESIAN_POINT('',(109.443488152,208.878398794,1.420425655));
#6809=CARTESIAN_POINT('',(109.53250259,208.85995864,1.38306799));
#6810=CARTESIAN_POINT('',(109.621517029,208.841518485,1.345710326));
#6811=CARTESIAN_POINT('',(109.707742607,208.824618759,1.299028043));
#6812=CARTESIAN_POINT('',(109.787758132,208.809649135,1.245012052));
#6813=CARTESIAN_POINT('',(109.867773657,208.794679512,1.190996061));
#6814=CARTESIAN_POINT('',(109.94258806,208.781429978,1.129274642));
#6815=CARTESIAN_POINT('',(110.011906152,208.769664223,1.059496893));
#6816=CARTESIAN_POINT('',(110.081224243,208.757898467,0.989719145));
#6817=CARTESIAN_POINT('',(110.142739858,208.748002949,0.914203877));
#6818=CARTESIAN_POINT('',(110.196677943,208.739609197,0.833190807));
#6819=CARTESIAN_POINT('',(110.250616028,208.731215446,0.752177737));
#6820=CARTESIAN_POINT('',(110.297362653,208.724271624,0.66462712));
#6821=CARTESIAN_POINT('',(110.334840689,208.71883042,0.573928688));
#6822=CARTESIAN_POINT('',(110.372318725,208.713389216,0.483230255));
#6823=CARTESIAN_POINT('',(110.400616175,208.709429487,0.389841564));
#6824=CARTESIAN_POINT('',(110.419772662,208.706770229,0.293781356));
#6825=CARTESIAN_POINT('',(110.438929149,208.704110971,0.197721147));
#6826=CARTESIAN_POINT('',(110.448750507,208.702782199,0.098363618));
#6827=CARTESIAN_POINT('',(110.448786016,208.702777346,0.000545193));
#6828=CARTESIAN_POINT('',(110.448821524,208.702772494,-0.097273233));
#6829=CARTESIAN_POINT('',(110.439388176,208.704047951,-0.194548828));
#6830=CARTESIAN_POINT('',(110.420271501,208.70670099,-0.291268764));
#6831=CARTESIAN_POINT('',(110.401154826,208.709354028,-0.3879887));
#6832=CARTESIAN_POINT('',(110.372509369,208.713362994,-0.482542303));
#6833=CARTESIAN_POINT('',(110.335346549,208.718756987,-0.572702955));
#6834=CARTESIAN_POINT('',(110.298183729,208.724150979,-0.662863607));
#6835=CARTESIAN_POINT('',(110.251926743,208.731015106,-0.750018683));
#6836=CARTESIAN_POINT('',(110.197565486,208.739471108,-0.831856209));
#6837=CARTESIAN_POINT('',(110.143204229,208.74792711,-0.913693735));
#6838=CARTESIAN_POINT('',(110.081719438,208.757822506,-0.989030778));
#6839=CARTESIAN_POINT('',(110.013350894,208.769419086,-1.058040592));
#6840=CARTESIAN_POINT('',(109.944982349,208.781015666,-1.127050407));
#6841=CARTESIAN_POINT('',(109.868834941,208.794486335,-1.190197953));
#6842=CARTESIAN_POINT('',(109.788615945,208.80948868,-1.244432534));
#6843=CARTESIAN_POINT('',(109.708396949,208.824491026,-1.298667116));
#6844=CARTESIAN_POINT('',(109.623792567,208.841063659,-1.34457364));
#6845=CARTESIAN_POINT('',(109.534822233,208.859478317,-1.382092143));
#6846=CARTESIAN_POINT('',(109.445851899,208.877892975,-1.419610646));
#6847=CARTESIAN_POINT('',(109.352795132,208.898120783,-1.448351795));
#6848=CARTESIAN_POINT('',(109.259392333,208.91950995,-1.467368496));
#6849=CARTESIAN_POINT('',(109.165989534,208.940899117,-1.486385197));
#6850=CARTESIAN_POINT('',(109.071242769,208.963651416,-1.496132763));
#6851=CARTESIAN_POINT('',(108.975200499,208.987865028,-1.496217237));
#6852=CARTESIAN_POINT('',(108.879158229,209.012078639,-1.496301712));
#6853=CARTESIAN_POINT('',(108.784973956,209.036958023,-1.486722808));
#6854=CARTESIAN_POINT('',(108.692557052,209.062417711,-1.467868866));
#6855=CARTESIAN_POINT('',(108.600140149,209.087877399,-1.449014924));
#6856=CARTESIAN_POINT('',(108.508536796,209.114208604,-1.420422965));
#6857=CARTESIAN_POINT('',(108.421430693,209.140188537,-1.383067962));
#6858=CARTESIAN_POINT('',(108.334324589,209.166168471,-1.345712959));
#6859=CARTESIAN_POINT('',(108.251904058,209.191710798,-1.299959141));
#6860=CARTESIAN_POINT('',(108.174062924,209.216566947,-1.245857353));
#6861=CARTESIAN_POINT('',(108.096221789,209.241423095,-1.191755565));
#6862=CARTESIAN_POINT('',(108.022694786,209.2656984,-1.128743171));
#6863=CARTESIAN_POINT('',(107.956901817,209.28793835,-1.059866905));
#6864=CARTESIAN_POINT('',(107.891108847,209.310178301,-0.99099064));
#6865=CARTESIAN_POINT('',(107.832165153,209.330660042,-0.915772086));
#6866=CARTESIAN_POINT('',(107.780160726,209.349038538,-0.834034303));
#6867=CARTESIAN_POINT('',(107.728156298,209.367417035,-0.752296519));
#6868=CARTESIAN_POINT('',(107.68402798,209.383360322,-0.665226258));
#6869=CARTESIAN_POINT('',(107.648612213,209.396285428,-0.575147267));
#6870=CARTESIAN_POINT('',(107.577780677,209.42213564,-0.394989284));
#6871=CARTESIAN_POINT('',(107.54020596,209.436363196,-0.19813867));
#6872=CARTESIAN_POINT('',(107.540205951,209.436363159,0.));
#6873=B_SPLINE_CURVE_WITH_KNOTS('',3,(#6779,#6780,#6781,#6782,#6783,#6784,#6785,#6786,#6787,#6788,#6789,#6790,#6791,#6792,#6793,#6794,#6795,#6796,#6797,#6798,#6799,#6800,#6801,#6802,#6803,#6804,
#6805,#6806,#6807,#6808,#6809,#6810,#6811,#6812,#6813,#6814,#6815,#6816,#6817,#6818,#6819,#6820,#6821,#6822,#6823,#6824,#6825,#6826,#6827,#6828,#6829,
#6830,#6831,#6832,#6833,#6834,#6835,#6836,#6837,#6838,#6839,#6840,#6841,#6842,#6843,#6844,#6845,#6846,#6847,#6848,#6849,#6850,#6851,#6852,#6853,#6854,
#6855,#6856,#6857,#6858,#6859,#6860,#6861,#6862,#6863,#6864,#6865,#6866,#6867,#6868,#6869,#6870,#6871,#6872),.UNSPECIFIED.,.T.,.F.,(4,3,3,3,3,3,3,3,3,3,3,3,3,3,3,3,3,3,3,3,3,3,3,3,3,3,
3,3,3,3,3,4),(0.,0.00029298,0.00058596,0.00087894,0.001171919,0.001464899,0.001757879,0.002050859,0.002343839,0.002636819,0.002929799,0.003222778,0.003515758,0.003808738,0.004101718,0.004394698,0.004687678,0.004980658,0.005273638,0.005566617,0.005859597,0.006152577,0.006445557,0.006738537,0.007031517,0.007324497,
0.007617476,0.007910456,0.008203436,0.008496416,0.008789396,0.009375356),.UNSPECIFIED.);
#6874=EDGE_CURVE('429',#6769,#6778,#6873,.T.);
#6875=ORIENTED_EDGE('',*,*,#6874,.T.);
#6876=CARTESIAN_POINT('',(115.622557199,206.903154957,0.000000999));
#6877=VERTEX_POINT('',#6876);
#6878=CARTESIAN_POINT('',(115.622546001,206.903088968,-0.));
#6879=CARTESIAN_POINT('',(114.858985104,207.218508664,-0.));
#6880=CARTESIAN_POINT('',(114.087308364,207.514275931,-0.));
#6881=CARTESIAN_POINT('',(113.308415387,207.789853713,0.));
#6882=CARTESIAN_POINT('',(112.364982007,208.12364704,0.));
#6883=CARTESIAN_POINT('',(111.411144754,208.428100458,0.));
#6884=CARTESIAN_POINT('',(110.448777464,208.702747017,0.));
#6885=B_SPLINE_CURVE_WITH_KNOTS('',3,(#6878,#6879,#6880,#6881,#6882,#6883,#6884),.UNSPECIFIED.,.F.,.F.,(4,3,4),(0.553559554,0.577866043,0.607307255),.UNSPECIFIED.);
#6886=EDGE_CURVE('',#6877,#6778,#6885,.T.);
#6887=ORIENTED_EDGE('',*,*,#6886,.F.);
#6888=CARTESIAN_POINT('',(118.358030583,205.672357762,0.));
#6889=VERTEX_POINT('',#6888);
#6890=CARTESIAN_POINT('',(115.622568397,206.903215663,0.));
#6891=CARTESIAN_POINT('',(115.62256839,206.903215646,0.099066549));
#6892=CARTESIAN_POINT('',(115.630996173,206.898221864,0.196462586));
#6893=CARTESIAN_POINT('',(115.647530942,206.888493583,0.292257672));
#6894=CARTESIAN_POINT('',(115.664065712,206.878765303,0.388052758));
#6895=CARTESIAN_POINT('',(115.689117692,206.864063297,0.483250393));
#6896=CARTESIAN_POINT('',(115.721871616,206.845066936,0.573925088));
#6897=CARTESIAN_POINT('',(115.754625539,206.826070575,0.664599783));
#6898=CARTESIAN_POINT('',(115.794771898,206.802958672,0.750586451));
#6899=CARTESIAN_POINT('',(115.842363035,206.775997198,0.831933008));
#6900=CARTESIAN_POINT('',(115.889954172,206.749035724,0.913279564));
#6901=CARTESIAN_POINT('',(115.945453128,206.717980412,0.990202534));
#6902=CARTESIAN_POINT('',(116.006296794,206.684607106,1.059118696));
#6903=CARTESIAN_POINT('',(116.06714046,206.6512338,1.128034857));
#6904=CARTESIAN_POINT('',(116.133777357,206.615284381,1.189871245));
#6905=CARTESIAN_POINT('',(116.206484602,206.576975767,1.244470638));
#6906=CARTESIAN_POINT('',(116.279191846,206.538667152,1.299070031));
#6907=CARTESIAN_POINT('',(116.356751272,206.498661502,1.345334628));
#6908=CARTESIAN_POINT('',(116.437431633,206.45811739,1.382527994));
#6909=CARTESIAN_POINT('',(116.518111995,206.417573278,1.419721361));
#6910=CARTESIAN_POINT('',(116.603122337,206.375887769,1.448371846));
#6911=CARTESIAN_POINT('',(116.690437099,206.334280699,1.46749754));
#6912=CARTESIAN_POINT('',(116.777751861,206.292673628,1.486623234));
#6913=CARTESIAN_POINT('',(116.866005774,206.25177872,1.496094625));
#6914=CARTESIAN_POINT('',(116.955202141,206.211635381,1.496143694));
#6915=CARTESIAN_POINT('',(117.044398507,206.171492041,1.496192762));
#6916=CARTESIAN_POINT('',(117.135453997,206.131725971,1.486507999));
#6917=CARTESIAN_POINT('',(117.223958452,206.094202788,1.467500042));
#6918=CARTESIAN_POINT('',(117.312462908,206.056679606,1.448492085));
#6919=CARTESIAN_POINT('',(117.398966576,206.021127547,1.42035732));
#6920=CARTESIAN_POINT('',(117.483381038,205.987402558,1.383002435));
#6921=CARTESIAN_POINT('',(117.567795501,205.953677569,1.34564755));
#6922=CARTESIAN_POINT('',(117.64973444,205.921955618,1.298969847));
#6923=CARTESIAN_POINT('',(117.725895597,205.893221034,1.244956344));
#6924=CARTESIAN_POINT('',(117.802056755,205.86448645,1.190942841));
#6925=CARTESIAN_POINT('',(117.87339986,205.838353288,1.129227356));
#6926=CARTESIAN_POINT('',(117.939589714,205.814643329,1.05945329));
#6927=CARTESIAN_POINT('',(118.005779568,205.79093337,0.989679224));
#6928=CARTESIAN_POINT('',(118.064616384,205.770428721,0.914168074));
#6929=CARTESIAN_POINT('',(118.116254373,205.752728485,0.833159083));
#6930=CARTESIAN_POINT('',(118.167892362,205.735028249,0.752150092));
#6931=CARTESIAN_POINT('',(118.212703596,205.720013674,0.664603822));
#6932=CARTESIAN_POINT('',(118.24865237,205.708099781,0.573908753));
#6933=CARTESIAN_POINT('',(118.284601144,205.696185888,0.483213684));
#6934=CARTESIAN_POINT('',(118.311769894,205.687336767,0.389828438));
#6935=CARTESIAN_POINT('',(118.330166067,205.681367155,0.293771793));
#6936=CARTESIAN_POINT('',(118.34856224,205.675397544,0.197715148));
#6937=CARTESIAN_POINT('',(118.357996358,205.672368788,0.098360822));
#6938=CARTESIAN_POINT('',(118.358030487,205.672357793,0.000545438));
#6939=CARTESIAN_POINT('',(118.358064615,205.672346799,-0.097269946));
#6940=CARTESIAN_POINT('',(118.348997333,205.675258089,-0.194542071));
#6941=CARTESIAN_POINT('',(118.330645183,205.68121169,-0.291258916));
#6942=CARTESIAN_POINT('',(118.312293034,205.687165291,-0.38797576));
#6943=CARTESIAN_POINT('',(118.284784211,205.6961267,-0.482525841));
#6944=CARTESIAN_POINT('',(118.249137645,205.707938964,-0.57268293));
#6945=CARTESIAN_POINT('',(118.213491078,205.719751229,-0.662840018));
#6946=CARTESIAN_POINT('',(118.169147063,205.734602251,-0.74999074));
#6947=CARTESIAN_POINT('',(118.117103862,205.752437332,-0.831824884));
#6948=CARTESIAN_POINT('',(118.065060661,205.770272414,-0.913659028));
#6949=CARTESIAN_POINT('',(118.006250957,205.790774062,-0.988987675));
#6950=CARTESIAN_POINT('',(117.940969121,205.814149299,-1.057997251));
#6951=CARTESIAN_POINT('',(117.875687286,205.837524536,-1.127006828));
#6952=CARTESIAN_POINT('',(117.803067587,205.86411048,-1.190146221));
#6953=CARTESIAN_POINT('',(117.726711304,205.892913304,-1.244377432));
#6954=CARTESIAN_POINT('',(117.650355022,205.921716129,-1.298608643));
#6955=CARTESIAN_POINT('',(117.569955382,205.95283214,-1.344511333));
#6956=CARTESIAN_POINT('',(117.485579624,205.98652441,-1.382027205));
#6957=CARTESIAN_POINT('',(117.401203866,206.020216679,-1.419543076));
#6958=CARTESIAN_POINT('',(117.313122471,206.056407993,-1.448281629));
#6959=CARTESIAN_POINT('',(117.224903012,206.093802366,-1.467296814));
#6960=CARTESIAN_POINT('',(117.136683553,206.13119674,-1.486312));
#6961=CARTESIAN_POINT('',(117.047378434,206.170167551,-1.496059687));
#6962=CARTESIAN_POINT('',(116.957053862,206.210802171,-1.496143345));
#6963=CARTESIAN_POINT('',(116.866729291,206.251436792,-1.496227004));
#6964=CARTESIAN_POINT('',(116.778349406,206.292400985,-1.486649932));
#6965=CARTESIAN_POINT('',(116.691810522,206.333626333,-1.467797558));
#6966=CARTESIAN_POINT('',(116.605271637,206.374851681,-1.448945183));
#6967=CARTESIAN_POINT('',(116.51968524,206.416791596,-1.420355988));
#6968=CARTESIAN_POINT('',(116.438464517,206.457598395,-1.383003571));
#6969=CARTESIAN_POINT('',(116.357243795,206.498405195,-1.345651155));
#6970=CARTESIAN_POINT('',(116.28055834,206.537960871,-1.299901602));
#6971=CARTESIAN_POINT('',(116.208261984,206.576039455,-1.24580298));
#6972=CARTESIAN_POINT('',(116.135965628,206.614118039,-1.191704358));
#6973=CARTESIAN_POINT('',(116.067808435,206.650871103,-1.12870083));
#6974=CARTESIAN_POINT('',(116.006919975,206.684265317,-1.059824017));
#6975=CARTESIAN_POINT('',(115.946031516,206.717659531,-0.990947205));
#6976=CARTESIAN_POINT('',(115.891568522,206.748127428,-0.915737834));
#6977=CARTESIAN_POINT('',(115.84357666,206.775309733,-0.83400364));
#6978=CARTESIAN_POINT('',(115.795584798,206.802492039,-0.752269445));
#6979=CARTESIAN_POINT('',(115.754923766,206.825899215,-0.665200704));
#6980=CARTESIAN_POINT('',(115.722306378,206.844814796,-0.575127179));
#6981=CARTESIAN_POINT('',(115.657071602,206.882645959,-0.39498013));
#6982=CARTESIAN_POINT('',(115.622568412,206.903215698,-0.198132306));
#6983=CARTESIAN_POINT('',(115.622568397,206.903215663,0.));
#6984=B_SPLINE_CURVE_WITH_KNOTS('',3,(#6890,#6891,#6892,#6893,#6894,#6895,#6896,#6897,#6898,#6899,#6900,#6901,#6902,#6903,#6904,#6905,#6906,#6907,#6908,#6909,#6910,#6911,#6912,#6913,#6914,#6915,
#6916,#6917,#6918,#6919,#6920,#6921,#6922,#6923,#6924,#6925,#6926,#6927,#6928,#6929,#6930,#6931,#6932,#6933,#6934,#6935,#6936,#6937,#6938,#6939,#6940,
#6941,#6942,#6943,#6944,#6945,#6946,#6947,#6948,#6949,#6950,#6951,#6952,#6953,#6954,#6955,#6956,#6957,#6958,#6959,#6960,#6961,#6962,#6963,#6964,#6965,
#6966,#6967,#6968,#6969,#6970,#6971,#6972,#6973,#6974,#6975,#6976,#6977,#6978,#6979,#6980,#6981,#6982,#6983),.UNSPECIFIED.,.T.,.F.,(4,3,3,3,3,3,3,3,3,3,3,3,3,3,3,3,3,3,3,3,3,3,3,3,3,3,
3,3,3,3,3,4),(0.,0.00029297,0.000585941,0.000878911,0.001171882,0.001464852,0.001757822,0.002050793,0.002343763,0.002636734,0.002929704,0.003222675,0.003515645,0.003808615,0.004101586,0.004394556,0.004687527,0.004980497,0.005273467,0.005566438,0.005859408,0.006152379,0.006445349,0.006738319,0.00703129,0.00732426,
0.007617231,0.007910201,0.008203171,0.008496142,0.008789112,0.009375053),.UNSPECIFIED.);
#6985=EDGE_CURVE('285',#6877,#6889,#6984,.T.);
#6986=ORIENTED_EDGE('',*,*,#6985,.T.);
#6987=CARTESIAN_POINT('',(145.561853631,162.164340926,0.));
#6988=CARTESIAN_POINT('',(145.561853631,168.7787567,0.));
#6989=CARTESIAN_POINT('',(144.184500165,175.400821426,-0.));
#6990=CARTESIAN_POINT('',(141.546191382,181.466419614,0.));
#6991=CARTESIAN_POINT('',(138.9078826,187.532017801,0.));
#6992=CARTESIAN_POINT('',(135.004376598,193.055432668,0.));
#6993=CARTESIAN_POINT('',(130.165583852,197.56541217,0.));
#6994=CARTESIAN_POINT('',(127.746187479,199.820401921,0.));
#6995=CARTESIAN_POINT('',(125.091065747,201.825503748,-0.));
#6996=CARTESIAN_POINT('',(122.261088959,203.542185593,0.));
#6997=CARTESIAN_POINT('',(120.993153841,204.311323067,0.));
#6998=CARTESIAN_POINT('',(119.690389443,205.022388201,-0.));
#6999=CARTESIAN_POINT('',(118.357992086,205.672278837,-0.));
#7000=B_SPLINE_CURVE_WITH_KNOTS('',3,(#6987,#6988,#6989,#6990,#6991,#6992,#6993,#6994,#6995,#6996,#6997,#6998,#6999),.UNSPECIFIED.,.F.,.F.,(4,3,3,3,4),(-0.006171517,0.18850767,0.383186856,0.48052645,0.524138217),.UNSPECIFIED.);
#7001=EDGE_CURVE('',#6448,#6889,#7000,.T.);
#7002=ORIENTED_EDGE('',*,*,#7001,.F.);
#7003=ORIENTED_EDGE('',*,*,#6462,.T.);
#7004=ORIENTED_EDGE('',*,*,#7001,.T.);
#7005=CARTESIAN_POINT('',(115.622568397,206.903215663,0.));
#7006=CARTESIAN_POINT('',(115.62256839,206.903215646,0.099066549));
#7007=CARTESIAN_POINT('',(115.630996173,206.898221864,0.196462586));
#7008=CARTESIAN_POINT('',(115.647530942,206.888493583,0.292257672));
#7009=CARTESIAN_POINT('',(115.664065712,206.878765303,0.388052758));
#7010=CARTESIAN_POINT('',(115.689117692,206.864063297,0.483250393));
#7011=CARTESIAN_POINT('',(115.721871616,206.845066936,0.573925088));
#7012=CARTESIAN_POINT('',(115.754625539,206.826070575,0.664599783));
#7013=CARTESIAN_POINT('',(115.794771898,206.802958672,0.750586451));
#7014=CARTESIAN_POINT('',(115.842363035,206.775997198,0.831933008));
#7015=CARTESIAN_POINT('',(115.889954172,206.749035724,0.913279564));
#7016=CARTESIAN_POINT('',(115.945453128,206.717980412,0.990202534));
#7017=CARTESIAN_POINT('',(116.006296794,206.684607106,1.059118696));
#7018=CARTESIAN_POINT('',(116.06714046,206.6512338,1.128034857));
#7019=CARTESIAN_POINT('',(116.133777357,206.615284381,1.189871245));
#7020=CARTESIAN_POINT('',(116.206484602,206.576975767,1.244470638));
#7021=CARTESIAN_POINT('',(116.279191846,206.538667152,1.299070031));
#7022=CARTESIAN_POINT('',(116.356751272,206.498661502,1.345334628));
#7023=CARTESIAN_POINT('',(116.437431633,206.45811739,1.382527994));
#7024=CARTESIAN_POINT('',(116.518111995,206.417573278,1.419721361));
#7025=CARTESIAN_POINT('',(116.603122337,206.375887769,1.448371846));
#7026=CARTESIAN_POINT('',(116.690437099,206.334280699,1.46749754));
#7027=CARTESIAN_POINT('',(116.777751861,206.292673628,1.486623234));
#7028=CARTESIAN_POINT('',(116.866005774,206.25177872,1.496094625));
#7029=CARTESIAN_POINT('',(116.955202141,206.211635381,1.496143694));
#7030=CARTESIAN_POINT('',(117.044398507,206.171492041,1.496192762));
#7031=CARTESIAN_POINT('',(117.135453997,206.131725971,1.486507999));
#7032=CARTESIAN_POINT('',(117.223958452,206.094202788,1.467500042));
#7033=CARTESIAN_POINT('',(117.312462908,206.056679606,1.448492085));
#7034=CARTESIAN_POINT('',(117.398966576,206.021127547,1.42035732));
#7035=CARTESIAN_POINT('',(117.483381038,205.987402558,1.383002435));
#7036=CARTESIAN_POINT('',(117.567795501,205.953677569,1.34564755));
#7037=CARTESIAN_POINT('',(117.64973444,205.921955618,1.298969847));
#7038=CARTESIAN_POINT('',(117.725895597,205.893221034,1.244956344));
#7039=CARTESIAN_POINT('',(117.802056755,205.86448645,1.190942841));
#7040=CARTESIAN_POINT('',(117.87339986,205.838353288,1.129227356));
#7041=CARTESIAN_POINT('',(117.939589714,205.814643329,1.05945329));
#7042=CARTESIAN_POINT('',(118.005779568,205.79093337,0.989679224));
#7043=CARTESIAN_POINT('',(118.064616384,205.770428721,0.914168074));
#7044=CARTESIAN_POINT('',(118.116254373,205.752728485,0.833159083));
#7045=CARTESIAN_POINT('',(118.167892362,205.735028249,0.752150092));
#7046=CARTESIAN_POINT('',(118.212703596,205.720013674,0.664603822));
#7047=CARTESIAN_POINT('',(118.24865237,205.708099781,0.573908753));
#7048=CARTESIAN_POINT('',(118.284601144,205.696185888,0.483213684));
#7049=CARTESIAN_POINT('',(118.311769894,205.687336767,0.389828438));
#7050=CARTESIAN_POINT('',(118.330166067,205.681367155,0.293771793));
#7051=CARTESIAN_POINT('',(118.34856224,205.675397544,0.197715148));
#7052=CARTESIAN_POINT('',(118.357996358,205.672368788,0.098360822));
#7053=CARTESIAN_POINT('',(118.358030487,205.672357793,0.000545438));
#7054=CARTESIAN_POINT('',(118.358064615,205.672346799,-0.097269946));
#7055=CARTESIAN_POINT('',(118.348997333,205.675258089,-0.194542071));
#7056=CARTESIAN_POINT('',(118.330645183,205.68121169,-0.291258916));
#7057=CARTESIAN_POINT('',(118.312293034,205.687165291,-0.38797576));
#7058=CARTESIAN_POINT('',(118.284784211,205.6961267,-0.482525841));
#7059=CARTESIAN_POINT('',(118.249137645,205.707938964,-0.57268293));
#7060=CARTESIAN_POINT('',(118.213491078,205.719751229,-0.662840018));
#7061=CARTESIAN_POINT('',(118.169147063,205.734602251,-0.74999074));
#7062=CARTESIAN_POINT('',(118.117103862,205.752437332,-0.831824884));
#7063=CARTESIAN_POINT('',(118.065060661,205.770272414,-0.913659028));
#7064=CARTESIAN_POINT('',(118.006250957,205.790774062,-0.988987675));
#7065=CARTESIAN_POINT('',(117.940969121,205.814149299,-1.057997251));
#7066=CARTESIAN_POINT('',(117.875687286,205.837524536,-1.127006828));
#7067=CARTESIAN_POINT('',(117.803067587,205.86411048,-1.190146221));
#7068=CARTESIAN_POINT('',(117.726711304,205.892913304,-1.244377432));
#7069=CARTESIAN_POINT('',(117.650355022,205.921716129,-1.298608643));
#7070=CARTESIAN_POINT('',(117.569955382,205.95283214,-1.344511333));
#7071=CARTESIAN_POINT('',(117.485579624,205.98652441,-1.382027205));
#7072=CARTESIAN_POINT('',(117.401203866,206.020216679,-1.419543076));
#7073=CARTESIAN_POINT('',(117.313122471,206.056407993,-1.448281629));
#7074=CARTESIAN_POINT('',(117.224903012,206.093802366,-1.467296814));
#7075=CARTESIAN_POINT('',(117.136683553,206.13119674,-1.486312));
#7076=CARTESIAN_POINT('',(117.047378434,206.170167551,-1.496059687));
#7077=CARTESIAN_POINT('',(116.957053862,206.210802171,-1.496143345));
#7078=CARTESIAN_POINT('',(116.866729291,206.251436792,-1.496227004));
#7079=CARTESIAN_POINT('',(116.778349406,206.292400985,-1.486649932));
#7080=CARTESIAN_POINT('',(116.691810522,206.333626333,-1.467797558));
#7081=CARTESIAN_POINT('',(116.605271637,206.374851681,-1.448945183));
#7082=CARTESIAN_POINT('',(116.51968524,206.416791596,-1.420355988));
#7083=CARTESIAN_POINT('',(116.438464517,206.457598395,-1.383003571));
#7084=CARTESIAN_POINT('',(116.357243795,206.498405195,-1.345651155));
#7085=CARTESIAN_POINT('',(116.28055834,206.537960871,-1.299901602));
#7086=CARTESIAN_POINT('',(116.208261984,206.576039455,-1.24580298));
#7087=CARTESIAN_POINT('',(116.135965628,206.614118039,-1.191704358));
#7088=CARTESIAN_POINT('',(116.067808435,206.650871103,-1.12870083));
#7089=CARTESIAN_POINT('',(116.006919975,206.684265317,-1.059824017));
#7090=CARTESIAN_POINT('',(115.946031516,206.717659531,-0.990947205));
#7091=CARTESIAN_POINT('',(115.891568522,206.748127428,-0.915737834));
#7092=CARTESIAN_POINT('',(115.84357666,206.775309733,-0.83400364));
#7093=CARTESIAN_POINT('',(115.795584798,206.802492039,-0.752269445));
#7094=CARTESIAN_POINT('',(115.754923766,206.825899215,-0.665200704));
#7095=CARTESIAN_POINT('',(115.722306378,206.844814796,-0.575127179));
#7096=CARTESIAN_POINT('',(115.657071602,206.882645959,-0.39498013));
#7097=CARTESIAN_POINT('',(115.622568412,206.903215698,-0.198132306));
#7098=CARTESIAN_POINT('',(115.622568397,206.903215663,0.));
#7099=B_SPLINE_CURVE_WITH_KNOTS('',3,(#7005,#7006,#7007,#7008,#7009,#7010,#7011,#7012,#7013,#7014,#7015,#7016,#7017,#7018,#7019,#7020,#7021,#7022,#7023,#7024,#7025,#7026,#7027,#7028,#7029,#7030,
#7031,#7032,#7033,#7034,#7035,#7036,#7037,#7038,#7039,#7040,#7041,#7042,#7043,#7044,#7045,#7046,#7047,#7048,#7049,#7050,#7051,#7052,#7053,#7054,#7055,
#7056,#7057,#7058,#7059,#7060,#7061,#7062,#7063,#7064,#7065,#7066,#7067,#7068,#7069,#7070,#7071,#7072,#7073,#7074,#7075,#7076,#7077,#7078,#7079,#7080,
#7081,#7082,#7083,#7084,#7085,#7086,#7087,#7088,#7089,#7090,#7091,#7092,#7093,#7094,#7095,#7096,#7097,#7098),.UNSPECIFIED.,.T.,.F.,(4,3,3,3,3,3,3,3,3,3,3,3,3,3,3,3,3,3,3,3,3,3,3,3,3,3,
3,3,3,3,3,4),(0.,0.00029297,0.000585941,0.000878911,0.001171882,0.001464852,0.001757822,0.002050793,0.002343763,0.002636734,0.002929704,0.003222675,0.003515645,0.003808615,0.004101586,0.004394556,0.004687527,0.004980497,0.005273467,0.005566438,0.005859408,0.006152379,0.006445349,0.006738319,0.00703129,0.00732426,
0.007617231,0.007910201,0.008203171,0.008496142,0.008789112,0.009375053),.UNSPECIFIED.);
#7100=EDGE_CURVE('285',#6889,#6877,#7099,.T.);
#7101=ORIENTED_EDGE('',*,*,#7100,.T.);
#7102=ORIENTED_EDGE('',*,*,#6886,.T.);
#7103=CARTESIAN_POINT('',(107.540205951,209.436363159,0.));
#7104=CARTESIAN_POINT('',(107.540205947,209.43636314,0.099069733));
#7105=CARTESIAN_POINT('',(107.549377176,209.432918305,0.196468848));
#7106=CARTESIAN_POINT('',(107.567356285,209.426228482,0.292267292));
#7107=CARTESIAN_POINT('',(107.585335394,209.419538659,0.388065736));
#7108=CARTESIAN_POINT('',(107.612571444,209.409439309,0.483266234));
#7109=CARTESIAN_POINT('',(107.648139962,209.396457776,0.573944806));
#7110=CARTESIAN_POINT('',(107.683708481,209.383476243,0.664623377));
#7111=CARTESIAN_POINT('',(107.727276143,209.367734187,0.750613238));
#7112=CARTESIAN_POINT('',(107.778845694,209.349503349,0.831963647));
#7113=CARTESIAN_POINT('',(107.830415245,209.331272511,0.913314055));
#7114=CARTESIAN_POINT('',(107.890484973,209.310393048,0.990243929));
#7115=CARTESIAN_POINT('',(107.956228043,209.288166125,1.05916108));
#7116=CARTESIAN_POINT('',(108.021971112,209.265939201,1.128078231));
#7117=CARTESIAN_POINT('',(108.093863113,209.242189224,1.189921557));
#7118=CARTESIAN_POINT('',(108.172148162,209.217178522,1.244524189));
#7119=CARTESIAN_POINT('',(108.250433211,209.192167821,1.299126822));
#7120=CARTESIAN_POINT('',(108.333793774,209.166335001,1.345396121));
#7121=CARTESIAN_POINT('',(108.420321921,209.140519287,1.382591903));
#7122=CARTESIAN_POINT('',(108.506850069,209.114703573,1.419787685));
#7123=CARTESIAN_POINT('',(108.597840598,209.088522372,1.448440915));
#7124=CARTESIAN_POINT('',(108.691088555,209.062822352,1.467568459));
#7125=CARTESIAN_POINT('',(108.784336513,209.037122333,1.486696004));
#7126=CARTESIAN_POINT('',(108.878384825,209.012289158,1.496168344));
#7127=CARTESIAN_POINT('',(108.973229805,208.988362025,1.496217583));
#7128=CARTESIAN_POINT('',(109.068074785,208.964434892,1.496266823));
#7129=CARTESIAN_POINT('',(109.164684714,208.941205542,1.486581424));
#7130=CARTESIAN_POINT('',(109.258390825,208.919739335,1.467572033));
#7131=CARTESIAN_POINT('',(109.352096936,208.898273128,1.448562642));
#7132=CARTESIAN_POINT('',(109.443488152,208.878398794,1.420425655));
#7133=CARTESIAN_POINT('',(109.53250259,208.85995864,1.38306799));
#7134=CARTESIAN_POINT('',(109.621517029,208.841518485,1.345710326));
#7135=CARTESIAN_POINT('',(109.707742607,208.824618759,1.299028043));
#7136=CARTESIAN_POINT('',(109.787758132,208.809649135,1.245012052));
#7137=CARTESIAN_POINT('',(109.867773657,208.794679512,1.190996061));
#7138=CARTESIAN_POINT('',(109.94258806,208.781429978,1.129274642));
#7139=CARTESIAN_POINT('',(110.011906152,208.769664223,1.059496893));
#7140=CARTESIAN_POINT('',(110.081224243,208.757898467,0.989719145));
#7141=CARTESIAN_POINT('',(110.142739858,208.748002949,0.914203877));
#7142=CARTESIAN_POINT('',(110.196677943,208.739609197,0.833190807));
#7143=CARTESIAN_POINT('',(110.250616028,208.731215446,0.752177737));
#7144=CARTESIAN_POINT('',(110.297362653,208.724271624,0.66462712));
#7145=CARTESIAN_POINT('',(110.334840689,208.71883042,0.573928688));
#7146=CARTESIAN_POINT('',(110.372318725,208.713389216,0.483230255));
#7147=CARTESIAN_POINT('',(110.400616175,208.709429487,0.389841564));
#7148=CARTESIAN_POINT('',(110.419772662,208.706770229,0.293781356));
#7149=CARTESIAN_POINT('',(110.438929149,208.704110971,0.197721147));
#7150=CARTESIAN_POINT('',(110.448750507,208.702782199,0.098363618));
#7151=CARTESIAN_POINT('',(110.448786016,208.702777346,0.000545193));
#7152=CARTESIAN_POINT('',(110.448821524,208.702772494,-0.097273233));
#7153=CARTESIAN_POINT('',(110.439388176,208.704047951,-0.194548828));
#7154=CARTESIAN_POINT('',(110.420271501,208.70670099,-0.291268764));
#7155=CARTESIAN_POINT('',(110.401154826,208.709354028,-0.3879887));
#7156=CARTESIAN_POINT('',(110.372509369,208.713362994,-0.482542303));
#7157=CARTESIAN_POINT('',(110.335346549,208.718756987,-0.572702955));
#7158=CARTESIAN_POINT('',(110.298183729,208.724150979,-0.662863607));
#7159=CARTESIAN_POINT('',(110.251926743,208.731015106,-0.750018683));
#7160=CARTESIAN_POINT('',(110.197565486,208.739471108,-0.831856209));
#7161=CARTESIAN_POINT('',(110.143204229,208.74792711,-0.913693735));
#7162=CARTESIAN_POINT('',(110.081719438,208.757822506,-0.989030778));
#7163=CARTESIAN_POINT('',(110.013350894,208.769419086,-1.058040592));
#7164=CARTESIAN_POINT('',(109.944982349,208.781015666,-1.127050407));
#7165=CARTESIAN_POINT('',(109.868834941,208.794486335,-1.190197953));
#7166=CARTESIAN_POINT('',(109.788615945,208.80948868,-1.244432534));
#7167=CARTESIAN_POINT('',(109.708396949,208.824491026,-1.298667116));
#7168=CARTESIAN_POINT('',(109.623792567,208.841063659,-1.34457364));
#7169=CARTESIAN_POINT('',(109.534822233,208.859478317,-1.382092143));
#7170=CARTESIAN_POINT('',(109.445851899,208.877892975,-1.419610646));
#7171=CARTESIAN_POINT('',(109.352795132,208.898120783,-1.448351795));
#7172=CARTESIAN_POINT('',(109.259392333,208.91950995,-1.467368496));
#7173=CARTESIAN_POINT('',(109.165989534,208.940899117,-1.486385197));
#7174=CARTESIAN_POINT('',(109.071242769,208.963651416,-1.496132763));
#7175=CARTESIAN_POINT('',(108.975200499,208.987865028,-1.496217237));
#7176=CARTESIAN_POINT('',(108.879158229,209.012078639,-1.496301712));
#7177=CARTESIAN_POINT('',(108.784973956,209.036958023,-1.486722808));
#7178=CARTESIAN_POINT('',(108.692557052,209.062417711,-1.467868866));
#7179=CARTESIAN_POINT('',(108.600140149,209.087877399,-1.449014924));
#7180=CARTESIAN_POINT('',(108.508536796,209.114208604,-1.420422965));
#7181=CARTESIAN_POINT('',(108.421430693,209.140188537,-1.383067962));
#7182=CARTESIAN_POINT('',(108.334324589,209.166168471,-1.345712959));
#7183=CARTESIAN_POINT('',(108.251904058,209.191710798,-1.299959141));
#7184=CARTESIAN_POINT('',(108.174062924,209.216566947,-1.245857353));
#7185=CARTESIAN_POINT('',(108.096221789,209.241423095,-1.191755565));
#7186=CARTESIAN_POINT('',(108.022694786,209.2656984,-1.128743171));
#7187=CARTESIAN_POINT('',(107.956901817,209.28793835,-1.059866905));
#7188=CARTESIAN_POINT('',(107.891108847,209.310178301,-0.99099064));
#7189=CARTESIAN_POINT('',(107.832165153,209.330660042,-0.915772086));
#7190=CARTESIAN_POINT('',(107.780160726,209.349038538,-0.834034303));
#7191=CARTESIAN_POINT('',(107.728156298,209.367417035,-0.752296519));
#7192=CARTESIAN_POINT('',(107.68402798,209.383360322,-0.665226258));
#7193=CARTESIAN_POINT('',(107.648612213,209.396285428,-0.575147267));
#7194=CARTESIAN_POINT('',(107.577780677,209.42213564,-0.394989284));
#7195=CARTESIAN_POINT('',(107.54020596,209.436363196,-0.19813867));
#7196=CARTESIAN_POINT('',(107.540205951,209.436363159,0.));
#7197=B_SPLINE_CURVE_WITH_KNOTS('',3,(#7103,#7104,#7105,#7106,#7107,#7108,#7109,#7110,#7111,#7112,#7113,#7114,#7115,#7116,#7117,#7118,#7119,#7120,#7121,#7122,#7123,#7124,#7125,#7126,#7127,#7128,
#7129,#7130,#7131,#7132,#7133,#7134,#7135,#7136,#7137,#7138,#7139,#7140,#7141,#7142,#7143,#7144,#7145,#7146,#7147,#7148,#7149,#7150,#7151,#7152,#7153,
#7154,#7155,#7156,#7157,#7158,#7159,#7160,#7161,#7162,#7163,#7164,#7165,#7166,#7167,#7168,#7169,#7170,#7171,#7172,#7173,#7174,#7175,#7176,#7177,#7178,
#7179,#7180,#7181,#7182,#7183,#7184,#7185,#7186,#7187,#7188,#7189,#7190,#7191,#7192,#7193,#7194,#7195,#7196),.UNSPECIFIED.,.T.,.F.,(4,3,3,3,3,3,3,3,3,3,3,3,3,3,3,3,3,3,3,3,3,3,3,3,3,3,
3,3,3,3,3,4),(0.,0.00029298,0.00058596,0.00087894,0.001171919,0.001464899,0.001757879,0.002050859,0.002343839,0.002636819,0.002929799,0.003222778,0.003515758,0.003808738,0.004101718,0.004394698,0.004687678,0.004980658,0.005273638,0.005566617,0.005859597,0.006152577,0.006445557,0.006738537,0.007031517,0.007324497,
0.007617476,0.007910456,0.008203436,0.008496416,0.008789396,0.009375356),.UNSPECIFIED.);
#7198=EDGE_CURVE('429',#6778,#6769,#7197,.T.);
#7199=ORIENTED_EDGE('',*,*,#7198,.T.);
#7200=ORIENTED_EDGE('',*,*,#6775,.T.);
#7201=CARTESIAN_POINT('',(101.50832353,210.366495544,0.));
#7202=CARTESIAN_POINT('',(101.508323528,210.366495525,0.099067783));
#7203=CARTESIAN_POINT('',(101.51785566,210.364232876,0.196464918));
#7204=CARTESIAN_POINT('',(101.536534182,210.359859853,0.29226136));
#7205=CARTESIAN_POINT('',(101.555212705,210.355486829,0.388057802));
#7206=CARTESIAN_POINT('',(101.583503867,210.348897083,0.483256371));
#7207=CARTESIAN_POINT('',(101.620424183,210.340496998,0.57393253));
#7208=CARTESIAN_POINT('',(101.657344498,210.332096913,0.664608689));
#7209=CARTESIAN_POINT('',(101.702547737,210.321965511,0.750596221));
#7210=CARTESIAN_POINT('',(101.756002371,210.310372366,0.831944362));
#7211=CARTESIAN_POINT('',(101.809457006,210.298779222,0.913292503));
#7212=CARTESIAN_POINT('',(101.871677784,210.285628844,0.990219383));
#7213=CARTESIAN_POINT('',(101.939695599,210.271855681,1.059134168));
#7214=CARTESIAN_POINT('',(102.007713414,210.258082518,1.128048953));
#7215=CARTESIAN_POINT('',(102.082023289,210.243572548,1.189889649));
#7216=CARTESIAN_POINT('',(102.162833659,210.228616393,1.244490103));
#7217=CARTESIAN_POINT('',(102.243644028,210.213660238,1.299090558));
#7218=CARTESIAN_POINT('',(102.3295918,210.19852743,1.34535725));
#7219=CARTESIAN_POINT('',(102.418680099,210.183809856,1.382551247));
#7220=CARTESIAN_POINT('',(102.507768398,210.169092282,1.419745243));
#7221=CARTESIAN_POINT('',(102.601329877,210.154573459,1.448397105));
#7222=CARTESIAN_POINT('',(102.697069031,210.140815803,1.46752355));
#7223=CARTESIAN_POINT('',(102.792808185,210.127058147,1.486649996));
#7224=CARTESIAN_POINT('',(102.889232289,210.114260661,1.496121845));
#7225=CARTESIAN_POINT('',(102.986332746,210.10246171,1.496171078));
#7226=CARTESIAN_POINT('',(103.083433204,210.09066276,1.496220311));
#7227=CARTESIAN_POINT('',(103.182196612,210.079777604,1.486535477));
#7228=CARTESIAN_POINT('',(103.277857309,210.070275537,1.467527046));
#7229=CARTESIAN_POINT('',(103.373518006,210.06077347,1.448518614));
#7230=CARTESIAN_POINT('',(103.466682156,210.052558612,1.420383196));
#7231=CARTESIAN_POINT('',(103.557308121,210.045466903,1.383027315));
#7232=CARTESIAN_POINT('',(103.647934086,210.038375193,1.345671435));
#7233=CARTESIAN_POINT('',(103.735599934,210.032459957,1.298991712));
#7234=CARTESIAN_POINT('',(103.816862025,210.027677848,1.244977737));
#7235=CARTESIAN_POINT('',(103.898124117,210.022895738,1.190963761));
#7236=CARTESIAN_POINT('',(103.974011062,210.01916474,1.129245771));
#7237=CARTESIAN_POINT('',(104.044257882,210.016214145,1.059470132));
#7238=CARTESIAN_POINT('',(104.114504702,210.01326355,0.989694494));
#7239=CARTESIAN_POINT('',(104.176777618,210.011185877,0.914182388));
#7240=CARTESIAN_POINT('',(104.231342678,210.009644929,0.833171444));
#7241=CARTESIAN_POINT('',(104.285907738,210.008103981,0.752160499));
#7242=CARTESIAN_POINT('',(104.333157325,210.007095806,0.664612891));
#7243=CARTESIAN_POINT('',(104.371022253,210.006412451,0.573916488));
#7244=CARTESIAN_POINT('',(104.40888718,210.005729097,0.483220085));
#7245=CARTESIAN_POINT('',(104.437458551,210.005360232,0.38983361));
#7246=CARTESIAN_POINT('',(104.456797307,210.005131832,0.293775473));
#7247=CARTESIAN_POINT('',(104.476136063,210.004903433,0.197717335));
#7248=CARTESIAN_POINT('',(104.486044124,210.004817307,0.098361929));
#7249=CARTESIAN_POINT('',(104.48608002,210.004816942,0.000545389));
#7250=CARTESIAN_POINT('',(104.486115916,210.004816578,-0.09727115));
#7251=CARTESIAN_POINT('',(104.476599623,210.004898584,-0.194544919));
#7252=CARTESIAN_POINT('',(104.457300925,210.005125891,-0.291262795));
#7253=CARTESIAN_POINT('',(104.438002228,210.005353199,-0.387980671));
#7254=CARTESIAN_POINT('',(104.409079196,210.005727191,-0.482532004));
#7255=CARTESIAN_POINT('',(104.371533364,210.006403236,-0.572690715));
#7256=CARTESIAN_POINT('',(104.333987533,210.007079281,-0.662849427));
#7257=CARTESIAN_POINT('',(104.287233588,210.008069953,-0.750002068));
#7258=CARTESIAN_POINT('',(104.232240393,210.009619602,-0.831837109));
#7259=CARTESIAN_POINT('',(104.177247198,210.011169252,-0.913672151));
#7260=CARTESIAN_POINT('',(104.11500561,210.013250536,-0.989006325));
#7261=CARTESIAN_POINT('',(104.045721827,210.016152739,-1.058014037));
#7262=CARTESIAN_POINT('',(103.976438043,210.019054943,-1.127021749));
#7263=CARTESIAN_POINT('',(103.899200875,210.022837602,-1.190166265));
#7264=CARTESIAN_POINT('',(103.817732672,210.027626638,-1.244398597));
#7265=CARTESIAN_POINT('',(103.736264468,210.032415674,-1.298630929));
#7266=CARTESIAN_POINT('',(103.650248039,210.038210389,-1.344535098));
#7267=CARTESIAN_POINT('',(103.559668851,210.045282378,-1.382051881));
#7268=CARTESIAN_POINT('',(103.469089664,210.052354367,-1.419568664));
#7269=CARTESIAN_POINT('',(103.374229014,210.060710278,-1.448308014));
#7270=CARTESIAN_POINT('',(103.278878774,210.070174113,-1.467323705));
#7271=CARTESIAN_POINT('',(103.183528534,210.079637948,-1.486339396));
#7272=CARTESIAN_POINT('',(103.086672886,210.090284399,-1.496087205));
#7273=CARTESIAN_POINT('',(102.98834909,210.102216854,-1.496170733));
#7274=CARTESIAN_POINT('',(102.890025293,210.114149309,-1.496254261));
#7275=CARTESIAN_POINT('',(102.793460344,210.126975497,-1.486676702));
#7276=CARTESIAN_POINT('',(102.698575579,210.140599401,-1.467823708));
#7277=CARTESIAN_POINT('',(102.603690813,210.154223304,-1.448970713));
#7278=CARTESIAN_POINT('',(102.509503222,210.168813711,-1.420380222));
#7279=CARTESIAN_POINT('',(102.419820967,210.183621433,-1.383026989));
#7280=CARTESIAN_POINT('',(102.330138712,210.198429156,-1.345673757));
#7281=CARTESIAN_POINT('',(102.245159479,210.213392219,-1.299922128));
#7282=CARTESIAN_POINT('',(102.164809406,210.228250879,-1.245822701));
#7283=CARTESIAN_POINT('',(102.084459333,210.24310954,-1.191723275));
#7284=CARTESIAN_POINT('',(102.008461257,210.2579348,-1.128713705));
#7285=CARTESIAN_POINT('',(101.940392376,210.271714609,-1.059839654));
#7286=CARTESIAN_POINT('',(101.872323495,210.285494418,-0.990965604));
#7287=CARTESIAN_POINT('',(101.811269893,210.298392034,-0.915749989));
#7288=CARTESIAN_POINT('',(101.757365438,210.310076824,-0.834014916));
#7289=CARTESIAN_POINT('',(101.703460983,210.321761615,-0.752279843));
#7290=CARTESIAN_POINT('',(101.657679403,210.33202191,-0.665210004));
#7291=CARTESIAN_POINT('',(101.620914296,210.340385499,-0.575134753));
#7292=CARTESIAN_POINT('',(101.54738408,210.357112676,-0.394984251));
#7293=CARTESIAN_POINT('',(101.508323534,210.366495582,-0.198134775));
#7294=CARTESIAN_POINT('',(101.50832353,210.366495544,0.));
#7295=B_SPLINE_CURVE_WITH_KNOTS('',3,(#7201,#7202,#7203,#7204,#7205,#7206,#7207,#7208,#7209,#7210,#7211,#7212,#7213,#7214,#7215,#7216,#7217,#7218,#7219,#7220,#7221,#7222,#7223,#7224,#7225,#7226,
#7227,#7228,#7229,#7230,#7231,#7232,#7233,#7234,#7235,#7236,#7237,#7238,#7239,#7240,#7241,#7242,#7243,#7244,#7245,#7246,#7247,#7248,#7249,#7250,#7251,
#7252,#7253,#7254,#7255,#7256,#7257,#7258,#7259,#7260,#7261,#7262,#7263,#7264,#7265,#7266,#7267,#7268,#7269,#7270,#7271,#7272,#7273,#7274,#7275,#7276,
#7277,#7278,#7279,#7280,#7281,#7282,#7283,#7284,#7285,#7286,#7287,#7288,#7289,#7290,#7291,#7292,#7293,#7294),.UNSPECIFIED.,.T.,.F.,(4,3,3,3,3,3,3,3,3,3,3,3,3,3,3,3,3,3,3,3,3,3,3,3,3,3,
3,3,3,3,3,4),(0.,0.000292974,0.000585948,0.000878922,0.001171896,0.00146487,0.001757844,0.002050818,0.002343792,0.002636767,0.002929741,0.003222715,0.003515689,0.003808663,0.004101637,0.004394611,0.004687585,0.004980559,0.005273533,0.005566507,0.005859481,0.006152455,0.006445429,0.006738403,0.007031377,0.007324351,
0.007617326,0.0079103,0.008203274,0.008496248,0.008789222,0.00937517),.UNSPECIFIED.);
#7296=EDGE_CURVE('432',#6670,#6652,#7295,.T.);
#7297=ORIENTED_EDGE('',*,*,#7296,.T.);
#7298=ORIENTED_EDGE('',*,*,#6667,.T.);
#7299=ORIENTED_EDGE('',*,*,#4768,.F.);
#7300=ORIENTED_EDGE('',*,*,#4674,.T.);
#7301=ORIENTED_EDGE('',*,*,#4578,.F.);
#7302=EDGE_LOOP('',(#6668,#6767,#6776,#6875,#6887,#6986,#7002,#7003,#7004,#7101,#7102,#7199,#7200,#7297,#7298,#7299,#7300,#7301));
#7303=FACE_BOUND('',#7302,.T.);
#7304=ADVANCED_FACE('118',(#7303),#6650,.F.);
#7305=CARTESIAN_POINT('',(125.,339.5,0.));
#7306=DIRECTION('',(-0.894427191,0.447213595,0.));
#7307=DIRECTION('',(0.447213595,0.894427191,0.));
#7308=AXIS2_PLACEMENT_3D('',#7305,#7306,#7307);
#7309=SPHERICAL_SURFACE('',#7308,1.5);
#7310=CARTESIAN_POINT('',(124.,340.618033989,0.));
#7311=VERTEX_POINT('',#7310);
#7312=CARTESIAN_POINT('',(125.,339.5,0.));
#7313=DIRECTION('',(-0.,0.,-1.));
#7314=DIRECTION('',(0.447213595,0.894427191,0.));
#7315=AXIS2_PLACEMENT_3D('',#7312,#7313,#7314);
#7316=CIRCLE('',#7315,1.5);
#7317=EDGE_CURVE('',#7311,#5982,#7316,.T.);
#7318=ORIENTED_EDGE('',*,*,#7317,.T.);
#7319=ORIENTED_EDGE('',*,*,#6078,.F.);
#7320=ORIENTED_EDGE('',*,*,#6175,.F.);
#7321=ORIENTED_EDGE('',*,*,#7317,.F.);
#7322=CARTESIAN_POINT('',(123.523809524,339.766198569,-0.));
#7323=VERTEX_POINT('',#7322);
#7324=CARTESIAN_POINT('',(123.761904762,340.192116279,0.));
#7325=DIRECTION('',(-0.872871561,0.487950036,0.));
#7326=DIRECTION('',(-0.487950036,-0.872871561,0.));
#7327=AXIS2_PLACEMENT_3D('',#7324,#7325,#7326);
#7328=CIRCLE('',#7327,0.487950036);
#7329=EDGE_CURVE('72',#7323,#7311,#7328,.T.);
#7330=ORIENTED_EDGE('',*,*,#7329,.F.);
#7331=CARTESIAN_POINT('',(123.761904762,340.192116279,0.));
#7332=DIRECTION('',(-0.872871561,0.487950036,0.));
#7333=DIRECTION('',(-0.487950036,-0.872871561,0.));
#7334=AXIS2_PLACEMENT_3D('',#7331,#7332,#7333);
#7335=CIRCLE('',#7334,0.487950036);
#7336=EDGE_CURVE('72',#7311,#7323,#7335,.T.);
#7337=ORIENTED_EDGE('',*,*,#7336,.F.);
#7338=EDGE_LOOP('',(#7318,#7319,#7320,#7321,#7330,#7337));
#7339=FACE_BOUND('',#7338,.T.);
#7340=ADVANCED_FACE('242',(#7339),#7309,.T.);
#7341=CARTESIAN_POINT('',(102.,545.,0.));
#7342=DIRECTION('',(1.,0.,0.));
#7343=DIRECTION('',(-0.,1.,0.));
#7344=AXIS2_PLACEMENT_3D('',#7341,#7342,#7343);
#7345=SPHERICAL_SURFACE('',#7344,1.);
#7346=CARTESIAN_POINT('',(103.,545.,0.));
#7347=VERTEX_POINT('',#7346);
#7348=CARTESIAN_POINT('',(102.,545.,0.));
#7349=DIRECTION('',(-0.,-0.,1.));
#7350=DIRECTION('',(0.,1.,0.));
#7351=AXIS2_PLACEMENT_3D('',#7348,#7349,#7350);
#7352=CIRCLE('',#7351,1.);
#7353=EDGE_CURVE('',#7347,#2858,#7352,.T.);
#7354=ORIENTED_EDGE('',*,*,#7353,.T.);
#7355=ORIENTED_EDGE('',*,*,#2939,.F.);
#7356=ORIENTED_EDGE('',*,*,#3021,.F.);
#7357=ORIENTED_EDGE('',*,*,#7353,.F.);
#7358=EDGE_LOOP('',(#7354,#7355,#7356,#7357));
#7359=FACE_BOUND('',#7358,.T.);
#7360=ADVANCED_FACE('240',(#7359),#7345,.T.);
#7361=CARTESIAN_POINT('',(156.,310.5,0.));
#7362=DIRECTION('',(1.,0.,0.));
#7363=DIRECTION('',(-0.,1.,0.));
#7364=AXIS2_PLACEMENT_3D('',#7361,#7362,#7363);
#7365=SPHERICAL_SURFACE('',#7364,1.5);
#7366=ORIENTED_EDGE('',*,*,#4999,.F.);
#7367=ORIENTED_EDGE('',*,*,#5204,.F.);
#7368=ORIENTED_EDGE('',*,*,#5098,.F.);
#7369=EDGE_LOOP('',(#7366,#7367,#7368));
#7370=FACE_BOUND('',#7369,.T.);
#7371=ADVANCED_FACE('238',(#7370),#7365,.T.);
#7372=CARTESIAN_POINT('',(154.5,289.5,0.));
#7373=DIRECTION('',(0.,1.,0.));
#7374=DIRECTION('',(-1.,0.,0.));
#7375=AXIS2_PLACEMENT_3D('',#7372,#7373,#7374);
#7376=SPHERICAL_SURFACE('',#7375,1.);
#7377=CARTESIAN_POINT('',(154.5,290.5,0.));
#7378=VERTEX_POINT('',#7377);
#7379=CARTESIAN_POINT('',(154.5,289.5,0.));
#7380=DIRECTION('',(-0.,-0.,1.));
#7381=DIRECTION('',(-1.,0.,0.));
#7382=AXIS2_PLACEMENT_3D('',#7379,#7380,#7381);
#7383=CIRCLE('',#7382,1.);
#7384=EDGE_CURVE('',#7378,#5487,#7383,.T.);
#7385=ORIENTED_EDGE('',*,*,#7384,.T.);
#7386=ORIENTED_EDGE('',*,*,#5568,.F.);
#7387=ORIENTED_EDGE('',*,*,#5650,.F.);
#7388=ORIENTED_EDGE('',*,*,#7384,.F.);
#7389=EDGE_LOOP('',(#7385,#7386,#7387,#7388));
#7390=FACE_BOUND('',#7389,.T.);
#7391=ADVANCED_FACE('236',(#7390),#7376,.T.);
#7392=CARTESIAN_POINT('',(147.,310.5,0.));
#7393=DIRECTION('',(0.,-1.,0.));
#7394=DIRECTION('',(1.,0.,0.));
#7395=AXIS2_PLACEMENT_3D('',#7392,#7393,#7394);
#7396=SPHERICAL_SURFACE('',#7395,1.);
#7397=CARTESIAN_POINT('',(147.,309.5,0.));
#7398=VERTEX_POINT('',#7397);
#7399=CARTESIAN_POINT('',(147.,310.5,0.));
#7400=DIRECTION('',(-0.,-0.,1.));
#7401=DIRECTION('',(1.,0.,0.));
#7402=AXIS2_PLACEMENT_3D('',#7399,#7400,#7401);
#7403=CIRCLE('',#7402,1.);
#7404=EDGE_CURVE('',#7398,#4895,#7403,.T.);
#7405=ORIENTED_EDGE('',*,*,#7404,.T.);
#7406=ORIENTED_EDGE('',*,*,#5480,.F.);
#7407=ORIENTED_EDGE('',*,*,#5398,.F.);
#7408=ORIENTED_EDGE('',*,*,#5289,.F.);
#7409=ORIENTED_EDGE('',*,*,#7404,.F.);
#7410=EDGE_LOOP('',(#7405,#7406,#7407,#7408,#7409));
#7411=FACE_BOUND('',#7410,.T.);
#7412=ADVANCED_FACE('234',(#7411),#7396,.T.);
#7413=CARTESIAN_POINT('',(161.,289.5,0.));
#7414=DIRECTION('',(1.,0.,0.));
#7415=DIRECTION('',(-0.,1.,0.));
#7416=AXIS2_PLACEMENT_3D('',#7413,#7414,#7415);
#7417=SPHERICAL_SURFACE('',#7416,1.);
#7418=CARTESIAN_POINT('',(161.,289.5,0.));
#7419=DIRECTION('',(-0.,-0.,1.));
#7420=DIRECTION('',(0.,1.,0.));
#7421=AXIS2_PLACEMENT_3D('',#7418,#7419,#7420);
#7422=CIRCLE('',#7421,1.);
#7423=EDGE_CURVE('',#5657,#5741,#7422,.T.);
#7424=ORIENTED_EDGE('',*,*,#7423,.T.);
#7425=ORIENTED_EDGE('',*,*,#5822,.F.);
#7426=EDGE_LOOP('',(#7424,#7425));
#7427=FACE_BOUND('',#7426,.T.);
#7428=ADVANCED_FACE('232',(#7427),#7417,.T.);
#7429=CARTESIAN_POINT('',(109.,209.091397457,0.));
#7430=DIRECTION('',(0.965716236,-0.259599982,0.));
#7431=DIRECTION('',(0.259599982,0.965716236,0.));
#7432=AXIS2_PLACEMENT_3D('',#7429,#7430,#7431);
#7433=SPHERICAL_SURFACE('',#7432,1.5);
#7434=ORIENTED_EDGE('',*,*,#7198,.F.);
#7435=ORIENTED_EDGE('',*,*,#6874,.F.);
#7436=EDGE_LOOP('',(#7434,#7435));
#7437=FACE_BOUND('',#7436,.T.);
#7438=ADVANCED_FACE('230',(#7437),#7433,.T.);
#7439=CARTESIAN_POINT('',(117.,206.309345156,0.));
#7440=DIRECTION('',(1.,0.,0.));
#7441=DIRECTION('',(-0.,1.,0.));
#7442=AXIS2_PLACEMENT_3D('',#7439,#7440,#7441);
#7443=SPHERICAL_SURFACE('',#7442,1.5);
#7444=CARTESIAN_POINT('',(115.5,206.309345156,0.));
#7445=VERTEX_POINT('',#7444);
#7446=CARTESIAN_POINT('',(117.,206.309345156,0.));
#7447=DIRECTION('',(-0.,-0.,1.));
#7448=DIRECTION('',(0.,1.,0.));
#7449=AXIS2_PLACEMENT_3D('',#7446,#7447,#7448);
#7450=CIRCLE('',#7449,1.5);
#7451=EDGE_CURVE('',#6877,#7445,#7450,.T.);
#7452=ORIENTED_EDGE('',*,*,#7451,.T.);
#7453=ORIENTED_EDGE('',*,*,#7451,.F.);
#7454=ORIENTED_EDGE('',*,*,#7100,.F.);
#7455=ORIENTED_EDGE('',*,*,#6985,.F.);
#7456=EDGE_LOOP('',(#7452,#7453,#7454,#7455));
#7457=FACE_BOUND('',#7456,.T.);
#7458=ADVANCED_FACE('228',(#7457),#7443,.T.);
#7459=CARTESIAN_POINT('',(103.,210.208694055,0.));
#7460=DIRECTION('',(0.369270615,-0.92932191,0.));
#7461=DIRECTION('',(0.92932191,0.369270615,0.));
#7462=AXIS2_PLACEMENT_3D('',#7459,#7460,#7461);
#7463=SPHERICAL_SURFACE('',#7462,1.5);
#7464=CARTESIAN_POINT('',(103.553905923,208.81471119,0.));
#7465=VERTEX_POINT('',#7464);
#7466=CARTESIAN_POINT('',(103.,210.208694055,0.));
#7467=DIRECTION('',(-0.,-0.,1.));
#7468=DIRECTION('',(0.92932191,0.369270615,0.));
#7469=AXIS2_PLACEMENT_3D('',#7466,#7467,#7468);
#7470=CIRCLE('',#7469,1.5);
#7471=EDGE_CURVE('',#7465,#6670,#7470,.T.);
#7472=ORIENTED_EDGE('',*,*,#7471,.T.);
#7473=ORIENTED_EDGE('',*,*,#6766,.F.);
#7474=ORIENTED_EDGE('',*,*,#7296,.F.);
#7475=ORIENTED_EDGE('',*,*,#7471,.F.);
#7476=EDGE_LOOP('',(#7472,#7473,#7474,#7475));
#7477=FACE_BOUND('',#7476,.T.);
#7478=ADVANCED_FACE('226',(#7477),#7463,.T.);
#7479=CARTESIAN_POINT('',(122.,339.5,0.));
#7480=DIRECTION('',(1.,0.,0.));
#7481=DIRECTION('',(-0.,1.,0.));
#7482=AXIS2_PLACEMENT_3D('',#7479,#7480,#7481);
#7483=SPHERICAL_SURFACE('',#7482,1.5);
#7484=CARTESIAN_POINT('',(122.075049409,340.998121352,-0.));
#7485=VERTEX_POINT('',#7484);
#7486=CARTESIAN_POINT('',(122.,339.5,0.));
#7487=DIRECTION('',(-0.,-0.,1.));
#7488=DIRECTION('',(0.,1.,0.));
#7489=AXIS2_PLACEMENT_3D('',#7486,#7487,#7488);
#7490=CIRCLE('',#7489,1.5);
#7491=EDGE_CURVE('',#7485,#6178,#7490,.T.);
#7492=ORIENTED_EDGE('',*,*,#7491,.T.);
#7493=ORIENTED_EDGE('',*,*,#6274,.F.);
#7494=CARTESIAN_POINT('',(123.480506147,339.74104263,0.));
#7495=VERTEX_POINT('',#7494);
#7496=CARTESIAN_POINT('',(122.,339.5,0.));
#7497=DIRECTION('',(-0.,-0.,1.));
#7498=DIRECTION('',(0.,1.,0.));
#7499=AXIS2_PLACEMENT_3D('',#7496,#7497,#7498);
#7500=CIRCLE('',#7499,1.5);
#7501=EDGE_CURVE('',#5980,#7495,#7500,.T.);
#7502=ORIENTED_EDGE('',*,*,#7501,.T.);
#7503=CARTESIAN_POINT('',(122.777777778,340.369581991,0.));
#7504=DIRECTION('',(0.666666667,0.745355992,0.));
#7505=DIRECTION('',(-0.745355992,0.666666667,0.));
#7506=AXIS2_PLACEMENT_3D('',#7503,#7504,#7505);
#7507=CIRCLE('',#7506,0.942809042);
#7508=EDGE_CURVE('219',#7485,#7495,#7507,.T.);
#7509=ORIENTED_EDGE('',*,*,#7508,.F.);
#7510=EDGE_LOOP('',(#7492,#7493,#7502,#7509));
#7511=FACE_BOUND('',#7510,.T.);
#7512=ADVANCED_FACE('224',(#7511),#7483,.T.);
#7513=CARTESIAN_POINT('',(123.,340.618033989,0.));
#7514=DIRECTION('',(1.,0.,0.));
#7515=DIRECTION('',(0.,-1.,0.));
#7516=AXIS2_PLACEMENT_3D('',#7513,#7514,#7515);
#7517=SPHERICAL_SURFACE('',#7516,1.);
#7518=CARTESIAN_POINT('',(123.,340.618033989,0.));
#7519=DIRECTION('',(-0.,-0.,-1.));
#7520=DIRECTION('',(0.,-1.,0.));
#7521=AXIS2_PLACEMENT_3D('',#7518,#7519,#7520);
#7522=CIRCLE('',#7521,1.);
#7523=EDGE_CURVE('',#7323,#7495,#7522,.T.);
#7524=ORIENTED_EDGE('',*,*,#7523,.T.);
#7525=CARTESIAN_POINT('',(122.777777778,340.369581991,0.));
#7526=DIRECTION('',(0.666666667,0.745355992,0.));
#7527=DIRECTION('',(-0.745355992,0.666666667,0.));
#7528=AXIS2_PLACEMENT_3D('',#7525,#7526,#7527);
#7529=CIRCLE('',#7528,0.942809042);
#7530=EDGE_CURVE('219',#7495,#7485,#7529,.T.);
#7531=ORIENTED_EDGE('',*,*,#7530,.T.);
#7532=ORIENTED_EDGE('',*,*,#7508,.T.);
#7533=ORIENTED_EDGE('',*,*,#7523,.F.);
#7534=ORIENTED_EDGE('',*,*,#7329,.T.);
#7535=ORIENTED_EDGE('',*,*,#7336,.T.);
#7536=EDGE_LOOP('',(#7524,#7531,#7532,#7533,#7534,#7535));
#7537=FACE_BOUND('',#7536,.T.);
#7538=ADVANCED_FACE('222',(#7537),#7517,.T.);
#7539=CARTESIAN_POINT('',(161.,289.5,0.));
#7540=DIRECTION('',(1.,0.,0.));
#7541=DIRECTION('',(-0.,1.,0.));
#7542=AXIS2_PLACEMENT_3D('',#7539,#7540,#7541);
#7543=SPHERICAL_SURFACE('',#7542,1.);
#7544=ORIENTED_EDGE('',*,*,#7423,.F.);
#7545=ORIENTED_EDGE('',*,*,#5738,.F.);
#7546=ORIENTED_EDGE('',*,*,#5904,.F.);
#7547=EDGE_LOOP('',(#7544,#7545,#7546));
#7548=FACE_BOUND('',#7547,.T.);
#7549=ADVANCED_FACE('232',(#7548),#7543,.T.);
#7550=CARTESIAN_POINT('',(122.,339.5,0.));
#7551=DIRECTION('',(1.,0.,0.));
#7552=DIRECTION('',(-0.,1.,0.));
#7553=AXIS2_PLACEMENT_3D('',#7550,#7551,#7552);
#7554=SPHERICAL_SURFACE('',#7553,1.5);
#7555=ORIENTED_EDGE('',*,*,#7491,.F.);
#7556=ORIENTED_EDGE('',*,*,#7530,.F.);
#7557=ORIENTED_EDGE('',*,*,#7501,.F.);
#7558=ORIENTED_EDGE('',*,*,#6371,.F.);
#7559=EDGE_LOOP('',(#7555,#7556,#7557,#7558));
#7560=FACE_BOUND('',#7559,.T.);
#7561=ADVANCED_FACE('224',(#7560),#7554,.T.);
#7562=OPEN_SHELL('',(#384,#1059,#1656,#1675,#2023,#2059,#2085,#2111,#2145,#2190,#2226,#2262,#2282,#2315,#2529,#2549,#2569,#3025,#3696,#4449,#4468,#4789,#4825,#4851,#4886,#5908,
#5944,#6375,#6420,#6441,#6466,#7304,#7340,#7360,#7371,#7391,#7412,#7428,#7438,#7458,#7478,#7512,#7538,#7549,#7561));
#7563=SHELL_BASED_SURFACE_MODEL('Solid',(#7562));
#7564=COLOUR_RGB('',0.56078434,0.686274529,0.56078434);
#7565=FILL_AREA_STYLE_COLOUR('',#7564);
#7566=FILL_AREA_STYLE('',(#7565));
#7567=SURFACE_STYLE_FILL_AREA(#7566);
#7568=SURFACE_SIDE_STYLE('',(#7567));
#7569=SURFACE_STYLE_USAGE(.BOTH.,#7568);
#7570=PRESENTATION_STYLE_ASSIGNMENT((#7569));
#54=STYLED_ITEM('',(#7570),#7563);
#7571=CARTESIAN_POINT('',(112.5,531.,0.));
#7572=DIRECTION('',(0.,-1.,0.));
#7573=VECTOR('',#7572,51.);
#7574=LINE('',#7571,#7573);
#7575=TRIMMED_CURVE('Line',#7574,(PARAMETER_VALUE(0.)),(PARAMETER_VALUE(1.)),.T.,.PARAMETER.);
#7576=DRAUGHTING_PRE_DEFINED_CURVE_FONT('continuous');
#7577=CURVE_STYLE('',#7576,POSITIVE_LENGTH_MEASURE(0.100000),#7564);
#7578=PRESENTATION_STYLE_ASSIGNMENT((#7577));
#7579=STYLED_ITEM('',(#7578),#7575);
#7580=CARTESIAN_POINT('',(70.224271987,449.539609246,0.));
#7581=DIRECTION('',(-1.,0.,0.));
#7582=VECTOR('',#7581,25.);
#7583=LINE('',#7580,#7582);
#7584=TRIMMED_CURVE('Line',#7583,(PARAMETER_VALUE(0.)),(PARAMETER_VALUE(1.)),.T.,.PARAMETER.);
#7585=PRESENTATION_STYLE_ASSIGNMENT((#7577));
#7586=STYLED_ITEM('',(#7585),#7584);
#7587=CARTESIAN_POINT('',(50.,400.,0.));
#7588=DIRECTION('',(1.,0.,0.));
#7589=VECTOR('',#7588,150.);
#7590=LINE('',#7587,#7589);
#7591=TRIMMED_CURVE('Line',#7590,(PARAMETER_VALUE(0.)),(PARAMETER_VALUE(1.)),.T.,.PARAMETER.);
#7592=PRESENTATION_STYLE_ASSIGNMENT((#7577));
#7593=STYLED_ITEM('',(#7592),#7591);
#7594=CARTESIAN_POINT('',(45.224271987,424.539609246,0.));
#7595=DIRECTION('',(0.,-0.,1.));
#7596=DIRECTION('',(0.,1.,0.));
#7597=AXIS2_PLACEMENT_3D('',#7594,#7595,#7596);
#7598=CIRCLE('',#7597,25.);
#7599=TRIMMED_CURVE('Arc',#7598,(PARAMETER_VALUE(0.)),(PARAMETER_VALUE(191.012848582)),.T.,.PARAMETER.);
#7600=PRESENTATION_STYLE_ASSIGNMENT((#7577));
#7601=STYLED_ITEM('',(#7600),#7599);
#7602=CARTESIAN_POINT('',(200.,350.,0.));
#7603=DIRECTION('',(-1.,0.,0.));
#7604=VECTOR('',#7603,150.);
#7605=LINE('',#7602,#7604);
#7606=TRIMMED_CURVE('Line',#7605,(PARAMETER_VALUE(0.)),(PARAMETER_VALUE(1.)),.T.,.PARAMETER.);
#7607=PRESENTATION_STYLE_ASSIGNMENT((#7577));
#7608=STYLED_ITEM('',(#7607),#7606);
#7609=CARTESIAN_POINT('',(200.,375.,0.));
#7610=DIRECTION('',(0.,0.,1.));
#7611=DIRECTION('',(0.,-1.,0.));
#7612=AXIS2_PLACEMENT_3D('',#7609,#7610,#7611);
#7613=CIRCLE('',#7612,25.);
#7614=TRIMMED_CURVE('Arc',#7613,(PARAMETER_VALUE(0.)),(PARAMETER_VALUE(180.)),.T.,.PARAMETER.);
#7615=PRESENTATION_STYLE_ASSIGNMENT((#7577));
#7616=STYLED_ITEM('',(#7615),#7614);
#7617=CARTESIAN_POINT('',(76.131940616,485.90766863,0.));
#7618=DIRECTION('',(0.,0.,1.));
#7619=DIRECTION('',(-0.160339455,-0.987061933,0.));
#7620=AXIS2_PLACEMENT_3D('',#7617,#7618,#7619);
#7621=CIRCLE('',#7620,36.844759355);
#7622=TRIMMED_CURVE('Arc',#7621,(PARAMETER_VALUE(0.)),(PARAMETER_VALUE(90.)),.T.,.PARAMETER.);
#7623=PRESENTATION_STYLE_ASSIGNMENT((#7577));
#7624=STYLED_ITEM('',(#7623),#7622);
#7625=CARTESIAN_POINT('',(50.,300.,0.));
#7626=DIRECTION('',(1.,0.,0.));
#7627=VECTOR('',#7626,150.);
#7628=LINE('',#7625,#7627);
#7629=TRIMMED_CURVE('Line',#7628,(PARAMETER_VALUE(0.)),(PARAMETER_VALUE(1.)),.T.,.PARAMETER.);
#7630=PRESENTATION_STYLE_ASSIGNMENT((#7577));
#7631=STYLED_ITEM('',(#7630),#7629);
#7632=CARTESIAN_POINT('',(50.,325.,0.));
#7633=DIRECTION('',(0.,-0.,1.));
#7634=DIRECTION('',(0.,1.,0.));
#7635=AXIS2_PLACEMENT_3D('',#7632,#7633,#7634);
#7636=CIRCLE('',#7635,25.);
#7637=TRIMMED_CURVE('Arc',#7636,(PARAMETER_VALUE(0.)),(PARAMETER_VALUE(180.)),.T.,.PARAMETER.);
#7638=PRESENTATION_STYLE_ASSIGNMENT((#7577));
#7639=STYLED_ITEM('',(#7638),#7637);
#7640=CARTESIAN_POINT('',(200.,250.,0.));
#7641=DIRECTION('',(-1.,-0.,0.));
#7642=VECTOR('',#7641,150.);
#7643=LINE('',#7640,#7642);
#7644=TRIMMED_CURVE('Line',#7643,(PARAMETER_VALUE(0.)),(PARAMETER_VALUE(1.)),.T.,.PARAMETER.);
#7645=PRESENTATION_STYLE_ASSIGNMENT((#7577));
#7646=STYLED_ITEM('',(#7645),#7644);
#7647=CARTESIAN_POINT('',(200.,275.,0.));
#7648=DIRECTION('',(0.,0.,-1.));
#7649=DIRECTION('',(0.,1.,0.));
#7650=AXIS2_PLACEMENT_3D('',#7647,#7648,#7649);
#7651=CIRCLE('',#7650,25.);
#7652=TRIMMED_CURVE('Arc',#7651,(PARAMETER_VALUE(0.)),(PARAMETER_VALUE(180.)),.T.,.PARAMETER.);
#7653=PRESENTATION_STYLE_ASSIGNMENT((#7577));
#7654=STYLED_ITEM('',(#7653),#7652);
#7655=CARTESIAN_POINT('',(50.,200.,0.));
#7656=DIRECTION('',(1.,0.,0.));
#7657=VECTOR('',#7656,45.);
#7658=LINE('',#7655,#7657);
#7659=TRIMMED_CURVE('Line',#7658,(PARAMETER_VALUE(0.)),(PARAMETER_VALUE(1.)),.T.,.PARAMETER.);
#7660=PRESENTATION_STYLE_ASSIGNMENT((#7577));
#7661=STYLED_ITEM('',(#7660),#7659);
#7662=CARTESIAN_POINT('',(50.,225.,0.));
#7663=DIRECTION('',(0.,0.,-1.));
#7664=DIRECTION('',(0.,-1.,0.));
#7665=AXIS2_PLACEMENT_3D('',#7662,#7663,#7664);
#7666=CIRCLE('',#7665,25.);
#7667=TRIMMED_CURVE('Arc',#7666,(PARAMETER_VALUE(0.)),(PARAMETER_VALUE(180.)),.T.,.PARAMETER.);
#7668=PRESENTATION_STYLE_ASSIGNMENT((#7577));
#7669=STYLED_ITEM('',(#7668),#7667);
#7670=CARTESIAN_POINT('',(97.164340926,162.164340926,0.));
#7671=DIRECTION('',(0.,0.,-1.));
#7672=DIRECTION('',(0.384313017,0.923202851,0.));
#7673=AXIS2_PLACEMENT_3D('',#7670,#7671,#7672);
#7674=CIRCLE('',#7673,37.897512705);
#7675=TRIMMED_CURVE('Arc',#7674,(PARAMETER_VALUE(334.124937371)),(PARAMETER_VALUE(67.398901839)),.T.,.PARAMETER.);
#7676=PRESENTATION_STYLE_ASSIGNMENT((#7577));
#7677=STYLED_ITEM('',(#7676),#7675);
#7678=CARTESIAN_POINT('',(135.061853631,162.164340926,0.));
#7679=DIRECTION('',(0.,-1.,0.));
#7680=VECTOR('',#7679,18.164340926);
#7681=LINE('',#7678,#7680);
#7682=TRIMMED_CURVE('Line',#7681,(PARAMETER_VALUE(0.)),(PARAMETER_VALUE(1.)),.T.,.PARAMETER.);
#7683=PRESENTATION_STYLE_ASSIGNMENT((#7577));
#7684=STYLED_ITEM('',(#7683),#7682);
#7685=GEOMETRIC_CURVE_SET('',(#7575,#7584,#7591,#7599,#7606,#7614,#7622,#7629,#7637,#7644,#7652,#7659,#7667,#7675,#7682));
#35=SHAPE_REPRESENTATION('Geom',(#15),#33);
#37=GEOMETRICALLY_BOUNDED_WIREFRAME_SHAPE_REPRESENTATION('Geom',(#7685),#33);
#7693=SHAPE_REPRESENTATION_RELATIONSHIP('','',#35,#37);
#40=MANIFOLD_SURFACE_SHAPE_REPRESENTATION('Geom',(#7563),#33);
#7701=SHAPE_REPRESENTATION_RELATIONSHIP('','',#35,#40);
#7702=APPLICATION_CONTEXT('data for automotive mechanical design processes');
#7703=APPLICATION_PROTOCOL_DEFINITION('international standard','automotive_design',1994,#7702);
#7704=PRODUCT_CONTEXT('',#7702,'mechanical');
#7705=PRODUCT_DEFINITION_CONTEXT('part definition',#7702,'design');
#43=PRODUCT('Geom','Geom','',(#7704));
#7706=PRODUCT_RELATED_PRODUCT_CATEGORY('part','',(#43));
#7707=PRODUCT_DEFINITION_FORMATION_WITH_SPECIFIED_SOURCE('','',#43,.NOT_KNOWN.);
#44=PRODUCT_DEFINITION('design','',#7707,#7705);
#42=PRODUCT_DEFINITION_SHAPE('','',#44);
#7708=SHAPE_DEFINITION_REPRESENTATION(#42,#35);
#34=DRAUGHTING_MODEL('',(),#33);
#16=SHAPE_REPRESENTATION('Geom',(#15,#48),#10);
#24=PRODUCT('Geom','Geom','',(#7704));
#7709=PRODUCT_RELATED_PRODUCT_CATEGORY('part','',(#24));
#7710=PRODUCT_DEFINITION_FORMATION_WITH_SPECIFIED_SOURCE('','',#24,.NOT_KNOWN.);
#25=PRODUCT_DEFINITION('design','',#7710,#7705);
#23=PRODUCT_DEFINITION_SHAPE('','',#25);
#7711=SHAPE_DEFINITION_REPRESENTATION(#23,#16);
#11=DRAUGHTING_MODEL('',(),#10);
#1=MECHANICAL_DESIGN_GEOMETRIC_PRESENTATION_REPRESENTATION('',(#54,#7579,#7586,#7593,#7601,#7608,#7616,#7624,#7631,#7639,#7646,#7654,#7661,#7669,#7677,#7684),#10);
ENDSEC;
END-ISO-10303-21;
