ISO-10303-21;
HEADER;

/* File generated by HOOPS Exchange Version 25.2.0 */

FILE_DESCRIPTION(('HOOPS Exchange Step'),'2;1');

FILE_NAME('C:\\Users\\2534832\\OneDrive - University of Chester\\UOC_2ndSem_Assignments\\cad_model\\Updates_2318_triangles.stp',
'2026-07-20T14:23:06+01:00',
('2534832'),
('Unknown organisation'),
'HOOPS Exchange 2025.2',
'HOOPS Exchange',
'Unknown authorisation');

FILE_SCHEMA( ('AUTOMOTIVE_DESIGN { 1 0 10303 214 1 1 1 1 }') );

ENDSEC;

DATA;
#3=(NAMED_UNIT(*)PLANE_ANGLE_UNIT()SI_UNIT($,.RADIAN.));
#4=PLANE_ANGLE_MEASURE_WITH_UNIT(PLANE_ANGLE_MEASURE(0.0174532925),#3);
#5=(CONVERSION_BASED_UNIT('DEGREE',#4)NAMED_UNIT(#6)PLANE_ANGLE_UNIT());
#6=DIMENSIONAL_EXPONENTS(0.,0.,0.,0.,0.,0.,0.);
#7=(NAMED_UNIT(*)SI_UNIT($,.STERADIAN.)SOLID_ANGLE_UNIT());
#8=(LENGTH_UNIT()NAMED_UNIT(*)SI_UNIT(.MILLI.,.METRE.));
#9=UNCERTAINTY_MEASURE_WITH_UNIT(LENGTH_MEASURE(1.000000E-03),#8,'DISTANCE_ACCURACY_VALUE','Maximum Tolerance applied to model');
#10=(GEOMETRIC_REPRESENTATION_CONTEXT(3)GLOBAL_UNCERTAINTY_ASSIGNED_CONTEXT((#9))GLOBAL_UNIT_ASSIGNED_CONTEXT((#8,#5,#7))REPRESENTATION_CONTEXT('','Geom'));
#12=CARTESIAN_POINT('',(0.,0.,0.));
#13=DIRECTION('',(0.,0.,1.));
#14=DIRECTION('',(1.,0.,0.));
#15=AXIS2_PLACEMENT_3D('',#12,#13,#14);
#26=(NAMED_UNIT(*)PLANE_ANGLE_UNIT()SI_UNIT($,.RADIAN.));
#27=PLANE_ANGLE_MEASURE_WITH_UNIT(PLANE_ANGLE_MEASURE(0.0174532925),#26);
#28=(CONVERSION_BASED_UNIT('DEGREE',#27)NAMED_UNIT(#29)PLANE_ANGLE_UNIT());
#29=DIMENSIONAL_EXPONENTS(0.,0.,0.,0.,0.,0.,0.);
#30=(NAMED_UNIT(*)SI_UNIT($,.STERADIAN.)SOLID_ANGLE_UNIT());
#31=(LENGTH_UNIT()NAMED_UNIT(*)SI_UNIT(.MILLI.,.METRE.));
#32=UNCERTAINTY_MEASURE_WITH_UNIT(LENGTH_MEASURE(1.000000E-03),#31,'DISTANCE_ACCURACY_VALUE','Maximum Tolerance applied to model');
#33=(GEOMETRIC_REPRESENTATION_CONTEXT(3)GLOBAL_UNCERTAINTY_ASSIGNED_CONTEXT((#32))GLOBAL_UNIT_ASSIGNED_CONTEXT((#31,#28,#30))REPRESENTATION_CONTEXT('','Geom'));
#45=CARTESIAN_POINT('',(0.,0.,0.));
#46=DIRECTION('',(0.,0.,1.));
#47=DIRECTION('',(1.,0.,-0.));
#48=AXIS2_PLACEMENT_3D('',#45,#46,#47);
#49=ITEM_DEFINED_TRANSFORMATION('','',#48,#15);
#50=(REPRESENTATION_RELATIONSHIP('','',#35,#16)REPRESENTATION_RELATIONSHIP_WITH_TRANSFORMATION(#49)SHAPE_REPRESENTATION_RELATIONSHIP());
#51=NEXT_ASSEMBLY_USAGE_OCCURRENCE('Geom_1','Geom','Geom',#25,#44,$);
#52=PRODUCT_DEFINITION_SHAPE('','',#51);
#53=CONTEXT_DEPENDENT_SHAPE_REPRESENTATION(#50,#52);
#54=CARTESIAN_POINT('',(212.659269571,284.057199955,4.068440758));
#55=CARTESIAN_POINT('',(212.783291936,282.046020031,-1.341849333));
#56=CARTESIAN_POINT('',(209.235772491,286.115437746,0.939098943));
#57=CARTESIAN_POINT('',(212.659269571,284.057199955,4.068440758));
#58=DIRECTION('',(0.656270747,0.71203096,-0.24964098));
#59=DIRECTION('',(0.735312069,-0.677728678,0.));
#60=AXIS2_PLACEMENT_3D('',#57,#58,#59);
#61=PLANE('',#60);
#62=POLY_LOOP('',(#54,#55,#56));
#63=FACE_OUTER_BOUND('',#62,.T.);
#64=FACE_SURFACE('',(#63),#61,.T.);
#65=CARTESIAN_POINT('',(44.005133212,187.678307295,1.907456783));
#66=CARTESIAN_POINT('',(33.150531352,191.229715943,1.704451977));
#67=CARTESIAN_POINT('',(41.974950582,188.582316041,-4.90314886));
#68=CARTESIAN_POINT('',(44.005133212,187.678307295,1.907456783));
#69=DIRECTION('',(-0.310215215,-0.950071136,-0.033635639));
#70=DIRECTION('',(-0.950609027,0.310390846,0.));
#71=AXIS2_PLACEMENT_3D('',#68,#69,#70);
#72=PLANE('',#71);
#73=POLY_LOOP('',(#65,#66,#67));
#74=FACE_OUTER_BOUND('',#73,.T.);
#75=FACE_SURFACE('',(#74),#72,.T.);
#76=CARTESIAN_POINT('',(43.670695275,211.912319064,-0.499291054));
#77=CARTESIAN_POINT('',(37.579055876,217.129781842,-1.835170668));
#78=CARTESIAN_POINT('',(38.410693407,213.034033775,-6.578314584));
#79=CARTESIAN_POINT('',(43.670695275,211.912319064,-0.499291054));
#80=DIRECTION('',(-0.638735828,-0.634210081,0.435653664));
#81=DIRECTION('',(0.704588327,-0.709616297,0.));
#82=AXIS2_PLACEMENT_3D('',#79,#80,#81);
#83=PLANE('',#82);
#84=POLY_LOOP('',(#76,#77,#78));
#85=FACE_OUTER_BOUND('',#84,.T.);
#86=FACE_SURFACE('',(#85),#83,.T.);
#87=CARTESIAN_POINT('',(201.952382922,389.794200659,3.398188157));
#88=CARTESIAN_POINT('',(39.022028446,390.423744917,5.066395272));
#89=CARTESIAN_POINT('',(203.719392419,391.91275835,6.968333852));
#90=CARTESIAN_POINT('',(201.952382922,389.794200659,3.398188157));
#91=DIRECTION('',(-0.001893506,0.86039281,-0.509627931));
#92=DIRECTION('',(-0.,0.509628844,0.860394352));
#93=AXIS2_PLACEMENT_3D('',#90,#91,#92);
#94=PLANE('',#93);
#95=POLY_LOOP('',(#87,#88,#89));
#96=FACE_OUTER_BOUND('',#95,.T.);
#97=FACE_SURFACE('',(#96),#94,.T.);
#98=CARTESIAN_POINT('',(42.316585779,395.172476768,9.947283193));
#99=CARTESIAN_POINT('',(39.022028446,390.423744917,5.066395272));
#100=DIRECTION('',(0.001584064,0.716208036,-0.697885048));
#101=DIRECTION('',(-0.,0.697885923,0.716208934));
#102=AXIS2_PLACEMENT_3D('',#99,#100,#101);
#103=PLANE('',#102);
#104=POLY_LOOP('',(#88,#98,#89));
#105=FACE_OUTER_BOUND('',#104,.T.);
#106=FACE_SURFACE('',(#105),#103,.T.);
#107=CARTESIAN_POINT('',(42.756341398,388.865381479,0.494830834));
#108=CARTESIAN_POINT('',(42.756341398,388.865381479,0.494830834));
#109=DIRECTION('',(0.000356705,0.946606945,-0.32238977));
#110=DIRECTION('',(-0.,0.32238979,0.946607006));
#111=AXIS2_PLACEMENT_3D('',#108,#109,#110);
#112=PLANE('',#111);
#113=POLY_LOOP('',(#107,#88,#87));
#114=FACE_OUTER_BOUND('',#113,.T.);
#115=FACE_SURFACE('',(#114),#112,.T.);
#116=CARTESIAN_POINT('',(122.327417135,339.621305466,-1.407282311));
#117=CARTESIAN_POINT('',(124.150693417,341.260462999,0.396160089));
#118=CARTESIAN_POINT('',(125.944599509,340.90295434,-0.844641763));
#119=CARTESIAN_POINT('',(122.327417135,339.621305466,-1.407282311));
#120=DIRECTION('',(-0.206946449,0.819001734,-0.535172241));
#121=DIRECTION('',(0.,0.547013848,0.837123557));
#122=AXIS2_PLACEMENT_3D('',#119,#120,#121);
#123=PLANE('',#122);
#124=POLY_LOOP('',(#116,#117,#118));
#125=FACE_OUTER_BOUND('',#124,.T.);
#126=FACE_SURFACE('',(#125),#123,.T.);
#127=CARTESIAN_POINT('',(31.772408634,345.011949539,10.737164877));
#128=CARTESIAN_POINT('',(30.913364142,334.453552961,9.822661988));
#129=CARTESIAN_POINT('',(24.058477953,312.633007765,10.423870757));
#130=CARTESIAN_POINT('',(31.772408634,345.011949539,10.737164877));
#131=DIRECTION('',(-0.437514543,0.112864917,-0.89210007));
#132=DIRECTION('',(-0.897836942,0.,0.440328089));
#133=AXIS2_PLACEMENT_3D('',#130,#131,#132);
#134=PLANE('',#133);
#135=POLY_LOOP('',(#127,#128,#129));
#136=FACE_OUTER_BOUND('',#135,.T.);
#137=FACE_SURFACE('',(#136),#134,.T.);
#138=CARTESIAN_POINT('',(37.211693823,340.986102819,9.492090903));
#139=CARTESIAN_POINT('',(37.211693823,340.986102819,9.492090903));
#140=DIRECTION('',(-0.152859255,0.097614156,-0.983415235));
#141=DIRECTION('',(-0.988134233,-0.,0.153592763));
#142=AXIS2_PLACEMENT_3D('',#139,#140,#141);
#143=PLANE('',#142);
#144=POLY_LOOP('',(#138,#128,#127));
#145=FACE_OUTER_BOUND('',#144,.T.);
#146=FACE_SURFACE('',(#145),#143,.T.);
#147=CARTESIAN_POINT('',(125.884205103,339.626669884,1.579378848));
#148=CARTESIAN_POINT('',(123.512558639,339.620530605,0.595074147));
#149=CARTESIAN_POINT('',(125.884205103,339.626669884,1.579378848));
#150=DIRECTION('',(-0.371425488,0.252889187,0.893358923));
#151=DIRECTION('',(0.923372929,-0.,0.383904198));
#152=AXIS2_PLACEMENT_3D('',#149,#150,#151);
#153=PLANE('',#152);
#154=POLY_LOOP('',(#147,#117,#148));
#155=FACE_OUTER_BOUND('',#154,.T.);
#156=FACE_SURFACE('',(#155),#153,.T.);
#157=CARTESIAN_POINT('',(122.073873878,341.086983681,0.844801543));
#158=CARTESIAN_POINT('',(123.512558639,339.620530605,0.595074147));
#159=DIRECTION('',(0.208000222,0.037615857,0.977405215));
#160=DIRECTION('',(0.978097441,-0.,-0.208147533));
#161=AXIS2_PLACEMENT_3D('',#158,#159,#160);
#162=PLANE('',#161);
#163=POLY_LOOP('',(#148,#117,#157));
#164=FACE_OUTER_BOUND('',#163,.T.);
#165=FACE_SURFACE('',(#164),#162,.T.);
#166=CARTESIAN_POINT('',(126.365303993,339.565783739,-0.866984308));
#167=CARTESIAN_POINT('',(125.944599509,340.90295434,-0.844641763));
#168=DIRECTION('',(0.133187793,0.058435079,-0.989366643));
#169=DIRECTION('',(-0.991060155,0.,-0.133415772));
#170=AXIS2_PLACEMENT_3D('',#167,#168,#169);
#171=PLANE('',#170);
#172=POLY_LOOP('',(#118,#166,#116));
#173=FACE_OUTER_BOUND('',#172,.T.);
#174=FACE_SURFACE('',(#173),#171,.T.);
#175=CARTESIAN_POINT('',(20.197439939,330.351024866,9.691274725));
#176=CARTESIAN_POINT('',(31.772408634,345.011949539,10.737164877));
#177=DIRECTION('',(0.111146285,-0.016864869,-0.993660948));
#178=DIRECTION('',(-0.993802289,-0.,-0.111162095));
#179=AXIS2_PLACEMENT_3D('',#176,#177,#178);
#180=PLANE('',#179);
#181=POLY_LOOP('',(#127,#129,#175));
#182=FACE_OUTER_BOUND('',#181,.T.);
#183=FACE_SURFACE('',(#182),#180,.T.);
#184=CARTESIAN_POINT('',(233.59644413,366.216421127,8.917784318));
#185=CARTESIAN_POINT('',(225.903525949,366.761088371,12.575484812));
#186=CARTESIAN_POINT('',(226.951509714,357.142746449,10.71064081));
#187=CARTESIAN_POINT('',(233.59644413,366.216421127,8.917784318));
#188=DIRECTION('',(0.418376268,-0.128737077,0.899104034));
#189=DIRECTION('',(0.906648472,0.,-0.42188689));
#190=AXIS2_PLACEMENT_3D('',#187,#188,#189);
#191=PLANE('',#190);
#192=POLY_LOOP('',(#184,#185,#186));
#193=FACE_OUTER_BOUND('',#192,.T.);
#194=FACE_SURFACE('',(#193),#191,.T.);
#195=CARTESIAN_POINT('',(203.171730042,337.516397238,-0.763878925));
#196=CARTESIAN_POINT('',(212.617143989,339.498668909,0.000013177));
#197=CARTESIAN_POINT('',(203.913643956,338.481724262,5.184028763));
#198=CARTESIAN_POINT('',(203.171730042,337.516397238,-0.763878925));
#199=DIRECTION('',(0.193183655,-0.972016206,0.133658408));
#200=DIRECTION('',(-0.980816621,-0.194932696,0.));
#201=AXIS2_PLACEMENT_3D('',#198,#199,#200);
#202=PLANE('',#201);
#203=POLY_LOOP('',(#195,#196,#197));
#204=FACE_OUTER_BOUND('',#203,.T.);
#205=FACE_SURFACE('',(#204),#202,.T.);
#206=CARTESIAN_POINT('',(220.139786601,347.319304943,6.160203367));
#207=CARTESIAN_POINT('',(211.991176009,340.998977423,-1.142540481));
#208=CARTESIAN_POINT('',(208.27011764,341.822504997,6.220178213));
#209=CARTESIAN_POINT('',(220.139786601,347.319304943,6.160203367));
#210=DIRECTION('',(-0.402117245,0.865050059,-0.299983526));
#211=DIRECTION('',(0.906813935,0.421531122,-0.));
#212=AXIS2_PLACEMENT_3D('',#209,#210,#211);
#213=PLANE('',#212);
#214=POLY_LOOP('',(#206,#207,#208));
#215=FACE_OUTER_BOUND('',#214,.T.);
#216=FACE_SURFACE('',(#215),#213,.T.);
#217=CARTESIAN_POINT('',(122.656442225,341.380447149,-0.632690906));
#218=CARTESIAN_POINT('',(122.656442225,341.380447149,-0.632690906));
#219=DIRECTION('',(0.563322709,0.242435401,-0.789868725));
#220=DIRECTION('',(-0.814157023,-0.,-0.580644764));
#221=AXIS2_PLACEMENT_3D('',#218,#219,#220);
#222=PLANE('',#221);
#223=POLY_LOOP('',(#217,#117,#116));
#224=FACE_OUTER_BOUND('',#223,.T.);
#225=FACE_SURFACE('',(#224),#222,.T.);
#226=CARTESIAN_POINT('',(43.464288116,355.163246393,9.113682434));
#227=CARTESIAN_POINT('',(28.563855216,350.155264139,7.316823583));
#228=CARTESIAN_POINT('',(43.464288116,355.163246393,9.113682434));
#229=DIRECTION('',(0.247716613,-0.424583126,-0.870841919));
#230=DIRECTION('',(0.,-0.898857015,0.438242019));
#231=AXIS2_PLACEMENT_3D('',#228,#229,#230);
#232=PLANE('',#231);
#233=POLY_LOOP('',(#226,#127,#227));
#234=FACE_OUTER_BOUND('',#233,.T.);
#235=FACE_SURFACE('',(#234),#232,.T.);
#236=CARTESIAN_POINT('',(145.245790482,143.997952342,3.866694635));
#237=CARTESIAN_POINT('',(139.770925045,143.999993801,9.641167708));
#238=CARTESIAN_POINT('',(144.06901598,171.046227217,5.131386686));
#239=CARTESIAN_POINT('',(145.245790482,143.997952342,3.866694635));
#240=DIRECTION('',(-0.725681842,0.000598278,-0.688030164));
#241=DIRECTION('',(0.688030287,0.,-0.725681972));
#242=AXIS2_PLACEMENT_3D('',#239,#240,#241);
#243=PLANE('',#242);
#244=POLY_LOOP('',(#236,#237,#238));
#245=FACE_OUTER_BOUND('',#244,.T.);
#246=FACE_SURFACE('',(#245),#243,.T.);
#247=CARTESIAN_POINT('',(37.486433983,357.368290424,5.383182317));
#248=CARTESIAN_POINT('',(29.656292871,353.783458471,2.924803644));
#249=CARTESIAN_POINT('',(27.024965733,352.683246136,-1.440781518));
#250=CARTESIAN_POINT('',(37.486433983,357.368290424,5.383182317));
#251=DIRECTION('',(0.423050625,-0.905711578,-0.026733997));
#252=DIRECTION('',(-0.90603541,-0.423201885,0.));
#253=AXIS2_PLACEMENT_3D('',#250,#251,#252);
#254=PLANE('',#253);
#255=POLY_LOOP('',(#247,#248,#249));
#256=FACE_OUTER_BOUND('',#255,.T.);
#257=FACE_SURFACE('',(#256),#254,.T.);
#258=CARTESIAN_POINT('',(124.150693417,341.260462999,0.396160089));
#259=DIRECTION('',(-0.043654007,0.983053713,0.178044165));
#260=DIRECTION('',(0.,-0.178214055,0.983991743));
#261=AXIS2_PLACEMENT_3D('',#258,#259,#260);
#262=PLANE('',#261);
#263=POLY_LOOP('',(#117,#217,#157));
#264=FACE_OUTER_BOUND('',#263,.T.);
#265=FACE_SURFACE('',(#264),#262,.T.);
#266=CARTESIAN_POINT('',(102.557636797,471.033036709,8.386883885));
#267=CARTESIAN_POINT('',(95.123618841,464.727908373,6.289855577));
#268=CARTESIAN_POINT('',(97.469612956,470.025807619,2.162568504));
#269=CARTESIAN_POINT('',(102.557636797,471.033036709,8.386883885));
#270=DIRECTION('',(0.651238089,-0.624387773,-0.431310631));
#271=DIRECTION('',(0.692069782,0.721830601,0.));
#272=AXIS2_PLACEMENT_3D('',#269,#270,#271);
#273=PLANE('',#272);
#274=POLY_LOOP('',(#266,#267,#268));
#275=FACE_OUTER_BOUND('',#274,.T.);
#276=FACE_SURFACE('',(#275),#273,.T.);
#277=CARTESIAN_POINT('',(46.92947492,239.370033145,1.426670467));
#278=CARTESIAN_POINT('',(202.290832996,239.620044827,-3.313770751));
#279=CARTESIAN_POINT('',(46.384636313,240.190640092,-5.159942899));
#280=CARTESIAN_POINT('',(46.92947492,239.370033145,1.426670467));
#281=DIRECTION('',(0.002169967,0.992347895,0.123454232));
#282=DIRECTION('',(0.,-0.123454523,0.992350231));
#283=AXIS2_PLACEMENT_3D('',#280,#281,#282);
#284=PLANE('',#283);
#285=POLY_LOOP('',(#277,#278,#279));
#286=FACE_OUTER_BOUND('',#285,.T.);
#287=FACE_SURFACE('',(#286),#284,.T.);
#288=CARTESIAN_POINT('',(214.365229011,380.82331419,-8.539856412));
#289=CARTESIAN_POINT('',(211.170762777,385.511279106,-8.38212017));
#290=CARTESIAN_POINT('',(218.516469002,385.474830866,-11.980237439));
#291=CARTESIAN_POINT('',(214.365229011,380.82331419,-8.539856412));
#292=DIRECTION('',(-0.425695005,-0.260923615,-0.866430972));
#293=DIRECTION('',(-0.897521615,0.,0.440970465));
#294=AXIS2_PLACEMENT_3D('',#291,#292,#293);
#295=PLANE('',#294);
#296=POLY_LOOP('',(#288,#289,#290));
#297=FACE_OUTER_BOUND('',#296,.T.);
#298=FACE_SURFACE('',(#297),#295,.T.);
#299=CARTESIAN_POINT('',(21.56050317,345.36087513,4.428448156));
#300=CARTESIAN_POINT('',(18.428146839,342.020571232,-2.385454718));
#301=CARTESIAN_POINT('',(27.024965733,352.683246136,-1.440781518));
#302=DIRECTION('',(0.779682526,-0.623966887,-0.052540296));
#303=DIRECTION('',(0.624829899,0.780760909,0.));
#304=AXIS2_PLACEMENT_3D('',#301,#302,#303);
#305=PLANE('',#304);
#306=POLY_LOOP('',(#249,#299,#300));
#307=FACE_OUTER_BOUND('',#306,.T.);
#308=FACE_SURFACE('',(#307),#305,.T.);
#309=CARTESIAN_POINT('',(29.656292871,353.783458471,2.924803644));
#310=DIRECTION('',(0.679610827,-0.69509788,-0.234452682));
#311=DIRECTION('',(-0.71502746,-0.699096368,-0.));
#312=AXIS2_PLACEMENT_3D('',#309,#310,#311);
#313=PLANE('',#312);
#314=POLY_LOOP('',(#248,#299,#249));
#315=FACE_OUTER_BOUND('',#314,.T.);
#316=FACE_SURFACE('',(#315),#313,.T.);
#317=CARTESIAN_POINT('',(24.887053296,310.943096876,-12.51522731));
#318=CARTESIAN_POINT('',(27.338918298,337.366878986,-12.735468335));
#319=CARTESIAN_POINT('',(26.899917051,325.981616974,-12.104265392));
#320=CARTESIAN_POINT('',(24.887053296,310.943096876,-12.51522731));
#321=DIRECTION('',(0.654290925,-0.066990182,-0.753270005));
#322=DIRECTION('',(-0.754965935,0.,-0.655764011));
#323=AXIS2_PLACEMENT_3D('',#320,#321,#322);
#324=PLANE('',#323);
#325=POLY_LOOP('',(#317,#318,#319));
#326=FACE_OUTER_BOUND('',#325,.T.);
#327=FACE_SURFACE('',(#326),#324,.T.);
#328=CARTESIAN_POINT('',(210.964560509,388.858526945,7.651909254));
#329=CARTESIAN_POINT('',(208.647623658,386.877268553,2.219529124));
#330=CARTESIAN_POINT('',(203.719392419,391.91275835,6.968333852));
#331=DIRECTION('',(0.381893965,0.80384841,-0.456053433));
#332=DIRECTION('',(-0.,0.493454231,0.869771764));
#333=AXIS2_PLACEMENT_3D('',#330,#331,#332);
#334=PLANE('',#333);
#335=POLY_LOOP('',(#89,#328,#329));
#336=FACE_OUTER_BOUND('',#335,.T.);
#337=FACE_SURFACE('',(#336),#334,.T.);
#338=CARTESIAN_POINT('',(46.962969005,241.344943643,6.476943381));
#339=CARTESIAN_POINT('',(43.669007719,245.154350996,9.572901763));
#340=CARTESIAN_POINT('',(202.342972159,244.843423367,9.612640366));
#341=CARTESIAN_POINT('',(46.962969005,241.344943643,6.476943381));
#342=DIRECTION('',(0.001431524,0.631437131,-0.775425755));
#343=DIRECTION('',(0.,-0.775426549,-0.631437778));
#344=AXIS2_PLACEMENT_3D('',#341,#342,#343);
#345=PLANE('',#344);
#346=POLY_LOOP('',(#338,#339,#340));
#347=FACE_OUTER_BOUND('',#346,.T.);
#348=FACE_SURFACE('',(#347),#345,.T.);
#349=CARTESIAN_POINT('',(42.987905443,348.878979683,10.823877528));
#350=CARTESIAN_POINT('',(42.987905443,348.878979683,10.823877528));
#351=DIRECTION('',(-0.065778857,0.212638623,-0.974914334));
#352=DIRECTION('',(-0.,-0.977030361,-0.21310015));
#353=AXIS2_PLACEMENT_3D('',#350,#351,#352);
#354=PLANE('',#353);
#355=POLY_LOOP('',(#349,#138,#127));
#356=FACE_OUTER_BOUND('',#355,.T.);
#357=FACE_SURFACE('',(#356),#354,.T.);
#358=CARTESIAN_POINT('',(44.605731964,336.25292778,0.17517402));
#359=CARTESIAN_POINT('',(47.69968614,337.834864855,4.57977457));
#360=CARTESIAN_POINT('',(40.55807367,336.190283298,7.084680721));
#361=CARTESIAN_POINT('',(44.605731964,336.25292778,0.17517402));
#362=DIRECTION('',(0.271693598,-0.950536392,0.150542872));
#363=DIRECTION('',(-0.961494077,-0.274825653,0.));
#364=AXIS2_PLACEMENT_3D('',#361,#362,#363);
#365=PLANE('',#364);
#366=POLY_LOOP('',(#358,#359,#360));
#367=FACE_OUTER_BOUND('',#366,.T.);
#368=FACE_SURFACE('',(#367),#365,.T.);
#369=CARTESIAN_POINT('',(40.460199118,336.999922991,-8.389988914));
#370=CARTESIAN_POINT('',(38.859378546,332.546830177,-5.534559488));
#371=CARTESIAN_POINT('',(40.460199118,336.999922991,-8.389988914));
#372=DIRECTION('',(0.745067274,-0.528636686,-0.406716131));
#373=DIRECTION('',(0.57865911,0.815569515,0.));
#374=AXIS2_PLACEMENT_3D('',#371,#372,#373);
#375=PLANE('',#374);
#376=POLY_LOOP('',(#369,#358,#370));
#377=FACE_OUTER_BOUND('',#376,.T.);
#378=FACE_SURFACE('',(#377),#375,.T.);
#379=CARTESIAN_POINT('',(145.621731877,167.751505971,-0.571997953));
#380=CARTESIAN_POINT('',(145.621731877,167.751505971,-0.571997953));
#381=DIRECTION('',(-0.968774769,-0.030643831,-0.246041464));
#382=DIRECTION('',(0.246157067,0.,-0.969229951));
#383=AXIS2_PLACEMENT_3D('',#380,#381,#382);
#384=PLANE('',#383);
#385=POLY_LOOP('',(#379,#236,#238));
#386=FACE_OUTER_BOUND('',#385,.T.);
#387=FACE_SURFACE('',(#386),#384,.T.);
#388=CARTESIAN_POINT('',(38.32187131,358.743995428,-1.526906155));
#389=CARTESIAN_POINT('',(37.074610591,356.083571911,-6.635556929));
#390=CARTESIAN_POINT('',(38.32187131,358.743995428,-1.526906155));
#391=DIRECTION('',(0.449179843,-0.832643306,0.323948442));
#392=DIRECTION('',(-0.880103098,-0.474782621,-0.));
#393=AXIS2_PLACEMENT_3D('',#390,#391,#392);
#394=PLANE('',#393);
#395=POLY_LOOP('',(#388,#249,#389));
#396=FACE_OUTER_BOUND('',#395,.T.);
#397=FACE_SURFACE('',(#396),#394,.T.);
#398=CARTESIAN_POINT('',(110.508970916,466.156423092,10.483697057));
#399=CARTESIAN_POINT('',(117.6372841,474.688261747,9.154569358));
#400=CARTESIAN_POINT('',(114.556334913,460.794001818,6.375017576));
#401=CARTESIAN_POINT('',(110.508970916,466.156423092,10.483697057));
#402=DIRECTION('',(-0.482451602,0.273450947,-0.832144838));
#403=DIRECTION('',(-0.865117989,0.,0.501568406));
#404=AXIS2_PLACEMENT_3D('',#401,#402,#403);
#405=PLANE('',#404);
#406=POLY_LOOP('',(#398,#399,#400));
#407=FACE_OUTER_BOUND('',#406,.T.);
#408=FACE_SURFACE('',(#407),#405,.T.);
#409=CARTESIAN_POINT('',(116.439007223,206.513985991,-1.827593544));
#410=CARTESIAN_POINT('',(116.125494242,206.437587738,1.223220606));
#411=CARTESIAN_POINT('',(110.426768661,208.731800318,-1.097482163));
#412=CARTESIAN_POINT('',(116.439007223,206.513985991,-1.827593544));
#413=DIRECTION('',(-0.351830321,-0.934167743,-0.059548746));
#414=DIRECTION('',(-0.935828465,0.352455789,-0.));
#415=AXIS2_PLACEMENT_3D('',#412,#413,#414);
#416=PLANE('',#415);
#417=POLY_LOOP('',(#409,#410,#411));
#418=FACE_OUTER_BOUND('',#417,.T.);
#419=FACE_SURFACE('',(#418),#416,.T.);
#420=CARTESIAN_POINT('',(221.580550075,245.294749737,5.25882747));
#421=CARTESIAN_POINT('',(222.142741084,251.62166357,10.535831563));
#422=CARTESIAN_POINT('',(209.609150887,242.397174239,9.767924435));
#423=CARTESIAN_POINT('',(221.580550075,245.294749737,5.25882747));
#424=DIRECTION('',(0.40458299,-0.606683525,0.684286274));
#425=DIRECTION('',(-0.,0.748261685,0.663403686));
#426=AXIS2_PLACEMENT_3D('',#423,#424,#425);
#427=PLANE('',#426);
#428=POLY_LOOP('',(#420,#421,#422));
#429=FACE_OUTER_BOUND('',#428,.T.);
#430=FACE_SURFACE('',(#429),#427,.T.);
#431=CARTESIAN_POINT('',(121.989779174,168.26415062,-0.060301903));
#432=CARTESIAN_POINT('',(120.855689049,172.588095069,2.977564698));
#433=CARTESIAN_POINT('',(117.09870398,178.896963596,-3.76998866));
#434=CARTESIAN_POINT('',(121.989779174,168.26415062,-0.060301903));
#435=DIRECTION('',(-0.916350183,-0.361401821,0.172310958));
#436=DIRECTION('',(0.366889533,-0.930264517,-0.));
#437=AXIS2_PLACEMENT_3D('',#434,#435,#436);
#438=PLANE('',#437);
#439=POLY_LOOP('',(#431,#432,#433));
#440=FACE_OUTER_BOUND('',#439,.T.);
#441=FACE_SURFACE('',(#440),#438,.T.);
#442=CARTESIAN_POINT('',(220.018073916,371.36682868,-11.400109157));
#443=CARTESIAN_POINT('',(214.365229011,380.82331419,-8.539856412));
#444=DIRECTION('',(-0.570516712,-0.094272221,-0.815857481));
#445=DIRECTION('',(-0.819507191,0.,0.573068899));
#446=AXIS2_PLACEMENT_3D('',#443,#444,#445);
#447=PLANE('',#446);
#448=POLY_LOOP('',(#288,#290,#442));
#449=FACE_OUTER_BOUND('',#448,.T.);
#450=FACE_SURFACE('',(#449),#447,.T.);
#451=CARTESIAN_POINT('',(215.479522943,372.693657875,-7.961023599));
#452=CARTESIAN_POINT('',(215.479522943,372.693657875,-7.961023599));
#453=DIRECTION('',(-0.623695812,-0.140238857,-0.768984133));
#454=DIRECTION('',(-0.776659312,0.,0.629920878));
#455=AXIS2_PLACEMENT_3D('',#452,#453,#454);
#456=PLANE('',#455);
#457=POLY_LOOP('',(#451,#288,#442));
#458=FACE_OUTER_BOUND('',#457,.T.);
#459=FACE_SURFACE('',(#458),#456,.T.);
#460=CARTESIAN_POINT('',(25.064695626,422.651678324,11.852297932));
#461=CARTESIAN_POINT('',(17.857361585,430.844992399,12.623321265));
#462=CARTESIAN_POINT('',(31.12334758,403.414189816,12.437355705));
#463=CARTESIAN_POINT('',(25.064695626,422.651678324,11.852297932));
#464=DIRECTION('',(0.214303553,0.097051544,0.971933632));
#465=DIRECTION('',(0.976543546,0.,-0.215320002));
#466=AXIS2_PLACEMENT_3D('',#463,#464,#465);
#467=PLANE('',#466);
#468=POLY_LOOP('',(#460,#461,#462));
#469=FACE_OUTER_BOUND('',#468,.T.);
#470=FACE_SURFACE('',(#469),#467,.T.);
#471=CARTESIAN_POINT('',(228.783622384,384.192764759,11.910931207));
#472=CARTESIAN_POINT('',(233.59644413,366.216421127,8.917784318));
#473=DIRECTION('',(0.427031772,-0.036110028,0.903515319));
#474=DIRECTION('',(0.904104958,0.,-0.427310455));
#475=AXIS2_PLACEMENT_3D('',#472,#473,#474);
#476=PLANE('',#475);
#477=POLY_LOOP('',(#184,#471,#185));
#478=FACE_OUTER_BOUND('',#477,.T.);
#479=FACE_SURFACE('',(#478),#476,.T.);
#480=CARTESIAN_POINT('',(20.886188373,453.547149897,1.414518454));
#481=CARTESIAN_POINT('',(20.066607744,449.404448271,7.830685936));
#482=CARTESIAN_POINT('',(29.845742509,457.823336124,5.026795436));
#483=CARTESIAN_POINT('',(20.886188373,453.547149897,1.414518454));
#484=DIRECTION('',(-0.522659929,0.745094635,0.414319422));
#485=DIRECTION('',(0.818666977,0.574268561,0.));
#486=AXIS2_PLACEMENT_3D('',#483,#484,#485);
#487=PLANE('',#486);
#488=POLY_LOOP('',(#480,#481,#482));
#489=FACE_OUTER_BOUND('',#488,.T.);
#490=FACE_SURFACE('',(#489),#487,.T.);
#491=CARTESIAN_POINT('',(41.629869491,354.225099087,11.728952639));
#492=CARTESIAN_POINT('',(45.780532062,360.125660896,7.644565776));
#493=CARTESIAN_POINT('',(35.760074854,357.600390911,7.266970817));
#494=CARTESIAN_POINT('',(41.629869491,354.225099087,11.728952639));
#495=DIRECTION('',(-0.190615799,0.645832358,0.739301145));
#496=DIRECTION('',(-0.,0.753109623,-0.657895049));
#497=AXIS2_PLACEMENT_3D('',#494,#495,#496);
#498=PLANE('',#497);
#499=POLY_LOOP('',(#491,#492,#493));
#500=FACE_OUTER_BOUND('',#499,.T.);
#501=FACE_SURFACE('',(#500),#498,.T.);
#502=CARTESIAN_POINT('',(229.856804013,298.076301813,-3.218787257));
#503=CARTESIAN_POINT('',(228.51011157,298.231124878,5.05485246));
#504=CARTESIAN_POINT('',(234.067961574,289.724767208,4.369207658));
#505=CARTESIAN_POINT('',(229.856804013,298.076301813,-3.218787257));
#506=DIRECTION('',(0.8351043,0.535488397,0.125908636));
#507=DIRECTION('',(-0.539784084,0.841803506,-0.));
#508=AXIS2_PLACEMENT_3D('',#505,#506,#507);
#509=PLANE('',#508);
#510=POLY_LOOP('',(#502,#503,#504));
#511=FACE_OUTER_BOUND('',#510,.T.);
#512=FACE_SURFACE('',(#511),#509,.T.);
#513=CARTESIAN_POINT('',(203.460276127,240.305885673,4.14791517));
#514=CARTESIAN_POINT('',(202.342972159,244.843423367,9.612640366));
#515=DIRECTION('',(-0.004409808,0.768904794,-0.639348083));
#516=DIRECTION('',(-0.,0.6393543,0.76891227));
#517=AXIS2_PLACEMENT_3D('',#514,#515,#516);
#518=PLANE('',#517);
#519=POLY_LOOP('',(#340,#513,#338));
#520=FACE_OUTER_BOUND('',#519,.T.);
#521=FACE_SURFACE('',(#520),#518,.T.);
#522=CARTESIAN_POINT('',(228.579640388,288.030982018,-9.052732959));
#523=CARTESIAN_POINT('',(234.159722924,274.926930666,-5.664574448));
#524=CARTESIAN_POINT('',(234.37179625,284.461826086,-2.669237321));
#525=CARTESIAN_POINT('',(228.579640388,288.030982018,-9.052732959));
#526=DIRECTION('',(-0.775663273,-0.17339053,0.606862596));
#527=DIRECTION('',(-0.616196026,0.,-0.787592825));
#528=AXIS2_PLACEMENT_3D('',#525,#526,#527);
#529=PLANE('',#528);
#530=POLY_LOOP('',(#522,#523,#524));
#531=FACE_OUTER_BOUND('',#530,.T.);
#532=FACE_SURFACE('',(#531),#529,.T.);
#533=CARTESIAN_POINT('',(92.262499034,440.668106079,-0.160905474));
#534=CARTESIAN_POINT('',(92.824690044,442.137688398,4.551228601));
#535=CARTESIAN_POINT('',(108.23135078,450.388252735,1.314501395));
#536=CARTESIAN_POINT('',(92.262499034,440.668106079,-0.160905474));
#537=DIRECTION('',(-0.495139686,0.844454342,-0.204287924));
#538=DIRECTION('',(0.862646834,0.505806722,0.));
#539=AXIS2_PLACEMENT_3D('',#536,#537,#538);
#540=PLANE('',#539);
#541=POLY_LOOP('',(#533,#534,#535));
#542=FACE_OUTER_BOUND('',#541,.T.);
#543=FACE_SURFACE('',(#542),#540,.T.);
#544=CARTESIAN_POINT('',(205.894827843,353.170543909,-12.348856777));
#545=CARTESIAN_POINT('',(40.411431342,352.894425392,-12.148363516));
#546=CARTESIAN_POINT('',(205.400466919,358.745276928,-9.500077926));
#547=CARTESIAN_POINT('',(205.894827843,353.170543909,-12.348856777));
#548=DIRECTION('',(-0.001837986,0.45491403,-0.890533462));
#549=DIRECTION('',(0.,-0.890534966,-0.454914799));
#550=AXIS2_PLACEMENT_3D('',#547,#548,#549);
#551=PLANE('',#550);
#552=POLY_LOOP('',(#544,#545,#546));
#553=FACE_OUTER_BOUND('',#552,.T.);
#554=FACE_SURFACE('',(#553),#551,.T.);
#555=CARTESIAN_POINT('',(42.842067778,357.579767704,-9.769093245));
#556=CARTESIAN_POINT('',(40.411431342,352.894425392,-12.148363516));
#557=DIRECTION('',(-0.001776645,0.453508648,-0.891250105));
#558=DIRECTION('',(0.,-0.891251512,-0.453509364));
#559=AXIS2_PLACEMENT_3D('',#556,#557,#558);
#560=PLANE('',#559);
#561=POLY_LOOP('',(#545,#555,#546));
#562=FACE_OUTER_BOUND('',#561,.T.);
#563=FACE_SURFACE('',(#562),#560,.T.);
#564=CARTESIAN_POINT('',(47.39818722,337.490767241,-2.547919517));
#565=CARTESIAN_POINT('',(40.460199118,336.999922991,-8.389988914));
#566=DIRECTION('',(0.23191064,-0.952919283,-0.19535172));
#567=DIRECTION('',(-0.971639622,-0.236466582,0.));
#568=AXIS2_PLACEMENT_3D('',#565,#566,#567);
#569=PLANE('',#568);
#570=POLY_LOOP('',(#369,#564,#358));
#571=FACE_OUTER_BOUND('',#570,.T.);
#572=FACE_SURFACE('',(#571),#569,.T.);
#573=CARTESIAN_POINT('',(30.438056216,391.712874174,1.823248109));
#574=CARTESIAN_POINT('',(39.022028446,390.423744917,5.066395272));
#575=DIRECTION('',(0.205774516,0.965272079,-0.160955464));
#576=DIRECTION('',(0.978023877,-0.208492916,0.));
#577=AXIS2_PLACEMENT_3D('',#574,#575,#576);
#578=PLANE('',#577);
#579=POLY_LOOP('',(#88,#107,#573));
#580=FACE_OUTER_BOUND('',#579,.T.);
#581=FACE_SURFACE('',(#580),#578,.T.);
#582=CARTESIAN_POINT('',(121.956638992,475.65305233,4.512396641));
#583=CARTESIAN_POINT('',(117.6372841,474.688261747,9.154569358));
#584=DIRECTION('',(-0.730437923,0.28603944,-0.620195033));
#585=DIRECTION('',(0.647238032,0.,-0.762287957));
#586=AXIS2_PLACEMENT_3D('',#583,#584,#585);
#587=PLANE('',#586);
#588=POLY_LOOP('',(#399,#582,#400));
#589=FACE_OUTER_BOUND('',#588,.T.);
#590=FACE_SURFACE('',(#589),#587,.T.);
#591=CARTESIAN_POINT('',(35.420507193,216.675058007,-9.461881593));
#592=CARTESIAN_POINT('',(32.332353294,228.042542934,-10.234721936));
#593=CARTESIAN_POINT('',(36.452412605,221.171811223,-5.795512348));
#594=CARTESIAN_POINT('',(35.420507193,216.675058007,-9.461881593));
#595=DIRECTION('',(0.852429289,0.198696115,-0.483615717));
#596=DIRECTION('',(0.493454636,0.,0.869771534));
#597=AXIS2_PLACEMENT_3D('',#594,#595,#596);
#598=PLANE('',#597);
#599=POLY_LOOP('',(#591,#592,#593));
#600=FACE_OUTER_BOUND('',#599,.T.);
#601=FACE_SURFACE('',(#600),#598,.T.);
#602=CARTESIAN_POINT('',(144.944772124,143.999993801,-4.268510733));
#603=CARTESIAN_POINT('',(147.658780217,143.999993801,0.000001409));
#604=CARTESIAN_POINT('',(144.944772124,143.999993801,-4.268510733));
#605=DIRECTION('',(0.000419061,-0.999999877,-0.000266447));
#606=DIRECTION('',(-0.999999912,-0.000419061,-0.));
#607=AXIS2_PLACEMENT_3D('',#604,#605,#606);
#608=PLANE('',#607);
#609=POLY_LOOP('',(#602,#603,#236));
#610=FACE_OUTER_BOUND('',#609,.T.);
#611=FACE_SURFACE('',(#610),#608,.T.);
#612=CARTESIAN_POINT('',(216.751486063,353.900909424,-12.552524917));
#613=CARTESIAN_POINT('',(206.404075027,346.29586339,-12.041484006));
#614=CARTESIAN_POINT('',(205.894827843,353.170543909,-12.348856777));
#615=DIRECTION('',(-0.015655398,-0.045818089,-0.998827118));
#616=DIRECTION('',(0.,-0.998949542,0.045823705));
#617=AXIS2_PLACEMENT_3D('',#614,#615,#616);
#618=PLANE('',#617);
#619=POLY_LOOP('',(#544,#612,#613));
#620=FACE_OUTER_BOUND('',#619,.T.);
#621=FACE_SURFACE('',(#620),#618,.T.);
#622=CARTESIAN_POINT('',(214.960098267,361.205667257,-11.800793931));
#623=CARTESIAN_POINT('',(205.400466919,358.745276928,-9.500077926));
#624=DIRECTION('',(-0.311845321,0.410279186,-0.856985114));
#625=DIRECTION('',(0.,-0.901963429,-0.431812427));
#626=AXIS2_PLACEMENT_3D('',#623,#624,#625);
#627=PLANE('',#626);
#628=POLY_LOOP('',(#546,#622,#544));
#629=FACE_OUTER_BOUND('',#628,.T.);
#630=FACE_SURFACE('',(#629),#627,.T.);
#631=CARTESIAN_POINT('',(227.714881301,266.257852316,-12.482280843));
#632=CARTESIAN_POINT('',(235.918790102,269.708782434,-6.513921544));
#633=CARTESIAN_POINT('',(232.094034553,258.374273777,-6.604509894));
#634=CARTESIAN_POINT('',(227.714881301,266.257852316,-12.482280843));
#635=DIRECTION('',(0.630989701,-0.206947683,-0.747679512));
#636=DIRECTION('',(-0.764223413,-0.,-0.644951607));
#637=AXIS2_PLACEMENT_3D('',#634,#635,#636);
#638=PLANE('',#637);
#639=POLY_LOOP('',(#631,#632,#633));
#640=FACE_OUTER_BOUND('',#639,.T.);
#641=FACE_SURFACE('',(#640),#638,.T.);
#642=CARTESIAN_POINT('',(124.150693417,341.260462999,0.396160089));
#643=DIRECTION('',(0.450299797,0.785384663,0.424736416));
#644=DIRECTION('',(0.867524428,-0.497394579,0.));
#645=AXIS2_PLACEMENT_3D('',#642,#643,#644);
#646=PLANE('',#645);
#647=POLY_LOOP('',(#117,#147,#118));
#648=FACE_OUTER_BOUND('',#647,.T.);
#649=FACE_SURFACE('',(#648),#646,.T.);
#650=CARTESIAN_POINT('',(29.700040817,349.711865187,10.917868465));
#651=CARTESIAN_POINT('',(25.449667126,351.178050041,6.798758637));
#652=CARTESIAN_POINT('',(29.700040817,349.711865187,10.917868465));
#653=DIRECTION('',(-0.4200842,0.626541692,0.656486689));
#654=DIRECTION('',(0.,0.723413162,-0.69041538));
#655=AXIS2_PLACEMENT_3D('',#652,#653,#654);
#656=PLANE('',#655);
#657=POLY_LOOP('',(#650,#493,#651));
#658=FACE_OUTER_BOUND('',#657,.T.);
#659=FACE_SURFACE('',(#658),#656,.T.);
#660=CARTESIAN_POINT('',(41.629869491,354.225099087,11.728952639));
#661=DIRECTION('',(-0.26720313,0.566160872,0.779784813));
#662=DIRECTION('',(0.,0.809207411,-0.587523077));
#663=AXIS2_PLACEMENT_3D('',#660,#661,#662);
#664=PLANE('',#663);
#665=POLY_LOOP('',(#491,#493,#650));
#666=FACE_OUTER_BOUND('',#665,.T.);
#667=FACE_SURFACE('',(#666),#664,.T.);
#668=CARTESIAN_POINT('',(138.950020075,191.087722778,0.896011421));
#669=CARTESIAN_POINT('',(136.859282851,189.570769668,7.327271625));
#670=CARTESIAN_POINT('',(144.873350859,180.116087198,0.963798666));
#671=CARTESIAN_POINT('',(138.950020075,191.087722778,0.896011421));
#672=DIRECTION('',(0.816553857,0.443124279,0.369973881));
#673=DIRECTION('',(-0.476968969,0.878920135,0.));
#674=AXIS2_PLACEMENT_3D('',#671,#672,#673);
#675=PLANE('',#674);
#676=POLY_LOOP('',(#668,#669,#670));
#677=FACE_OUTER_BOUND('',#676,.T.);
#678=FACE_SURFACE('',(#677),#675,.T.);
#679=CARTESIAN_POINT('',(45.817255974,209.743991494,5.046763457));
#680=CARTESIAN_POINT('',(48.865221441,210.440710187,2.111729002));
#681=CARTESIAN_POINT('',(45.817255974,209.743991494,5.046763457));
#682=DIRECTION('',(-0.101193728,-0.939227735,-0.328041296));
#683=DIRECTION('',(0.,0.329733906,-0.944073912));
#684=AXIS2_PLACEMENT_3D('',#681,#682,#683);
#685=PLANE('',#684);
#686=POLY_LOOP('',(#679,#76,#680));
#687=FACE_OUTER_BOUND('',#686,.T.);
#688=FACE_SURFACE('',(#687),#685,.T.);
#689=CARTESIAN_POINT('',(227.403879166,392.411828041,-10.545647703));
#690=CARTESIAN_POINT('',(231.269404292,393.974989653,-5.129890982));
#691=CARTESIAN_POINT('',(234.264150262,385.375112295,-6.770638283));
#692=CARTESIAN_POINT('',(227.403879166,392.411828041,-10.545647703));
#693=DIRECTION('',(0.706162067,0.362004239,-0.608512995));
#694=DIRECTION('',(0.652787352,-0.,0.757541202));
#695=AXIS2_PLACEMENT_3D('',#692,#693,#694);
#696=PLANE('',#695);
#697=POLY_LOOP('',(#689,#690,#691));
#698=FACE_OUTER_BOUND('',#697,.T.);
#699=FACE_SURFACE('',(#698),#696,.T.);
#700=CARTESIAN_POINT('',(208.459928632,243.479803205,-7.971029729));
#701=CARTESIAN_POINT('',(213.719055057,241.870760918,-1.810026355));
#702=CARTESIAN_POINT('',(208.459928632,243.479803205,-7.971029729));
#703=DIRECTION('',(-0.22838536,0.876462736,0.423855163));
#704=DIRECTION('',(0.,-0.435361411,0.900255765));
#705=AXIS2_PLACEMENT_3D('',#702,#703,#704);
#706=PLANE('',#705);
#707=POLY_LOOP('',(#700,#278,#701));
#708=FACE_OUTER_BOUND('',#707,.T.);
#709=FACE_SURFACE('',(#708),#706,.T.);
#710=CARTESIAN_POINT('',(203.582972288,309.649318457,4.203368444));
#711=CARTESIAN_POINT('',(154.391020536,310.423493385,1.08064618));
#712=CARTESIAN_POINT('',(202.854394913,310.624986887,-1.497028279));
#713=CARTESIAN_POINT('',(203.582972288,309.649318457,4.203368444));
#714=DIRECTION('',(-0.004842561,-0.985757817,-0.168101388));
#715=DIRECTION('',(0.,0.168103359,-0.985769375));
#716=AXIS2_PLACEMENT_3D('',#713,#714,#715);
#717=PLANE('',#716);
#718=POLY_LOOP('',(#710,#711,#712));
#719=FACE_OUTER_BOUND('',#718,.T.);
#720=FACE_SURFACE('',(#719),#717,.T.);
#721=CARTESIAN_POINT('',(41.483148932,452.261716127,12.618596666));
#722=CARTESIAN_POINT('',(40.240477771,458.412259817,8.918480016));
#723=CARTESIAN_POINT('',(25.405993685,447.706818581,11.90880686));
#724=CARTESIAN_POINT('',(41.483148932,452.261716127,12.618596666));
#725=DIRECTION('',(-0.174337628,0.481502113,0.858930793));
#726=DIRECTION('',(0.,0.872289084,-0.488990546));
#727=AXIS2_PLACEMENT_3D('',#724,#725,#726);
#728=PLANE('',#727);
#729=POLY_LOOP('',(#721,#722,#723));
#730=FACE_OUTER_BOUND('',#729,.T.);
#731=FACE_SURFACE('',(#730),#728,.T.);
#732=CARTESIAN_POINT('',(213.569313288,375.711023808,-4.457789008));
#733=CARTESIAN_POINT('',(213.569313288,375.711023808,-4.457789008));
#734=DIRECTION('',(-0.916893097,-0.15195255,-0.369076511));
#735=DIRECTION('',(0.373412657,0.,-0.927665342));
#736=AXIS2_PLACEMENT_3D('',#733,#734,#735);
#737=PLANE('',#736);
#738=POLY_LOOP('',(#732,#288,#451));
#739=FACE_OUTER_BOUND('',#738,.T.);
#740=FACE_SURFACE('',(#739),#737,.T.);
#741=CARTESIAN_POINT('',(210.304349661,382.28225708,-1.750980737));
#742=CARTESIAN_POINT('',(210.304349661,382.28225708,-1.750980737));
#743=DIRECTION('',(-0.778323837,-0.518448127,-0.354151866));
#744=DIRECTION('',(0.554378551,-0.832264635,0.));
#745=AXIS2_PLACEMENT_3D('',#742,#743,#744);
#746=PLANE('',#745);
#747=POLY_LOOP('',(#741,#289,#288));
#748=FACE_OUTER_BOUND('',#747,.T.);
#749=FACE_SURFACE('',(#748),#746,.T.);
#750=CARTESIAN_POINT('',(210.304349661,367.71774292,1.750980737));
#751=CARTESIAN_POINT('',(211.521700025,369.02141571,-3.447195981));
#752=CARTESIAN_POINT('',(207.584545016,364.849716425,-1.747549395));
#753=CARTESIAN_POINT('',(210.304349661,367.71774292,1.750980737));
#754=DIRECTION('',(-0.726841099,0.686802665,0.002028725));
#755=DIRECTION('',(-0.686804079,-0.726842595,-0.));
#756=AXIS2_PLACEMENT_3D('',#753,#754,#755);
#757=PLANE('',#756);
#758=POLY_LOOP('',(#750,#751,#752));
#759=FACE_OUTER_BOUND('',#758,.T.);
#760=FACE_SURFACE('',(#759),#757,.T.);
#761=CARTESIAN_POINT('',(213.569313288,374.288976192,4.457789008));
#762=CARTESIAN_POINT('',(212.232276797,372.450649738,0.007129278));
#763=CARTESIAN_POINT('',(213.569313288,374.288976192,4.457789008));
#764=DIRECTION('',(-0.907104682,0.407841819,0.104048767));
#765=DIRECTION('',(-0.410067585,-0.912055138,-0.));
#766=AXIS2_PLACEMENT_3D('',#763,#764,#765);
#767=PLANE('',#766);
#768=POLY_LOOP('',(#761,#762,#750));
#769=FACE_OUTER_BOUND('',#768,.T.);
#770=FACE_SURFACE('',(#769),#767,.T.);
#771=CARTESIAN_POINT('',(122.680038214,168.980270624,-4.178524483));
#772=CARTESIAN_POINT('',(121.989779174,168.26415062,-0.060301903));
#773=DIRECTION('',(-0.853068472,-0.470862219,-0.224862076));
#774=DIRECTION('',(0.483237643,-0.875489223,0.));
#775=AXIS2_PLACEMENT_3D('',#772,#773,#774);
#776=PLANE('',#775);
#777=POLY_LOOP('',(#431,#433,#771));
#778=FACE_OUTER_BOUND('',#777,.T.);
#779=FACE_SURFACE('',(#778),#776,.T.);
#780=CARTESIAN_POINT('',(229.761019349,351.742744446,-0.059588743));
#781=CARTESIAN_POINT('',(234.790161252,359.967470169,0.05707351));
#782=CARTESIAN_POINT('',(231.269404292,356.025010347,5.129890982));
#783=CARTESIAN_POINT('',(229.761019349,351.742744446,-0.059588743));
#784=DIRECTION('',(0.837854193,-0.514891819,0.181347087));
#785=DIRECTION('',(0.523573104,0.851980754,0.));
#786=AXIS2_PLACEMENT_3D('',#783,#784,#785);
#787=PLANE('',#786);
#788=POLY_LOOP('',(#780,#781,#782));
#789=FACE_OUTER_BOUND('',#788,.T.);
#790=FACE_SURFACE('',(#789),#787,.T.);
#791=CARTESIAN_POINT('',(216.90261364,280.039459467,7.320810575));
#792=CARTESIAN_POINT('',(214.485287666,276.997178793,2.215296729));
#793=CARTESIAN_POINT('',(216.90261364,280.039459467,7.320810575));
#794=DIRECTION('',(0.753883034,0.342201452,-0.560855183));
#795=DIRECTION('',(0.59689155,0.,0.802321929));
#796=AXIS2_PLACEMENT_3D('',#793,#794,#795);
#797=PLANE('',#796);
#798=POLY_LOOP('',(#791,#792,#54));
#799=FACE_OUTER_BOUND('',#798,.T.);
#800=FACE_SURFACE('',(#799),#797,.T.);
#801=CARTESIAN_POINT('',(212.845847011,381.802618504,1.716711442));
#802=CARTESIAN_POINT('',(208.647623658,386.877268553,2.219529124));
#803=DIRECTION('',(0.647563064,0.584201921,-0.489254732));
#804=DIRECTION('',(-0.669848071,0.74249819,0.));
#805=AXIS2_PLACEMENT_3D('',#802,#803,#804);
#806=PLANE('',#805);
#807=POLY_LOOP('',(#329,#328,#801));
#808=FACE_OUTER_BOUND('',#807,.T.);
#809=FACE_SURFACE('',(#808),#806,.T.);
#810=CARTESIAN_POINT('',(211.78804338,350.773483515,12.53745053));
#811=CARTESIAN_POINT('',(34.803658724,347.41589427,12.502923608));
#812=CARTESIAN_POINT('',(211.78804338,350.773483515,12.53745053));
#813=DIRECTION('',(-0.002381039,0.11529407,0.99332855));
#814=DIRECTION('',(0.,0.993331366,-0.115294396));
#815=AXIS2_PLACEMENT_3D('',#812,#813,#814);
#816=PLANE('',#815);
#817=POLY_LOOP('',(#810,#491,#811));
#818=FACE_OUTER_BOUND('',#817,.T.);
#819=FACE_SURFACE('',(#818),#816,.T.);
#820=CARTESIAN_POINT('',(105.913192034,210.424169898,-6.845902652));
#821=CARTESIAN_POINT('',(47.142248601,212.490752339,-3.58170853));
#822=CARTESIAN_POINT('',(103.920809925,212.254822254,-1.992528792));
#823=CARTESIAN_POINT('',(105.913192034,210.424169898,-6.845902652));
#824=DIRECTION('',(0.013634874,0.937401745,-0.347982843));
#825=DIRECTION('',(0.,0.348015194,0.937488893));
#826=AXIS2_PLACEMENT_3D('',#823,#824,#825);
#827=PLANE('',#826);
#828=POLY_LOOP('',(#820,#821,#822));
#829=FACE_OUTER_BOUND('',#828,.T.);
#830=FACE_SURFACE('',(#829),#827,.T.);
#831=CARTESIAN_POINT('',(47.484111041,212.022528052,4.525339231));
#832=CARTESIAN_POINT('',(103.345178068,212.075978518,3.928195219));
#833=CARTESIAN_POINT('',(47.142248601,212.490752339,-3.58170853));
#834=DIRECTION('',(-0.000338737,0.998335449,0.057673363));
#835=DIRECTION('',(-0.,-0.057673366,0.998335506));
#836=AXIS2_PLACEMENT_3D('',#833,#834,#835);
#837=PLANE('',#836);
#838=POLY_LOOP('',(#821,#831,#832));
#839=FACE_OUTER_BOUND('',#838,.T.);
#840=FACE_SURFACE('',(#839),#837,.T.);
#841=CARTESIAN_POINT('',(116.550035775,190.363526344,11.855125427));
#842=CARTESIAN_POINT('',(105.559110641,190.614849329,8.933706209));
#843=CARTESIAN_POINT('',(119.038797915,182.84291029,9.808162227));
#844=CARTESIAN_POINT('',(116.550035775,190.363526344,11.855125427));
#845=DIRECTION('',(-0.249510782,-0.330331987,0.910288497));
#846=DIRECTION('',(0.,0.940019412,0.341120954));
#847=AXIS2_PLACEMENT_3D('',#844,#845,#846);
#848=PLANE('',#847);
#849=POLY_LOOP('',(#841,#842,#843));
#850=FACE_OUTER_BOUND('',#849,.T.);
#851=FACE_SURFACE('',(#850),#848,.T.);
#852=CARTESIAN_POINT('',(202.561050653,261.416494846,5.805493332));
#853=CARTESIAN_POINT('',(209.398135543,264.617413282,6.012061145));
#854=CARTESIAN_POINT('',(203.105211258,262.724906206,1.588676474));
#855=CARTESIAN_POINT('',(202.561050653,261.416494846,5.805493332));
#856=DIRECTION('',(-0.419109076,0.88105506,0.219293328));
#857=DIRECTION('',(0.903035879,0.429565131,0.));
#858=AXIS2_PLACEMENT_3D('',#855,#856,#857);
#859=PLANE('',#858);
#860=POLY_LOOP('',(#852,#853,#854));
#861=FACE_OUTER_BOUND('',#860,.T.);
#862=FACE_SURFACE('',(#861),#859,.T.);
#863=CARTESIAN_POINT('',(19.586300477,223.731055856,-12.018528767));
#864=CARTESIAN_POINT('',(24.129766971,237.117215991,-12.524012476));
#865=CARTESIAN_POINT('',(26.684489101,222.156628966,-12.394247577));
#866=CARTESIAN_POINT('',(19.586300477,223.731055856,-12.018528767));
#867=DIRECTION('',(-0.056913026,-0.018376925,-0.998209996));
#868=DIRECTION('',(-0.998378592,-0.,0.056922639));
#869=AXIS2_PLACEMENT_3D('',#866,#867,#868);
#870=PLANE('',#869);
#871=POLY_LOOP('',(#863,#864,#865));
#872=FACE_OUTER_BOUND('',#871,.T.);
#873=FACE_SURFACE('',(#872),#870,.T.);
#874=CARTESIAN_POINT('',(216.986060143,252.560645342,10.534051806));
#875=CARTESIAN_POINT('',(43.211076409,249.908536673,10.661797598));
#876=CARTESIAN_POINT('',(216.986060143,252.560645342,10.534051806));
#877=DIRECTION('',(-0.002613438,0.123442077,-0.992348338));
#878=DIRECTION('',(-0.,-0.992351727,-0.123442499));
#879=AXIS2_PLACEMENT_3D('',#876,#877,#878);
#880=PLANE('',#879);
#881=POLY_LOOP('',(#874,#340,#875));
#882=FACE_OUTER_BOUND('',#881,.T.);
#883=FACE_SURFACE('',(#882),#880,.T.);
#884=CARTESIAN_POINT('',(229.814916849,293.070971966,-4.349564668));
#885=CARTESIAN_POINT('',(228.579640388,288.030982018,-9.052732959));
#886=DIRECTION('',(-0.783902688,-0.309917909,0.53800322));
#887=DIRECTION('',(-0.56586451,-0.,-0.824498245));
#888=AXIS2_PLACEMENT_3D('',#885,#886,#887);
#889=PLANE('',#888);
#890=POLY_LOOP('',(#522,#524,#884));
#891=FACE_OUTER_BOUND('',#890,.T.);
#892=FACE_SURFACE('',(#891),#889,.T.);
#893=CARTESIAN_POINT('',(229.164913297,387.584298849,8.885228075));
#894=CARTESIAN_POINT('',(234.183937311,378.05634737,5.663538817));
#895=CARTESIAN_POINT('',(228.348597884,373.93245101,10.507818311));
#896=CARTESIAN_POINT('',(229.164913297,387.584298849,8.885228075));
#897=DIRECTION('',(-0.613588603,-0.056917174,-0.787571877));
#898=DIRECTION('',(-0.78885068,-0.,0.614584904));
#899=AXIS2_PLACEMENT_3D('',#896,#897,#898);
#900=PLANE('',#899);
#901=POLY_LOOP('',(#893,#894,#895));
#902=FACE_OUTER_BOUND('',#901,.T.);
#903=FACE_SURFACE('',(#902),#900,.T.);
#904=CARTESIAN_POINT('',(103.410303593,195.845216513,12.017462403));
#905=CARTESIAN_POINT('',(46.187333763,190.954580903,9.06759128));
#906=CARTESIAN_POINT('',(105.559110641,190.614849329,8.933706209));
#907=DIRECTION('',(-0.000965708,-0.508179037,0.861250912));
#908=DIRECTION('',(-0.,0.861251314,0.508179274));
#909=AXIS2_PLACEMENT_3D('',#906,#907,#908);
#910=PLANE('',#909);
#911=POLY_LOOP('',(#842,#904,#905));
#912=FACE_OUTER_BOUND('',#911,.T.);
#913=FACE_SURFACE('',(#912),#910,.T.);
#914=CARTESIAN_POINT('',(28.585601598,352.739959955,-8.124956861));
#915=CARTESIAN_POINT('',(28.585601598,352.739959955,-8.124956861));
#916=DIRECTION('',(-0.276373332,0.545256972,-0.791399151));
#917=DIRECTION('',(0.,-0.823473139,-0.567355259));
#918=AXIS2_PLACEMENT_3D('',#915,#916,#917);
#919=PLANE('',#918);
#920=POLY_LOOP('',(#914,#555,#545));
#921=FACE_OUTER_BOUND('',#920,.T.);
#922=FACE_SURFACE('',(#921),#919,.T.);
#923=CARTESIAN_POINT('',(112.131372094,581.000089645,11.057412252));
#924=CARTESIAN_POINT('',(108.790852129,476.319760084,10.051740333));
#925=CARTESIAN_POINT('',(104.585789144,580.999910831,7.240754087));
#926=CARTESIAN_POINT('',(112.131372094,581.000089645,11.057412252));
#927=DIRECTION('',(0.451351367,-0.005830702,-0.892327264));
#928=DIRECTION('',(-0.892342433,0.,-0.45135904));
#929=AXIS2_PLACEMENT_3D('',#926,#927,#928);
#930=PLANE('',#929);
#931=POLY_LOOP('',(#923,#924,#925));
#932=FACE_OUTER_BOUND('',#931,.T.);
#933=FACE_SURFACE('',(#932),#930,.T.);
#934=CARTESIAN_POINT('',(12.130942196,227.244406939,-1.931731123));
#935=CARTESIAN_POINT('',(17.686530948,239.878937602,-8.007855155));
#936=CARTESIAN_POINT('',(14.254349284,225.046977401,-6.67721685));
#937=CARTESIAN_POINT('',(12.130942196,227.244406939,-1.931731123));
#938=DIRECTION('',(-0.871290697,0.159997251,-0.463954093));
#939=DIRECTION('',(0.470009003,0.,-0.882661621));
#940=AXIS2_PLACEMENT_3D('',#937,#938,#939);
#941=PLANE('',#940);
#942=POLY_LOOP('',(#934,#935,#936));
#943=FACE_OUTER_BOUND('',#942,.T.);
#944=FACE_SURFACE('',(#943),#941,.T.);
#945=CARTESIAN_POINT('',(145.245790482,143.997952342,3.866694635));
#946=DIRECTION('',(-0.999057947,0.022720729,0.036972781));
#947=DIRECTION('',(-0.036982328,0.,-0.99931592));
#948=AXIS2_PLACEMENT_3D('',#945,#946,#947);
#949=PLANE('',#948);
#950=POLY_LOOP('',(#236,#379,#602));
#951=FACE_OUTER_BOUND('',#950,.T.);
#952=FACE_SURFACE('',(#951),#949,.T.);
#953=CARTESIAN_POINT('',(38.746461272,219.009056687,-2.429688815));
#954=CARTESIAN_POINT('',(42.733758688,213.01099658,-5.85211115));
#955=CARTESIAN_POINT('',(35.420507193,216.675058007,-9.461881593));
#956=DIRECTION('',(0.571523518,0.658956006,-0.489017229));
#957=DIRECTION('',(0.755446008,-0.655210904,-0.));
#958=AXIS2_PLACEMENT_3D('',#955,#956,#957);
#959=PLANE('',#958);
#960=POLY_LOOP('',(#591,#953,#954));
#961=FACE_OUTER_BOUND('',#960,.T.);
#962=FACE_SURFACE('',(#961),#959,.T.);
#963=CARTESIAN_POINT('',(205.894827843,353.170543909,-12.348856777));
#964=DIRECTION('',(-0.025140722,0.09623406,-0.99504118));
#965=DIRECTION('',(-0.,-0.99535579,-0.096264487));
#966=AXIS2_PLACEMENT_3D('',#963,#964,#965);
#967=PLANE('',#966);
#968=POLY_LOOP('',(#544,#622,#612));
#969=FACE_OUTER_BOUND('',#968,.T.);
#970=FACE_SURFACE('',(#969),#967,.T.);
#971=CARTESIAN_POINT('',(211.521700025,380.97858429,3.447195981));
#972=CARTESIAN_POINT('',(212.232276797,377.549350262,-0.007129278));
#973=CARTESIAN_POINT('',(213.569313288,374.288976192,4.457789008));
#974=DIRECTION('',(-0.956402166,-0.28041115,0.081636288));
#975=DIRECTION('',(0.281350244,-0.959605148,-0.));
#976=AXIS2_PLACEMENT_3D('',#973,#974,#975);
#977=PLANE('',#976);
#978=POLY_LOOP('',(#761,#971,#972));
#979=FACE_OUTER_BOUND('',#978,.T.);
#980=FACE_SURFACE('',(#979),#977,.T.);
#981=CARTESIAN_POINT('',(17.857361585,430.844992399,12.623321265));
#982=DIRECTION('',(-0.064017314,0.070840082,0.995431297));
#983=DIRECTION('',(0.,0.997477334,-0.070985689));
#984=AXIS2_PLACEMENT_3D('',#981,#982,#983);
#985=PLANE('',#984);
#986=POLY_LOOP('',(#461,#721,#723));
#987=FACE_OUTER_BOUND('',#986,.T.);
#988=FACE_SURFACE('',(#987),#985,.T.);
#989=CARTESIAN_POINT('',(226.670250297,372.652769089,-12.749184854));
#990=CARTESIAN_POINT('',(227.301552892,359.988391399,-11.306012049));
#991=CARTESIAN_POINT('',(216.751486063,353.900909424,-12.552524917));
#992=DIRECTION('',(0.175040576,-0.10285649,-0.979173804));
#993=DIRECTION('',(-0.984394832,0.,-0.175973905));
#994=AXIS2_PLACEMENT_3D('',#991,#992,#993);
#995=PLANE('',#994);
#996=POLY_LOOP('',(#612,#989,#990));
#997=FACE_OUTER_BOUND('',#996,.T.);
#998=FACE_SURFACE('',(#997),#995,.T.);
#999=CARTESIAN_POINT('',(21.627781913,225.160256028,-10.382736102));
#1000=CARTESIAN_POINT('',(16.532400623,222.640782595,-6.743870676));
#1001=CARTESIAN_POINT('',(20.553141832,210.533291101,-7.859028876));
#1002=CARTESIAN_POINT('',(21.627781913,225.160256028,-10.382736102));
#1003=DIRECTION('',(0.543532968,0.103781809,0.832947326));
#1004=DIRECTION('',(0.837469588,0.,-0.546483933));
#1005=AXIS2_PLACEMENT_3D('',#1002,#1003,#1004);
#1006=PLANE('',#1005);
#1007=POLY_LOOP('',(#999,#1000,#1001));
#1008=FACE_OUTER_BOUND('',#1007,.T.);
#1009=FACE_SURFACE('',(#1008),#1006,.T.);
#1010=CARTESIAN_POINT('',(110.508970916,466.156423092,10.483697057));
#1011=DIRECTION('',(0.250994487,0.001289888,-0.967987657));
#1012=DIRECTION('',(-0.967988462,0.,-0.250994696));
#1013=AXIS2_PLACEMENT_3D('',#1010,#1011,#1012);
#1014=PLANE('',#1013);
#1015=POLY_LOOP('',(#398,#924,#923));
#1016=FACE_OUTER_BOUND('',#1015,.T.);
#1017=FACE_SURFACE('',(#1016),#1014,.T.);
#1018=CARTESIAN_POINT('',(119.467586279,461.980521679,-2.41490826));
#1019=CARTESIAN_POINT('',(111.454620957,451.656162739,-3.930052277));
#1020=CARTESIAN_POINT('',(115.430079401,461.209088564,-8.775843307));
#1021=CARTESIAN_POINT('',(119.467586279,461.980521679,-2.41490826));
#1022=DIRECTION('',(0.748176363,-0.520242914,-0.411800243));
#1023=DIRECTION('',(0.570896167,0.821022269,0.));
#1024=AXIS2_PLACEMENT_3D('',#1021,#1022,#1023);
#1025=PLANE('',#1024);
#1026=POLY_LOOP('',(#1018,#1019,#1020));
#1027=FACE_OUTER_BOUND('',#1026,.T.);
#1028=FACE_SURFACE('',(#1027),#1025,.T.);
#1029=CARTESIAN_POINT('',(34.803658724,347.41589427,12.502923608));
#1030=DIRECTION('',(-0.169120098,0.277053347,0.945854024));
#1031=DIRECTION('',(-0.,0.95967775,-0.281102502));
#1032=AXIS2_PLACEMENT_3D('',#1029,#1030,#1031);
#1033=PLANE('',#1032);
#1034=POLY_LOOP('',(#811,#491,#650));
#1035=FACE_OUTER_BOUND('',#1034,.T.);
#1036=FACE_SURFACE('',(#1035),#1033,.T.);
#1037=CARTESIAN_POINT('',(119.011946023,195.091322064,-12.515286915));
#1038=CARTESIAN_POINT('',(104.815796018,204.544872046,-12.122177519));
#1039=CARTESIAN_POINT('',(122.837364674,199.818909168,-10.573052801));
#1040=CARTESIAN_POINT('',(119.011946023,195.091322064,-12.515286915));
#1041=DIRECTION('',(0.152021653,0.267848931,-0.951391805));
#1042=DIRECTION('',(0.,-0.962579712,-0.270998705));
#1043=AXIS2_PLACEMENT_3D('',#1040,#1041,#1042);
#1044=PLANE('',#1043);
#1045=POLY_LOOP('',(#1037,#1038,#1039));
#1046=FACE_OUTER_BOUND('',#1045,.T.);
#1047=FACE_SURFACE('',(#1046),#1044,.T.);
#1048=CARTESIAN_POINT('',(157.795935869,310.472071171,0.517587003));
#1049=CARTESIAN_POINT('',(154.391020536,310.423493385,1.08064618));
#1050=DIRECTION('',(-0.000633001,-0.99596373,-0.089754378));
#1051=DIRECTION('',(-0.,0.089754396,-0.995963929));
#1052=AXIS2_PLACEMENT_3D('',#1049,#1050,#1051);
#1053=PLANE('',#1052);
#1054=POLY_LOOP('',(#711,#1048,#712));
#1055=FACE_OUTER_BOUND('',#1054,.T.);
#1056=FACE_SURFACE('',(#1055),#1053,.T.);
#1057=CARTESIAN_POINT('',(155.542343855,309.332966805,1.25611783));
#1058=CARTESIAN_POINT('',(157.795935869,310.472071171,0.517587003));
#1059=DIRECTION('',(0.15079149,0.310228257,0.938626845));
#1060=DIRECTION('',(0.,0.94948363,-0.313816564));
#1061=AXIS2_PLACEMENT_3D('',#1058,#1059,#1060);
#1062=PLANE('',#1061);
#1063=POLY_LOOP('',(#1048,#711,#1057));
#1064=FACE_OUTER_BOUND('',#1063,.T.);
#1065=FACE_SURFACE('',(#1064),#1062,.T.);
#1066=CARTESIAN_POINT('',(210.304349661,382.28225708,-1.750980737));
#1067=DIRECTION('',(-0.855560039,-0.235096029,-0.46124492));
#1068=DIRECTION('',(0.474545408,-0.,-0.880231024));
#1069=AXIS2_PLACEMENT_3D('',#1066,#1067,#1068);
#1070=PLANE('',#1069);
#1071=POLY_LOOP('',(#741,#288,#732));
#1072=FACE_OUTER_BOUND('',#1071,.T.);
#1073=FACE_SURFACE('',(#1072),#1070,.T.);
#1074=CARTESIAN_POINT('',(210.304349661,367.71774292,1.750980737));
#1075=DIRECTION('',(-0.93400933,0.330402358,-0.135870724));
#1076=DIRECTION('',(-0.333494999,-0.942751869,0.));
#1077=AXIS2_PLACEMENT_3D('',#1074,#1075,#1076);
#1078=PLANE('',#1077);
#1079=POLY_LOOP('',(#750,#762,#751));
#1080=FACE_OUTER_BOUND('',#1079,.T.);
#1081=FACE_SURFACE('',(#1080),#1078,.T.);
#1082=CARTESIAN_POINT('',(97.691856325,473.45417738,3.298545489));
#1083=CARTESIAN_POINT('',(94.369493425,463.44730258,9.901603684));
#1084=CARTESIAN_POINT('',(101.054124534,471.967875957,9.551471099));
#1085=CARTESIAN_POINT('',(97.691856325,473.45417738,3.298545489));
#1086=DIRECTION('',(-0.674446372,0.549391041,0.493245958));
#1087=DIRECTION('',(-0.631563887,-0.77532384,0.));
#1088=AXIS2_PLACEMENT_3D('',#1085,#1086,#1087);
#1089=PLANE('',#1088);
#1090=POLY_LOOP('',(#1082,#1083,#1084));
#1091=FACE_OUTER_BOUND('',#1090,.T.);
#1092=FACE_SURFACE('',(#1091),#1089,.T.);
#1093=CARTESIAN_POINT('',(213.569313288,374.288976192,4.457789008));
#1094=DIRECTION('',(-0.957808444,0.000803734,0.287406226));
#1095=DIRECTION('',(-0.287406319,-0.,-0.957808753));
#1096=AXIS2_PLACEMENT_3D('',#1093,#1094,#1095);
#1097=PLANE('',#1096);
#1098=POLY_LOOP('',(#761,#972,#762));
#1099=FACE_OUTER_BOUND('',#1098,.T.);
#1100=FACE_SURFACE('',(#1099),#1097,.T.);
#1101=CARTESIAN_POINT('',(29.934544116,204.080566764,-10.047451593));
#1102=CARTESIAN_POINT('',(28.72443758,199.147447944,-6.890281569));
#1103=CARTESIAN_POINT('',(29.934544116,204.080566764,-10.047451593));
#1104=DIRECTION('',(0.458335851,0.39660835,0.795380453));
#1105=DIRECTION('',(0.866438912,0.,-0.499283098));
#1106=AXIS2_PLACEMENT_3D('',#1103,#1104,#1105);
#1107=PLANE('',#1106);
#1108=POLY_LOOP('',(#1101,#1001,#1102));
#1109=FACE_OUTER_BOUND('',#1108,.T.);
#1110=FACE_SURFACE('',(#1109),#1107,.T.);
#1111=CARTESIAN_POINT('',(37.678465247,232.781663537,-1.230555354));
#1112=CARTESIAN_POINT('',(41.572615504,236.949548125,-2.215293003));
#1113=CARTESIAN_POINT('',(38.423344493,237.027570605,-6.288579665));
#1114=CARTESIAN_POINT('',(37.678465247,232.781663537,-1.230555354));
#1115=DIRECTION('',(-0.588183699,0.659984566,0.467397378));
#1116=DIRECTION('',(0.7465489,0.665330549,0.));
#1117=AXIS2_PLACEMENT_3D('',#1114,#1115,#1116);
#1118=PLANE('',#1117);
#1119=POLY_LOOP('',(#1111,#1112,#1113));
#1120=FACE_OUTER_BOUND('',#1119,.T.);
#1121=FACE_SURFACE('',(#1120),#1118,.T.);
#1122=CARTESIAN_POINT('',(211.791262031,384.650409222,-3.885838902));
#1123=CARTESIAN_POINT('',(208.647623658,386.877268553,2.219529124));
#1124=DIRECTION('',(0.767519655,0.618145949,0.169732629));
#1125=DIRECTION('',(-0.627247212,0.77882022,-0.));
#1126=AXIS2_PLACEMENT_3D('',#1123,#1124,#1125);
#1127=PLANE('',#1126);
#1128=POLY_LOOP('',(#329,#801,#1122));
#1129=FACE_OUTER_BOUND('',#1128,.T.);
#1130=FACE_SURFACE('',(#1129),#1127,.T.);
#1131=CARTESIAN_POINT('',(103.920809925,212.254822254,-1.992528792));
#1132=DIRECTION('',(0.003299281,0.999528927,0.030512934));
#1133=DIRECTION('',(0.,-0.0305131,0.999534367));
#1134=AXIS2_PLACEMENT_3D('',#1131,#1132,#1133);
#1135=PLANE('',#1134);
#1136=POLY_LOOP('',(#822,#821,#832));
#1137=FACE_OUTER_BOUND('',#1136,.T.);
#1138=FACE_SURFACE('',(#1137),#1135,.T.);
#1139=CARTESIAN_POINT('',(42.188830674,215.379416943,-1.092158724));
#1140=CARTESIAN_POINT('',(47.142248601,212.490752339,-3.58170853));
#1141=DIRECTION('',(0.513973459,0.857354094,0.027843155));
#1142=DIRECTION('',(0.857686615,-0.514172801,0.));
#1143=AXIS2_PLACEMENT_3D('',#1140,#1141,#1142);
#1144=PLANE('',#1143);
#1145=POLY_LOOP('',(#821,#1139,#831));
#1146=FACE_OUTER_BOUND('',#1145,.T.);
#1147=FACE_SURFACE('',(#1146),#1144,.T.);
#1148=CARTESIAN_POINT('',(39.629351348,239.676058292,7.866194472));
#1149=CARTESIAN_POINT('',(41.321512312,237.275362015,3.644431243));
#1150=CARTESIAN_POINT('',(36.764461547,233.201429248,4.519285168));
#1151=CARTESIAN_POINT('',(39.629351348,239.676058292,7.866194472));
#1152=DIRECTION('',(-0.608516935,0.559927416,-0.562306348));
#1153=DIRECTION('',(0.678669973,-0.,-0.734443373));
#1154=AXIS2_PLACEMENT_3D('',#1151,#1152,#1153);
#1155=PLANE('',#1154);
#1156=POLY_LOOP('',(#1148,#1149,#1150));
#1157=FACE_OUTER_BOUND('',#1156,.T.);
#1158=FACE_SURFACE('',(#1157),#1155,.T.);
#1159=CARTESIAN_POINT('',(43.669007719,245.154350996,9.572901763));
#1160=DIRECTION('',(0.000681722,0.22332063,-0.974744803));
#1161=DIRECTION('',(0.,-0.97474503,-0.223320681));
#1162=AXIS2_PLACEMENT_3D('',#1159,#1160,#1161);
#1163=PLANE('',#1162);
#1164=POLY_LOOP('',(#339,#875,#340));
#1165=FACE_OUTER_BOUND('',#1164,.T.);
#1166=FACE_SURFACE('',(#1165),#1163,.T.);
#1167=CARTESIAN_POINT('',(29.911786318,298.017293215,-9.703373536));
#1168=CARTESIAN_POINT('',(38.256421685,298.335105181,-12.182516046));
#1169=CARTESIAN_POINT('',(29.911786318,298.017293215,-9.703373536));
#1170=DIRECTION('',(-0.261031941,-0.300999249,-0.917203237));
#1171=DIRECTION('',(-0.,-0.950144594,0.311809638));
#1172=AXIS2_PLACEMENT_3D('',#1169,#1170,#1171);
#1173=PLANE('',#1172);
#1174=POLY_LOOP('',(#1167,#317,#1168));
#1175=FACE_OUTER_BOUND('',#1174,.T.);
#1176=FACE_SURFACE('',(#1175),#1173,.T.);
#1177=CARTESIAN_POINT('',(104.242652655,581.000208855,9.77715198));
#1178=CARTESIAN_POINT('',(104.585789144,580.999910831,7.240754087));
#1179=DIRECTION('',(0.000033446,0.999999993,-0.000112974));
#1180=DIRECTION('',(-0.,0.000112974,0.999999994));
#1181=AXIS2_PLACEMENT_3D('',#1178,#1179,#1180);
#1182=PLANE('',#1181);
#1183=POLY_LOOP('',(#925,#1177,#923));
#1184=FACE_OUTER_BOUND('',#1183,.T.);
#1185=FACE_SURFACE('',(#1184),#1182,.T.);
#1186=CARTESIAN_POINT('',(233.40010643,382.042974234,-6.095555145));
#1187=CARTESIAN_POINT('',(229.139581323,379.418313503,-10.137619451));
#1188=CARTESIAN_POINT('',(234.183937311,371.94365263,-5.663538817));
#1189=CARTESIAN_POINT('',(233.40010643,382.042974234,-6.095555145));
#1190=DIRECTION('',(-0.681083348,-0.021552569,0.731888625));
#1191=DIRECTION('',(0.73205867,0.,0.68124159));
#1192=AXIS2_PLACEMENT_3D('',#1189,#1190,#1191);
#1193=PLANE('',#1192);
#1194=POLY_LOOP('',(#1186,#1187,#1188));
#1195=FACE_OUTER_BOUND('',#1194,.T.);
#1196=FACE_SURFACE('',(#1195),#1193,.T.);
#1197=CARTESIAN_POINT('',(27.721228078,347.004622221,-11.048275977));
#1198=CARTESIAN_POINT('',(28.585601598,352.739959955,-8.124956861));
#1199=DIRECTION('',(-0.289964893,0.468934886,-0.834278391));
#1200=DIRECTION('',(0.,-0.871730293,-0.489986016));
#1201=AXIS2_PLACEMENT_3D('',#1198,#1199,#1200);
#1202=PLANE('',#1201);
#1203=POLY_LOOP('',(#914,#545,#1197));
#1204=FACE_OUTER_BOUND('',#1203,.T.);
#1205=FACE_SURFACE('',(#1204),#1202,.T.);
#1206=CARTESIAN_POINT('',(110.938809812,580.999970436,12.51091063));
#1207=CARTESIAN_POINT('',(104.242652655,581.000208855,9.77715198));
#1208=DIRECTION('',(0.000001589,0.999999997,0.00008332));
#1209=DIRECTION('',(-0.,-0.00008332,0.999999997));
#1210=AXIS2_PLACEMENT_3D('',#1207,#1208,#1209);
#1211=PLANE('',#1210);
#1212=POLY_LOOP('',(#1177,#1206,#923));
#1213=FACE_OUTER_BOUND('',#1212,.T.);
#1214=FACE_SURFACE('',(#1213),#1211,.T.);
#1215=CARTESIAN_POINT('',(203.088194132,406.861364841,-10.788006708));
#1216=CARTESIAN_POINT('',(204.445272684,412.466019392,-3.228548914));
#1217=CARTESIAN_POINT('',(212.938144803,406.865566969,-8.909296244));
#1218=CARTESIAN_POINT('',(203.088194132,406.861364841,-10.788006708));
#1219=DIRECTION('',(0.115031354,0.787976726,-0.604864006));
#1220=DIRECTION('',(0.,0.608906009,0.793242379));
#1221=AXIS2_PLACEMENT_3D('',#1218,#1219,#1220);
#1222=PLANE('',#1221);
#1223=POLY_LOOP('',(#1215,#1216,#1217));
#1224=FACE_OUTER_BOUND('',#1223,.T.);
#1225=FACE_SURFACE('',(#1224),#1222,.T.);
#1226=CARTESIAN_POINT('',(20.3180518,343.324184418,-8.14736262));
#1227=CARTESIAN_POINT('',(28.585601598,352.739959955,-8.124956861));
#1228=DIRECTION('',(-0.510813631,0.450264123,-0.732346676));
#1229=DIRECTION('',(-0.820193121,0.,0.572086745));
#1230=AXIS2_PLACEMENT_3D('',#1227,#1228,#1229);
#1231=PLANE('',#1230);
#1232=POLY_LOOP('',(#914,#1197,#1226));
#1233=FACE_OUTER_BOUND('',#1232,.T.);
#1234=FACE_SURFACE('',(#1233),#1231,.T.);
#1235=CARTESIAN_POINT('',(35.420507193,216.675058007,-9.461881593));
#1236=DIRECTION('',(0.863295384,0.184811266,-0.469644414));
#1237=DIRECTION('',(0.477876296,0.,0.878427143));
#1238=AXIS2_PLACEMENT_3D('',#1235,#1236,#1237);
#1239=PLANE('',#1238);
#1240=POLY_LOOP('',(#591,#593,#953));
#1241=FACE_OUTER_BOUND('',#1240,.T.);
#1242=FACE_SURFACE('',(#1241),#1239,.T.);
#1243=CARTESIAN_POINT('',(214.960098267,361.205667257,-11.800793931));
#1244=DIRECTION('',(-0.144609545,0.066136925,-0.987276044));
#1245=DIRECTION('',(-0.989442372,0.,0.144926854));
#1246=AXIS2_PLACEMENT_3D('',#1243,#1244,#1245);
#1247=PLANE('',#1246);
#1248=POLY_LOOP('',(#622,#989,#612));
#1249=FACE_OUTER_BOUND('',#1248,.T.);
#1250=FACE_SURFACE('',(#1249),#1247,.T.);
#1251=CARTESIAN_POINT('',(222.88672626,302.784413099,0.852067198));
#1252=CARTESIAN_POINT('',(230.215519667,294.024944305,2.725007012));
#1253=CARTESIAN_POINT('',(222.488090396,299.427062273,7.358463481));
#1254=CARTESIAN_POINT('',(222.88672626,302.784413099,0.852067198));
#1255=DIRECTION('',(-0.671248395,-0.641146757,-0.371962938));
#1256=DIRECTION('',(0.690706628,-0.723135087,0.));
#1257=AXIS2_PLACEMENT_3D('',#1254,#1255,#1256);
#1258=PLANE('',#1257);
#1259=POLY_LOOP('',(#1251,#1252,#1253));
#1260=FACE_OUTER_BOUND('',#1259,.T.);
#1261=FACE_SURFACE('',(#1260),#1258,.T.);
#1262=CARTESIAN_POINT('',(212.624013424,239.442065358,1.731068478));
#1263=CARTESIAN_POINT('',(212.624013424,239.442065358,1.731068478));
#1264=DIRECTION('',(0.364087148,-0.821587685,0.438673255));
#1265=DIRECTION('',(0.,-0.471000424,-0.882132984));
#1266=AXIS2_PLACEMENT_3D('',#1263,#1264,#1265);
#1267=PLANE('',#1266);
#1268=POLY_LOOP('',(#1262,#420,#422));
#1269=FACE_OUTER_BOUND('',#1268,.T.);
#1270=FACE_SURFACE('',(#1269),#1267,.T.);
#1271=CARTESIAN_POINT('',(21.627781913,225.160256028,-10.382736102));
#1272=DIRECTION('',(0.314585534,0.138902576,0.939011191));
#1273=DIRECTION('',(0.948203022,-0.,-0.317664962));
#1274=AXIS2_PLACEMENT_3D('',#1271,#1272,#1273);
#1275=PLANE('',#1274);
#1276=POLY_LOOP('',(#999,#1001,#1101));
#1277=FACE_OUTER_BOUND('',#1276,.T.);
#1278=FACE_SURFACE('',(#1277),#1275,.T.);
#1279=CARTESIAN_POINT('',(15.431054868,216.012850404,-1.609481871));
#1280=CARTESIAN_POINT('',(16.532400623,222.640782595,-6.743870676));
#1281=DIRECTION('',(0.842640387,0.23521559,0.484387039));
#1282=DIRECTION('',(-0.498369687,-0.,0.866964621));
#1283=AXIS2_PLACEMENT_3D('',#1280,#1281,#1282);
#1284=PLANE('',#1283);
#1285=POLY_LOOP('',(#1000,#1279,#1001));
#1286=FACE_OUTER_BOUND('',#1285,.T.);
#1287=FACE_SURFACE('',(#1286),#1284,.T.);
#1288=CARTESIAN_POINT('',(117.6372841,474.688261747,9.154569358));
#1289=DIRECTION('',(-0.192095246,0.007616172,-0.981346733));
#1290=DIRECTION('',(-0.981375196,0.,0.192100817));
#1291=AXIS2_PLACEMENT_3D('',#1288,#1289,#1290);
#1292=PLANE('',#1291);
#1293=POLY_LOOP('',(#399,#398,#923));
#1294=FACE_OUTER_BOUND('',#1293,.T.);
#1295=FACE_SURFACE('',(#1294),#1292,.T.);
#1296=CARTESIAN_POINT('',(124.563589692,475.435495377,-3.286029911));
#1297=CARTESIAN_POINT('',(121.355600655,476.817369461,-8.84331204));
#1298=CARTESIAN_POINT('',(124.563589692,475.435495377,-3.286029911));
#1299=DIRECTION('',(0.790955159,-0.302576764,-0.531824442));
#1300=DIRECTION('',(0.557979732,0.,0.829854577));
#1301=AXIS2_PLACEMENT_3D('',#1298,#1299,#1300);
#1302=PLANE('',#1301);
#1303=POLY_LOOP('',(#1296,#1020,#1297));
#1304=FACE_OUTER_BOUND('',#1303,.T.);
#1305=FACE_SURFACE('',(#1304),#1302,.T.);
#1306=CARTESIAN_POINT('',(104.981869459,448.298126459,-7.270515431));
#1307=CARTESIAN_POINT('',(111.454620957,451.656162739,-3.930052277));
#1308=DIRECTION('',(0.590174046,-0.546838203,-0.593854002));
#1309=DIRECTION('',(-0.709301042,-0.,-0.70490569));
#1310=AXIS2_PLACEMENT_3D('',#1307,#1308,#1309);
#1311=PLANE('',#1310);
#1312=POLY_LOOP('',(#1019,#1306,#1020));
#1313=FACE_OUTER_BOUND('',#1312,.T.);
#1314=FACE_SURFACE('',(#1313),#1311,.T.);
#1315=CARTESIAN_POINT('',(102.015152574,580.999910831,1.456372789));
#1316=CARTESIAN_POINT('',(102.302342653,545.337021351,0.545373186));
#1317=CARTESIAN_POINT('',(102.821059525,581.000387669,-5.368477665));
#1318=CARTESIAN_POINT('',(102.015152574,580.999910831,1.456372789));
#1319=DIRECTION('',(0.993087674,0.005001657,0.117268305));
#1320=DIRECTION('',(-0.117269772,0.,0.993100096));
#1321=AXIS2_PLACEMENT_3D('',#1318,#1319,#1320);
#1322=PLANE('',#1321);
#1323=POLY_LOOP('',(#1315,#1316,#1317));
#1324=FACE_OUTER_BOUND('',#1323,.T.);
#1325=FACE_SURFACE('',(#1324),#1322,.T.);
#1326=CARTESIAN_POINT('',(22.690352052,394.295245409,-0.524204632));
#1327=CARTESIAN_POINT('',(36.194045097,387.495100498,-1.47612975));
#1328=CARTESIAN_POINT('',(26.877878234,392.08099246,4.604955204));
#1329=CARTESIAN_POINT('',(22.690352052,394.295245409,-0.524204632));
#1330=DIRECTION('',(-0.450675578,-0.892518975,-0.017360931));
#1331=DIRECTION('',(-0.892653509,0.450743511,0.));
#1332=AXIS2_PLACEMENT_3D('',#1329,#1330,#1331);
#1333=PLANE('',#1332);
#1334=POLY_LOOP('',(#1326,#1327,#1328));
#1335=FACE_OUTER_BOUND('',#1334,.T.);
#1336=FACE_SURFACE('',(#1335),#1333,.T.);
#1337=CARTESIAN_POINT('',(11.911061592,436.782479286,7.494345773));
#1338=CARTESIAN_POINT('',(15.410485677,435.313731432,10.827127844));
#1339=CARTESIAN_POINT('',(11.911061592,436.782479286,7.494345773));
#1340=DIRECTION('',(-0.566706517,0.346248836,0.747633244));
#1341=DIRECTION('',(0.79692912,0.,0.604072825));
#1342=AXIS2_PLACEMENT_3D('',#1339,#1340,#1341);
#1343=PLANE('',#1342);
#1344=POLY_LOOP('',(#1337,#1338,#481));
#1345=FACE_OUTER_BOUND('',#1344,.T.);
#1346=FACE_SURFACE('',(#1345),#1343,.T.);
#1347=CARTESIAN_POINT('',(13.373649679,444.4244802,2.831360092));
#1348=CARTESIAN_POINT('',(11.911061592,436.782479286,7.494345773));
#1349=DIRECTION('',(-0.724867639,0.454572094,0.51762063));
#1350=DIRECTION('',(-0.581132648,-0.,-0.813808851));
#1351=AXIS2_PLACEMENT_3D('',#1348,#1349,#1350);
#1352=PLANE('',#1351);
#1353=POLY_LOOP('',(#1337,#481,#1347));
#1354=FACE_OUTER_BOUND('',#1353,.T.);
#1355=FACE_SURFACE('',(#1354),#1352,.T.);
#1356=CARTESIAN_POINT('',(40.198329836,332.962572575,2.638101345));
#1357=CARTESIAN_POINT('',(35.7228145,331.861436367,8.655685931));
#1358=CARTESIAN_POINT('',(40.198329836,332.962572575,2.638101345));
#1359=DIRECTION('',(0.68088851,-0.617787265,0.393357003));
#1360=DIRECTION('',(0.671956494,0.740590623,0.));
#1361=AXIS2_PLACEMENT_3D('',#1358,#1359,#1360);
#1362=PLANE('',#1361);
#1363=POLY_LOOP('',(#1356,#360,#1357));
#1364=FACE_OUTER_BOUND('',#1363,.T.);
#1365=FACE_SURFACE('',(#1364),#1362,.T.);
#1366=CARTESIAN_POINT('',(211.521700025,369.02141571,-3.447195981));
#1367=DIRECTION('',(-0.802826337,0.158925517,-0.574641238));
#1368=DIRECTION('',(0.582038614,0.,-0.813161147));
#1369=AXIS2_PLACEMENT_3D('',#1366,#1367,#1368);
#1370=PLANE('',#1369);
#1371=POLY_LOOP('',(#751,#732,#451));
#1372=FACE_OUTER_BOUND('',#1371,.T.);
#1373=FACE_SURFACE('',(#1372),#1370,.T.);
#1374=CARTESIAN_POINT('',(38.115758449,230.216726661,-3.619256662));
#1375=CARTESIAN_POINT('',(41.251674294,234.185397625,-2.326347865));
#1376=CARTESIAN_POINT('',(37.649922073,227.446988225,2.05274066));
#1377=CARTESIAN_POINT('',(38.115758449,230.216726661,-3.619256662));
#1378=DIRECTION('',(0.799256374,-0.563316957,-0.20943556));
#1379=DIRECTION('',(0.576093294,0.817383947,0.));
#1380=AXIS2_PLACEMENT_3D('',#1377,#1378,#1379);
#1381=PLANE('',#1380);
#1382=POLY_LOOP('',(#1374,#1375,#1376));
#1383=FACE_OUTER_BOUND('',#1382,.T.);
#1384=FACE_SURFACE('',(#1383),#1381,.T.);
#1385=CARTESIAN_POINT('',(46.57124728,359.421253204,4.915019963));
#1386=CARTESIAN_POINT('',(46.57124728,359.421253204,4.915019963));
#1387=DIRECTION('',(0.134320359,-0.743729913,-0.654846439));
#1388=DIRECTION('',(0.,0.660834951,-0.750531257));
#1389=AXIS2_PLACEMENT_3D('',#1386,#1387,#1388);
#1390=PLANE('',#1389);
#1391=POLY_LOOP('',(#1385,#226,#247));
#1392=FACE_OUTER_BOUND('',#1391,.T.);
#1393=FACE_SURFACE('',(#1392),#1390,.T.);
#1394=CARTESIAN_POINT('',(29.656292871,353.783458471,2.924803644));
#1395=DIRECTION('',(0.624317504,-0.671385694,-0.399335578));
#1396=DIRECTION('',(-0.732310381,-0.680971002,0.));
#1397=AXIS2_PLACEMENT_3D('',#1394,#1395,#1396);
#1398=PLANE('',#1397);
#1399=POLY_LOOP('',(#248,#227,#299));
#1400=FACE_OUTER_BOUND('',#1399,.T.);
#1401=FACE_SURFACE('',(#1400),#1398,.T.);
#1402=CARTESIAN_POINT('',(215.479522943,377.306342125,7.961023599));
#1403=CARTESIAN_POINT('',(215.479522943,377.306342125,7.961023599));
#1404=DIRECTION('',(-0.802826337,-0.158925517,0.574641238));
#1405=DIRECTION('',(-0.582038614,0.,-0.813161147));
#1406=AXIS2_PLACEMENT_3D('',#1403,#1404,#1405);
#1407=PLANE('',#1406);
#1408=POLY_LOOP('',(#1402,#971,#761));
#1409=FACE_OUTER_BOUND('',#1408,.T.);
#1410=FACE_SURFACE('',(#1409),#1407,.T.);
#1411=CARTESIAN_POINT('',(121.773973107,177.107810974,-8.958791383));
#1412=CARTESIAN_POINT('',(126.459062099,167.25602746,-9.799250402));
#1413=CARTESIAN_POINT('',(122.680038214,168.980270624,-4.178524483));
#1414=DIRECTION('',(-0.822922236,-0.353394598,-0.444872175));
#1415=DIRECTION('',(0.475557855,0.,-0.879684447));
#1416=AXIS2_PLACEMENT_3D('',#1413,#1414,#1415);
#1417=PLANE('',#1416);
#1418=POLY_LOOP('',(#771,#1411,#1412));
#1419=FACE_OUTER_BOUND('',#1418,.T.);
#1420=FACE_SURFACE('',(#1419),#1417,.T.);
#1421=CARTESIAN_POINT('',(137.508317828,178.03953588,-9.904186241));
#1422=CARTESIAN_POINT('',(137.040808797,188.70164454,-4.520480521));
#1423=CARTESIAN_POINT('',(131.154224277,192.517474294,-7.503232453));
#1424=CARTESIAN_POINT('',(137.508317828,178.03953588,-9.904186241));
#1425=DIRECTION('',(-0.602301585,-0.380696037,0.701643305));
#1426=DIRECTION('',(0.7587792,0.,0.65134793));
#1427=AXIS2_PLACEMENT_3D('',#1424,#1425,#1426);
#1428=PLANE('',#1427);
#1429=POLY_LOOP('',(#1421,#1422,#1423));
#1430=FACE_OUTER_BOUND('',#1429,.T.);
#1431=FACE_SURFACE('',(#1430),#1428,.T.);
#1432=CARTESIAN_POINT('',(43.616298586,196.613892913,11.98428683));
#1433=CARTESIAN_POINT('',(36.990676075,193.015187979,8.902545087));
#1434=CARTESIAN_POINT('',(43.616298586,196.613892913,11.98428683));
#1435=DIRECTION('',(-0.127290533,-0.49947164,0.856927769));
#1436=DIRECTION('',(-0.,0.863955638,0.503567926));
#1437=AXIS2_PLACEMENT_3D('',#1434,#1435,#1436);
#1438=PLANE('',#1437);
#1439=POLY_LOOP('',(#1432,#1433,#905));
#1440=FACE_OUTER_BOUND('',#1439,.T.);
#1441=FACE_SURFACE('',(#1440),#1438,.T.);
#1442=CARTESIAN_POINT('',(28.790457174,205.237925053,12.247031555));
#1443=CARTESIAN_POINT('',(43.616298586,196.613892913,11.98428683));
#1444=DIRECTION('',(-0.208479917,-0.385785357,0.898724531));
#1445=DIRECTION('',(0.,0.9189162,0.394452808));
#1446=AXIS2_PLACEMENT_3D('',#1443,#1444,#1445);
#1447=PLANE('',#1446);
#1448=POLY_LOOP('',(#1432,#1442,#1433));
#1449=FACE_OUTER_BOUND('',#1448,.T.);
#1450=FACE_SURFACE('',(#1449),#1447,.T.);
#1451=CARTESIAN_POINT('',(235.857382417,274.999976158,-0.000000477));
#1452=CARTESIAN_POINT('',(234.159722924,274.926930666,-5.664574448));
#1453=DIRECTION('',(-0.955379482,-0.06897754,0.287214458));
#1454=DIRECTION('',(-0.287900175,0.,-0.957660425));
#1455=AXIS2_PLACEMENT_3D('',#1452,#1453,#1454);
#1456=PLANE('',#1455);
#1457=POLY_LOOP('',(#523,#1451,#524));
#1458=FACE_OUTER_BOUND('',#1457,.T.);
#1459=FACE_SURFACE('',(#1458),#1456,.T.);
#1460=CARTESIAN_POINT('',(22.232182324,203.920006752,8.733000606));
#1461=CARTESIAN_POINT('',(28.790457174,205.237925053,12.247031555));
#1462=DIRECTION('',(-0.3470233,-0.456924677,0.819020555));
#1463=DIRECTION('',(0.,0.873289835,0.487201052));
#1464=AXIS2_PLACEMENT_3D('',#1461,#1462,#1463);
#1465=PLANE('',#1464);
#1466=POLY_LOOP('',(#1442,#1460,#1433));
#1467=FACE_OUTER_BOUND('',#1466,.T.);
#1468=FACE_SURFACE('',(#1467),#1465,.T.);
#1469=CARTESIAN_POINT('',(42.733758688,213.01099658,-5.85211115));
#1470=DIRECTION('',(0.306014733,0.865854314,-0.395791978));
#1471=DIRECTION('',(0.,0.415736183,0.909485253));
#1472=AXIS2_PLACEMENT_3D('',#1469,#1470,#1471);
#1473=PLANE('',#1472);
#1474=POLY_LOOP('',(#954,#1139,#821));
#1475=FACE_OUTER_BOUND('',#1474,.T.);
#1476=FACE_SURFACE('',(#1475),#1473,.T.);
#1477=CARTESIAN_POINT('',(33.896546811,234.924212098,8.509311825));
#1478=CARTESIAN_POINT('',(33.896546811,234.924212098,8.509311825));
#1479=DIRECTION('',(-0.536833527,0.562559573,-0.628757896));
#1480=DIRECTION('',(0.,-0.745249136,-0.666786116));
#1481=AXIS2_PLACEMENT_3D('',#1478,#1479,#1480);
#1482=PLANE('',#1481);
#1483=POLY_LOOP('',(#1477,#1148,#1150));
#1484=FACE_OUTER_BOUND('',#1483,.T.);
#1485=FACE_SURFACE('',(#1484),#1482,.T.);
#1486=CARTESIAN_POINT('',(33.740799874,220.621049404,-6.636002567));
#1487=CARTESIAN_POINT('',(37.579055876,217.129781842,-1.835170668));
#1488=DIRECTION('',(-0.816291633,-0.500240506,0.288838026));
#1489=DIRECTION('',(0.52251098,-0.852632556,-0.));
#1490=AXIS2_PLACEMENT_3D('',#1487,#1488,#1489);
#1491=PLANE('',#1490);
#1492=POLY_LOOP('',(#77,#1486,#78));
#1493=FACE_OUTER_BOUND('',#1492,.T.);
#1494=FACE_SURFACE('',(#1493),#1491,.T.);
#1495=CARTESIAN_POINT('',(212.673917413,398.969322443,-10.50826814));
#1496=CARTESIAN_POINT('',(226.425260305,373.001396656,-10.487239808));
#1497=CARTESIAN_POINT('',(212.673917413,398.969322443,-10.50826814));
#1498=DIRECTION('',(-0.057925198,-0.029866291,0.997874078));
#1499=DIRECTION('',(0.998319426,-0.,0.05795105));
#1500=AXIS2_PLACEMENT_3D('',#1497,#1498,#1499);
#1501=PLANE('',#1500);
#1502=POLY_LOOP('',(#1495,#1496,#1187));
#1503=FACE_OUTER_BOUND('',#1502,.T.);
#1504=FACE_SURFACE('',(#1503),#1501,.T.);
#1505=CARTESIAN_POINT('',(27.721228078,347.004622221,-11.048275977));
#1506=DIRECTION('',(-0.165991729,0.176431442,-0.970215797));
#1507=DIRECTION('',(-0.,-0.983864811,-0.178913483));
#1508=AXIS2_PLACEMENT_3D('',#1505,#1506,#1507);
#1509=PLANE('',#1508);
#1510=POLY_LOOP('',(#1197,#545,#318));
#1511=FACE_OUTER_BOUND('',#1510,.T.);
#1512=FACE_SURFACE('',(#1511),#1509,.T.);
#1513=CARTESIAN_POINT('',(129.791229963,175.340399146,-12.155449018));
#1514=CARTESIAN_POINT('',(130.718067288,143.99933815,-12.273435481));
#1515=CARTESIAN_POINT('',(126.459062099,167.25602746,-9.799250402));
#1516=DIRECTION('',(-0.555586126,-0.013300431,-0.831352606));
#1517=DIRECTION('',(-0.831426149,-0.,0.555635275));
#1518=AXIS2_PLACEMENT_3D('',#1515,#1516,#1517);
#1519=PLANE('',#1518);
#1520=POLY_LOOP('',(#1412,#1513,#1514));
#1521=FACE_OUTER_BOUND('',#1520,.T.);
#1522=FACE_SURFACE('',(#1521),#1519,.T.);
#1523=CARTESIAN_POINT('',(41.712701321,412.085920572,2.691674279));
#1524=CARTESIAN_POINT('',(205.933958292,411.255091429,5.399405491));
#1525=CARTESIAN_POINT('',(204.445272684,412.466019392,-3.228548914));
#1526=DIRECTION('',(0.002726362,0.990355141,0.138525308));
#1527=DIRECTION('',(-0.,-0.138525822,0.990358822));
#1528=AXIS2_PLACEMENT_3D('',#1525,#1526,#1527);
#1529=PLANE('',#1528);
#1530=POLY_LOOP('',(#1216,#1523,#1524));
#1531=FACE_OUTER_BOUND('',#1530,.T.);
#1532=FACE_SURFACE('',(#1531),#1529,.T.);
#1533=CARTESIAN_POINT('',(19.563324749,333.678424358,-11.124143377));
#1534=CARTESIAN_POINT('',(20.3180518,343.324184418,-8.14736262));
#1535=DIRECTION('',(-0.471721959,0.293507807,-0.831463505));
#1536=DIRECTION('',(-0.869771116,0.,0.493455374));
#1537=AXIS2_PLACEMENT_3D('',#1534,#1535,#1536);
#1538=PLANE('',#1537);
#1539=POLY_LOOP('',(#1226,#1197,#1533));
#1540=FACE_OUTER_BOUND('',#1539,.T.);
#1541=FACE_SURFACE('',(#1540),#1538,.T.);
#1542=CARTESIAN_POINT('',(16.883857548,342.174261808,-3.487185575));
#1543=CARTESIAN_POINT('',(14.645569026,334.177076817,-5.488081835));
#1544=CARTESIAN_POINT('',(16.883857548,342.174261808,-3.487185575));
#1545=DIRECTION('',(-0.793831911,0.347116364,-0.499340692));
#1546=DIRECTION('',(0.532447156,0.,-0.846463246));
#1547=AXIS2_PLACEMENT_3D('',#1544,#1545,#1546);
#1548=PLANE('',#1547);
#1549=POLY_LOOP('',(#1542,#1226,#1543));
#1550=FACE_OUTER_BOUND('',#1549,.T.);
#1551=FACE_SURFACE('',(#1550),#1548,.T.);
#1552=CARTESIAN_POINT('',(19.647803158,205.509528518,-0.353669049));
#1553=CARTESIAN_POINT('',(20.350826904,208.959549665,6.527769379));
#1554=CARTESIAN_POINT('',(28.290677816,197.435855865,4.248128273));
#1555=CARTESIAN_POINT('',(19.647803158,205.509528518,-0.353669049));
#1556=DIRECTION('',(0.731915184,0.576233087,-0.363669619));
#1557=DIRECTION('',(-0.618589124,0.78571464,0.));
#1558=AXIS2_PLACEMENT_3D('',#1555,#1556,#1557);
#1559=PLANE('',#1558);
#1560=POLY_LOOP('',(#1552,#1553,#1554));
#1561=FACE_OUTER_BOUND('',#1560,.T.);
#1562=FACE_SURFACE('',(#1561),#1559,.T.);
#1563=CARTESIAN_POINT('',(27.401406318,197.05337286,-1.751606469));
#1564=CARTESIAN_POINT('',(27.401406318,197.05337286,-1.751606469));
#1565=DIRECTION('',(0.716320263,0.681541698,-0.149620166));
#1566=DIRECTION('',(-0.689300778,0.724475284,0.));
#1567=AXIS2_PLACEMENT_3D('',#1564,#1565,#1566);
#1568=PLANE('',#1567);
#1569=POLY_LOOP('',(#1563,#1552,#1554));
#1570=FACE_OUTER_BOUND('',#1569,.T.);
#1571=FACE_SURFACE('',(#1570),#1568,.T.);
#1572=CARTESIAN_POINT('',(214.365229011,369.17668581,8.539856412));
#1573=CARTESIAN_POINT('',(214.365229011,369.17668581,8.539856412));
#1574=DIRECTION('',(-0.916893097,0.15195255,0.369076511));
#1575=DIRECTION('',(-0.373412657,0.,-0.927665342));
#1576=AXIS2_PLACEMENT_3D('',#1573,#1574,#1575);
#1577=PLANE('',#1576);
#1578=POLY_LOOP('',(#1572,#1402,#761));
#1579=FACE_OUTER_BOUND('',#1578,.T.);
#1580=FACE_SURFACE('',(#1579),#1577,.T.);
#1581=CARTESIAN_POINT('',(203.118503094,238.11852932,4.431862384));
#1582=CARTESIAN_POINT('',(46.133298427,240.941748023,9.290238842));
#1583=CARTESIAN_POINT('',(203.118503094,238.11852932,4.431862384));
#1584=DIRECTION('',(0.005156187,-0.783210979,0.621734651));
#1585=DIRECTION('',(0.,-0.621742916,-0.78322139));
#1586=AXIS2_PLACEMENT_3D('',#1583,#1584,#1585);
#1587=PLANE('',#1586);
#1588=POLY_LOOP('',(#1581,#422,#1582));
#1589=FACE_OUTER_BOUND('',#1588,.T.);
#1590=FACE_SURFACE('',(#1589),#1587,.T.);
#1591=CARTESIAN_POINT('',(218.12286973,289.403289557,12.205022387));
#1592=CARTESIAN_POINT('',(212.368756533,288.174331188,10.37962921));
#1593=CARTESIAN_POINT('',(214.929074049,281.598955393,9.157476947));
#1594=CARTESIAN_POINT('',(218.12286973,289.403289557,12.205022387));
#1595=DIRECTION('',(-0.239219652,-0.266678414,0.933625504));
#1596=DIRECTION('',(-0.,0.961543459,0.274652828));
#1597=AXIS2_PLACEMENT_3D('',#1594,#1595,#1596);
#1598=PLANE('',#1597);
#1599=POLY_LOOP('',(#1591,#1592,#1593));
#1600=FACE_OUTER_BOUND('',#1599,.T.);
#1601=FACE_SURFACE('',(#1600),#1598,.T.);
#1602=CARTESIAN_POINT('',(127.642825246,189.278945327,-10.434349999));
#1603=CARTESIAN_POINT('',(131.154224277,192.517474294,-7.503232453));
#1604=DIRECTION('',(-0.413287841,-0.322599852,0.851541247));
#1605=DIRECTION('',(0.899640112,0.,0.43663219));
#1606=AXIS2_PLACEMENT_3D('',#1603,#1604,#1605);
#1607=PLANE('',#1606);
#1608=POLY_LOOP('',(#1423,#1602,#1421));
#1609=FACE_OUTER_BOUND('',#1608,.T.);
#1610=FACE_SURFACE('',(#1609),#1607,.T.);
#1611=CARTESIAN_POINT('',(15.636518598,317.680478096,-4.105994944));
#1612=CARTESIAN_POINT('',(18.220588565,308.249801397,1.728242612));
#1613=CARTESIAN_POINT('',(20.939698443,306.417614222,-5.77722583));
#1614=CARTESIAN_POINT('',(15.636518598,317.680478096,-4.105994944));
#1615=DIRECTION('',(0.893299993,0.386597355,0.229254461));
#1616=DIRECTION('',(-0.397175519,0.917742669,0.));
#1617=AXIS2_PLACEMENT_3D('',#1614,#1615,#1616);
#1618=PLANE('',#1617);
#1619=POLY_LOOP('',(#1611,#1612,#1613));
#1620=FACE_OUTER_BOUND('',#1619,.T.);
#1621=FACE_SURFACE('',(#1620),#1618,.T.);
#1622=CARTESIAN_POINT('',(27.455193922,296.941906214,-1.432699617));
#1623=CARTESIAN_POINT('',(30.334843323,297.217041254,-5.61204087));
#1624=CARTESIAN_POINT('',(20.939698443,306.417614222,-5.77722583));
#1625=DIRECTION('',(0.614997625,0.636363445,0.465638795));
#1626=DIRECTION('',(0.719075162,-0.694932307,-0.));
#1627=AXIS2_PLACEMENT_3D('',#1624,#1625,#1626);
#1628=PLANE('',#1627);
#1629=POLY_LOOP('',(#1613,#1622,#1623));
#1630=FACE_OUTER_BOUND('',#1629,.T.);
#1631=FACE_SURFACE('',(#1630),#1628,.T.);
#1632=CARTESIAN_POINT('',(19.506843761,311.839729548,10.062880814));
#1633=CARTESIAN_POINT('',(15.064517967,324.735045433,8.043613285));
#1634=CARTESIAN_POINT('',(14.672332443,315.203368664,5.355585832));
#1635=CARTESIAN_POINT('',(19.506843761,311.839729548,10.062880814));
#1636=DIRECTION('',(-0.74209674,-0.153473655,0.652486218));
#1637=DIRECTION('',(-0.660309072,0.,-0.750993961));
#1638=AXIS2_PLACEMENT_3D('',#1635,#1636,#1637);
#1639=PLANE('',#1638);
#1640=POLY_LOOP('',(#1632,#1633,#1634));
#1641=FACE_OUTER_BOUND('',#1640,.T.);
#1642=FACE_SURFACE('',(#1641),#1639,.T.);
#1643=CARTESIAN_POINT('',(102.459639311,479.121804237,4.106973298));
#1644=CARTESIAN_POINT('',(102.302342653,545.337021351,0.545373186));
#1645=DIRECTION('',(0.997429875,0.006208832,0.071379927));
#1646=DIRECTION('',(-0.071381303,0.,0.997449101));
#1647=AXIS2_PLACEMENT_3D('',#1644,#1645,#1646);
#1648=PLANE('',#1647);
#1649=POLY_LOOP('',(#1316,#1315,#1643));
#1650=FACE_OUTER_BOUND('',#1649,.T.);
#1651=FACE_SURFACE('',(#1650),#1648,.T.);
#1652=CARTESIAN_POINT('',(120.519205928,180.497929454,-6.263490301));
#1653=CARTESIAN_POINT('',(110.941231251,188.962414861,-7.002528291));
#1654=CARTESIAN_POINT('',(113.708198071,184.023305774,-1.649691258));
#1655=CARTESIAN_POINT('',(120.519205928,180.497929454,-6.263490301));
#1656=DIRECTION('',(0.605788359,0.715805054,0.34733786));
#1657=DIRECTION('',(0.763329934,-0.646008833,0.));
#1658=AXIS2_PLACEMENT_3D('',#1655,#1656,#1657);
#1659=PLANE('',#1658);
#1660=POLY_LOOP('',(#1652,#1653,#1654));
#1661=FACE_OUTER_BOUND('',#1660,.T.);
#1662=FACE_SURFACE('',(#1661),#1659,.T.);
#1663=CARTESIAN_POINT('',(223.263591528,399.775236845,6.659556646));
#1664=CARTESIAN_POINT('',(220.815464854,404.106140137,0.665659434));
#1665=CARTESIAN_POINT('',(227.701127529,397.560358047,1.498978701));
#1666=CARTESIAN_POINT('',(223.263591528,399.775236845,6.659556646));
#1667=DIRECTION('',(-0.65057805,-0.716431897,-0.251939553));
#1668=DIRECTION('',(-0.740312166,0.672263264,0.));
#1669=AXIS2_PLACEMENT_3D('',#1666,#1667,#1668);
#1670=PLANE('',#1669);
#1671=POLY_LOOP('',(#1663,#1664,#1665));
#1672=FACE_OUTER_BOUND('',#1671,.T.);
#1673=FACE_SURFACE('',(#1672),#1670,.T.);
#1674=CARTESIAN_POINT('',(212.232276797,372.450649738,0.007129278));
#1675=DIRECTION('',(-0.957808444,-0.000803734,-0.287406226));
#1676=DIRECTION('',(0.287406319,-0.,-0.957808753));
#1677=AXIS2_PLACEMENT_3D('',#1674,#1675,#1676);
#1678=PLANE('',#1677);
#1679=POLY_LOOP('',(#762,#972,#732));
#1680=FACE_OUTER_BOUND('',#1679,.T.);
#1681=FACE_SURFACE('',(#1680),#1678,.T.);
#1682=CARTESIAN_POINT('',(212.232276797,377.549350262,-0.007129278));
#1683=DIRECTION('',(-0.907104682,-0.407841819,-0.104048767));
#1684=DIRECTION('',(0.410067585,-0.912055138,-0.));
#1685=AXIS2_PLACEMENT_3D('',#1682,#1683,#1684);
#1686=PLANE('',#1685);
#1687=POLY_LOOP('',(#972,#741,#732));
#1688=FACE_OUTER_BOUND('',#1687,.T.);
#1689=FACE_SURFACE('',(#1688),#1686,.T.);
#1690=CARTESIAN_POINT('',(23.357996717,340.968936682,8.851090446));
#1691=CARTESIAN_POINT('',(17.216408625,336.862057447,4.656618927));
#1692=CARTESIAN_POINT('',(21.56050317,345.36087513,4.428448156));
#1693=DIRECTION('',(0.678921735,-0.364141221,-0.637547213));
#1694=DIRECTION('',(0.684545547,0.,0.728970092));
#1695=AXIS2_PLACEMENT_3D('',#1692,#1693,#1694);
#1696=PLANE('',#1695);
#1697=POLY_LOOP('',(#299,#1690,#1691));
#1698=FACE_OUTER_BOUND('',#1697,.T.);
#1699=FACE_SURFACE('',(#1698),#1696,.T.);
#1700=CARTESIAN_POINT('',(212.232276797,377.549350262,-0.007129278));
#1701=DIRECTION('',(-0.93400933,-0.330402358,0.135870724));
#1702=DIRECTION('',(0.333494999,-0.942751869,-0.));
#1703=AXIS2_PLACEMENT_3D('',#1700,#1701,#1702);
#1704=PLANE('',#1703);
#1705=POLY_LOOP('',(#972,#971,#741));
#1706=FACE_OUTER_BOUND('',#1705,.T.);
#1707=FACE_SURFACE('',(#1706),#1704,.T.);
#1708=CARTESIAN_POINT('',(233.557194471,284.455388784,4.349536728));
#1709=CARTESIAN_POINT('',(234.37179625,284.461826086,-2.669237321));
#1710=DIRECTION('',(-0.932634981,-0.344103532,-0.108557593));
#1711=DIRECTION('',(0.346149218,-0.938179471,0.));
#1712=AXIS2_PLACEMENT_3D('',#1709,#1710,#1711);
#1713=PLANE('',#1712);
#1714=POLY_LOOP('',(#524,#1708,#1252));
#1715=FACE_OUTER_BOUND('',#1714,.T.);
#1716=FACE_SURFACE('',(#1715),#1713,.T.);
#1717=CARTESIAN_POINT('',(234.790161252,390.032529831,-0.05707351));
#1718=CARTESIAN_POINT('',(237.159669399,380.74490428,-2.129627625));
#1719=CARTESIAN_POINT('',(234.264150262,385.375112295,-6.770638283));
#1720=DIRECTION('',(0.914663118,0.295016649,-0.276326904));
#1721=DIRECTION('',(-0.306968881,0.951719552,-0.));
#1722=AXIS2_PLACEMENT_3D('',#1719,#1720,#1721);
#1723=PLANE('',#1722);
#1724=POLY_LOOP('',(#691,#1717,#1718));
#1725=FACE_OUTER_BOUND('',#1724,.T.);
#1726=FACE_SURFACE('',(#1725),#1723,.T.);
#1727=CARTESIAN_POINT('',(218.458786607,347.644388676,-10.285098106));
#1728=CARTESIAN_POINT('',(206.065103412,339.516997337,-7.182390895));
#1729=CARTESIAN_POINT('',(206.404075027,346.29586339,-12.041484006));
#1730=DIRECTION('',(0.180613583,-0.578959578,-0.795100334));
#1731=DIRECTION('',(0.,-0.808395091,0.588640278));
#1732=AXIS2_PLACEMENT_3D('',#1729,#1730,#1731);
#1733=PLANE('',#1732);
#1734=POLY_LOOP('',(#613,#1727,#1728));
#1735=FACE_OUTER_BOUND('',#1734,.T.);
#1736=FACE_SURFACE('',(#1735),#1733,.T.);
#1737=CARTESIAN_POINT('',(234.264150262,385.375112295,-6.770638283));
#1738=DIRECTION('',(0.873312655,0.365552027,-0.322019754));
#1739=DIRECTION('',(-0.386119472,0.922448781,0.));
#1740=AXIS2_PLACEMENT_3D('',#1737,#1738,#1739);
#1741=PLANE('',#1740);
#1742=POLY_LOOP('',(#691,#690,#1717));
#1743=FACE_OUTER_BOUND('',#1742,.T.);
#1744=FACE_SURFACE('',(#1743),#1741,.T.);
#1745=CARTESIAN_POINT('',(36.990676075,193.015187979,8.902545087));
#1746=DIRECTION('',(-0.294576767,-0.878905627,0.375165866));
#1747=DIRECTION('',(-0.,-0.392585752,-0.919715406));
#1748=AXIS2_PLACEMENT_3D('',#1745,#1746,#1747);
#1749=PLANE('',#1748);
#1750=POLY_LOOP('',(#1433,#66,#65));
#1751=FACE_OUTER_BOUND('',#1750,.T.);
#1752=FACE_SURFACE('',(#1751),#1749,.T.);
#1753=CARTESIAN_POINT('',(46.187333763,190.954580903,9.06759128));
#1754=DIRECTION('',(-0.202200013,-0.865769189,0.457775999));
#1755=DIRECTION('',(0.,-0.467431141,-0.884029484));
#1756=AXIS2_PLACEMENT_3D('',#1753,#1754,#1755);
#1757=PLANE('',#1756);
#1758=POLY_LOOP('',(#905,#1433,#65));
#1759=FACE_OUTER_BOUND('',#1758,.T.);
#1760=FACE_SURFACE('',(#1759),#1757,.T.);
#1761=CARTESIAN_POINT('',(29.424535111,195.769816637,6.677223369));
#1762=CARTESIAN_POINT('',(36.990676075,193.015187979,8.902545087));
#1763=DIRECTION('',(-0.413415644,-0.548209984,0.727016725));
#1764=DIRECTION('',(-0.,0.79844355,0.602069678));
#1765=AXIS2_PLACEMENT_3D('',#1762,#1763,#1764);
#1766=PLANE('',#1765);
#1767=POLY_LOOP('',(#1433,#1460,#1761));
#1768=FACE_OUTER_BOUND('',#1767,.T.);
#1769=FACE_SURFACE('',(#1768),#1766,.T.);
#1770=CARTESIAN_POINT('',(132.347375154,195.961013436,1.752206357));
#1771=CARTESIAN_POINT('',(130.73387742,193.448916078,7.173999213));
#1772=CARTESIAN_POINT('',(123.691953719,197.398170829,9.092261083));
#1773=CARTESIAN_POINT('',(132.347375154,195.961013436,1.752206357));
#1774=DIRECTION('',(-0.524829644,-0.701977843,-0.481436343));
#1775=DIRECTION('',(-0.800904749,0.598791769,0.));
#1776=AXIS2_PLACEMENT_3D('',#1773,#1774,#1775);
#1777=PLANE('',#1776);
#1778=POLY_LOOP('',(#1770,#1771,#1772));
#1779=FACE_OUTER_BOUND('',#1778,.T.);
#1780=FACE_SURFACE('',(#1779),#1777,.T.);
#1781=CARTESIAN_POINT('',(33.718865365,227.210536599,6.264450029));
#1782=CARTESIAN_POINT('',(33.896546811,234.924212098,8.509311825));
#1783=DIRECTION('',(-0.752674861,0.199900204,-0.627312092));
#1784=DIRECTION('',(0.640234416,0.,-0.768179597));
#1785=AXIS2_PLACEMENT_3D('',#1782,#1783,#1784);
#1786=PLANE('',#1785);
#1787=POLY_LOOP('',(#1477,#1150,#1781));
#1788=FACE_OUTER_BOUND('',#1787,.T.);
#1789=FACE_SURFACE('',(#1788),#1786,.T.);
#1790=CARTESIAN_POINT('',(219.470828772,252.200335264,-11.730954982));
#1791=CARTESIAN_POINT('',(226.077854633,252.113044262,-8.776491508));
#1792=CARTESIAN_POINT('',(219.470828772,252.200335264,-11.730954982));
#1793=DIRECTION('',(0.389402126,-0.275342311,-0.878949712));
#1794=DIRECTION('',(-0.914290468,0.,-0.405059182));
#1795=AXIS2_PLACEMENT_3D('',#1792,#1793,#1794);
#1796=PLANE('',#1795);
#1797=POLY_LOOP('',(#1790,#631,#1791));
#1798=FACE_OUTER_BOUND('',#1797,.T.);
#1799=FACE_SURFACE('',(#1798),#1796,.T.);
#1800=CARTESIAN_POINT('',(33.506318927,311.197310686,9.931024164));
#1801=CARTESIAN_POINT('',(42.514905334,298.326581717,10.515534319));
#1802=CARTESIAN_POINT('',(24.058477953,312.633007765,10.423870757));
#1803=DIRECTION('',(-0.065678057,-0.091096544,-0.993673896));
#1804=DIRECTION('',(0.,-0.995824014,0.09129366));
#1805=AXIS2_PLACEMENT_3D('',#1802,#1803,#1804);
#1806=PLANE('',#1805);
#1807=POLY_LOOP('',(#129,#1800,#1801));
#1808=FACE_OUTER_BOUND('',#1807,.T.);
#1809=FACE_SURFACE('',(#1808),#1806,.T.);
#1810=CARTESIAN_POINT('',(120.730429888,475.139856339,-6.510882173));
#1811=CARTESIAN_POINT('',(116.862311959,474.861502647,-9.464870207));
#1812=CARTESIAN_POINT('',(111.622601748,461.121231318,-8.723029867));
#1813=CARTESIAN_POINT('',(120.730429888,475.139856339,-6.510882173));
#1814=DIRECTION('',(-0.596788206,0.268405129,0.756176252));
#1815=DIRECTION('',(0.78498022,-0.,0.619520827));
#1816=AXIS2_PLACEMENT_3D('',#1813,#1814,#1815);
#1817=PLANE('',#1816);
#1818=POLY_LOOP('',(#1810,#1811,#1812));
#1819=FACE_OUTER_BOUND('',#1818,.T.);
#1820=FACE_SURFACE('',(#1819),#1817,.T.);
#1821=CARTESIAN_POINT('',(36.273892969,256.480038166,-5.677769892));
#1822=CARTESIAN_POINT('',(43.750550598,260.348170996,-0.216015003));
#1823=CARTESIAN_POINT('',(33.188838512,256.776154041,1.220295904));
#1824=CARTESIAN_POINT('',(36.273892969,256.480038166,-5.677769892));
#1825=DIRECTION('',(0.337664672,-0.921770093,0.190584535));
#1826=DIRECTION('',(-0.938980873,-0.343969359,0.));
#1827=AXIS2_PLACEMENT_3D('',#1824,#1825,#1826);
#1828=PLANE('',#1827);
#1829=POLY_LOOP('',(#1821,#1822,#1823));
#1830=FACE_OUTER_BOUND('',#1829,.T.);
#1831=FACE_SURFACE('',(#1830),#1828,.T.);
#1832=CARTESIAN_POINT('',(19.563324749,333.678424358,-11.124143377));
#1833=DIRECTION('',(-0.279239807,0.176316023,-0.94389501));
#1834=DIRECTION('',(-0.958917788,-0.,0.283684112));
#1835=AXIS2_PLACEMENT_3D('',#1832,#1833,#1834);
#1836=PLANE('',#1835);
#1837=POLY_LOOP('',(#1533,#1197,#318));
#1838=FACE_OUTER_BOUND('',#1837,.T.);
#1839=FACE_SURFACE('',(#1838),#1836,.T.);
#1840=CARTESIAN_POINT('',(219.710469246,407.333403826,-1.804064377));
#1841=CARTESIAN_POINT('',(212.938144803,406.865566969,-8.909296244));
#1842=DIRECTION('',(0.326963483,0.870048539,-0.368931459));
#1843=DIRECTION('',(0.,0.390388386,0.920650264));
#1844=AXIS2_PLACEMENT_3D('',#1841,#1842,#1843);
#1845=PLANE('',#1844);
#1846=POLY_LOOP('',(#1217,#1216,#1840));
#1847=FACE_OUTER_BOUND('',#1846,.T.);
#1848=FACE_SURFACE('',(#1847),#1845,.T.);
#1849=CARTESIAN_POINT('',(14.645569026,334.177076817,-5.488081835));
#1850=DIRECTION('',(-0.717005833,0.256170528,-0.648289515));
#1851=DIRECTION('',(0.670668651,0.,-0.741757076));
#1852=AXIS2_PLACEMENT_3D('',#1849,#1850,#1851);
#1853=PLANE('',#1852);
#1854=POLY_LOOP('',(#1543,#1226,#1533));
#1855=FACE_OUTER_BOUND('',#1854,.T.);
#1856=FACE_SURFACE('',(#1855),#1853,.T.);
#1857=CARTESIAN_POINT('',(126.004591584,200.025364757,-4.943182692));
#1858=CARTESIAN_POINT('',(123.846933246,202.762067318,2.132870257));
#1859=CARTESIAN_POINT('',(126.004591584,200.025364757,-4.943182692));
#1860=DIRECTION('',(-0.617674492,-0.778320223,0.112675871));
#1861=DIRECTION('',(-0.783308491,0.621633178,-0.));
#1862=AXIS2_PLACEMENT_3D('',#1859,#1860,#1861);
#1863=PLANE('',#1862);
#1864=POLY_LOOP('',(#1857,#1770,#1858));
#1865=FACE_OUTER_BOUND('',#1864,.T.);
#1866=FACE_SURFACE('',(#1865),#1863,.T.);
#1867=CARTESIAN_POINT('',(133.424282074,143.999993801,-10.524422862));
#1868=CARTESIAN_POINT('',(139.770925045,143.999993801,-9.641167708));
#1869=CARTESIAN_POINT('',(133.424282074,143.999993801,-10.524422862));
#1870=DIRECTION('',(-0.137840273,-0.001509151,0.990453321));
#1871=DIRECTION('',(0.990454449,0.,0.13784043));
#1872=AXIS2_PLACEMENT_3D('',#1869,#1870,#1871);
#1873=PLANE('',#1872);
#1874=POLY_LOOP('',(#1867,#1868,#1421));
#1875=FACE_OUTER_BOUND('',#1874,.T.);
#1876=FACE_SURFACE('',(#1875),#1873,.T.);
#1877=CARTESIAN_POINT('',(143.520414829,166.929379106,-6.521590054));
#1878=CARTESIAN_POINT('',(137.508317828,178.03953588,-9.904186241));
#1879=DIRECTION('',(-0.529867317,-0.028671015,0.847595776));
#1880=DIRECTION('',(0.847944364,-0.,0.530085234));
#1881=AXIS2_PLACEMENT_3D('',#1878,#1879,#1880);
#1882=PLANE('',#1881);
#1883=POLY_LOOP('',(#1421,#1868,#1877));
#1884=FACE_OUTER_BOUND('',#1883,.T.);
#1885=FACE_SURFACE('',(#1884),#1882,.T.);
#1886=CARTESIAN_POINT('',(214.209213853,307.159036398,4.142234102));
#1887=CARTESIAN_POINT('',(207.155644894,305.820345879,8.655780926));
#1888=CARTESIAN_POINT('',(214.209213853,307.159036398,4.142234102));
#1889=DIRECTION('',(-0.194224961,-0.815385891,-0.545364569));
#1890=DIRECTION('',(0.,0.555951547,-0.8312147));
#1891=AXIS2_PLACEMENT_3D('',#1888,#1889,#1890);
#1892=PLANE('',#1891);
#1893=POLY_LOOP('',(#1886,#1887,#710));
#1894=FACE_OUTER_BOUND('',#1893,.T.);
#1895=FACE_SURFACE('',(#1894),#1892,.T.);
#1896=CARTESIAN_POINT('',(68.882055581,439.132124186,-7.12013524));
#1897=CARTESIAN_POINT('',(79.627938569,441.387146711,-10.279486887));
#1898=CARTESIAN_POINT('',(79.338513315,436.622142792,-3.109754995));
#1899=CARTESIAN_POINT('',(68.882055581,439.132124186,-7.12013524));
#1900=DIRECTION('',(0.012184638,-0.833008687,-0.55312572));
#1901=DIRECTION('',(0.,0.553166785,-0.83307053));
#1902=AXIS2_PLACEMENT_3D('',#1899,#1900,#1901);
#1903=PLANE('',#1902);
#1904=POLY_LOOP('',(#1896,#1897,#1898));
#1905=FACE_OUTER_BOUND('',#1904,.T.);
#1906=FACE_SURFACE('',(#1905),#1903,.T.);
#1907=CARTESIAN_POINT('',(18.791863695,305.443406105,4.966140725));
#1908=CARTESIAN_POINT('',(19.506843761,311.839729548,10.062880814));
#1909=DIRECTION('',(-0.766926916,-0.345292181,0.54092182));
#1910=DIRECTION('',(-0.576371407,0.,-0.817187862));
#1911=AXIS2_PLACEMENT_3D('',#1908,#1909,#1910);
#1912=PLANE('',#1911);
#1913=POLY_LOOP('',(#1632,#1634,#1907));
#1914=FACE_OUTER_BOUND('',#1913,.T.);
#1915=FACE_SURFACE('',(#1914),#1912,.T.);
#1916=CARTESIAN_POINT('',(220.457494259,396.180570126,-9.810823016));
#1917=CARTESIAN_POINT('',(220.457494259,396.180570126,-9.810823016));
#1918=DIRECTION('',(-0.117395161,-0.080103431,0.989849391));
#1919=DIRECTION('',(0.99304047,0.,0.11777362));
#1920=AXIS2_PLACEMENT_3D('',#1917,#1918,#1919);
#1921=PLANE('',#1920);
#1922=POLY_LOOP('',(#1916,#1495,#1187));
#1923=FACE_OUTER_BOUND('',#1922,.T.);
#1924=FACE_SURFACE('',(#1923),#1921,.T.);
#1925=CARTESIAN_POINT('',(220.692485571,245.896071196,1.679047011));
#1926=CARTESIAN_POINT('',(211.11600101,242.401301861,5.616937764));
#1927=CARTESIAN_POINT('',(219.273820519,247.870206833,6.868190598));
#1928=CARTESIAN_POINT('',(220.692485571,245.896071196,1.679047011));
#1929=DIRECTION('',(-0.459000506,0.781403893,-0.42276056));
#1930=DIRECTION('',(0.862246943,0.506488113,-0.));
#1931=AXIS2_PLACEMENT_3D('',#1928,#1929,#1930);
#1932=PLANE('',#1931);
#1933=POLY_LOOP('',(#1925,#1926,#1927));
#1934=FACE_OUTER_BOUND('',#1933,.T.);
#1935=FACE_SURFACE('',(#1934),#1932,.T.);
#1936=CARTESIAN_POINT('',(21.11236006,307.660102844,6.90477388));
#1937=CARTESIAN_POINT('',(32.250177115,299.509853125,8.851094171));
#1938=CARTESIAN_POINT('',(21.11236006,307.660102844,6.90477388));
#1939=DIRECTION('',(0.406725728,0.354778425,-0.841847048));
#1940=DIRECTION('',(-0.90041893,-0.,-0.435023851));
#1941=AXIS2_PLACEMENT_3D('',#1938,#1939,#1940);
#1942=PLANE('',#1941);
#1943=POLY_LOOP('',(#1936,#129,#1937));
#1944=FACE_OUTER_BOUND('',#1943,.T.);
#1945=FACE_SURFACE('',(#1944),#1942,.T.);
#1946=CARTESIAN_POINT('',(204.233139753,348.443537951,-10.517627932));
#1947=CARTESIAN_POINT('',(204.426527023,354.312062263,-9.863850661));
#1948=CARTESIAN_POINT('',(44.133909047,347.431361675,-10.613437742));
#1949=CARTESIAN_POINT('',(204.233139753,348.443537951,-10.517627932));
#1950=DIRECTION('',(0.000105247,-0.110722516,0.993851354));
#1951=DIRECTION('',(-0.,0.993851359,0.110722517));
#1952=AXIS2_PLACEMENT_3D('',#1949,#1950,#1951);
#1953=PLANE('',#1952);
#1954=POLY_LOOP('',(#1946,#1947,#1948));
#1955=FACE_OUTER_BOUND('',#1954,.T.);
#1956=FACE_SURFACE('',(#1955),#1953,.T.);
#1957=CARTESIAN_POINT('',(214.365229011,369.17668581,8.539856412));
#1958=DIRECTION('',(-0.855560039,0.235096029,0.46124492));
#1959=DIRECTION('',(-0.474545408,-0.,-0.880231024));
#1960=AXIS2_PLACEMENT_3D('',#1957,#1958,#1959);
#1961=PLANE('',#1960);
#1962=POLY_LOOP('',(#1572,#761,#750));
#1963=FACE_OUTER_BOUND('',#1962,.T.);
#1964=FACE_SURFACE('',(#1963),#1961,.T.);
#1965=CARTESIAN_POINT('',(212.232276797,372.450649738,0.007129278));
#1966=DIRECTION('',(-0.956402166,0.28041115,-0.081636288));
#1967=DIRECTION('',(-0.281350244,-0.959605148,0.));
#1968=AXIS2_PLACEMENT_3D('',#1965,#1966,#1967);
#1969=PLANE('',#1968);
#1970=POLY_LOOP('',(#762,#732,#751));
#1971=FACE_OUTER_BOUND('',#1970,.T.);
#1972=FACE_SURFACE('',(#1971),#1969,.T.);
#1973=CARTESIAN_POINT('',(123.033151031,477.522462606,-0.760269177));
#1974=CARTESIAN_POINT('',(121.99613452,580.999851227,-5.566464271));
#1975=CARTESIAN_POINT('',(120.730429888,475.139856339,-6.510882173));
#1976=DIRECTION('',(-0.929424489,0.00782121,0.368929462));
#1977=DIRECTION('',(-0.368940746,0.,-0.929452918));
#1978=AXIS2_PLACEMENT_3D('',#1975,#1976,#1977);
#1979=PLANE('',#1978);
#1980=POLY_LOOP('',(#1810,#1973,#1974));
#1981=FACE_OUTER_BOUND('',#1980,.T.);
#1982=FACE_SURFACE('',(#1981),#1979,.T.);
#1983=CARTESIAN_POINT('',(103.505261242,444.631904364,3.38713103));
#1984=CARTESIAN_POINT('',(113.256789744,453.181803226,2.996988595));
#1985=CARTESIAN_POINT('',(103.505261242,444.631904364,3.38713103));
#1986=DIRECTION('',(0.659116646,-0.75201796,-0.005851041));
#1987=DIRECTION('',(-0.752030833,-0.659127929,0.));
#1988=AXIS2_PLACEMENT_3D('',#1985,#1986,#1987);
#1989=PLANE('',#1988);
#1990=POLY_LOOP('',(#1983,#1019,#1984));
#1991=FACE_OUTER_BOUND('',#1990,.T.);
#1992=FACE_SURFACE('',(#1991),#1989,.T.);
#1993=CARTESIAN_POINT('',(28.563855216,350.155264139,7.316823583));
#1994=DIRECTION('',(0.584329967,-0.4445307,-0.678933683));
#1995=DIRECTION('',(-0.757938446,-0.,-0.652326078));
#1996=AXIS2_PLACEMENT_3D('',#1993,#1994,#1995);
#1997=PLANE('',#1996);
#1998=POLY_LOOP('',(#227,#1690,#299));
#1999=FACE_OUTER_BOUND('',#1998,.T.);
#2000=FACE_SURFACE('',(#1999),#1997,.T.);
#2001=CARTESIAN_POINT('',(217.437908053,296.593725681,10.508168489));
#2002=CARTESIAN_POINT('',(203.983217478,300.714790821,10.753856041));
#2003=CARTESIAN_POINT('',(207.155644894,305.820345879,8.655780926));
#2004=DIRECTION('',(-0.114039059,-0.316172169,-0.941822835));
#2005=DIRECTION('',(0.,-0.948007382,0.318248336));
#2006=AXIS2_PLACEMENT_3D('',#2003,#2004,#2005);
#2007=PLANE('',#2006);
#2008=POLY_LOOP('',(#1887,#2001,#2002));
#2009=FACE_OUTER_BOUND('',#2008,.T.);
#2010=FACE_SURFACE('',(#2009),#2007,.T.);
#2011=CARTESIAN_POINT('',(222.135931253,302.522450686,-3.70955281));
#2012=CARTESIAN_POINT('',(222.135931253,302.522450686,-3.70955281));
#2013=DIRECTION('',(-0.773590976,-0.612495752,0.162499092));
#2014=DIRECTION('',(0.620746282,-0.784011514,0.));
#2015=AXIS2_PLACEMENT_3D('',#2012,#2013,#2014);
#2016=PLANE('',#2015);
#2017=POLY_LOOP('',(#2011,#1252,#1251));
#2018=FACE_OUTER_BOUND('',#2017,.T.);
#2019=FACE_SURFACE('',(#2018),#2016,.T.);
#2020=CARTESIAN_POINT('',(19.723422825,450.166761875,-0.049346443));
#2021=CARTESIAN_POINT('',(28.953459114,456.422537565,0.924446271));
#2022=CARTESIAN_POINT('',(25.911450386,452.947616577,5.787115078));
#2023=CARTESIAN_POINT('',(19.723422825,450.166761875,-0.049346443));
#2024=DIRECTION('',(0.563240946,-0.797198814,-0.217333126));
#2025=DIRECTION('',(-0.816720482,-0.577033495,0.));
#2026=AXIS2_PLACEMENT_3D('',#2023,#2024,#2025);
#2027=PLANE('',#2026);
#2028=POLY_LOOP('',(#2020,#2021,#2022));
#2029=FACE_OUTER_BOUND('',#2028,.T.);
#2030=FACE_SURFACE('',(#2029),#2027,.T.);
#2031=CARTESIAN_POINT('',(36.990676075,193.015187979,8.902545087));
#2032=DIRECTION('',(-0.417181951,-0.804804928,0.422194561));
#2033=DIRECTION('',(0.,-0.464550927,-0.885546405));
#2034=AXIS2_PLACEMENT_3D('',#2031,#2032,#2033);
#2035=PLANE('',#2034);
#2036=POLY_LOOP('',(#1433,#1761,#66));
#2037=FACE_OUTER_BOUND('',#2036,.T.);
#2038=FACE_SURFACE('',(#2037),#2035,.T.);
#2039=CARTESIAN_POINT('',(114.876113832,206.328749657,4.898874089));
#2040=CARTESIAN_POINT('',(107.296705246,205.203980207,9.093604051));
#2041=CARTESIAN_POINT('',(114.876113832,206.328749657,4.898874089));
#2042=DIRECTION('',(-0.301145956,-0.632401338,-0.713708386));
#2043=DIRECTION('',(0.,-0.748453029,0.663187804));
#2044=AXIS2_PLACEMENT_3D('',#2041,#2042,#2043);
#2045=PLANE('',#2044);
#2046=POLY_LOOP('',(#2039,#1772,#2040));
#2047=FACE_OUTER_BOUND('',#2046,.T.);
#2048=FACE_SURFACE('',(#2047),#2045,.T.);
#2049=CARTESIAN_POINT('',(90.866357088,466.207683086,3.122601425));
#2050=CARTESIAN_POINT('',(90.866357088,466.207683086,3.122601425));
#2051=DIRECTION('',(-0.615267951,0.566205497,0.548504041));
#2052=DIRECTION('',(-0.677159501,-0.735836266,0.));
#2053=AXIS2_PLACEMENT_3D('',#2050,#2051,#2052);
#2054=PLANE('',#2053);
#2055=POLY_LOOP('',(#2049,#1083,#1082));
#2056=FACE_OUTER_BOUND('',#2055,.T.);
#2057=FACE_SURFACE('',(#2056),#2054,.T.);
#2058=CARTESIAN_POINT('',(226.077854633,252.113044262,-8.776491508));
#2059=DIRECTION('',(0.562870019,-0.269825411,-0.781262817));
#2060=DIRECTION('',(-0.811356633,-0.,-0.584551463));
#2061=AXIS2_PLACEMENT_3D('',#2058,#2059,#2060);
#2062=PLANE('',#2061);
#2063=POLY_LOOP('',(#1791,#631,#633));
#2064=FACE_OUTER_BOUND('',#2063,.T.);
#2065=FACE_SURFACE('',(#2064),#2062,.T.);
#2066=CARTESIAN_POINT('',(12.119991705,420.443862677,10.078914464));
#2067=CARTESIAN_POINT('',(15.410485677,435.313731432,10.827127844));
#2068=DIRECTION('',(-0.505827571,0.068664748,0.859897448));
#2069=DIRECTION('',(0.861931787,-0.,0.507024254));
#2070=AXIS2_PLACEMENT_3D('',#2067,#2068,#2069);
#2071=PLANE('',#2070);
#2072=POLY_LOOP('',(#1338,#2066,#461));
#2073=FACE_OUTER_BOUND('',#2072,.T.);
#2074=FACE_SURFACE('',(#2073),#2071,.T.);
#2075=CARTESIAN_POINT('',(218.116566539,263.563245535,-11.790317483));
#2076=CARTESIAN_POINT('',(209.324970841,248.311683536,-12.507251464));
#2077=CARTESIAN_POINT('',(218.116566539,263.563245535,-11.790317483));
#2078=DIRECTION('',(-0.100678333,0.104544416,-0.989411107));
#2079=DIRECTION('',(0.,-0.99446395,-0.105078316));
#2080=AXIS2_PLACEMENT_3D('',#2077,#2078,#2079);
#2081=PLANE('',#2080);
#2082=POLY_LOOP('',(#2075,#631,#2076));
#2083=FACE_OUTER_BOUND('',#2082,.T.);
#2084=FACE_SURFACE('',(#2083),#2081,.T.);
#2085=CARTESIAN_POINT('',(214.931234717,301.981329918,-9.203453548));
#2086=CARTESIAN_POINT('',(212.354719639,308.480083942,-2.631648444));
#2087=CARTESIAN_POINT('',(214.931234717,301.981329918,-9.203453548));
#2088=DIRECTION('',(-0.380426816,-0.727816403,0.570577534));
#2089=DIRECTION('',(0.,-0.616966619,-0.78698932));
#2090=AXIS2_PLACEMENT_3D('',#2087,#2088,#2089);
#2091=PLANE('',#2090);
#2092=POLY_LOOP('',(#2085,#2011,#2086));
#2093=FACE_OUTER_BOUND('',#2092,.T.);
#2094=FACE_SURFACE('',(#2093),#2091,.T.);
#2095=CARTESIAN_POINT('',(112.756960094,456.005573273,-3.739727894));
#2096=CARTESIAN_POINT('',(112.756960094,456.005573273,-3.739727894));
#2097=DIRECTION('',(-0.73093941,0.386088684,0.562728271));
#2098=DIRECTION('',(-0.610028894,0.,-0.79237917));
#2099=AXIS2_PLACEMENT_3D('',#2096,#2097,#2098);
#2100=PLANE('',#2099);
#2101=POLY_LOOP('',(#2095,#1810,#1812));
#2102=FACE_OUTER_BOUND('',#2101,.T.);
#2103=FACE_SURFACE('',(#2102),#2100,.T.);
#2104=CARTESIAN_POINT('',(32.828647643,325.003564358,-9.849609807));
#2105=CARTESIAN_POINT('',(36.679618061,328.758269548,-5.957439542));
#2106=CARTESIAN_POINT('',(36.587223411,322.969406843,-4.804014694));
#2107=CARTESIAN_POINT('',(32.828647643,325.003564358,-9.849609807));
#2108=DIRECTION('',(0.767097714,-0.137114046,-0.62670634));
#2109=DIRECTION('',(0.63268185,0.,0.774411826));
#2110=AXIS2_PLACEMENT_3D('',#2107,#2108,#2109);
#2111=PLANE('',#2110);
#2112=POLY_LOOP('',(#2104,#2105,#2106));
#2113=FACE_OUTER_BOUND('',#2112,.T.);
#2114=FACE_SURFACE('',(#2113),#2111,.T.);
#2115=CARTESIAN_POINT('',(34.437157214,318.976670504,-9.45595745));
#2116=CARTESIAN_POINT('',(34.437157214,318.976670504,-9.45595745));
#2117=DIRECTION('',(0.822359914,0.184319952,-0.538284616));
#2118=DIRECTION('',(0.547668201,0.,0.836695609));
#2119=AXIS2_PLACEMENT_3D('',#2116,#2117,#2118);
#2120=PLANE('',#2119);
#2121=POLY_LOOP('',(#2115,#2104,#2106));
#2122=FACE_OUTER_BOUND('',#2121,.T.);
#2123=FACE_SURFACE('',(#2122),#2120,.T.);
#2124=CARTESIAN_POINT('',(26.834262535,250.382751226,-5.73725719));
#2125=CARTESIAN_POINT('',(23.991454393,249.815300107,0.859199848));
#2126=CARTESIAN_POINT('',(26.834262535,250.382751226,-5.73725719));
#2127=DIRECTION('',(0.588317396,-0.786985031,0.185841876));
#2128=DIRECTION('',(-0.800937633,-0.598747784,0.));
#2129=AXIS2_PLACEMENT_3D('',#2126,#2127,#2128);
#2130=PLANE('',#2129);
#2131=POLY_LOOP('',(#2124,#1823,#2125));
#2132=FACE_OUTER_BOUND('',#2131,.T.);
#2133=FACE_SURFACE('',(#2132),#2130,.T.);
#2134=CARTESIAN_POINT('',(214.773207903,345.849961042,10.440748185));
#2135=CARTESIAN_POINT('',(204.845353961,343.816637993,11.101512238));
#2136=CARTESIAN_POINT('',(214.773207903,345.849961042,10.440748185));
#2137=DIRECTION('',(0.128323331,-0.32169378,0.938107795));
#2138=DIRECTION('',(0.,0.945928367,0.324375593));
#2139=AXIS2_PLACEMENT_3D('',#2136,#2137,#2138);
#2140=PLANE('',#2139);
#2141=POLY_LOOP('',(#2134,#810,#2135));
#2142=FACE_OUTER_BOUND('',#2141,.T.);
#2143=FACE_SURFACE('',(#2142),#2140,.T.);
#2144=CARTESIAN_POINT('',(212.617143989,410.501331091,-0.000013177));
#2145=CARTESIAN_POINT('',(219.710469246,407.333403826,-1.804064377));
#2146=DIRECTION('',(0.329259912,0.899967804,-0.2857374));
#2147=DIRECTION('',(0.939121708,-0.343584658,0.));
#2148=AXIS2_PLACEMENT_3D('',#2145,#2146,#2147);
#2149=PLANE('',#2148);
#2150=POLY_LOOP('',(#1840,#1216,#2144));
#2151=FACE_OUTER_BOUND('',#2150,.T.);
#2152=FACE_SURFACE('',(#2151),#2149,.T.);
#2153=CARTESIAN_POINT('',(233.376443386,367.96694994,6.147078704));
#2154=CARTESIAN_POINT('',(222.590714693,358.027845621,10.732213035));
#2155=CARTESIAN_POINT('',(228.348597884,373.93245101,10.507818311));
#2156=DIRECTION('',(-0.517792387,0.175641354,-0.837282007));
#2157=DIRECTION('',(-0.850503749,0.,0.525968985));
#2158=AXIS2_PLACEMENT_3D('',#2155,#2156,#2157);
#2159=PLANE('',#2158);
#2160=POLY_LOOP('',(#895,#2153,#2154));
#2161=FACE_OUTER_BOUND('',#2160,.T.);
#2162=FACE_SURFACE('',(#2161),#2159,.T.);
#2163=CARTESIAN_POINT('',(32.989896834,331.817150116,-7.995830849));
#2164=CARTESIAN_POINT('',(29.543191195,335.548520088,-10.349411517));
#2165=CARTESIAN_POINT('',(32.522592694,321.197807789,-7.465861738));
#2166=CARTESIAN_POINT('',(32.989896834,331.817150116,-7.995830849));
#2167=DIRECTION('',(-0.513540636,0.065296808,0.855577198));
#2168=DIRECTION('',(0.857407002,0.,0.514638934));
#2169=AXIS2_PLACEMENT_3D('',#2166,#2167,#2168);
#2170=PLANE('',#2169);
#2171=POLY_LOOP('',(#2163,#2164,#2165));
#2172=FACE_OUTER_BOUND('',#2171,.T.);
#2173=FACE_SURFACE('',(#2172),#2170,.T.);
#2174=CARTESIAN_POINT('',(44.858101755,306.30889535,-11.215938255));
#2175=CARTESIAN_POINT('',(203.832164407,306.506663561,-11.264864355));
#2176=CARTESIAN_POINT('',(46.115666628,301.475256681,-12.47686334));
#2177=CARTESIAN_POINT('',(44.858101755,306.30889535,-11.215938255));
#2178=DIRECTION('',(-0.000611637,0.252268333,-0.967657126));
#2179=DIRECTION('',(0.,-0.967657307,-0.252268381));
#2180=AXIS2_PLACEMENT_3D('',#2177,#2178,#2179);
#2181=PLANE('',#2180);
#2182=POLY_LOOP('',(#2174,#2175,#2176));
#2183=FACE_OUTER_BOUND('',#2182,.T.);
#2184=FACE_SURFACE('',(#2183),#2181,.T.);
#2185=CARTESIAN_POINT('',(132.514610887,170.309171081,-10.519318283));
#2186=CARTESIAN_POINT('',(132.514610887,170.309171081,-10.519318283));
#2187=DIRECTION('',(-0.082865249,-0.025743561,0.996228197));
#2188=DIRECTION('',(0.996558476,-0.,0.082892722));
#2189=AXIS2_PLACEMENT_3D('',#2186,#2187,#2188);
#2190=PLANE('',#2189);
#2191=POLY_LOOP('',(#2185,#1421,#1602));
#2192=FACE_OUTER_BOUND('',#2191,.T.);
#2193=FACE_SURFACE('',(#2192),#2190,.T.);
#2194=CARTESIAN_POINT('',(33.556126058,416.911274195,-5.951187108));
#2195=CARTESIAN_POINT('',(34.225545824,418.927848339,0.418230484));
#2196=CARTESIAN_POINT('',(37.34684363,412.904620171,-5.903845187));
#2197=CARTESIAN_POINT('',(33.556126058,416.911274195,-5.951187108));
#2198=DIRECTION('',(0.698662199,0.657680227,-0.281652004));
#2199=DIRECTION('',(-0.685428695,0.728139755,-0.));
#2200=AXIS2_PLACEMENT_3D('',#2197,#2198,#2199);
#2201=PLANE('',#2200);
#2202=POLY_LOOP('',(#2194,#2195,#2196));
#2203=FACE_OUTER_BOUND('',#2202,.T.);
#2204=FACE_SURFACE('',(#2203),#2201,.T.);
#2205=CARTESIAN_POINT('',(90.742640197,440.868884325,-7.549084723));
#2206=CARTESIAN_POINT('',(96.95995599,448.095560074,-11.489963159));
#2207=CARTESIAN_POINT('',(90.742640197,440.868884325,-7.549084723));
#2208=DIRECTION('',(0.168764637,-0.579846195,-0.797055134));
#2209=DIRECTION('',(0.,-0.808654163,0.588284323));
#2210=AXIS2_PLACEMENT_3D('',#2207,#2208,#2209);
#2211=PLANE('',#2210);
#2212=POLY_LOOP('',(#2205,#1897,#2206));
#2213=FACE_OUTER_BOUND('',#2212,.T.);
#2214=FACE_SURFACE('',(#2213),#2211,.T.);
#2215=CARTESIAN_POINT('',(19.293339923,318.861782551,-8.793603629));
#2216=CARTESIAN_POINT('',(19.293339923,318.861782551,-8.793603629));
#2217=DIRECTION('',(0.731711049,0.250465004,0.633929194));
#2218=DIRECTION('',(-0.654800532,0.,0.755801735));
#2219=AXIS2_PLACEMENT_3D('',#2216,#2217,#2218);
#2220=PLANE('',#2219);
#2221=POLY_LOOP('',(#2215,#1611,#1613));
#2222=FACE_OUTER_BOUND('',#2221,.T.);
#2223=FACE_SURFACE('',(#2222),#2220,.T.);
#2224=CARTESIAN_POINT('',(214.347109199,340.850293636,4.868996795));
#2225=CARTESIAN_POINT('',(214.347109199,340.850293636,4.868996795));
#2226=DIRECTION('',(0.194094787,-0.737461436,0.646898635));
#2227=DIRECTION('',(0.,-0.659439338,-0.75175778));
#2228=AXIS2_PLACEMENT_3D('',#2225,#2226,#2227);
#2229=PLANE('',#2228);
#2230=POLY_LOOP('',(#2224,#2134,#2135));
#2231=FACE_OUTER_BOUND('',#2230,.T.);
#2232=FACE_SURFACE('',(#2231),#2229,.T.);
#2233=CARTESIAN_POINT('',(27.011251077,300.5669415,9.52622015));
#2234=CARTESIAN_POINT('',(19.506843761,311.839729548,10.062880814));
#2235=DIRECTION('',(-0.621575597,-0.444496936,0.645031977));
#2236=DIRECTION('',(0.720078266,-0.,0.693892853));
#2237=AXIS2_PLACEMENT_3D('',#2234,#2235,#2236);
#2238=PLANE('',#2237);
#2239=POLY_LOOP('',(#1632,#1907,#2233));
#2240=FACE_OUTER_BOUND('',#2239,.T.);
#2241=FACE_SURFACE('',(#2240),#2238,.T.);
#2242=CARTESIAN_POINT('',(35.421553999,239.309936762,-9.457299486));
#2243=CARTESIAN_POINT('',(29.585022479,240.851029754,-10.631363839));
#2244=CARTESIAN_POINT('',(28.583833948,228.88186574,-9.921099059));
#2245=CARTESIAN_POINT('',(35.421553999,239.309936762,-9.457299486));
#2246=DIRECTION('',(-0.178086198,0.073127608,0.98129387));
#2247=DIRECTION('',(0.983928247,0.,0.178564288));
#2248=AXIS2_PLACEMENT_3D('',#2245,#2246,#2247);
#2249=PLANE('',#2248);
#2250=POLY_LOOP('',(#2242,#2243,#2244));
#2251=FACE_OUTER_BOUND('',#2250,.T.);
#2252=FACE_SURFACE('',(#2251),#2249,.T.);
#2253=CARTESIAN_POINT('',(155.67304194,310.303330421,-1.802703016));
#2254=CARTESIAN_POINT('',(202.854394913,310.624986887,-1.497028279));
#2255=DIRECTION('',(0.006369772,-0.997750568,0.066732532));
#2256=DIRECTION('',(-0.,-0.066733886,-0.99777081));
#2257=AXIS2_PLACEMENT_3D('',#2254,#2255,#2256);
#2258=PLANE('',#2257);
#2259=POLY_LOOP('',(#712,#1048,#2253));
#2260=FACE_OUTER_BOUND('',#2259,.T.);
#2261=FACE_SURFACE('',(#2260),#2258,.T.);
#2262=CARTESIAN_POINT('',(34.189626575,326.087713242,8.24304577));
#2263=CARTESIAN_POINT('',(30.301112682,321.940600872,11.542154476));
#2264=CARTESIAN_POINT('',(34.189626575,326.087713242,8.24304577));
#2265=DIRECTION('',(0.766073502,-0.245870534,0.593867889));
#2266=DIRECTION('',(-0.612675383,0.,0.79033466));
#2267=AXIS2_PLACEMENT_3D('',#2264,#2265,#2266);
#2268=PLANE('',#2267);
#2269=POLY_LOOP('',(#2262,#1357,#2263));
#2270=FACE_OUTER_BOUND('',#2269,.T.);
#2271=FACE_SURFACE('',(#2270),#2268,.T.);
#2272=CARTESIAN_POINT('',(205.141544342,307.647824287,-7.126523182));
#2273=CARTESIAN_POINT('',(205.141544342,307.647824287,-7.126523182));
#2274=DIRECTION('',(-0.153459233,-0.89792833,0.412522701));
#2275=DIRECTION('',(-0.,-0.417467613,-0.908691802));
#2276=AXIS2_PLACEMENT_3D('',#2273,#2274,#2275);
#2277=PLANE('',#2276);
#2278=POLY_LOOP('',(#2272,#2086,#712));
#2279=FACE_OUTER_BOUND('',#2278,.T.);
#2280=FACE_SURFACE('',(#2279),#2277,.T.);
#2281=CARTESIAN_POINT('',(102.647893131,448.185652494,8.977514692));
#2282=CARTESIAN_POINT('',(102.647893131,448.185652494,8.977514692));
#2283=DIRECTION('',(0.582994354,-0.642221186,0.497664074));
#2284=DIRECTION('',(-0.740423685,-0.672140436,-0.));
#2285=AXIS2_PLACEMENT_3D('',#2282,#2283,#2284);
#2286=PLANE('',#2285);
#2287=POLY_LOOP('',(#2281,#1983,#1984));
#2288=FACE_OUTER_BOUND('',#2287,.T.);
#2289=FACE_SURFACE('',(#2288),#2286,.T.);
#2290=CARTESIAN_POINT('',(223.932087421,345.623135567,1.643688418));
#2291=CARTESIAN_POINT('',(222.644776106,347.984761,7.967440411));
#2292=CARTESIAN_POINT('',(214.347109199,340.850293636,4.868996795));
#2293=DIRECTION('',(0.512255542,-0.765160521,0.390030302));
#2294=DIRECTION('',(-0.830971808,-0.556314528,0.));
#2295=AXIS2_PLACEMENT_3D('',#2292,#2293,#2294);
#2296=PLANE('',#2295);
#2297=POLY_LOOP('',(#2224,#2290,#2291));
#2298=FACE_OUTER_BOUND('',#2297,.T.);
#2299=FACE_SURFACE('',(#2298),#2296,.T.);
#2300=CARTESIAN_POINT('',(82.140006125,459.878116846,-7.15842424));
#2301=CARTESIAN_POINT('',(93.732558191,463.678538799,-8.984703571));
#2302=CARTESIAN_POINT('',(84.463454783,455.349385738,-11.553343385));
#2303=CARTESIAN_POINT('',(82.140006125,459.878116846,-7.15842424));
#2304=DIRECTION('',(-0.308186375,0.576370694,-0.756847396));
#2305=DIRECTION('',(0.,-0.79557102,-0.605860341));
#2306=AXIS2_PLACEMENT_3D('',#2303,#2304,#2305);
#2307=PLANE('',#2306);
#2308=POLY_LOOP('',(#2300,#2301,#2302));
#2309=FACE_OUTER_BOUND('',#2308,.T.);
#2310=FACE_SURFACE('',(#2309),#2307,.T.);
#2311=CARTESIAN_POINT('',(11.316753924,436.934947968,0.132342408));
#2312=CARTESIAN_POINT('',(15.731370077,442.091077566,5.760149099));
#2313=CARTESIAN_POINT('',(11.316753924,436.934947968,0.132342408));
#2314=DIRECTION('',(0.831292642,-0.530432425,-0.166114377));
#2315=DIRECTION('',(0.537905823,0.843004938,0.));
#2316=AXIS2_PLACEMENT_3D('',#2313,#2314,#2315);
#2317=PLANE('',#2316);
#2318=POLY_LOOP('',(#2311,#2020,#2312));
#2319=FACE_OUTER_BOUND('',#2318,.T.);
#2320=FACE_SURFACE('',(#2319),#2317,.T.);
#2321=CARTESIAN_POINT('',(119.467586279,461.980521679,-2.41490826));
#2322=DIRECTION('',(0.812488287,-0.338457466,-0.474667596));
#2323=DIRECTION('',(0.504438716,0.,0.863447498));
#2324=AXIS2_PLACEMENT_3D('',#2321,#2322,#2323);
#2325=PLANE('',#2324);
#2326=POLY_LOOP('',(#1018,#1020,#1296));
#2327=FACE_OUTER_BOUND('',#2326,.T.);
#2328=FACE_SURFACE('',(#2327),#2325,.T.);
#2329=CARTESIAN_POINT('',(23.689148948,235.749229789,12.529790401));
#2330=CARTESIAN_POINT('',(46.023581177,253.62187624,12.458177283));
#2331=CARTESIAN_POINT('',(30.364943668,249.98781085,11.247183196));
#2332=CARTESIAN_POINT('',(23.689148948,235.749229789,12.529790401));
#2333=DIRECTION('',(-0.108502348,0.139532996,0.984254938));
#2334=DIRECTION('',(0.,0.9901003,-0.140361665));
#2335=AXIS2_PLACEMENT_3D('',#2332,#2333,#2334);
#2336=PLANE('',#2335);
#2337=POLY_LOOP('',(#2329,#2330,#2331));
#2338=FACE_OUTER_BOUND('',#2337,.T.);
#2339=FACE_SURFACE('',(#2338),#2336,.T.);
#2340=CARTESIAN_POINT('',(45.970790088,241.843849421,-9.947450832));
#2341=CARTESIAN_POINT('',(47.19734937,237.487897277,-3.523952793));
#2342=CARTESIAN_POINT('',(38.129646331,236.033141613,-8.662595414));
#2343=CARTESIAN_POINT('',(45.970790088,241.843849421,-9.947450832));
#2344=DIRECTION('',(0.431404697,-0.706267864,-0.561316035));
#2345=DIRECTION('',(0.,0.622192248,-0.782864488));
#2346=AXIS2_PLACEMENT_3D('',#2343,#2344,#2345);
#2347=PLANE('',#2346);
#2348=POLY_LOOP('',(#2340,#2341,#2342));
#2349=FACE_OUTER_BOUND('',#2348,.T.);
#2350=FACE_SURFACE('',(#2349),#2347,.T.);
#2351=CARTESIAN_POINT('',(89.483201504,450.005620718,-12.586919591));
#2352=CARTESIAN_POINT('',(110.874041915,463.17204833,-12.155290693));
#2353=CARTESIAN_POINT('',(96.95995599,448.095560074,-11.489963159));
#2354=DIRECTION('',(0.107830085,-0.142933381,-0.983840801));
#2355=DIRECTION('',(0.,-0.989610887,0.143771665));
#2356=AXIS2_PLACEMENT_3D('',#2353,#2354,#2355);
#2357=PLANE('',#2356);
#2358=POLY_LOOP('',(#2206,#2351,#2352));
#2359=FACE_OUTER_BOUND('',#2358,.T.);
#2360=FACE_SURFACE('',(#2359),#2357,.T.);
#2361=CARTESIAN_POINT('',(209.324970841,248.311683536,-12.507251464));
#2362=DIRECTION('',(0.123182726,-0.124858726,-0.984498001));
#2363=DIRECTION('',(-0.,-0.992053474,0.125816947));
#2364=AXIS2_PLACEMENT_3D('',#2361,#2362,#2363);
#2365=PLANE('',#2364);
#2366=POLY_LOOP('',(#2076,#631,#1790));
#2367=FACE_OUTER_BOUND('',#2366,.T.);
#2368=FACE_SURFACE('',(#2367),#2365,.T.);
#2369=CARTESIAN_POINT('',(205.950155854,386.804610491,-3.964932635));
#2370=CARTESIAN_POINT('',(205.572426319,389.055967331,-7.295648102));
#2371=CARTESIAN_POINT('',(211.170762777,385.511279106,-8.38212017));
#2372=DIRECTION('',(-0.541328041,-0.723809552,-0.427859422));
#2373=DIRECTION('',(-0.80081133,0.5989167,-0.));
#2374=AXIS2_PLACEMENT_3D('',#2371,#2372,#2373);
#2375=PLANE('',#2374);
#2376=POLY_LOOP('',(#289,#2369,#2370));
#2377=FACE_OUTER_BOUND('',#2376,.T.);
#2378=FACE_SURFACE('',(#2377),#2375,.T.);
#2379=CARTESIAN_POINT('',(20.535770804,403.05736661,-7.625215221));
#2380=CARTESIAN_POINT('',(15.982320532,404.909968376,-3.803970059));
#2381=CARTESIAN_POINT('',(24.076215923,396.639347076,-3.721205052));
#2382=CARTESIAN_POINT('',(20.535770804,403.05736661,-7.625215221));
#2383=DIRECTION('',(0.634858436,0.62582701,0.453095266));
#2384=DIRECTION('',(-0.702023124,0.71215415,0.));
#2385=AXIS2_PLACEMENT_3D('',#2382,#2383,#2384);
#2386=PLANE('',#2385);
#2387=POLY_LOOP('',(#2379,#2380,#2381));
#2388=FACE_OUTER_BOUND('',#2387,.T.);
#2389=FACE_SURFACE('',(#2388),#2386,.T.);
#2390=CARTESIAN_POINT('',(121.99613452,580.999851227,-5.566464271));
#2391=DIRECTION('',(-0.606940961,0.000166586,0.794746904));
#2392=DIRECTION('',(0.794746915,0.,0.60694097));
#2393=AXIS2_PLACEMENT_3D('',#2390,#2391,#2392);
#2394=PLANE('',#2393);
#2395=POLY_LOOP('',(#1974,#1811,#1810));
#2396=FACE_OUTER_BOUND('',#2395,.T.);
#2397=FACE_SURFACE('',(#2396),#2394,.T.);
#2398=CARTESIAN_POINT('',(34.131675959,333.693355322,-10.337368585));
#2399=CARTESIAN_POINT('',(32.828647643,325.003564358,-9.849609807));
#2400=DIRECTION('',(0.771473089,-0.15038344,-0.618234659));
#2401=DIRECTION('',(0.625346256,-0.,0.780347397));
#2402=AXIS2_PLACEMENT_3D('',#2399,#2400,#2401);
#2403=PLANE('',#2402);
#2404=POLY_LOOP('',(#2104,#2398,#2105));
#2405=FACE_OUTER_BOUND('',#2404,.T.);
#2406=FACE_SURFACE('',(#2405),#2403,.T.);
#2407=CARTESIAN_POINT('',(119.056105614,464.62264657,-1.256132964));
#2408=CARTESIAN_POINT('',(119.056105614,464.62264657,-1.256132964));
#2409=DIRECTION('',(-0.798206169,0.574017435,-0.182677027));
#2410=DIRECTION('',(-0.583841754,-0.811867481,0.));
#2411=AXIS2_PLACEMENT_3D('',#2408,#2409,#2410);
#2412=PLANE('',#2411);
#2413=POLY_LOOP('',(#2407,#535,#400));
#2414=FACE_OUTER_BOUND('',#2413,.T.);
#2415=FACE_SURFACE('',(#2414),#2412,.T.);
#2416=CARTESIAN_POINT('',(203.913643956,338.481724262,5.184028763));
#2417=DIRECTION('',(0.188258067,-0.743999012,0.641111824));
#2418=DIRECTION('',(0.,-0.652783863,-0.757544209));
#2419=AXIS2_PLACEMENT_3D('',#2416,#2417,#2418);
#2420=PLANE('',#2419);
#2421=POLY_LOOP('',(#197,#2224,#2135));
#2422=FACE_OUTER_BOUND('',#2421,.T.);
#2423=FACE_SURFACE('',(#2422),#2420,.T.);
#2424=CARTESIAN_POINT('',(102.914452553,187.139749527,0.509511156));
#2425=CARTESIAN_POINT('',(104.538924992,187.709271908,4.260256421));
#2426=CARTESIAN_POINT('',(102.914452553,187.139749527,0.509511156));
#2427=DIRECTION('',(-0.005418374,-0.988302047,0.152412946));
#2428=DIRECTION('',(0.,-0.152415183,-0.988316555));
#2429=AXIS2_PLACEMENT_3D('',#2426,#2427,#2428);
#2430=PLANE('',#2429);
#2431=POLY_LOOP('',(#2424,#2425,#65));
#2432=FACE_OUTER_BOUND('',#2431,.T.);
#2433=FACE_SURFACE('',(#2432),#2430,.T.);
#2434=CARTESIAN_POINT('',(28.563855216,350.155264139,7.316823583));
#2435=DIRECTION('',(0.361589559,-0.349286652,-0.864437288));
#2436=DIRECTION('',(-0.922542798,0.,-0.385894787));
#2437=AXIS2_PLACEMENT_3D('',#2434,#2435,#2436);
#2438=PLANE('',#2437);
#2439=POLY_LOOP('',(#227,#127,#1690));
#2440=FACE_OUTER_BOUND('',#2439,.T.);
#2441=FACE_SURFACE('',(#2440),#2438,.T.);
#2442=CARTESIAN_POINT('',(237.856119871,277.768462896,-1.069716527));
#2443=CARTESIAN_POINT('',(236.16309464,264.098197222,0.059602964));
#2444=CARTESIAN_POINT('',(235.918790102,269.708782434,-6.513921544));
#2445=DIRECTION('',(0.979511901,-0.133747761,-0.150558869));
#2446=DIRECTION('',(0.151923843,-0.,0.988392203));
#2447=AXIS2_PLACEMENT_3D('',#2444,#2445,#2446);
#2448=PLANE('',#2447);
#2449=POLY_LOOP('',(#632,#2442,#2443));
#2450=FACE_OUTER_BOUND('',#2449,.T.);
#2451=FACE_SURFACE('',(#2450),#2448,.T.);
#2452=CARTESIAN_POINT('',(206.784293056,303.123831749,-10.124257766));
#2453=CARTESIAN_POINT('',(206.784293056,303.123831749,-10.124257766));
#2454=DIRECTION('',(-0.171725179,-0.586736083,0.791360368));
#2455=DIRECTION('',(0.,0.803293376,0.595583539));
#2456=AXIS2_PLACEMENT_3D('',#2453,#2454,#2455);
#2457=PLANE('',#2456);
#2458=POLY_LOOP('',(#2452,#2085,#2272));
#2459=FACE_OUTER_BOUND('',#2458,.T.);
#2460=FACE_SURFACE('',(#2459),#2457,.T.);
#2461=CARTESIAN_POINT('',(206.949606538,385.623365641,1.196027151));
#2462=CARTESIAN_POINT('',(206.949606538,385.623365641,1.196027151));
#2463=DIRECTION('',(-0.714924678,-0.698870577,-0.021508657));
#2464=DIRECTION('',(0.699032289,-0.715090105,-0.));
#2465=AXIS2_PLACEMENT_3D('',#2462,#2463,#2464);
#2466=PLANE('',#2465);
#2467=POLY_LOOP('',(#2461,#2369,#741));
#2468=FACE_OUTER_BOUND('',#2467,.T.);
#2469=FACE_SURFACE('',(#2468),#2466,.T.);
#2470=CARTESIAN_POINT('',(233.060643077,376.413822174,-10.300323367));
#2471=CARTESIAN_POINT('',(227.301552892,359.988391399,-11.306012049));
#2472=DIRECTION('',(0.399355178,-0.08412569,-0.912928425));
#2473=DIRECTION('',(-0.916176131,0.,-0.400775868));
#2474=AXIS2_PLACEMENT_3D('',#2471,#2472,#2473);
#2475=PLANE('',#2474);
#2476=POLY_LOOP('',(#990,#989,#2470));
#2477=FACE_OUTER_BOUND('',#2476,.T.);
#2478=FACE_SURFACE('',(#2477),#2475,.T.);
#2479=CARTESIAN_POINT('',(20.939698443,306.417614222,-5.77722583));
#2480=DIRECTION('',(0.785662191,0.603209208,0.137381119));
#2481=DIRECTION('',(-0.60898343,0.793182944,-0.));
#2482=AXIS2_PLACEMENT_3D('',#2479,#2480,#2481);
#2483=PLANE('',#2482);
#2484=POLY_LOOP('',(#1613,#1612,#1622));
#2485=FACE_OUTER_BOUND('',#2484,.T.);
#2486=FACE_SURFACE('',(#2485),#2483,.T.);
#2487=CARTESIAN_POINT('',(132.514610887,170.309171081,-10.519318283));
#2488=DIRECTION('',(-0.115851664,-0.004198424,0.993257653));
#2489=DIRECTION('',(0.993266407,-0.,0.115852685));
#2490=AXIS2_PLACEMENT_3D('',#2487,#2488,#2489);
#2491=PLANE('',#2490);
#2492=POLY_LOOP('',(#2185,#1867,#1421));
#2493=FACE_OUTER_BOUND('',#2492,.T.);
#2494=FACE_SURFACE('',(#2493),#2491,.T.);
#2495=CARTESIAN_POINT('',(44.307459146,293.165236712,-10.458403267));
#2496=CARTESIAN_POINT('',(44.307459146,293.165236712,-10.458403267));
#2497=DIRECTION('',(-0.222338863,-0.532582553,-0.816652468));
#2498=DIRECTION('',(0.,-0.83761852,0.546255631));
#2499=AXIS2_PLACEMENT_3D('',#2496,#2497,#2498);
#2500=PLANE('',#2499);
#2501=POLY_LOOP('',(#2495,#1167,#1168));
#2502=FACE_OUTER_BOUND('',#2501,.T.);
#2503=FACE_SURFACE('',(#2502),#2500,.T.);
#2504=CARTESIAN_POINT('',(24.513859302,297.647088766,3.473925404));
#2505=CARTESIAN_POINT('',(27.011251077,300.5669415,9.52622015));
#2506=DIRECTION('',(-0.630483421,-0.564669645,0.532577551));
#2507=DIRECTION('',(0.667157587,-0.744916609,-0.));
#2508=AXIS2_PLACEMENT_3D('',#2505,#2506,#2507);
#2509=PLANE('',#2508);
#2510=POLY_LOOP('',(#2233,#1907,#2504));
#2511=FACE_OUTER_BOUND('',#2510,.T.);
#2512=FACE_SURFACE('',(#2511),#2509,.T.);
#2513=CARTESIAN_POINT('',(25.07664822,311.76802516,12.268615887));
#2514=CARTESIAN_POINT('',(25.07664822,311.76802516,12.268615887));
#2515=DIRECTION('',(-0.356598483,-0.279826229,0.891366818));
#2516=DIRECTION('',(0.9284581,-0.,0.37143715));
#2517=AXIS2_PLACEMENT_3D('',#2514,#2515,#2516);
#2518=PLANE('',#2517);
#2519=POLY_LOOP('',(#2513,#1632,#2233));
#2520=FACE_OUTER_BOUND('',#2519,.T.);
#2521=FACE_SURFACE('',(#2520),#2518,.T.);
#2522=CARTESIAN_POINT('',(34.930724651,318.87358427,9.047390893));
#2523=CARTESIAN_POINT('',(34.189626575,326.087713242,8.24304577));
#2524=DIRECTION('',(0.543328179,0.147953327,0.826380241));
#2525=DIRECTION('',(0.835576306,0.,-0.549374405));
#2526=AXIS2_PLACEMENT_3D('',#2523,#2524,#2525);
#2527=PLANE('',#2526);
#2528=POLY_LOOP('',(#2262,#2263,#2522));
#2529=FACE_OUTER_BOUND('',#2528,.T.);
#2530=FACE_SURFACE('',(#2529),#2527,.T.);
#2531=CARTESIAN_POINT('',(38.499798626,319.812566042,0.184221819));
#2532=CARTESIAN_POINT('',(37.484835833,319.842040539,4.6502552));
#2533=CARTESIAN_POINT('',(41.058104485,315.40197134,4.339928273));
#2534=CARTESIAN_POINT('',(38.499798626,319.812566042,0.184221819));
#2535=DIRECTION('',(0.773305749,0.610337615,0.171715503));
#2536=DIRECTION('',(-0.619539901,0.784965165,0.));
#2537=AXIS2_PLACEMENT_3D('',#2534,#2535,#2536);
#2538=PLANE('',#2537);
#2539=POLY_LOOP('',(#2531,#2532,#2533));
#2540=FACE_OUTER_BOUND('',#2539,.T.);
#2541=FACE_SURFACE('',(#2540),#2538,.T.);
#2542=CARTESIAN_POINT('',(42.042478919,315.207719803,-1.750974334));
#2543=CARTESIAN_POINT('',(42.042478919,315.207719803,-1.750974334));
#2544=DIRECTION('',(0.809842542,0.575755469,0.112519762));
#2545=DIRECTION('',(-0.579435179,0.815018327,0.));
#2546=AXIS2_PLACEMENT_3D('',#2543,#2544,#2545);
#2547=PLANE('',#2546);
#2548=POLY_LOOP('',(#2542,#2531,#2533));
#2549=FACE_OUTER_BOUND('',#2548,.T.);
#2550=FACE_SURFACE('',(#2549),#2547,.T.);
#2551=CARTESIAN_POINT('',(47.213803977,312.6039505,-1.733566402));
#2552=CARTESIAN_POINT('',(46.661190689,312.244385481,4.070543218));
#2553=CARTESIAN_POINT('',(47.213803977,312.6039505,-1.733566402));
#2554=DIRECTION('',(0.447301559,0.889034939,0.097663671));
#2555=DIRECTION('',(0.893305406,-0.449450166,0.));
#2556=AXIS2_PLACEMENT_3D('',#2553,#2554,#2555);
#2557=PLANE('',#2556);
#2558=POLY_LOOP('',(#2551,#2542,#2552));
#2559=FACE_OUTER_BOUND('',#2558,.T.);
#2560=FACE_SURFACE('',(#2559),#2557,.T.);
#2561=CARTESIAN_POINT('',(142.800837755,179.375484586,-1.963991672));
#2562=CARTESIAN_POINT('',(142.800837755,179.375484586,-1.963991672));
#2563=DIRECTION('',(-0.763545911,-0.317430752,0.562348077));
#2564=DIRECTION('',(-0.593018111,0.,-0.80518912));
#2565=AXIS2_PLACEMENT_3D('',#2562,#2563,#2564);
#2566=PLANE('',#2565);
#2567=POLY_LOOP('',(#2561,#1422,#1421));
#2568=FACE_OUTER_BOUND('',#2567,.T.);
#2569=FACE_SURFACE('',(#2568),#2566,.T.);
#2570=CARTESIAN_POINT('',(39.994653314,442.140638828,-10.370980948));
#2571=CARTESIAN_POINT('',(40.610138327,438.060551882,-6.200789008));
#2572=CARTESIAN_POINT('',(39.994653314,442.140638828,-10.370980948));
#2573=DIRECTION('',(0.004328128,-0.714460693,-0.699662194));
#2574=DIRECTION('',(0.,0.699668748,-0.714467384));
#2575=AXIS2_PLACEMENT_3D('',#2572,#2573,#2574);
#2576=PLANE('',#2575);
#2577=POLY_LOOP('',(#2570,#1896,#2571));
#2578=FACE_OUTER_BOUND('',#2577,.T.);
#2579=FACE_SURFACE('',(#2578),#2576,.T.);
#2580=CARTESIAN_POINT('',(132.674917579,176.707968116,10.838217102));
#2581=CARTESIAN_POINT('',(133.869707584,143.999993801,10.544981807));
#2582=CARTESIAN_POINT('',(127.332687378,168.692588806,8.08265619));
#2583=CARTESIAN_POINT('',(132.674917579,176.707968116,10.838217102));
#2584=DIRECTION('',(0.429858364,0.023794185,-0.902582752));
#2585=DIRECTION('',(-0.902838365,-0.,-0.4299801));
#2586=AXIS2_PLACEMENT_3D('',#2583,#2584,#2585);
#2587=PLANE('',#2586);
#2588=POLY_LOOP('',(#2580,#2581,#2582));
#2589=FACE_OUTER_BOUND('',#2588,.T.);
#2590=FACE_SURFACE('',(#2589),#2587,.T.);
#2591=CARTESIAN_POINT('',(84.126092494,457.751244307,9.899100289));
#2592=CARTESIAN_POINT('',(88.639140129,453.476637602,12.162264436));
#2593=CARTESIAN_POINT('',(84.126092494,457.751244307,9.899100289));
#2594=DIRECTION('',(-0.173453949,0.311517087,0.934275565));
#2595=DIRECTION('',(-0.,0.9486553,-0.316311747));
#2596=AXIS2_PLACEMENT_3D('',#2593,#2594,#2595);
#2597=PLANE('',#2596);
#2598=POLY_LOOP('',(#2591,#2592,#1083));
#2599=FACE_OUTER_BOUND('',#2598,.T.);
#2600=FACE_SURFACE('',(#2599),#2597,.T.);
#2601=CARTESIAN_POINT('',(46.260017902,311.237126589,-6.306819618));
#2602=CARTESIAN_POINT('',(46.260017902,311.237126589,-6.306819618));
#2603=DIRECTION('',(-0.001096139,0.705887711,-0.708322905));
#2604=DIRECTION('',(0.,-0.708323331,-0.705888135));
#2605=AXIS2_PLACEMENT_3D('',#2602,#2603,#2604);
#2606=PLANE('',#2605);
#2607=POLY_LOOP('',(#2601,#2175,#2174));
#2608=FACE_OUTER_BOUND('',#2607,.T.);
#2609=FACE_SURFACE('',(#2608),#2606,.T.);
#2610=CARTESIAN_POINT('',(208.529919386,354.746818542,9.947120212));
#2611=CARTESIAN_POINT('',(207.013055682,347.255825996,10.414613411));
#2612=CARTESIAN_POINT('',(208.529919386,354.746818542,9.947120212));
#2613=DIRECTION('',(-0.003100548,-0.061660492,-0.998092366));
#2614=DIRECTION('',(0.,-0.998097163,0.061660788));
#2615=AXIS2_PLACEMENT_3D('',#2612,#2613,#2614);
#2616=PLANE('',#2615);
#2617=POLY_LOOP('',(#2610,#2611,#349));
#2618=FACE_OUTER_BOUND('',#2617,.T.);
#2619=FACE_SURFACE('',(#2618),#2616,.T.);
#2620=CARTESIAN_POINT('',(222.590714693,358.027845621,10.732213035));
#2621=DIRECTION('',(-0.280170482,0.430458665,-0.858026712));
#2622=DIRECTION('',(-0.,-0.893824137,-0.448417677));
#2623=AXIS2_PLACEMENT_3D('',#2620,#2621,#2622);
#2624=PLANE('',#2623);
#2625=POLY_LOOP('',(#2154,#206,#2611));
#2626=FACE_OUTER_BOUND('',#2625,.T.);
#2627=FACE_SURFACE('',(#2626),#2624,.T.);
#2628=CARTESIAN_POINT('',(221.306160092,278.168857098,9.894468822));
#2629=CARTESIAN_POINT('',(215.687394142,290.300518274,10.027316399));
#2630=CARTESIAN_POINT('',(221.306160092,278.168857098,9.894468822));
#2631=DIRECTION('',(0.56908622,0.272068854,-0.775963539));
#2632=DIRECTION('',(-0.806382055,0.,-0.591394946));
#2633=AXIS2_PLACEMENT_3D('',#2630,#2631,#2632);
#2634=PLANE('',#2633);
#2635=POLY_LOOP('',(#2628,#791,#2629));
#2636=FACE_OUTER_BOUND('',#2635,.T.);
#2637=FACE_SURFACE('',(#2636),#2634,.T.);
#2638=CARTESIAN_POINT('',(223.030045629,275.547534227,-12.433619238));
#2639=CARTESIAN_POINT('',(218.116566539,263.563245535,-11.790317483));
#2640=DIRECTION('',(-0.064282403,-0.027192488,-0.997561197));
#2641=DIRECTION('',(-0.997930215,0.,0.064306182));
#2642=AXIS2_PLACEMENT_3D('',#2639,#2640,#2641);
#2643=PLANE('',#2642);
#2644=POLY_LOOP('',(#2075,#2638,#631));
#2645=FACE_OUTER_BOUND('',#2644,.T.);
#2646=FACE_SURFACE('',(#2645),#2643,.T.);
#2647=CARTESIAN_POINT('',(200.839579105,387.170732021,-0.557710708));
#2648=CARTESIAN_POINT('',(205.950155854,386.804610491,-3.964932635));
#2649=DIRECTION('',(-0.38135451,-0.785368442,-0.487611677));
#2650=DIRECTION('',(0.,0.52747344,-0.849571521));
#2651=AXIS2_PLACEMENT_3D('',#2648,#2649,#2650);
#2652=PLANE('',#2651);
#2653=POLY_LOOP('',(#2369,#2647,#2370));
#2654=FACE_OUTER_BOUND('',#2653,.T.);
#2655=FACE_SURFACE('',(#2654),#2652,.T.);
#2656=CARTESIAN_POINT('',(14.881329611,412.199795246,-7.313883398));
#2657=CARTESIAN_POINT('',(15.982320532,404.909968376,-3.803970059));
#2658=DIRECTION('',(0.679244047,0.399127903,0.615893206));
#2659=DIRECTION('',(-0.671715989,0.,0.740808768));
#2660=AXIS2_PLACEMENT_3D('',#2657,#2658,#2659);
#2661=PLANE('',#2660);
#2662=POLY_LOOP('',(#2380,#2379,#2656));
#2663=FACE_OUTER_BOUND('',#2662,.T.);
#2664=FACE_SURFACE('',(#2663),#2661,.T.);
#2665=CARTESIAN_POINT('',(215.177997947,275.191247463,-3.639949951));
#2666=CARTESIAN_POINT('',(213.818371296,266.785591841,-5.43290982));
#2667=CARTESIAN_POINT('',(218.560054898,273.891478777,-8.200793527));
#2668=CARTESIAN_POINT('',(215.177997947,275.191247463,-3.639949951));
#2669=DIRECTION('',(0.741390311,-0.252541031,0.621742257));
#2670=DIRECTION('',(-0.642570415,-0.,0.766226639));
#2671=AXIS2_PLACEMENT_3D('',#2668,#2669,#2670);
#2672=PLANE('',#2671);
#2673=POLY_LOOP('',(#2665,#2666,#2667));
#2674=FACE_OUTER_BOUND('',#2673,.T.);
#2675=FACE_SURFACE('',(#2674),#2672,.T.);
#2676=CARTESIAN_POINT('',(216.751486063,353.900909424,-12.552524917));
#2677=DIRECTION('',(0.262374353,-0.264701265,-0.927950936));
#2678=DIRECTION('',(0.,-0.961640905,0.274311447));
#2679=AXIS2_PLACEMENT_3D('',#2676,#2677,#2678);
#2680=PLANE('',#2679);
#2681=POLY_LOOP('',(#612,#990,#1727));
#2682=FACE_OUTER_BOUND('',#2681,.T.);
#2683=FACE_SURFACE('',(#2682),#2680,.T.);
#2684=CARTESIAN_POINT('',(225.204691291,348.243266344,-5.08728344));
#2685=CARTESIAN_POINT('',(216.515406966,342.175900936,-5.24399057));
#2686=CARTESIAN_POINT('',(218.458786607,347.644388676,-10.285098106));
#2687=DIRECTION('',(0.48457051,-0.679750082,-0.550573561));
#2688=DIRECTION('',(0.,0.629405171,-0.777077301));
#2689=AXIS2_PLACEMENT_3D('',#2686,#2687,#2688);
#2690=PLANE('',#2689);
#2691=POLY_LOOP('',(#1727,#2684,#2685));
#2692=FACE_OUTER_BOUND('',#2691,.T.);
#2693=FACE_SURFACE('',(#2692),#2690,.T.);
#2694=CARTESIAN_POINT('',(137.513831258,190.143674612,-5.971033592));
#2695=CARTESIAN_POINT('',(130.898341537,200.369670987,0.937643694));
#2696=CARTESIAN_POINT('',(137.513831258,190.143674612,-5.971033592));
#2697=DIRECTION('',(0.732641935,0.636614207,-0.240744982));
#2698=DIRECTION('',(-0.655905432,0.754843073,0.));
#2699=AXIS2_PLACEMENT_3D('',#2696,#2697,#2698);
#2700=PLANE('',#2699);
#2701=POLY_LOOP('',(#2694,#2695,#668));
#2702=FACE_OUTER_BOUND('',#2701,.T.);
#2703=FACE_SURFACE('',(#2702),#2700,.T.);
#2704=CARTESIAN_POINT('',(211.613893509,391.364991665,-11.596349999));
#2705=CARTESIAN_POINT('',(225.968644023,382.990092039,-12.572699226));
#2706=CARTESIAN_POINT('',(218.516469002,385.474830866,-11.980237439));
#2707=DIRECTION('',(-0.094298925,-0.045691685,-0.994494838));
#2708=DIRECTION('',(-0.995534585,-0.,0.094397515));
#2709=AXIS2_PLACEMENT_3D('',#2706,#2707,#2708);
#2710=PLANE('',#2709);
#2711=POLY_LOOP('',(#290,#2704,#2705));
#2712=FACE_OUTER_BOUND('',#2711,.T.);
#2713=FACE_SURFACE('',(#2712),#2710,.T.);
#2714=CARTESIAN_POINT('',(206.677079201,400.113105774,-12.515819632));
#2715=CARTESIAN_POINT('',(216.07363224,399.502396584,-12.078865431));
#2716=CARTESIAN_POINT('',(225.968644023,382.990092039,-12.572699226));
#2717=DIRECTION('',(0.050254135,0.059930237,-0.996936753));
#2718=DIRECTION('',(0.,-0.998198013,-0.060006057));
#2719=AXIS2_PLACEMENT_3D('',#2716,#2717,#2718);
#2720=PLANE('',#2719);
#2721=POLY_LOOP('',(#2705,#2714,#2715));
#2722=FACE_OUTER_BOUND('',#2721,.T.);
#2723=FACE_SURFACE('',(#2722),#2720,.T.);
#2724=CARTESIAN_POINT('',(35.093180835,291.35119915,-5.544455722));
#2725=CARTESIAN_POINT('',(35.093180835,291.35119915,-5.544455722));
#2726=DIRECTION('',(-0.255733599,-0.646956776,-0.718364292));
#2727=DIRECTION('',(0.,-0.743073499,0.669209814));
#2728=AXIS2_PLACEMENT_3D('',#2725,#2726,#2727);
#2729=PLANE('',#2728);
#2730=POLY_LOOP('',(#2724,#1167,#2495));
#2731=FACE_OUTER_BOUND('',#2730,.T.);
#2732=FACE_SURFACE('',(#2731),#2729,.T.);
#2733=CARTESIAN_POINT('',(33.70917961,301.789313555,12.394401245));
#2734=CARTESIAN_POINT('',(33.70917961,301.789313555,12.394401245));
#2735=DIRECTION('',(-0.334744874,-0.278237502,0.900294264));
#2736=DIRECTION('',(0.937306328,0.,0.348506595));
#2737=AXIS2_PLACEMENT_3D('',#2734,#2735,#2736);
#2738=PLANE('',#2737);
#2739=POLY_LOOP('',(#2733,#2513,#2233));
#2740=FACE_OUTER_BOUND('',#2739,.T.);
#2741=FACE_SURFACE('',(#2740),#2738,.T.);
#2742=CARTESIAN_POINT('',(27.859624475,414.486080408,11.396182701));
#2743=CARTESIAN_POINT('',(35.450782627,413.016676903,7.798815612));
#2744=CARTESIAN_POINT('',(31.512130052,417.540162802,8.244928904));
#2745=CARTESIAN_POINT('',(27.859624475,414.486080408,11.396182701));
#2746=DIRECTION('',(0.455537565,0.314509078,0.832808241));
#2747=DIRECTION('',(0.877328758,0.,-0.479889831));
#2748=AXIS2_PLACEMENT_3D('',#2745,#2746,#2747);
#2749=PLANE('',#2748);
#2750=POLY_LOOP('',(#2742,#2743,#2744));
#2751=FACE_OUTER_BOUND('',#2750,.T.);
#2752=FACE_SURFACE('',(#2751),#2749,.T.);
#2753=CARTESIAN_POINT('',(38.294319063,312.335133553,10.002075695));
#2754=CARTESIAN_POINT('',(37.484835833,319.842040539,4.6502552));
#2755=DIRECTION('',(0.725903213,0.449447038,0.52063604));
#2756=DIRECTION('',(-0.58281873,0.,0.812602195));
#2757=AXIS2_PLACEMENT_3D('',#2754,#2755,#2756);
#2758=PLANE('',#2757);
#2759=POLY_LOOP('',(#2532,#2522,#2753));
#2760=FACE_OUTER_BOUND('',#2759,.T.);
#2761=FACE_SURFACE('',(#2760),#2758,.T.);
#2762=CARTESIAN_POINT('',(32.867547125,312.29019165,11.988963932));
#2763=CARTESIAN_POINT('',(34.930724651,318.87358427,9.047390893));
#2764=DIRECTION('',(0.558749173,0.186013623,0.808206839));
#2765=DIRECTION('',(0.822562893,0.,-0.568674149));
#2766=AXIS2_PLACEMENT_3D('',#2763,#2764,#2765);
#2767=PLANE('',#2766);
#2768=POLY_LOOP('',(#2522,#2263,#2762));
#2769=FACE_OUTER_BOUND('',#2768,.T.);
#2770=FACE_SURFACE('',(#2769),#2767,.T.);
#2771=CARTESIAN_POINT('',(41.058104485,315.40197134,4.339928273));
#2772=DIRECTION('',(0.653157342,0.485003138,0.581513063));
#2773=DIRECTION('',(-0.664956902,0.,0.74688173));
#2774=AXIS2_PLACEMENT_3D('',#2771,#2772,#2773);
#2775=PLANE('',#2774);
#2776=POLY_LOOP('',(#2533,#2532,#2753));
#2777=FACE_OUTER_BOUND('',#2776,.T.);
#2778=FACE_SURFACE('',(#2777),#2775,.T.);
#2779=CARTESIAN_POINT('',(42.042478919,315.207719803,-1.750974334));
#2780=DIRECTION('',(0.492182253,0.868947745,0.051830937));
#2781=DIRECTION('',(0.870117293,-0.492844699,0.));
#2782=AXIS2_PLACEMENT_3D('',#2779,#2780,#2781);
#2783=PLANE('',#2782);
#2784=POLY_LOOP('',(#2542,#2533,#2552));
#2785=FACE_OUTER_BOUND('',#2784,.T.);
#2786=FACE_SURFACE('',(#2785),#2783,.T.);
#2787=CARTESIAN_POINT('',(202.773690224,312.526226044,2.305694856));
#2788=CARTESIAN_POINT('',(46.661190689,312.244385481,4.070543218));
#2789=DIRECTION('',(-0.001104105,0.998092473,0.06172678));
#2790=DIRECTION('',(0.,-0.061726818,0.998093082));
#2791=AXIS2_PLACEMENT_3D('',#2788,#2789,#2790);
#2792=PLANE('',#2791);
#2793=POLY_LOOP('',(#2552,#2787,#2551));
#2794=FACE_OUTER_BOUND('',#2793,.T.);
#2795=FACE_SURFACE('',(#2794),#2792,.T.);
#2796=CARTESIAN_POINT('',(222.385331988,278.503239155,-10.216998868));
#2797=CARTESIAN_POINT('',(215.236365795,282.632291317,-7.109493017));
#2798=CARTESIAN_POINT('',(218.560054898,273.891478777,-8.200793527));
#2799=DIRECTION('',(0.420885841,0.046939154,0.905898352));
#2800=DIRECTION('',(0.90689798,0.,-0.421350274));
#2801=AXIS2_PLACEMENT_3D('',#2798,#2799,#2800);
#2802=PLANE('',#2801);
#2803=POLY_LOOP('',(#2667,#2796,#2797));
#2804=FACE_OUTER_BOUND('',#2803,.T.);
#2805=FACE_SURFACE('',(#2804),#2802,.T.);
#2806=CARTESIAN_POINT('',(204.243957996,294.687449932,11.60989888));
#2807=CARTESIAN_POINT('',(218.12286973,289.403289557,12.205022387));
#2808=DIRECTION('',(-0.194708194,-0.411106026,0.890550703));
#2809=DIRECTION('',(0.,0.907927331,0.419127621));
#2810=AXIS2_PLACEMENT_3D('',#2807,#2808,#2809);
#2811=PLANE('',#2810);
#2812=POLY_LOOP('',(#1591,#2806,#1592));
#2813=FACE_OUTER_BOUND('',#2812,.T.);
#2814=FACE_SURFACE('',(#2813),#2811,.T.);
#2815=CARTESIAN_POINT('',(220.761448145,372.122526169,9.763800539));
#2816=CARTESIAN_POINT('',(217.268064618,361.631423235,10.076326318));
#2817=CARTESIAN_POINT('',(220.761448145,372.122526169,9.763800539));
#2818=DIRECTION('',(0.113248904,-0.067240323,-0.99128877));
#2819=DIRECTION('',(-0.993537335,-0.,-0.113505789));
#2820=AXIS2_PLACEMENT_3D('',#2817,#2818,#2819);
#2821=PLANE('',#2820);
#2822=POLY_LOOP('',(#2815,#895,#2816));
#2823=FACE_OUTER_BOUND('',#2822,.T.);
#2824=FACE_SURFACE('',(#2823),#2821,.T.);
#2825=CARTESIAN_POINT('',(41.401423514,438.89310956,2.580362605));
#2826=CARTESIAN_POINT('',(35.950679332,435.980170965,2.530946629));
#2827=CARTESIAN_POINT('',(41.052758694,441.932111979,7.854196243));
#2828=CARTESIAN_POINT('',(41.401423514,438.89310956,2.580362605));
#2829=DIRECTION('',(-0.411316543,0.777727079,-0.475351756));
#2830=DIRECTION('',(-0.,0.521509196,0.853245661));
#2831=AXIS2_PLACEMENT_3D('',#2828,#2829,#2830);
#2832=PLANE('',#2831);
#2833=POLY_LOOP('',(#2825,#2826,#2827));
#2834=FACE_OUTER_BOUND('',#2833,.T.);
#2835=FACE_SURFACE('',(#2834),#2832,.T.);
#2836=CARTESIAN_POINT('',(204.721182585,362.862557173,1.868032268));
#2837=CARTESIAN_POINT('',(202.775105834,362.179547548,-4.203737248));
#2838=CARTESIAN_POINT('',(204.721182585,362.862557173,1.868032268));
#2839=DIRECTION('',(-0.510284731,0.857383391,0.067105996));
#2840=DIRECTION('',(0.859320426,0.511437587,-0.));
#2841=AXIS2_PLACEMENT_3D('',#2838,#2839,#2840);
#2842=PLANE('',#2841);
#2843=POLY_LOOP('',(#2836,#752,#2837));
#2844=FACE_OUTER_BOUND('',#2843,.T.);
#2845=FACE_SURFACE('',(#2844),#2842,.T.);
#2846=CARTESIAN_POINT('',(104.981869459,448.298126459,-7.270515431));
#2847=DIRECTION('',(0.427149918,-0.43790411,-0.791064434));
#2848=DIRECTION('',(0.,-0.874896282,0.48431033));
#2849=AXIS2_PLACEMENT_3D('',#2846,#2847,#2848);
#2850=PLANE('',#2849);
#2851=POLY_LOOP('',(#1306,#2206,#1020));
#2852=FACE_OUTER_BOUND('',#2851,.T.);
#2853=FACE_SURFACE('',(#2852),#2850,.T.);
#2854=CARTESIAN_POINT('',(223.179236054,381.282031536,12.476154603));
#2855=CARTESIAN_POINT('',(228.783622384,384.192764759,11.910931207));
#2856=DIRECTION('',(0.088291332,0.023376321,0.99582036));
#2857=DIRECTION('',(0.996092555,0.,-0.088315465));
#2858=AXIS2_PLACEMENT_3D('',#2855,#2856,#2857);
#2859=PLANE('',#2858);
#2860=POLY_LOOP('',(#471,#2854,#185));
#2861=FACE_OUTER_BOUND('',#2860,.T.);
#2862=FACE_SURFACE('',(#2861),#2859,.T.);
#2863=CARTESIAN_POINT('',(46.321570873,343.345195055,8.410938084));
#2864=CARTESIAN_POINT('',(207.013055682,347.255825996,10.414613411));
#2865=DIRECTION('',(-0.004976666,0.610349621,-0.792116515));
#2866=DIRECTION('',(-0.,-0.792126324,-0.61035718));
#2867=AXIS2_PLACEMENT_3D('',#2864,#2865,#2866);
#2868=PLANE('',#2867);
#2869=POLY_LOOP('',(#2611,#208,#2863));
#2870=FACE_OUTER_BOUND('',#2869,.T.);
#2871=FACE_SURFACE('',(#2870),#2868,.T.);
#2872=CARTESIAN_POINT('',(220.139786601,347.319304943,6.160203367));
#2873=DIRECTION('',(-0.259540503,0.551798501,-0.792563651));
#2874=DIRECTION('',(-0.,-0.820686762,-0.571378367));
#2875=AXIS2_PLACEMENT_3D('',#2872,#2873,#2874);
#2876=PLANE('',#2875);
#2877=POLY_LOOP('',(#206,#208,#2611));
#2878=FACE_OUTER_BOUND('',#2877,.T.);
#2879=FACE_SURFACE('',(#2878),#2876,.T.);
#2880=CARTESIAN_POINT('',(216.515406966,407.824099064,5.24399057));
#2881=CARTESIAN_POINT('',(212.617143989,410.501331091,-0.000013177));
#2882=DIRECTION('',(0.302256289,0.921059681,0.245540628));
#2883=DIRECTION('',(0.950147202,-0.311801692,0.));
#2884=AXIS2_PLACEMENT_3D('',#2881,#2882,#2883);
#2885=PLANE('',#2884);
#2886=POLY_LOOP('',(#2144,#1524,#2880));
#2887=FACE_OUTER_BOUND('',#2886,.T.);
#2888=FACE_SURFACE('',(#2887),#2885,.T.);
#2889=CARTESIAN_POINT('',(45.112621039,340.668857098,5.547272041));
#2890=CARTESIAN_POINT('',(37.211693823,340.986102819,9.492090903));
#2891=DIRECTION('',(-0.407182912,0.349890851,-0.843669644));
#2892=DIRECTION('',(-0.900595883,-0.,0.4346574));
#2893=AXIS2_PLACEMENT_3D('',#2890,#2891,#2892);
#2894=PLANE('',#2893);
#2895=POLY_LOOP('',(#138,#2889,#128));
#2896=FACE_OUTER_BOUND('',#2895,.T.);
#2897=FACE_SURFACE('',(#2896),#2894,.T.);
#2898=CARTESIAN_POINT('',(215.33626318,404.767781496,9.345945902));
#2899=CARTESIAN_POINT('',(216.515406966,407.824099064,5.24399057));
#2900=DIRECTION('',(0.249374227,0.740838778,0.623674915));
#2901=DIRECTION('',(0.,-0.644021356,0.765007512));
#2902=AXIS2_PLACEMENT_3D('',#2899,#2900,#2901);
#2903=PLANE('',#2902);
#2904=POLY_LOOP('',(#2880,#1524,#2898));
#2905=FACE_OUTER_BOUND('',#2904,.T.);
#2906=FACE_SURFACE('',(#2905),#2903,.T.);
#2907=CARTESIAN_POINT('',(40.957942605,389.357566833,-7.473804057));
#2908=CARTESIAN_POINT('',(203.792780638,394.245535135,-11.588769965));
#2909=CARTESIAN_POINT('',(40.957942605,389.357566833,-7.473804057));
#2910=DIRECTION('',(-0.000334134,-0.637486515,-0.77046144));
#2911=DIRECTION('',(0.,-0.770461483,0.637486551));
#2912=AXIS2_PLACEMENT_3D('',#2909,#2910,#2911);
#2913=PLANE('',#2912);
#2914=POLY_LOOP('',(#2907,#2908,#2370));
#2915=FACE_OUTER_BOUND('',#2914,.T.);
#2916=FACE_SURFACE('',(#2915),#2913,.T.);
#2917=CARTESIAN_POINT('',(211.521700025,380.97858429,3.447195981));
#2918=DIRECTION('',(-0.710135202,-0.703990694,-0.010251703));
#2919=DIRECTION('',(0.704027691,-0.710172522,0.));
#2920=AXIS2_PLACEMENT_3D('',#2917,#2918,#2919);
#2921=PLANE('',#2920);
#2922=POLY_LOOP('',(#971,#2461,#741));
#2923=FACE_OUTER_BOUND('',#2922,.T.);
#2924=FACE_SURFACE('',(#2923),#2921,.T.);
#2925=CARTESIAN_POINT('',(25.779515505,347.835719585,-7.081673015));
#2926=CARTESIAN_POINT('',(37.074610591,356.083571911,-6.635556929));
#2927=DIRECTION('',(0.497997143,-0.708994516,0.499325166));
#2928=DIRECTION('',(-0.,-0.575804253,-0.817587587));
#2929=AXIS2_PLACEMENT_3D('',#2926,#2927,#2928);
#2930=PLANE('',#2929);
#2931=POLY_LOOP('',(#389,#249,#2925));
#2932=FACE_OUTER_BOUND('',#2931,.T.);
#2933=FACE_SURFACE('',(#2932),#2930,.T.);
#2934=CARTESIAN_POINT('',(38.163416088,312.457352877,-10.002089664));
#2935=CARTESIAN_POINT('',(44.858101755,306.30889535,-11.215938255));
#2936=DIRECTION('',(0.40836853,0.583270878,-0.702161111));
#2937=DIRECTION('',(0.,-0.769224279,-0.63897888));
#2938=AXIS2_PLACEMENT_3D('',#2935,#2936,#2937);
#2939=PLANE('',#2938);
#2940=POLY_LOOP('',(#2174,#2934,#2601));
#2941=FACE_OUTER_BOUND('',#2940,.T.);
#2942=FACE_SURFACE('',(#2941),#2939,.T.);
#2943=CARTESIAN_POINT('',(220.240920782,266.146183014,-9.955976158));
#2944=CARTESIAN_POINT('',(218.560054898,273.891478777,-8.200793527));
#2945=DIRECTION('',(0.534140586,-0.074905988,0.842070619));
#2946=DIRECTION('',(0.844442997,0.,-0.535645429));
#2947=AXIS2_PLACEMENT_3D('',#2944,#2945,#2946);
#2948=PLANE('',#2947);
#2949=POLY_LOOP('',(#2667,#2943,#2796));
#2950=FACE_OUTER_BOUND('',#2949,.T.);
#2951=FACE_SURFACE('',(#2950),#2948,.T.);
#2952=CARTESIAN_POINT('',(34.862622619,308.729052544,-12.161232531));
#2953=CARTESIAN_POINT('',(34.862622619,308.729052544,-12.161232531));
#2954=DIRECTION('',(0.176221178,0.371813704,-0.911427817));
#2955=DIRECTION('',(0.,-0.92591788,-0.377724873));
#2956=AXIS2_PLACEMENT_3D('',#2953,#2954,#2955);
#2957=PLANE('',#2956);
#2958=POLY_LOOP('',(#2952,#2934,#2174));
#2959=FACE_OUTER_BOUND('',#2958,.T.);
#2960=FACE_SURFACE('',(#2959),#2957,.T.);
#2961=CARTESIAN_POINT('',(25.972262025,397.155344486,9.900327772));
#2962=CARTESIAN_POINT('',(15.093614347,403.102517128,4.972168244));
#2963=CARTESIAN_POINT('',(26.877878234,392.08099246,4.604955204));
#2964=DIRECTION('',(-0.578868034,-0.63593347,0.510392419));
#2965=DIRECTION('',(-0.739507729,0.673148066,-0.));
#2966=AXIS2_PLACEMENT_3D('',#2963,#2964,#2965);
#2967=PLANE('',#2966);
#2968=POLY_LOOP('',(#1328,#2961,#2962));
#2969=FACE_OUTER_BOUND('',#2968,.T.);
#2970=FACE_SURFACE('',(#2969),#2967,.T.);
#2971=CARTESIAN_POINT('',(37.559308112,411.531239748,3.570741741));
#2972=CARTESIAN_POINT('',(44.293459505,410.004794598,2.434673952));
#2973=CARTESIAN_POINT('',(40.594350547,407.739192247,7.043362595));
#2974=CARTESIAN_POINT('',(37.559308112,411.531239748,3.570741741));
#2975=DIRECTION('',(-0.271853735,-0.7591693,-0.59140301));
#2976=DIRECTION('',(-0.,0.61454775,-0.788879625));
#2977=AXIS2_PLACEMENT_3D('',#2974,#2975,#2976);
#2978=PLANE('',#2977);
#2979=POLY_LOOP('',(#2971,#2972,#2973));
#2980=FACE_OUTER_BOUND('',#2979,.T.);
#2981=FACE_SURFACE('',(#2980),#2978,.T.);
#2982=CARTESIAN_POINT('',(216.751486063,353.900909424,-12.552524917));
#2983=DIRECTION('',(0.169960901,-0.294443401,-0.940434142));
#2984=DIRECTION('',(-0.,-0.95431871,0.298790563));
#2985=AXIS2_PLACEMENT_3D('',#2982,#2983,#2984);
#2986=PLANE('',#2985);
#2987=POLY_LOOP('',(#612,#1727,#613));
#2988=FACE_OUTER_BOUND('',#2987,.T.);
#2989=FACE_SURFACE('',(#2988),#2986,.T.);
#2990=CARTESIAN_POINT('',(41.659764946,361.031740904,-5.457021296));
#2991=CARTESIAN_POINT('',(42.842067778,357.579767704,-9.769093245));
#2992=DIRECTION('',(-0.004557296,0.780046167,-0.625705368));
#2993=DIRECTION('',(-0.,0.625711866,0.780054268));
#2994=AXIS2_PLACEMENT_3D('',#2991,#2992,#2993);
#2995=PLANE('',#2994);
#2996=POLY_LOOP('',(#555,#2990,#546));
#2997=FACE_OUTER_BOUND('',#2996,.T.);
#2998=FACE_SURFACE('',(#2997),#2995,.T.);
#2999=CARTESIAN_POINT('',(217.268064618,361.631423235,10.076326318));
#3000=DIRECTION('',(0.072716423,-0.073627209,-0.994631266));
#3001=DIRECTION('',(0.,-0.997271386,0.073822643));
#3002=AXIS2_PLACEMENT_3D('',#2999,#3000,#3001);
#3003=PLANE('',#3002);
#3004=POLY_LOOP('',(#2816,#2154,#2610));
#3005=FACE_OUTER_BOUND('',#3004,.T.);
#3006=FACE_SURFACE('',(#3005),#3003,.T.);
#3007=CARTESIAN_POINT('',(205.572426319,389.055967331,-7.295648102));
#3008=DIRECTION('',(-0.418305842,-0.412640408,-0.809165073));
#3009=DIRECTION('',(-0.88831968,0.,0.459225595));
#3010=AXIS2_PLACEMENT_3D('',#3007,#3008,#3009);
#3011=PLANE('',#3010);
#3012=POLY_LOOP('',(#2370,#2704,#289));
#3013=FACE_OUTER_BOUND('',#3012,.T.);
#3014=FACE_SURFACE('',(#3013),#3011,.T.);
#3015=CARTESIAN_POINT('',(210.518375039,385.475724936,7.159849629));
#3016=CARTESIAN_POINT('',(210.518375039,385.475724936,7.159849629));
#3017=DIRECTION('',(-0.738931699,-0.519289371,0.429323296));
#3018=DIRECTION('',(0.574975216,-0.818170826,-0.));
#3019=AXIS2_PLACEMENT_3D('',#3016,#3017,#3018);
#3020=PLANE('',#3019);
#3021=POLY_LOOP('',(#3015,#2461,#971));
#3022=FACE_OUTER_BOUND('',#3021,.T.);
#3023=FACE_SURFACE('',(#3022),#3020,.T.);
#3024=CARTESIAN_POINT('',(211.613893509,391.364991665,-11.596349999));
#3025=DIRECTION('',(-0.185290429,-0.205564532,-0.9609426));
#3026=DIRECTION('',(0.,-0.977875688,0.209186853));
#3027=AXIS2_PLACEMENT_3D('',#3024,#3025,#3026);
#3028=PLANE('',#3027);
#3029=POLY_LOOP('',(#2704,#2714,#2705));
#3030=FACE_OUTER_BOUND('',#3029,.T.);
#3031=FACE_SURFACE('',(#3030),#3028,.T.);
#3032=CARTESIAN_POINT('',(220.741003752,378.041505814,-9.75307636));
#3033=CARTESIAN_POINT('',(220.663353801,363.782972097,-10.528720915));
#3034=CARTESIAN_POINT('',(226.425260305,373.001396656,-10.487239808));
#3035=DIRECTION('',(0.080154811,-0.054578755,0.995287077));
#3036=DIRECTION('',(0.996772798,0.,-0.080274462));
#3037=AXIS2_PLACEMENT_3D('',#3034,#3035,#3036);
#3038=PLANE('',#3037);
#3039=POLY_LOOP('',(#1496,#3032,#3033));
#3040=FACE_OUTER_BOUND('',#3039,.T.);
#3041=FACE_SURFACE('',(#3040),#3038,.T.);
#3042=CARTESIAN_POINT('',(46.491056681,287.662118673,2.818658017));
#3043=CARTESIAN_POINT('',(203.094944358,289.306133986,7.261356339));
#3044=CARTESIAN_POINT('',(45.372836292,290.838241577,8.607792668));
#3045=CARTESIAN_POINT('',(46.491056681,287.662118673,2.818658017));
#3046=DIRECTION('',(-0.004419309,-0.877071866,0.48033885));
#3047=DIRECTION('',(0.,-0.480343541,-0.877080431));
#3048=AXIS2_PLACEMENT_3D('',#3045,#3046,#3047);
#3049=PLANE('',#3048);
#3050=POLY_LOOP('',(#3042,#3043,#3044));
#3051=FACE_OUTER_BOUND('',#3050,.T.);
#3052=FACE_SURFACE('',(#3051),#3049,.T.);
#3053=CARTESIAN_POINT('',(32.867547125,312.29019165,11.988963932));
#3054=DIRECTION('',(-0.041327657,0.035240499,0.998523977));
#3055=DIRECTION('',(0.999144585,0.,0.041353343));
#3056=AXIS2_PLACEMENT_3D('',#3053,#3054,#3055);
#3057=PLANE('',#3056);
#3058=POLY_LOOP('',(#2762,#2263,#2733));
#3059=FACE_OUTER_BOUND('',#3058,.T.);
#3060=FACE_SURFACE('',(#3059),#3057,.T.);
#3061=CARTESIAN_POINT('',(34.930724651,318.87358427,9.047390893));
#3062=DIRECTION('',(0.325936563,0.298641758,0.896982975));
#3063=DIRECTION('',(0.939873849,0.,-0.341521813));
#3064=AXIS2_PLACEMENT_3D('',#3061,#3062,#3063);
#3065=PLANE('',#3064);
#3066=POLY_LOOP('',(#2522,#2762,#2753));
#3067=FACE_OUTER_BOUND('',#3066,.T.);
#3068=FACE_SURFACE('',(#3067),#3065,.T.);
#3069=CARTESIAN_POINT('',(45.581623912,308.348238468,9.819674306));
#3070=CARTESIAN_POINT('',(41.058104485,315.40197134,4.339928273));
#3071=DIRECTION('',(0.402112234,0.70845136,0.580002088));
#3072=DIRECTION('',(0.,-0.633473329,0.773764526));
#3073=AXIS2_PLACEMENT_3D('',#3070,#3071,#3072);
#3074=PLANE('',#3073);
#3075=POLY_LOOP('',(#2533,#2753,#3069));
#3076=FACE_OUTER_BOUND('',#3075,.T.);
#3077=FACE_SURFACE('',(#3076),#3074,.T.);
#3078=CARTESIAN_POINT('',(46.661190689,312.244385481,4.070543218));
#3079=DIRECTION('',(0.426753943,0.709415586,0.560901595));
#3080=DIRECTION('',(0.,-0.620214044,0.784432623));
#3081=AXIS2_PLACEMENT_3D('',#3078,#3079,#3080);
#3082=PLANE('',#3081);
#3083=POLY_LOOP('',(#2552,#2533,#3069));
#3084=FACE_OUTER_BOUND('',#3083,.T.);
#3085=FACE_SURFACE('',(#3084),#3082,.T.);
#3086=CARTESIAN_POINT('',(205.790311098,309.202164412,8.436287753));
#3087=CARTESIAN_POINT('',(205.790311098,309.202164412,8.436287753));
#3088=DIRECTION('',(0.003783744,0.879864961,0.475208726));
#3089=DIRECTION('',(0.,-0.475212128,0.87987126));
#3090=AXIS2_PLACEMENT_3D('',#3087,#3088,#3089);
#3091=PLANE('',#3090);
#3092=POLY_LOOP('',(#3086,#2787,#2552));
#3093=FACE_OUTER_BOUND('',#3092,.T.);
#3094=FACE_SURFACE('',(#3093),#3091,.T.);
#3095=CARTESIAN_POINT('',(215.177997947,275.191247463,-3.639949951));
#3096=DIRECTION('',(0.811104003,0.241936152,0.532519666));
#3097=DIRECTION('',(-0.548824036,-0.,0.835937903));
#3098=AXIS2_PLACEMENT_3D('',#3095,#3096,#3097);
#3099=PLANE('',#3098);
#3100=POLY_LOOP('',(#2665,#2667,#2797));
#3101=FACE_OUTER_BOUND('',#3100,.T.);
#3102=FACE_SURFACE('',(#3101),#3099,.T.);
#3103=CARTESIAN_POINT('',(213.098630309,305.544286966,-9.815438651));
#3104=CARTESIAN_POINT('',(209.004506469,311.083912849,-4.970523529));
#3105=CARTESIAN_POINT('',(213.098630309,305.544286966,-9.815438651));
#3106=DIRECTION('',(0.179656526,0.719499945,-0.670852713));
#3107=DIRECTION('',(0.,0.681948422,0.731400266));
#3108=AXIS2_PLACEMENT_3D('',#3105,#3106,#3107);
#3109=PLANE('',#3108);
#3110=POLY_LOOP('',(#3103,#2175,#3104));
#3111=FACE_OUTER_BOUND('',#3110,.T.);
#3112=FACE_SURFACE('',(#3111),#3109,.T.);
#3113=CARTESIAN_POINT('',(33.347330987,435.404866934,-8.812401444));
#3114=CARTESIAN_POINT('',(39.994653314,442.140638828,-10.370980948));
#3115=DIRECTION('',(0.455852435,-0.601638525,-0.65591893));
#3116=DIRECTION('',(-0.,-0.736941716,0.675956291));
#3117=AXIS2_PLACEMENT_3D('',#3114,#3115,#3116);
#3118=PLANE('',#3117);
#3119=POLY_LOOP('',(#2570,#2571,#3113));
#3120=FACE_OUTER_BOUND('',#3119,.T.);
#3121=FACE_SURFACE('',(#3120),#3118,.T.);
#3122=CARTESIAN_POINT('',(215.90308845,397.345215082,12.537623756));
#3123=CARTESIAN_POINT('',(228.783622384,384.192764759,11.910931207));
#3124=DIRECTION('',(0.08292055,0.033749215,0.995984524));
#3125=DIRECTION('',(0.996552227,0.,-0.082967814));
#3126=AXIS2_PLACEMENT_3D('',#3123,#3124,#3125);
#3127=PLANE('',#3126);
#3128=POLY_LOOP('',(#471,#3122,#2854));
#3129=FACE_OUTER_BOUND('',#3128,.T.);
#3130=FACE_SURFACE('',(#3129),#3127,.T.);
#3131=CARTESIAN_POINT('',(42.987905443,348.878979683,10.823877528));
#3132=DIRECTION('',(0.001677437,0.400541915,-0.916276902));
#3133=DIRECTION('',(-0.,-0.916278191,-0.400542478));
#3134=AXIS2_PLACEMENT_3D('',#3131,#3132,#3133);
#3135=PLANE('',#3134);
#3136=POLY_LOOP('',(#349,#2611,#2863));
#3137=FACE_OUTER_BOUND('',#3136,.T.);
#3138=FACE_SURFACE('',(#3137),#3135,.T.);
#3139=CARTESIAN_POINT('',(213.31165731,271.942973137,4.689606838));
#3140=CARTESIAN_POINT('',(211.773231626,270.189851522,-0.377096439));
#3141=CARTESIAN_POINT('',(209.398135543,264.617413282,6.012061145));
#3142=DIRECTION('',(-0.870430352,0.482576831,0.097317034));
#3143=DIRECTION('',(-0.484878339,-0.874581612,0.));
#3144=AXIS2_PLACEMENT_3D('',#3141,#3142,#3143);
#3145=PLANE('',#3144);
#3146=POLY_LOOP('',(#853,#3139,#3140));
#3147=FACE_OUTER_BOUND('',#3146,.T.);
#3148=FACE_SURFACE('',(#3147),#3145,.T.);
#3149=CARTESIAN_POINT('',(47.080885619,310.223072767,-3.177178325));
#3150=CARTESIAN_POINT('',(155.67304194,310.303330421,-1.802703016));
#3151=DIRECTION('',(0.009403038,-0.712828071,-0.701275784));
#3152=DIRECTION('',(-0.,0.701306788,-0.712859586));
#3153=AXIS2_PLACEMENT_3D('',#3150,#3151,#3152);
#3154=PLANE('',#3153);
#3155=POLY_LOOP('',(#2253,#3149,#712));
#3156=FACE_OUTER_BOUND('',#3155,.T.);
#3157=FACE_SURFACE('',(#3156),#3154,.T.);
#3158=CARTESIAN_POINT('',(202.964797616,388.76375556,5.789274815));
#3159=CARTESIAN_POINT('',(210.518375039,385.475724936,7.159849629));
#3160=DIRECTION('',(-0.42329438,-0.875885486,0.231617105));
#3161=DIRECTION('',(-0.900369199,0.435126769,0.));
#3162=AXIS2_PLACEMENT_3D('',#3159,#3160,#3161);
#3163=PLANE('',#3162);
#3164=POLY_LOOP('',(#3015,#3158,#2461));
#3165=FACE_OUTER_BOUND('',#3164,.T.);
#3166=FACE_SURFACE('',(#3165),#3163,.T.);
#3167=CARTESIAN_POINT('',(160.211026669,289.805084467,0.776122266));
#3168=CARTESIAN_POINT('',(160.496041179,289.567172527,-1.132955309));
#3169=CARTESIAN_POINT('',(155.024260283,289.733529091,-1.023406861));
#3170=CARTESIAN_POINT('',(160.211026669,289.805084467,0.776122266));
#3171=DIRECTION('',(0.027779734,0.992441615,-0.119532116));
#3172=DIRECTION('',(-0.,0.119578265,0.992824777));
#3173=AXIS2_PLACEMENT_3D('',#3170,#3171,#3172);
#3174=PLANE('',#3173);
#3175=POLY_LOOP('',(#3167,#3168,#3169));
#3176=FACE_OUTER_BOUND('',#3175,.T.);
#3177=FACE_SURFACE('',(#3176),#3174,.T.);
#3178=CARTESIAN_POINT('',(214.618220925,262.920051813,-8.418357931));
#3179=CARTESIAN_POINT('',(213.818371296,266.785591841,-5.43290982));
#3180=DIRECTION('',(0.765574603,-0.286479989,0.576042311));
#3181=DIRECTION('',(-0.60124266,0.,0.799066495));
#3182=AXIS2_PLACEMENT_3D('',#3179,#3180,#3181);
#3183=PLANE('',#3182);
#3184=POLY_LOOP('',(#2666,#3178,#2667));
#3185=FACE_OUTER_BOUND('',#3184,.T.);
#3186=FACE_SURFACE('',(#3185),#3183,.T.);
#3187=CARTESIAN_POINT('',(90.541295707,465.536534786,-3.984011244));
#3188=CARTESIAN_POINT('',(97.307875752,473.156869411,-2.136081923));
#3189=CARTESIAN_POINT('',(96.599139273,469.241678715,-6.695682649));
#3190=CARTESIAN_POINT('',(90.541295707,465.536534786,-3.984011244));
#3191=DIRECTION('',(-0.604011345,0.648636388,-0.463077889));
#3192=DIRECTION('',(0.731832918,0.681484101,0.));
#3193=AXIS2_PLACEMENT_3D('',#3190,#3191,#3192);
#3194=PLANE('',#3193);
#3195=POLY_LOOP('',(#3187,#3188,#3189));
#3196=FACE_OUTER_BOUND('',#3195,.T.);
#3197=FACE_SURFACE('',(#3196),#3194,.T.);
#3198=CARTESIAN_POINT('',(43.815478683,410.12647748,-0.863613386));
#3199=CARTESIAN_POINT('',(203.082457185,410.332918167,-2.559362678));
#3200=CARTESIAN_POINT('',(44.293459505,410.004794598,2.434673952));
#3201=DIRECTION('',(0.000901378,-0.999314929,-0.036998099));
#3202=DIRECTION('',(-0.,0.036998114,-0.999315335));
#3203=AXIS2_PLACEMENT_3D('',#3200,#3201,#3202);
#3204=PLANE('',#3203);
#3205=POLY_LOOP('',(#2972,#3198,#3199));
#3206=FACE_OUTER_BOUND('',#3205,.T.);
#3207=FACE_SURFACE('',(#3206),#3204,.T.);
#3208=CARTESIAN_POINT('',(203.431785107,410.014867783,3.671732731));
#3209=CARTESIAN_POINT('',(203.431785107,410.014867783,3.671732731));
#3210=DIRECTION('',(0.000459677,-0.998698456,-0.051001788));
#3211=DIRECTION('',(0.,0.051001793,-0.998698562));
#3212=AXIS2_PLACEMENT_3D('',#3209,#3210,#3211);
#3213=PLANE('',#3212);
#3214=POLY_LOOP('',(#3208,#2972,#3199));
#3215=FACE_OUTER_BOUND('',#3214,.T.);
#3216=FACE_SURFACE('',(#3215),#3213,.T.);
#3217=CARTESIAN_POINT('',(28.071951121,297.603040934,4.207808524));
#3218=CARTESIAN_POINT('',(42.105801404,292.743504047,7.418278605));
#3219=CARTESIAN_POINT('',(28.071951121,297.603040934,4.207808524));
#3220=DIRECTION('',(0.379426583,0.684480208,-0.622512901));
#3221=DIRECTION('',(0.,0.672825553,0.739801173));
#3222=AXIS2_PLACEMENT_3D('',#3219,#3220,#3221);
#3223=PLANE('',#3222);
#3224=POLY_LOOP('',(#3217,#1937,#3218));
#3225=FACE_OUTER_BOUND('',#3224,.T.);
#3226=FACE_SURFACE('',(#3225),#3223,.T.);
#3227=CARTESIAN_POINT('',(122.874602675,581.000089645,3.082951996));
#3228=CARTESIAN_POINT('',(121.99613452,580.999851227,-5.566464271));
#3229=DIRECTION('',(-0.994868085,-0.005277126,0.101042794));
#3230=DIRECTION('',(-0.101044201,0.,-0.994881937));
#3231=AXIS2_PLACEMENT_3D('',#3228,#3229,#3230);
#3232=PLANE('',#3231);
#3233=POLY_LOOP('',(#1974,#1973,#3227));
#3234=FACE_OUTER_BOUND('',#3233,.T.);
#3235=FACE_SURFACE('',(#3234),#3232,.T.);
#3236=CARTESIAN_POINT('',(146.85408771,310.273528099,0.282110384));
#3237=CARTESIAN_POINT('',(47.481264919,310.5661273,0.399266806));
#3238=CARTESIAN_POINT('',(47.080885619,310.223072767,-3.177178325));
#3239=DIRECTION('',(-0.002817968,-0.995397144,0.095794496));
#3240=DIRECTION('',(0.,-0.095794876,-0.995401096));
#3241=AXIS2_PLACEMENT_3D('',#3238,#3239,#3240);
#3242=PLANE('',#3241);
#3243=POLY_LOOP('',(#3149,#3236,#3237));
#3244=FACE_OUTER_BOUND('',#3243,.T.);
#3245=FACE_SURFACE('',(#3244),#3242,.T.);
#3246=CARTESIAN_POINT('',(101.707577705,478.804111481,-7.084514014));
#3247=CARTESIAN_POINT('',(101.707577705,478.804111481,-7.084514014));
#3248=DIRECTION('',(-0.857909989,0.4480894,-0.251408712));
#3249=DIRECTION('',(-0.462959179,-0.886379602,0.));
#3250=AXIS2_PLACEMENT_3D('',#3247,#3248,#3249);
#3251=PLANE('',#3250);
#3252=POLY_LOOP('',(#3246,#3189,#3188));
#3253=FACE_OUTER_BOUND('',#3252,.T.);
#3254=FACE_SURFACE('',(#3253),#3251,.T.);
#3255=CARTESIAN_POINT('',(106.785655022,477.60489583,-9.082159959));
#3256=CARTESIAN_POINT('',(99.929742515,472.899377346,-4.154812079));
#3257=CARTESIAN_POINT('',(102.630637586,468.944400549,-9.495888837));
#3258=CARTESIAN_POINT('',(106.785655022,477.60489583,-9.082159959));
#3259=DIRECTION('',(0.695133913,-0.363140675,0.620417353));
#3260=DIRECTION('',(-0.66587367,-0.,0.746064512));
#3261=AXIS2_PLACEMENT_3D('',#3258,#3259,#3260);
#3262=PLANE('',#3261);
#3263=POLY_LOOP('',(#3255,#3256,#3257));
#3264=FACE_OUTER_BOUND('',#3263,.T.);
#3265=FACE_SURFACE('',(#3264),#3262,.T.);
#3266=CARTESIAN_POINT('',(214.907377958,388.855934143,11.80263795));
#3267=CARTESIAN_POINT('',(214.907377958,388.855934143,11.80263795));
#3268=DIRECTION('',(-0.586439636,-0.28165722,0.759445695));
#3269=DIRECTION('',(0.791489057,0.,0.611183338));
#3270=AXIS2_PLACEMENT_3D('',#3267,#3268,#3269);
#3271=PLANE('',#3270);
#3272=POLY_LOOP('',(#3266,#3015,#1402));
#3273=FACE_OUTER_BOUND('',#3272,.T.);
#3274=FACE_SURFACE('',(#3273),#3271,.T.);
#3275=CARTESIAN_POINT('',(205.274641514,391.407847404,9.574284777));
#3276=CARTESIAN_POINT('',(214.907377958,388.855934143,11.80263795));
#3277=DIRECTION('',(-0.327045164,-0.589659721,0.73847334));
#3278=DIRECTION('',(0.,0.781446068,0.62397279));
#3279=AXIS2_PLACEMENT_3D('',#3276,#3277,#3278);
#3280=PLANE('',#3279);
#3281=POLY_LOOP('',(#3266,#3275,#3015));
#3282=FACE_OUTER_BOUND('',#3281,.T.);
#3283=FACE_SURFACE('',(#3282),#3280,.T.);
#3284=CARTESIAN_POINT('',(35.155639052,224.977344275,-2.197606023));
#3285=CARTESIAN_POINT('',(35.155639052,224.977344275,-2.197606023));
#3286=DIRECTION('',(-0.83534833,-0.235013619,0.496952479));
#3287=DIRECTION('',(-0.51127215,-0.,-0.859418867));
#3288=AXIS2_PLACEMENT_3D('',#3285,#3286,#3287);
#3289=PLANE('',#3288);
#3290=POLY_LOOP('',(#3284,#1486,#77));
#3291=FACE_OUTER_BOUND('',#3290,.T.);
#3292=FACE_SURFACE('',(#3291),#3289,.T.);
#3293=CARTESIAN_POINT('',(47.550458461,339.44028616,1.235938165));
#3294=CARTESIAN_POINT('',(41.137907654,337.268918753,3.946199082));
#3295=CARTESIAN_POINT('',(45.112621039,340.668857098,5.547272041));
#3296=DIRECTION('',(-0.455230893,0.754679559,-0.472465445));
#3297=DIRECTION('',(-0.,0.530637407,0.847598927));
#3298=AXIS2_PLACEMENT_3D('',#3295,#3296,#3297);
#3299=PLANE('',#3298);
#3300=POLY_LOOP('',(#2889,#3293,#3294));
#3301=FACE_OUTER_BOUND('',#3300,.T.);
#3302=FACE_SURFACE('',(#3301),#3299,.T.);
#3303=CARTESIAN_POINT('',(203.094944358,289.306133986,7.261356339));
#3304=DIRECTION('',(0.000533265,-0.628589138,0.777737366));
#3305=DIRECTION('',(0.,0.777737477,0.628589227));
#3306=AXIS2_PLACEMENT_3D('',#3303,#3304,#3305);
#3307=PLANE('',#3306);
#3308=POLY_LOOP('',(#3043,#2806,#3044));
#3309=FACE_OUTER_BOUND('',#3308,.T.);
#3310=FACE_SURFACE('',(#3309),#3307,.T.);
#3311=CARTESIAN_POINT('',(12.20570039,327.663362026,-1.55179156));
#3312=CARTESIAN_POINT('',(15.967419371,322.347790003,-9.631270543));
#3313=CARTESIAN_POINT('',(12.20570039,327.663362026,-1.55179156));
#3314=DIRECTION('',(-0.889457173,0.059324303,-0.453151812));
#3315=DIRECTION('',(0.453951328,0.,-0.891026482));
#3316=AXIS2_PLACEMENT_3D('',#3313,#3314,#3315);
#3317=PLANE('',#3316);
#3318=POLY_LOOP('',(#3311,#1543,#3312));
#3319=FACE_OUTER_BOUND('',#3318,.T.);
#3320=FACE_SURFACE('',(#3319),#3317,.T.);
#3321=CARTESIAN_POINT('',(42.178232223,303.825467825,12.156895362));
#3322=CARTESIAN_POINT('',(38.294319063,312.335133553,10.002075695));
#3323=DIRECTION('',(0.317236476,0.366295125,0.874750764));
#3324=DIRECTION('',(0.,0.922395766,-0.386246102));
#3325=AXIS2_PLACEMENT_3D('',#3322,#3323,#3324);
#3326=PLANE('',#3325);
#3327=POLY_LOOP('',(#2753,#2762,#3321));
#3328=FACE_OUTER_BOUND('',#3327,.T.);
#3329=FACE_SURFACE('',(#3328),#3326,.T.);
#3330=CARTESIAN_POINT('',(45.581623912,308.348238468,9.819674306));
#3331=DIRECTION('',(0.201377656,0.325819864,0.92373614));
#3332=DIRECTION('',(0.,0.943055889,-0.332634319));
#3333=AXIS2_PLACEMENT_3D('',#3330,#3331,#3332);
#3334=PLANE('',#3333);
#3335=POLY_LOOP('',(#3069,#2753,#3321));
#3336=FACE_OUTER_BOUND('',#3335,.T.);
#3337=FACE_SURFACE('',(#3336),#3334,.T.);
#3338=CARTESIAN_POINT('',(45.581623912,308.348238468,9.819674306));
#3339=DIRECTION('',(0.000432577,0.827775614,0.561059129));
#3340=DIRECTION('',(0.,-0.561059181,0.827775691));
#3341=AXIS2_PLACEMENT_3D('',#3338,#3339,#3340);
#3342=PLANE('',#3341);
#3343=POLY_LOOP('',(#3069,#3086,#2552));
#3344=FACE_OUTER_BOUND('',#3343,.T.);
#3345=FACE_SURFACE('',(#3344),#3342,.T.);
#3346=CARTESIAN_POINT('',(212.23372221,310.682564974,1.823199913));
#3347=CARTESIAN_POINT('',(212.23372221,310.682564974,1.823199913));
#3348=DIRECTION('',(0.195218366,0.89922736,0.391509827));
#3349=DIRECTION('',(0.,-0.399190328,0.916868083));
#3350=AXIS2_PLACEMENT_3D('',#3347,#3348,#3349);
#3351=PLANE('',#3350);
#3352=POLY_LOOP('',(#3346,#2787,#3086));
#3353=FACE_OUTER_BOUND('',#3352,.T.);
#3354=FACE_SURFACE('',(#3353),#3351,.T.);
#3355=CARTESIAN_POINT('',(214.618220925,262.920051813,-8.418357931));
#3356=DIRECTION('',(0.334466544,-0.138652403,0.932152156));
#3357=DIRECTION('',(0.941243525,0.,-0.337728628));
#3358=AXIS2_PLACEMENT_3D('',#3355,#3356,#3357);
#3359=PLANE('',#3358);
#3360=POLY_LOOP('',(#3178,#2943,#2667));
#3361=FACE_OUTER_BOUND('',#3360,.T.);
#3362=FACE_SURFACE('',(#3361),#3359,.T.);
#3363=CARTESIAN_POINT('',(107.315473258,187.653541565,-2.342383843));
#3364=CARTESIAN_POINT('',(102.111384273,191.317737103,-6.217841059));
#3365=CARTESIAN_POINT('',(107.315473258,187.653541565,-2.342383843));
#3366=DIRECTION('',(0.267391741,0.853270913,0.447694546));
#3367=DIRECTION('',(0.,-0.464612042,0.885514342));
#3368=AXIS2_PLACEMENT_3D('',#3365,#3366,#3367);
#3369=PLANE('',#3368);
#3370=POLY_LOOP('',(#3363,#1653,#3364));
#3371=FACE_OUTER_BOUND('',#3370,.T.);
#3372=FACE_SURFACE('',(#3371),#3369,.T.);
#3373=CARTESIAN_POINT('',(215.90308845,397.345215082,12.537623756));
#3374=DIRECTION('',(-0.143268328,-0.068674425,0.987298339));
#3375=DIRECTION('',(0.989634743,-0.,0.143607367));
#3376=AXIS2_PLACEMENT_3D('',#3373,#3374,#3375);
#3377=PLANE('',#3376);
#3378=POLY_LOOP('',(#3122,#3266,#2854));
#3379=FACE_OUTER_BOUND('',#3378,.T.);
#3380=FACE_SURFACE('',(#3379),#3377,.T.);
#3381=CARTESIAN_POINT('',(35.206247121,397.296607494,12.342133559));
#3382=CARTESIAN_POINT('',(38.963086903,392.137378454,9.99887567));
#3383=CARTESIAN_POINT('',(35.206247121,397.296607494,12.342133559));
#3384=DIRECTION('',(0.000512204,-0.413223628,0.910629437));
#3385=DIRECTION('',(-0.,0.910629556,0.413223682));
#3386=AXIS2_PLACEMENT_3D('',#3383,#3384,#3385);
#3387=PLANE('',#3386);
#3388=POLY_LOOP('',(#3381,#3382,#3275));
#3389=FACE_OUTER_BOUND('',#3388,.T.);
#3390=FACE_SURFACE('',(#3389),#3387,.T.);
#3391=CARTESIAN_POINT('',(205.785244703,396.124392748,12.038636021));
#3392=CARTESIAN_POINT('',(205.785244703,396.124392748,12.038636021));
#3393=DIRECTION('',(-0.307873776,-0.414201443,0.856534239));
#3394=DIRECTION('',(0.,0.9002625,0.435347484));
#3395=AXIS2_PLACEMENT_3D('',#3392,#3393,#3394);
#3396=PLANE('',#3395);
#3397=POLY_LOOP('',(#3391,#3275,#3266));
#3398=FACE_OUTER_BOUND('',#3397,.T.);
#3399=FACE_SURFACE('',(#3398),#3396,.T.);
#3400=CARTESIAN_POINT('',(39.314799011,406.650215387,10.810941458));
#3401=CARTESIAN_POINT('',(41.053954512,410.366475582,7.116018794));
#3402=CARTESIAN_POINT('',(35.450782627,413.016676903,7.798815612));
#3403=DIRECTION('',(0.358982303,0.568205492,0.740455417));
#3404=DIRECTION('',(0.,0.793335712,-0.608784403));
#3405=AXIS2_PLACEMENT_3D('',#3402,#3403,#3404);
#3406=PLANE('',#3405);
#3407=POLY_LOOP('',(#2743,#3400,#3401));
#3408=FACE_OUTER_BOUND('',#3407,.T.);
#3409=FACE_SURFACE('',(#3408),#3406,.T.);
#3410=CARTESIAN_POINT('',(213.071733713,277.099609375,-4.408374429));
#3411=CARTESIAN_POINT('',(214.459896088,270.669996738,-8.0153374));
#3412=CARTESIAN_POINT('',(211.773231626,270.189851522,-0.377096439));
#3413=DIRECTION('',(-0.942877357,-0.016920778,-0.332710048));
#3414=DIRECTION('',(0.332757688,0.,-0.943012365));
#3415=AXIS2_PLACEMENT_3D('',#3412,#3413,#3414);
#3416=PLANE('',#3415);
#3417=POLY_LOOP('',(#3140,#3410,#3411));
#3418=FACE_OUTER_BOUND('',#3417,.T.);
#3419=FACE_SURFACE('',(#3418),#3416,.T.);
#3420=CARTESIAN_POINT('',(25.779515505,347.835719585,-7.081673015));
#3421=DIRECTION('',(0.709561839,-0.604208677,0.362565678));
#3422=DIRECTION('',(0.648321634,0.761366574,-0.));
#3423=AXIS2_PLACEMENT_3D('',#3420,#3421,#3422);
#3424=PLANE('',#3423);
#3425=POLY_LOOP('',(#2925,#249,#300));
#3426=FACE_OUTER_BOUND('',#3425,.T.);
#3427=FACE_SURFACE('',(#3426),#3424,.T.);
#3428=CARTESIAN_POINT('',(16.522478312,213.608533144,-7.77427759));
#3429=CARTESIAN_POINT('',(14.254349284,225.046977401,-6.67721685));
#3430=DIRECTION('',(-0.714917411,-0.075087682,-0.695165402));
#3431=DIRECTION('',(0.697133455,-0.,-0.716941383));
#3432=AXIS2_PLACEMENT_3D('',#3429,#3430,#3431);
#3433=PLANE('',#3432);
#3434=POLY_LOOP('',(#936,#863,#3428));
#3435=FACE_OUTER_BOUND('',#3434,.T.);
#3436=FACE_SURFACE('',(#3435),#3433,.T.);
#3437=CARTESIAN_POINT('',(38.158152252,414.40436244,0.750329171));
#3438=CARTESIAN_POINT('',(43.219983578,409.414559603,-8.383980952));
#3439=CARTESIAN_POINT('',(37.34684363,412.904620171,-5.903845187));
#3440=DIRECTION('',(0.415397785,0.875207362,-0.247904727));
#3441=DIRECTION('',(0.903407762,-0.42878248,0.));
#3442=AXIS2_PLACEMENT_3D('',#3439,#3440,#3441);
#3443=PLANE('',#3442);
#3444=POLY_LOOP('',(#2196,#3437,#3438));
#3445=FACE_OUTER_BOUND('',#3444,.T.);
#3446=FACE_SURFACE('',(#3445),#3443,.T.);
#3447=CARTESIAN_POINT('',(124.25597012,167.938828468,1.607829006));
#3448=CARTESIAN_POINT('',(124.511949718,168.585330248,-2.640296938));
#3449=CARTESIAN_POINT('',(118.841342628,179.811492562,1.953585772));
#3450=CARTESIAN_POINT('',(124.25597012,167.938828468,1.607829006));
#3451=DIRECTION('',(0.904898212,0.409284523,0.116813545));
#3452=DIRECTION('',(-0.412105856,0.911135974,0.));
#3453=AXIS2_PLACEMENT_3D('',#3450,#3451,#3452);
#3454=PLANE('',#3453);
#3455=POLY_LOOP('',(#3447,#3448,#3449));
#3456=FACE_OUTER_BOUND('',#3455,.T.);
#3457=FACE_SURFACE('',(#3456),#3454,.T.);
#3458=CARTESIAN_POINT('',(25.972262025,397.155344486,9.900327772));
#3459=DIRECTION('',(-0.281567291,-0.716402535,0.638347295));
#3460=DIRECTION('',(0.,-0.665262841,-0.746609236));
#3461=AXIS2_PLACEMENT_3D('',#3458,#3459,#3460);
#3462=PLANE('',#3461);
#3463=POLY_LOOP('',(#2961,#1328,#3382));
#3464=FACE_OUTER_BOUND('',#3463,.T.);
#3465=FACE_SURFACE('',(#3464),#3462,.T.);
#3466=CARTESIAN_POINT('',(43.815478683,410.12647748,-0.863613386));
#3467=DIRECTION('',(-0.22168014,-0.97511184,-0.003849138));
#3468=DIRECTION('',(-0.975119063,0.221681782,0.));
#3469=AXIS2_PLACEMENT_3D('',#3466,#3467,#3468);
#3470=PLANE('',#3469);
#3471=POLY_LOOP('',(#3198,#2972,#2971));
#3472=FACE_OUTER_BOUND('',#3471,.T.);
#3473=FACE_SURFACE('',(#3472),#3470,.T.);
#3474=CARTESIAN_POINT('',(40.594350547,407.739192247,7.043362595));
#3475=DIRECTION('',(0.003468825,-0.898518544,-0.438921854));
#3476=DIRECTION('',(0.,0.438924494,-0.89852395));
#3477=AXIS2_PLACEMENT_3D('',#3474,#3475,#3476);
#3478=PLANE('',#3477);
#3479=POLY_LOOP('',(#2973,#2972,#3208));
#3480=FACE_OUTER_BOUND('',#3479,.T.);
#3481=FACE_SURFACE('',(#3480),#3478,.T.);
#3482=CARTESIAN_POINT('',(228.087753057,358.487516642,7.494219579));
#3483=CARTESIAN_POINT('',(228.087753057,358.487516642,7.494219579));
#3484=DIRECTION('',(-0.483735476,0.434972281,-0.759472912));
#3485=DIRECTION('',(-0.843442839,0.,0.537218928));
#3486=AXIS2_PLACEMENT_3D('',#3483,#3484,#3485);
#3487=PLANE('',#3486);
#3488=POLY_LOOP('',(#3482,#206,#2154));
#3489=FACE_OUTER_BOUND('',#3488,.T.);
#3490=FACE_SURFACE('',(#3489),#3487,.T.);
#3491=CARTESIAN_POINT('',(125.222578645,581.000268459,2.329900395));
#3492=CARTESIAN_POINT('',(123.909473419,580.999910831,-5.330608226));
#3493=CARTESIAN_POINT('',(125.222578645,581.000268459,2.329900395));
#3494=DIRECTION('',(-0.000025946,0.999999999,-0.000042237));
#3495=DIRECTION('',(0.,0.000042237,0.999999999));
#3496=AXIS2_PLACEMENT_3D('',#3493,#3494,#3495);
#3497=PLANE('',#3496);
#3498=POLY_LOOP('',(#3491,#3492,#1974));
#3499=FACE_OUTER_BOUND('',#3498,.T.);
#3500=FACE_SURFACE('',(#3499),#3497,.T.);
#3501=CARTESIAN_POINT('',(226.009964943,256.739079952,-8.779022843));
#3502=CARTESIAN_POINT('',(219.108864665,247.753769159,-6.868198048));
#3503=CARTESIAN_POINT('',(228.217050433,252.823352814,-2.840038855));
#3504=CARTESIAN_POINT('',(226.009964943,256.739079952,-8.779022843));
#3505=DIRECTION('',(-0.576055656,0.567537229,0.588269815));
#3506=DIRECTION('',(0.714485253,0.,0.699650501));
#3507=AXIS2_PLACEMENT_3D('',#3504,#3505,#3506);
#3508=PLANE('',#3507);
#3509=POLY_LOOP('',(#3501,#3502,#3503));
#3510=FACE_OUTER_BOUND('',#3509,.T.);
#3511=FACE_SURFACE('',(#3510),#3508,.T.);
#3512=CARTESIAN_POINT('',(16.291212291,234.133780003,8.0693122));
#3513=CARTESIAN_POINT('',(19.526092336,244.448617101,6.827204023));
#3514=CARTESIAN_POINT('',(14.189720154,235.009983182,3.479183419));
#3515=CARTESIAN_POINT('',(16.291212291,234.133780003,8.0693122));
#3516=DIRECTION('',(-0.838233437,0.31636729,0.444158127));
#3517=DIRECTION('',(-0.468206733,0.,-0.883618953));
#3518=AXIS2_PLACEMENT_3D('',#3515,#3516,#3517);
#3519=PLANE('',#3518);
#3520=POLY_LOOP('',(#3512,#3513,#3514));
#3521=FACE_OUTER_BOUND('',#3520,.T.);
#3522=FACE_SURFACE('',(#3521),#3519,.T.);
#3523=CARTESIAN_POINT('',(223.935320973,266.21723175,-10.641572997));
#3524=CARTESIAN_POINT('',(229.985073209,269.597858191,-9.73311998));
#3525=CARTESIAN_POINT('',(222.165778279,289.973914623,-10.503521189));
#3526=CARTESIAN_POINT('',(223.935320973,266.21723175,-10.641572997));
#3527=DIRECTION('',(-0.139645052,-0.016154983,0.990069834));
#3528=DIRECTION('',(0.990199055,0.,0.139663278));
#3529=AXIS2_PLACEMENT_3D('',#3526,#3527,#3528);
#3530=PLANE('',#3529);
#3531=POLY_LOOP('',(#3523,#3524,#3525));
#3532=FACE_OUTER_BOUND('',#3531,.T.);
#3533=FACE_SURFACE('',(#3532),#3530,.T.);
#3534=CARTESIAN_POINT('',(77.980324626,442.106455564,8.250711486));
#3535=CARTESIAN_POINT('',(77.56857574,438.817858696,2.755476395));
#3536=CARTESIAN_POINT('',(77.980324626,442.106455564,8.250711486));
#3537=DIRECTION('',(0.004272497,0.857932045,-0.513745415));
#3538=DIRECTION('',(0.,0.513750104,0.857939876));
#3539=AXIS2_PLACEMENT_3D('',#3536,#3537,#3538);
#3540=PLANE('',#3539);
#3541=POLY_LOOP('',(#3534,#3535,#2825));
#3542=FACE_OUTER_BOUND('',#3541,.T.);
#3543=FACE_SURFACE('',(#3542),#3540,.T.);
#3544=CARTESIAN_POINT('',(105.514198542,459.100276232,-10.43023169));
#3545=CARTESIAN_POINT('',(112.181201577,479.670614004,-10.625694878));
#3546=CARTESIAN_POINT('',(105.514198542,459.100276232,-10.43023169));
#3547=DIRECTION('',(0.166684874,-0.044664201,0.984998102));
#3548=DIRECTION('',(0.985982057,0.,-0.166851382));
#3549=AXIS2_PLACEMENT_3D('',#3546,#3547,#3548);
#3550=PLANE('',#3549);
#3551=POLY_LOOP('',(#3544,#3545,#3257));
#3552=FACE_OUTER_BOUND('',#3551,.T.);
#3553=FACE_SURFACE('',(#3552),#3550,.T.);
#3554=CARTESIAN_POINT('',(90.541295707,465.536534786,-3.984011244));
#3555=DIRECTION('',(-0.743933167,0.667623508,-0.029022327));
#3556=DIRECTION('',(-0.667904853,-0.744246671,0.));
#3557=AXIS2_PLACEMENT_3D('',#3554,#3555,#3556);
#3558=PLANE('',#3557);
#3559=POLY_LOOP('',(#3187,#2049,#3188));
#3560=FACE_OUTER_BOUND('',#3559,.T.);
#3561=FACE_SURFACE('',(#3560),#3558,.T.);
#3562=CARTESIAN_POINT('',(46.321570873,343.345195055,8.410938084));
#3563=DIRECTION('',(-0.266894581,0.757732399,-0.595490465));
#3564=DIRECTION('',(0.,0.617904499,0.786253159));
#3565=AXIS2_PLACEMENT_3D('',#3562,#3563,#3564);
#3566=PLANE('',#3565);
#3567=POLY_LOOP('',(#2863,#2889,#138));
#3568=FACE_OUTER_BOUND('',#3567,.T.);
#3569=FACE_SURFACE('',(#3568),#3566,.T.);
#3570=CARTESIAN_POINT('',(199.768140912,339.753866196,2.471011132));
#3571=CARTESIAN_POINT('',(45.112621039,340.668857098,5.547272041));
#3572=DIRECTION('',(0.000241325,0.961750481,-0.273926913));
#3573=DIRECTION('',(0.,0.273926921,0.961750509));
#3574=AXIS2_PLACEMENT_3D('',#3571,#3572,#3573);
#3575=PLANE('',#3574);
#3576=POLY_LOOP('',(#2889,#3570,#3293));
#3577=FACE_OUTER_BOUND('',#3576,.T.);
#3578=FACE_SURFACE('',(#3577),#3575,.T.);
#3579=CARTESIAN_POINT('',(35.149015486,225.108250976,2.051429357));
#3580=CARTESIAN_POINT('',(37.579055876,217.129781842,-1.835170668));
#3581=DIRECTION('',(-0.955549211,-0.294733923,0.007590782));
#3582=DIRECTION('',(0.294742415,-0.955576741,-0.));
#3583=AXIS2_PLACEMENT_3D('',#3580,#3581,#3582);
#3584=PLANE('',#3583);
#3585=POLY_LOOP('',(#77,#3579,#3284));
#3586=FACE_OUTER_BOUND('',#3585,.T.);
#3587=FACE_SURFACE('',(#3586),#3584,.T.);
#3588=CARTESIAN_POINT('',(209.187537432,286.252081394,7.05294311));
#3589=CARTESIAN_POINT('',(204.243957996,294.687449932,11.60989888));
#3590=DIRECTION('',(-0.260428071,-0.572583243,0.77738385));
#3591=DIRECTION('',(0.,0.805167564,0.593047379));
#3592=AXIS2_PLACEMENT_3D('',#3589,#3590,#3591);
#3593=PLANE('',#3592);
#3594=POLY_LOOP('',(#2806,#3043,#3588));
#3595=FACE_OUTER_BOUND('',#3594,.T.);
#3596=FACE_SURFACE('',(#3595),#3593,.T.);
#3597=CARTESIAN_POINT('',(220.007494092,378.596574068,11.414715089));
#3598=CARTESIAN_POINT('',(218.516469002,364.525169134,11.980237439));
#3599=CARTESIAN_POINT('',(225.903525949,366.761088371,12.575484812));
#3600=DIRECTION('',(-0.095261066,0.050050096,0.9941933));
#3601=DIRECTION('',(0.995440877,-0.,0.095380606));
#3602=AXIS2_PLACEMENT_3D('',#3599,#3600,#3601);
#3603=PLANE('',#3602);
#3604=POLY_LOOP('',(#185,#3597,#3598));
#3605=FACE_OUTER_BOUND('',#3604,.T.);
#3606=FACE_SURFACE('',(#3605),#3603,.T.);
#3607=CARTESIAN_POINT('',(37.483904511,327.325224876,-0.058056499));
#3608=CARTESIAN_POINT('',(36.587223411,322.969406843,-4.804014694));
#3609=DIRECTION('',(0.949940024,0.119140591,-0.288824289));
#3610=DIRECTION('',(0.290896229,-0.,0.95675461));
#3611=AXIS2_PLACEMENT_3D('',#3608,#3609,#3610);
#3612=PLANE('',#3611);
#3613=POLY_LOOP('',(#2106,#3607,#2531));
#3614=FACE_OUTER_BOUND('',#3613,.T.);
#3615=FACE_SURFACE('',(#3614),#3612,.T.);
#3616=CARTESIAN_POINT('',(206.501170993,303.652495146,12.053728104));
#3617=CARTESIAN_POINT('',(42.178232223,303.825467825,12.156895362));
#3618=DIRECTION('',(0.001040565,0.45847243,0.888708022));
#3619=DIRECTION('',(-0.,0.888708503,-0.458472679));
#3620=AXIS2_PLACEMENT_3D('',#3617,#3618,#3619);
#3621=PLANE('',#3620);
#3622=POLY_LOOP('',(#3321,#3616,#3069));
#3623=FACE_OUTER_BOUND('',#3622,.T.);
#3624=FACE_SURFACE('',(#3623),#3621,.T.);
#3625=CARTESIAN_POINT('',(206.501170993,303.652495146,12.053728104));
#3626=DIRECTION('',(0.004318954,0.546448671,0.83748146));
#3627=DIRECTION('',(-0.,0.837489271,-0.546453768));
#3628=AXIS2_PLACEMENT_3D('',#3625,#3626,#3627);
#3629=PLANE('',#3628);
#3630=POLY_LOOP('',(#3616,#3086,#3069));
#3631=FACE_OUTER_BOUND('',#3630,.T.);
#3632=FACE_SURFACE('',(#3631),#3629,.T.);
#3633=CARTESIAN_POINT('',(39.921943098,389.966845512,-4.692775197));
#3634=CARTESIAN_POINT('',(39.921943098,389.966845512,-4.692775197));
#3635=DIRECTION('',(0.232575455,0.969384795,0.078751356));
#3636=DIRECTION('',(0.972404803,-0.233300018,0.));
#3637=AXIS2_PLACEMENT_3D('',#3634,#3635,#3636);
#3638=PLANE('',#3637);
#3639=POLY_LOOP('',(#3633,#573,#107));
#3640=FACE_OUTER_BOUND('',#3639,.T.);
#3641=FACE_SURFACE('',(#3640),#3638,.T.);
#3642=CARTESIAN_POINT('',(35.327780992,410.369068384,-9.725659154));
#3643=CARTESIAN_POINT('',(35.327780992,410.369068384,-9.725659154));
#3644=DIRECTION('',(0.196689314,0.765949581,-0.612073977));
#3645=DIRECTION('',(-0.,0.624268522,0.781209839));
#3646=AXIS2_PLACEMENT_3D('',#3643,#3644,#3645);
#3647=PLANE('',#3646);
#3648=POLY_LOOP('',(#3642,#2196,#3438));
#3649=FACE_OUTER_BOUND('',#3648,.T.);
#3650=FACE_SURFACE('',(#3649),#3647,.T.);
#3651=CARTESIAN_POINT('',(26.861060411,249.88900125,-9.663195349));
#3652=CARTESIAN_POINT('',(42.858883739,256.503731012,-10.619475506));
#3653=CARTESIAN_POINT('',(39.912521839,250.786483288,-12.54935842));
#3654=CARTESIAN_POINT('',(26.861060411,249.88900125,-9.663195349));
#3655=DIRECTION('',(-0.223623179,0.413218742,-0.882747385));
#3656=DIRECTION('',(0.,-0.905683199,-0.423955118));
#3657=AXIS2_PLACEMENT_3D('',#3654,#3655,#3656);
#3658=PLANE('',#3657);
#3659=POLY_LOOP('',(#3651,#3652,#3653));
#3660=FACE_OUTER_BOUND('',#3659,.T.);
#3661=FACE_SURFACE('',(#3660),#3658,.T.);
#3662=CARTESIAN_POINT('',(111.74749583,193.726584315,-10.093935765));
#3663=CARTESIAN_POINT('',(118.243150413,187.305375934,-9.151297621));
#3664=CARTESIAN_POINT('',(111.74749583,193.726584315,-10.093935765));
#3665=DIRECTION('',(0.345605026,0.46893292,0.812809377));
#3666=DIRECTION('',(-0.,0.866183541,-0.499725998));
#3667=AXIS2_PLACEMENT_3D('',#3664,#3665,#3666);
#3668=PLANE('',#3667);
#3669=POLY_LOOP('',(#3662,#1653,#3663));
#3670=FACE_OUTER_BOUND('',#3669,.T.);
#3671=FACE_SURFACE('',(#3670),#3668,.T.);
#3672=CARTESIAN_POINT('',(44.826447964,200.29322803,-10.719908401));
#3673=CARTESIAN_POINT('',(101.018428802,194.784119725,-9.352956899));
#3674=CARTESIAN_POINT('',(116.952754557,199.112385511,-10.510652326));
#3675=CARTESIAN_POINT('',(44.826447964,200.29322803,-10.719908401));
#3676=DIRECTION('',(0.001348164,0.25375502,0.967267581));
#3677=DIRECTION('',(0.,0.96726846,-0.25375525));
#3678=AXIS2_PLACEMENT_3D('',#3675,#3676,#3677);
#3679=PLANE('',#3678);
#3680=POLY_LOOP('',(#3672,#3673,#3674));
#3681=FACE_OUTER_BOUND('',#3680,.T.);
#3682=FACE_SURFACE('',(#3681),#3679,.T.);
#3683=CARTESIAN_POINT('',(215.90308845,397.345215082,12.537623756));
#3684=DIRECTION('',(-0.039267011,-0.08161662,0.995889968));
#3685=DIRECTION('',(-0.,0.996658638,0.081679615));
#3686=AXIS2_PLACEMENT_3D('',#3683,#3684,#3685);
#3687=PLANE('',#3686);
#3688=POLY_LOOP('',(#3122,#3391,#3266));
#3689=FACE_OUTER_BOUND('',#3688,.T.);
#3690=FACE_SURFACE('',(#3689),#3687,.T.);
#3691=CARTESIAN_POINT('',(205.274641514,391.407847404,9.574284777));
#3692=DIRECTION('',(-0.001604331,-0.46295251,0.886381633));
#3693=DIRECTION('',(-0.,0.886382774,0.462953106));
#3694=AXIS2_PLACEMENT_3D('',#3691,#3692,#3693);
#3695=PLANE('',#3694);
#3696=POLY_LOOP('',(#3275,#3391,#3381));
#3697=FACE_OUTER_BOUND('',#3696,.T.);
#3698=FACE_SURFACE('',(#3697),#3695,.T.);
#3699=CARTESIAN_POINT('',(39.314799011,406.650215387,10.810941458));
#3700=DIRECTION('',(0.436617983,0.587394013,0.681419849));
#3701=DIRECTION('',(0.,0.757430241,-0.652916098));
#3702=AXIS2_PLACEMENT_3D('',#3699,#3700,#3701);
#3703=PLANE('',#3702);
#3704=POLY_LOOP('',(#3400,#2743,#2742));
#3705=FACE_OUTER_BOUND('',#3704,.T.);
#3706=FACE_SURFACE('',(#3705),#3703,.T.);
#3707=CARTESIAN_POINT('',(41.712701321,412.085920572,2.691674279));
#3708=DIRECTION('',(-0.001254101,0.932147608,0.362076324));
#3709=DIRECTION('',(-0.,-0.362076609,0.932148341));
#3710=AXIS2_PLACEMENT_3D('',#3707,#3708,#3709);
#3711=PLANE('',#3710);
#3712=POLY_LOOP('',(#1523,#3401,#1524));
#3713=FACE_OUTER_BOUND('',#3712,.T.);
#3714=FACE_SURFACE('',(#3713),#3711,.T.);
#3715=CARTESIAN_POINT('',(205.395147204,406.50254488,11.038019322));
#3716=CARTESIAN_POINT('',(39.314799011,406.650215387,10.810941458));
#3717=DIRECTION('',(-0.000342497,0.705148586,0.709059486));
#3718=DIRECTION('',(0.,0.709059528,-0.705148627));
#3719=AXIS2_PLACEMENT_3D('',#3716,#3717,#3718);
#3720=PLANE('',#3719);
#3721=POLY_LOOP('',(#3400,#3715,#3401));
#3722=FACE_OUTER_BOUND('',#3721,.T.);
#3723=FACE_SURFACE('',(#3722),#3720,.T.);
#3724=CARTESIAN_POINT('',(46.328429133,309.456557035,5.632781889));
#3725=CARTESIAN_POINT('',(46.328429133,309.456557035,5.632781889));
#3726=DIRECTION('',(-0.000875396,-0.973749921,-0.227618816));
#3727=DIRECTION('',(-0.,0.227618903,-0.973750294));
#3728=AXIS2_PLACEMENT_3D('',#3725,#3726,#3727);
#3729=PLANE('',#3728);
#3730=POLY_LOOP('',(#3724,#711,#710));
#3731=FACE_OUTER_BOUND('',#3730,.T.);
#3732=FACE_SURFACE('',(#3731),#3729,.T.);
#3733=CARTESIAN_POINT('',(23.959575221,252.334654331,-1.833538176));
#3734=CARTESIAN_POINT('',(23.959575221,252.334654331,-1.833538176));
#3735=DIRECTION('',(-0.698177231,0.567787187,-0.436080572));
#3736=DIRECTION('',(-0.63093941,-0.775832109,0.));
#3737=AXIS2_PLACEMENT_3D('',#3734,#3735,#3736);
#3738=PLANE('',#3737);
#3739=POLY_LOOP('',(#3733,#3651,#935));
#3740=FACE_OUTER_BOUND('',#3739,.T.);
#3741=FACE_SURFACE('',(#3740),#3738,.T.);
#3742=CARTESIAN_POINT('',(46.858619899,289.639830589,2.621890744));
#3743=CARTESIAN_POINT('',(203.14180851,289.588540792,3.187594237));
#3744=CARTESIAN_POINT('',(160.211026669,289.805084467,0.776122266));
#3745=DIRECTION('',(0.000003346,0.995997747,0.089378347));
#3746=DIRECTION('',(0.,-0.089378347,0.995997747));
#3747=AXIS2_PLACEMENT_3D('',#3744,#3745,#3746);
#3748=PLANE('',#3747);
#3749=POLY_LOOP('',(#3167,#3742,#3743));
#3750=FACE_OUTER_BOUND('',#3749,.T.);
#3751=FACE_SURFACE('',(#3750),#3748,.T.);
#3752=CARTESIAN_POINT('',(207.470029593,343.482404947,-8.03449098));
#3753=CARTESIAN_POINT('',(204.683765769,339.611589909,-1.956458669));
#3754=CARTESIAN_POINT('',(211.991176009,340.998977423,-1.142540481));
#3755=DIRECTION('',(-0.214732047,0.865416893,0.452707134));
#3756=DIRECTION('',(-0.,-0.463519657,0.886086636));
#3757=AXIS2_PLACEMENT_3D('',#3754,#3755,#3756);
#3758=PLANE('',#3757);
#3759=POLY_LOOP('',(#207,#3752,#3753));
#3760=FACE_OUTER_BOUND('',#3759,.T.);
#3761=FACE_SURFACE('',(#3760),#3758,.T.);
#3762=CARTESIAN_POINT('',(223.230138421,350.208550692,-6.682890002));
#3763=CARTESIAN_POINT('',(223.230138421,350.208550692,-6.682890002));
#3764=DIRECTION('',(-0.372444915,0.76797522,0.521055512));
#3765=DIRECTION('',(0.,-0.56144938,0.827511084));
#3766=AXIS2_PLACEMENT_3D('',#3763,#3764,#3765);
#3767=PLANE('',#3766);
#3768=POLY_LOOP('',(#3762,#3752,#207));
#3769=FACE_OUTER_BOUND('',#3768,.T.);
#3770=FACE_SURFACE('',(#3769),#3767,.T.);
#3771=CARTESIAN_POINT('',(222.628027201,298.087477684,-10.69096569));
#3772=CARTESIAN_POINT('',(221.387460828,304.861187935,-5.160578527));
#3773=CARTESIAN_POINT('',(222.628027201,298.087477684,-10.69096569));
#3774=DIRECTION('',(0.422962038,0.61829998,-0.662426033));
#3775=DIRECTION('',(0.,-0.731035626,-0.682339295));
#3776=AXIS2_PLACEMENT_3D('',#3773,#3774,#3775);
#3777=PLANE('',#3776);
#3778=POLY_LOOP('',(#3771,#3103,#3772));
#3779=FACE_OUTER_BOUND('',#3778,.T.);
#3780=FACE_SURFACE('',(#3779),#3777,.T.);
#3781=CARTESIAN_POINT('',(119.743153453,178.103148937,-2.132968511));
#3782=CARTESIAN_POINT('',(124.511949718,168.585330248,-2.640296938));
#3783=DIRECTION('',(0.894227313,0.447495414,0.010264866));
#3784=DIRECTION('',(-0.447518991,0.894274428,0.));
#3785=AXIS2_PLACEMENT_3D('',#3782,#3783,#3784);
#3786=PLANE('',#3785);
#3787=POLY_LOOP('',(#3448,#3781,#3449));
#3788=FACE_OUTER_BOUND('',#3787,.T.);
#3789=FACE_SURFACE('',(#3788),#3786,.T.);
#3790=CARTESIAN_POINT('',(120.452232659,180.111289024,5.829396658));
#3791=CARTESIAN_POINT('',(127.332687378,168.692588806,8.08265619));
#3792=DIRECTION('',(0.82473975,0.42285926,-0.375492199));
#3793=DIRECTION('',(-0.456244714,0.889854348,0.));
#3794=AXIS2_PLACEMENT_3D('',#3791,#3792,#3793);
#3795=PLANE('',#3794);
#3796=POLY_LOOP('',(#2582,#3449,#3790));
#3797=FACE_OUTER_BOUND('',#3796,.T.);
#3798=FACE_SURFACE('',(#3797),#3795,.T.);
#3799=CARTESIAN_POINT('',(32.250177115,299.509853125,8.851094171));
#3800=DIRECTION('',(0.193680959,0.465033648,-0.863846857));
#3801=DIRECTION('',(0.,-0.880519882,-0.474009217));
#3802=AXIS2_PLACEMENT_3D('',#3799,#3800,#3801);
#3803=PLANE('',#3802);
#3804=POLY_LOOP('',(#1937,#1801,#3218));
#3805=FACE_OUTER_BOUND('',#3804,.T.);
#3806=FACE_SURFACE('',(#3805),#3803,.T.);
#3807=CARTESIAN_POINT('',(122.874602675,581.000089645,3.082951996));
#3808=DIRECTION('',(-0.000082316,0.999999996,-0.000019204));
#3809=DIRECTION('',(0.999999997,0.000082316,-0.));
#3810=AXIS2_PLACEMENT_3D('',#3807,#3808,#3809);
#3811=PLANE('',#3810);
#3812=POLY_LOOP('',(#3227,#3491,#1974));
#3813=FACE_OUTER_BOUND('',#3812,.T.);
#3814=FACE_SURFACE('',(#3813),#3811,.T.);
#3815=CARTESIAN_POINT('',(69.380946457,438.931703568,-0.75845205));
#3816=CARTESIAN_POINT('',(77.56857574,438.817858696,2.755476395));
#3817=DIRECTION('',(0.001944968,0.999610119,0.027853671));
#3818=DIRECTION('',(-0.,-0.027853724,0.99961201));
#3819=AXIS2_PLACEMENT_3D('',#3816,#3817,#3818);
#3820=PLANE('',#3819);
#3821=POLY_LOOP('',(#3535,#3815,#2825));
#3822=FACE_OUTER_BOUND('',#3821,.T.);
#3823=FACE_SURFACE('',(#3822),#3820,.T.);
#3824=CARTESIAN_POINT('',(28.904421255,391.845583916,-5.907966755));
#3825=CARTESIAN_POINT('',(27.731191367,397.7214396,-10.953846388));
#3826=CARTESIAN_POINT('',(40.957942605,389.357566833,-7.473804057));
#3827=DIRECTION('',(-0.22918342,-0.660087049,-0.715374061));
#3828=DIRECTION('',(0.,-0.734935656,0.678136845));
#3829=AXIS2_PLACEMENT_3D('',#3826,#3827,#3828);
#3830=PLANE('',#3829);
#3831=POLY_LOOP('',(#2907,#3824,#3825));
#3832=FACE_OUTER_BOUND('',#3831,.T.);
#3833=FACE_SURFACE('',(#3832),#3830,.T.);
#3834=CARTESIAN_POINT('',(19.989317283,398.688733578,-6.32903818));
#3835=CARTESIAN_POINT('',(28.904421255,391.845583916,-5.907966755));
#3836=DIRECTION('',(-0.569413874,-0.760955548,-0.310989541));
#3837=DIRECTION('',(-0.800657483,0.599122354,0.));
#3838=AXIS2_PLACEMENT_3D('',#3835,#3836,#3837);
#3839=PLANE('',#3838);
#3840=POLY_LOOP('',(#3824,#1326,#3834));
#3841=FACE_OUTER_BOUND('',#3840,.T.);
#3842=FACE_SURFACE('',(#3841),#3839,.T.);
#3843=CARTESIAN_POINT('',(47.481264919,310.5661273,0.399266806));
#3844=DIRECTION('',(-0.002633868,-0.978012288,0.208530639));
#3845=DIRECTION('',(0.,-0.208531363,-0.97801568));
#3846=AXIS2_PLACEMENT_3D('',#3843,#3844,#3845);
#3847=PLANE('',#3846);
#3848=POLY_LOOP('',(#3237,#3236,#711));
#3849=FACE_OUTER_BOUND('',#3848,.T.);
#3850=FACE_SURFACE('',(#3849),#3847,.T.);
#3851=CARTESIAN_POINT('',(209.80040729,283.579707146,-3.57720512));
#3852=CARTESIAN_POINT('',(203.536897898,287.828862667,-4.280396737));
#3853=CARTESIAN_POINT('',(204.562619328,291.777938604,-9.896295145));
#3854=CARTESIAN_POINT('',(209.80040729,283.579707146,-3.57720512));
#3855=DIRECTION('',(-0.415159293,-0.706765771,-0.57282188));
#3856=DIRECTION('',(0.,0.629648449,-0.776880191));
#3857=AXIS2_PLACEMENT_3D('',#3854,#3855,#3856);
#3858=PLANE('',#3857);
#3859=POLY_LOOP('',(#3851,#3852,#3853));
#3860=FACE_OUTER_BOUND('',#3859,.T.);
#3861=FACE_SURFACE('',(#3860),#3858,.T.);
#3862=CARTESIAN_POINT('',(42.713671923,393.323391676,-11.09595038));
#3863=CARTESIAN_POINT('',(42.713671923,393.323391676,-11.09595038));
#3864=DIRECTION('',(-0.187991882,-0.615691777,-0.765233747));
#3865=DIRECTION('',(0.,-0.779125094,0.626868477));
#3866=AXIS2_PLACEMENT_3D('',#3863,#3864,#3865);
#3867=PLANE('',#3866);
#3868=POLY_LOOP('',(#3862,#2907,#3825));
#3869=FACE_OUTER_BOUND('',#3868,.T.);
#3870=FACE_SURFACE('',(#3869),#3867,.T.);
#3871=CARTESIAN_POINT('',(212.368756533,288.174331188,10.37962921));
#3872=DIRECTION('',(-0.37492926,-0.601030242,0.705826252));
#3873=DIRECTION('',(0.,0.76136524,0.6483232));
#3874=AXIS2_PLACEMENT_3D('',#3871,#3872,#3873);
#3875=PLANE('',#3874);
#3876=POLY_LOOP('',(#1592,#2806,#3588));
#3877=FACE_OUTER_BOUND('',#3876,.T.);
#3878=FACE_SURFACE('',(#3877),#3875,.T.);
#3879=CARTESIAN_POINT('',(14.645569026,334.177076817,-5.488081835));
#3880=DIRECTION('',(-0.738701508,0.147788836,-0.657631008));
#3881=DIRECTION('',(0.664932675,0.,-0.746903299));
#3882=AXIS2_PLACEMENT_3D('',#3879,#3880,#3881);
#3883=PLANE('',#3882);
#3884=POLY_LOOP('',(#1543,#1533,#3312));
#3885=FACE_OUTER_BOUND('',#3884,.T.);
#3886=FACE_SURFACE('',(#3885),#3883,.T.);
#3887=CARTESIAN_POINT('',(27.863249183,397.406846285,8.349206299));
#3888=CARTESIAN_POINT('',(27.863249183,397.406846285,8.349206299));
#3889=DIRECTION('',(0.322621662,0.772600317,-0.546812595));
#3890=DIRECTION('',(0.,0.577703557,0.816246654));
#3891=AXIS2_PLACEMENT_3D('',#3888,#3889,#3890);
#3892=PLANE('',#3891);
#3893=POLY_LOOP('',(#3887,#88,#573));
#3894=FACE_OUTER_BOUND('',#3893,.T.);
#3895=FACE_SURFACE('',(#3894),#3892,.T.);
#3896=CARTESIAN_POINT('',(29.46741879,394.663572311,-6.407568231));
#3897=CARTESIAN_POINT('',(30.438056216,391.712874174,1.823248109));
#3898=DIRECTION('',(0.442506331,0.859469289,0.25593102));
#3899=DIRECTION('',(0.889080059,-0.457751732,0.));
#3900=AXIS2_PLACEMENT_3D('',#3897,#3898,#3899);
#3901=PLANE('',#3900);
#3902=POLY_LOOP('',(#573,#3896,#2381));
#3903=FACE_OUTER_BOUND('',#3902,.T.);
#3904=FACE_SURFACE('',(#3903),#3901,.T.);
#3905=CARTESIAN_POINT('',(35.490386188,404.391497374,-12.103850953));
#3906=CARTESIAN_POINT('',(43.219983578,409.414559603,-8.383980952));
#3907=DIRECTION('',(0.1988657,0.366952036,-0.908734635));
#3908=DIRECTION('',(0.,-0.927254928,-0.374430632));
#3909=AXIS2_PLACEMENT_3D('',#3906,#3907,#3908);
#3910=PLANE('',#3909);
#3911=POLY_LOOP('',(#3438,#3905,#3642));
#3912=FACE_OUTER_BOUND('',#3911,.T.);
#3913=FACE_SURFACE('',(#3912),#3910,.T.);
#3914=CARTESIAN_POINT('',(26.899917051,325.981616974,-12.104265392));
#3915=DIRECTION('',(0.338627284,-0.103271821,-0.935236063));
#3916=DIRECTION('',(-0.940263491,0.,-0.340447599));
#3917=AXIS2_PLACEMENT_3D('',#3914,#3915,#3916);
#3918=PLANE('',#3917);
#3919=POLY_LOOP('',(#319,#2398,#2104));
#3920=FACE_OUTER_BOUND('',#3919,.T.);
#3921=FACE_SURFACE('',(#3920),#3918,.T.);
#3922=CARTESIAN_POINT('',(221.780762076,305.792540312,1.933134045));
#3923=CARTESIAN_POINT('',(209.004506469,311.083912849,-4.970523529));
#3924=DIRECTION('',(0.451292373,0.877423539,-0.162674912));
#3925=DIRECTION('',(0.889268848,-0.457384866,0.));
#3926=AXIS2_PLACEMENT_3D('',#3923,#3924,#3925);
#3927=PLANE('',#3926);
#3928=POLY_LOOP('',(#3104,#3346,#3922));
#3929=FACE_OUTER_BOUND('',#3928,.T.);
#3930=FACE_SURFACE('',(#3929),#3927,.T.);
#3931=CARTESIAN_POINT('',(38.411490619,456.902563572,-7.712299936));
#3932=CARTESIAN_POINT('',(35.27533263,450.260639191,-10.503157973));
#3933=CARTESIAN_POINT('',(83.916649222,454.518526793,-9.334518574));
#3934=CARTESIAN_POINT('',(38.411490619,456.902563572,-7.712299936));
#3935=DIRECTION('',(0.012238606,-0.392257028,0.919774234));
#3936=DIRECTION('',(0.,0.919843125,0.392286408));
#3937=AXIS2_PLACEMENT_3D('',#3934,#3935,#3936);
#3938=PLANE('',#3937);
#3939=POLY_LOOP('',(#3931,#3932,#3933));
#3940=FACE_OUTER_BOUND('',#3939,.T.);
#3941=FACE_SURFACE('',(#3940),#3938,.T.);
#3942=CARTESIAN_POINT('',(35.206247121,397.296607494,12.342133559));
#3943=DIRECTION('',(-0.000904215,-0.371916883,0.928265595));
#3944=DIRECTION('',(-0.,0.928265974,0.371917035));
#3945=AXIS2_PLACEMENT_3D('',#3942,#3943,#3944);
#3946=PLANE('',#3945);
#3947=POLY_LOOP('',(#3381,#3391,#3122));
#3948=FACE_OUTER_BOUND('',#3947,.T.);
#3949=FACE_SURFACE('',(#3948),#3946,.T.);
#3950=CARTESIAN_POINT('',(207.853108644,265.281587839,0.048216698));
#3951=CARTESIAN_POINT('',(204.563245177,260.474801064,-7.787397597));
#3952=CARTESIAN_POINT('',(207.853108644,265.281587839,0.048216698));
#3953=DIRECTION('',(-0.782507726,0.620459055,-0.05207898));
#3954=DIRECTION('',(-0.621302181,-0.783571056,0.));
#3955=AXIS2_PLACEMENT_3D('',#3952,#3953,#3954);
#3956=PLANE('',#3955);
#3957=POLY_LOOP('',(#3950,#3140,#3951));
#3958=FACE_OUTER_BOUND('',#3957,.T.);
#3959=FACE_SURFACE('',(#3958),#3956,.T.);
#3960=CARTESIAN_POINT('',(35.450782627,413.016676903,7.798815612));
#3961=DIRECTION('',(0.432787307,0.816647447,0.381814213));
#3962=DIRECTION('',(0.883588944,-0.468263363,0.));
#3963=AXIS2_PLACEMENT_3D('',#3960,#3961,#3962);
#3964=PLANE('',#3963);
#3965=POLY_LOOP('',(#2743,#3401,#1523));
#3966=FACE_OUTER_BOUND('',#3965,.T.);
#3967=FACE_SURFACE('',(#3966),#3964,.T.);
#3968=CARTESIAN_POINT('',(99.907800555,480.891376734,-0.619609666));
#3969=CARTESIAN_POINT('',(97.691856325,473.45417738,3.298545489));
#3970=DIRECTION('',(-0.949616326,0.309373251,0.050169969));
#3971=DIRECTION('',(-0.309763337,-0.950813691,-0.));
#3972=AXIS2_PLACEMENT_3D('',#3969,#3970,#3971);
#3973=PLANE('',#3972);
#3974=POLY_LOOP('',(#1082,#3968,#3188));
#3975=FACE_OUTER_BOUND('',#3974,.T.);
#3976=FACE_SURFACE('',(#3975),#3973,.T.);
#3977=CARTESIAN_POINT('',(33.556126058,416.911274195,-5.951187108));
#3978=DIRECTION('',(0.560309765,0.522518473,-0.642672088));
#3979=DIRECTION('',(-0.753754409,0.,-0.657156215));
#3980=AXIS2_PLACEMENT_3D('',#3977,#3978,#3979);
#3981=PLANE('',#3980);
#3982=POLY_LOOP('',(#2194,#2196,#3642));
#3983=FACE_OUTER_BOUND('',#3982,.T.);
#3984=FACE_SURFACE('',(#3983),#3981,.T.);
#3985=CARTESIAN_POINT('',(128.455042839,143.999993801,8.456254378));
#3986=CARTESIAN_POINT('',(133.869707584,143.999993801,10.544981807));
#3987=DIRECTION('',(0.359903244,0.002242662,-0.932986937));
#3988=DIRECTION('',(-0.932989284,0.,-0.359904149));
#3989=AXIS2_PLACEMENT_3D('',#3986,#3987,#3988);
#3990=PLANE('',#3989);
#3991=POLY_LOOP('',(#2581,#3985,#2582));
#3992=FACE_OUTER_BOUND('',#3991,.T.);
#3993=FACE_SURFACE('',(#3992),#3990,.T.);
#3994=CARTESIAN_POINT('',(125.079378486,143.999993801,3.566943342));
#3995=CARTESIAN_POINT('',(127.332687378,168.692588806,8.08265619));
#3996=DIRECTION('',(0.903388019,-0.004019462,-0.428805236));
#3997=DIRECTION('',(0.4288087,-0.,0.903395317));
#3998=AXIS2_PLACEMENT_3D('',#3995,#3996,#3997);
#3999=PLANE('',#3998);
#4000=POLY_LOOP('',(#2582,#3994,#3447));
#4001=FACE_OUTER_BOUND('',#4000,.T.);
#4002=FACE_SURFACE('',(#4001),#3999,.T.);
#4003=CARTESIAN_POINT('',(44.029805809,205.456227064,9.490648285));
#4004=CARTESIAN_POINT('',(103.922314942,208.933025599,5.459154025));
#4005=CARTESIAN_POINT('',(44.029805809,205.456227064,9.490648285));
#4006=DIRECTION('',(-0.007269578,-0.701312725,-0.712816677));
#4007=DIRECTION('',(0.,-0.712835513,0.701331257));
#4008=AXIS2_PLACEMENT_3D('',#4005,#4006,#4007);
#4009=PLANE('',#4008);
#4010=POLY_LOOP('',(#4003,#4004,#2040));
#4011=FACE_OUTER_BOUND('',#4010,.T.);
#4012=FACE_SURFACE('',(#4011),#4009,.T.);
#4013=CARTESIAN_POINT('',(28.340591118,434.367865324,11.116977781));
#4014=CARTESIAN_POINT('',(25.064695626,422.651678324,11.852297932));
#4015=DIRECTION('',(0.134051304,0.024693964,0.990666673));
#4016=DIRECTION('',(0.990968861,0.,-0.134092194));
#4017=AXIS2_PLACEMENT_3D('',#4014,#4015,#4016);
#4018=PLANE('',#4017);
#4019=POLY_LOOP('',(#460,#4013,#461));
#4020=FACE_OUTER_BOUND('',#4019,.T.);
#4021=FACE_SURFACE('',(#4020),#4018,.T.);
#4022=CARTESIAN_POINT('',(26.861060411,249.88900125,-9.663195349));
#4023=DIRECTION('',(-0.225496066,0.258619709,-0.939290887));
#4024=DIRECTION('',(-0.,-0.964122757,-0.265456793));
#4025=AXIS2_PLACEMENT_3D('',#4022,#4023,#4024);
#4026=PLANE('',#4025);
#4027=POLY_LOOP('',(#3651,#3653,#864));
#4028=FACE_OUTER_BOUND('',#4027,.T.);
#4029=FACE_SURFACE('',(#4028),#4026,.T.);
#4030=CARTESIAN_POINT('',(110.097415745,187.106102705,4.011451732));
#4031=CARTESIAN_POINT('',(118.841342628,179.811492562,1.953585772));
#4032=DIRECTION('',(0.638993076,0.769129907,-0.011270942));
#4033=DIRECTION('',(0.769178765,-0.639033667,-0.));
#4034=AXIS2_PLACEMENT_3D('',#4031,#4032,#4033);
#4035=PLANE('',#4034);
#4036=POLY_LOOP('',(#3449,#1654,#4030));
#4037=FACE_OUTER_BOUND('',#4036,.T.);
#4038=FACE_SURFACE('',(#4037),#4035,.T.);
#4039=CARTESIAN_POINT('',(127.332687378,168.692588806,8.08265619));
#4040=DIRECTION('',(0.81560485,0.384553679,-0.432327651));
#4041=DIRECTION('',(0.468341911,0.,0.883547313));
#4042=AXIS2_PLACEMENT_3D('',#4039,#4040,#4041);
#4043=PLANE('',#4042);
#4044=POLY_LOOP('',(#2582,#3447,#3449));
#4045=FACE_OUTER_BOUND('',#4044,.T.);
#4046=FACE_SURFACE('',(#4045),#4043,.T.);
#4047=CARTESIAN_POINT('',(215.713635087,296.666949987,-12.509150431));
#4048=CARTESIAN_POINT('',(46.115666628,301.475256681,-12.47686334));
#4049=DIRECTION('',(-0.002649193,-0.086752465,-0.996226376));
#4050=DIRECTION('',(0.,-0.996229872,0.086752769));
#4051=AXIS2_PLACEMENT_3D('',#4048,#4049,#4050);
#4052=PLANE('',#4051);
#4053=POLY_LOOP('',(#2176,#4047,#1168));
#4054=FACE_OUTER_BOUND('',#4053,.T.);
#4055=FACE_SURFACE('',(#4054),#4052,.T.);
#4056=CARTESIAN_POINT('',(206.215307117,296.472430229,-12.155292556));
#4057=CARTESIAN_POINT('',(38.256421685,298.335105181,-12.182516046));
#4058=DIRECTION('',(-0.003394537,-0.319935114,-0.947433375));
#4059=DIRECTION('',(0.,-0.947438833,0.319936958));
#4060=AXIS2_PLACEMENT_3D('',#4057,#4058,#4059);
#4061=PLANE('',#4060);
#4062=POLY_LOOP('',(#1168,#4056,#2495));
#4063=FACE_OUTER_BOUND('',#4062,.T.);
#4064=FACE_SURFACE('',(#4063),#4061,.T.);
#4065=CARTESIAN_POINT('',(233.376443386,367.96694994,6.147078704));
#4066=DIRECTION('',(-0.510786063,0.165072245,-0.843711296));
#4067=DIRECTION('',(-0.855446762,0.,0.517890759));
#4068=AXIS2_PLACEMENT_3D('',#4065,#4066,#4067);
#4069=PLANE('',#4068);
#4070=POLY_LOOP('',(#2153,#3482,#2154));
#4071=FACE_OUTER_BOUND('',#4070,.T.);
#4072=FACE_SURFACE('',(#4071),#4069,.T.);
#4073=CARTESIAN_POINT('',(116.323255002,580.999970436,-9.918933734));
#4074=CARTESIAN_POINT('',(116.323255002,580.999970436,-9.918933734));
#4075=DIRECTION('',(-0.608718783,0.000302563,0.793386004));
#4076=DIRECTION('',(0.79338604,0.,0.608718811));
#4077=AXIS2_PLACEMENT_3D('',#4074,#4075,#4076);
#4078=PLANE('',#4077);
#4079=POLY_LOOP('',(#4073,#1811,#1974));
#4080=FACE_OUTER_BOUND('',#4079,.T.);
#4081=FACE_SURFACE('',(#4080),#4078,.T.);
#4082=CARTESIAN_POINT('',(221.387460828,304.861187935,-5.160578527));
#4083=DIRECTION('',(0.638163535,0.757990182,-0.134900655));
#4084=DIRECTION('',(0.764982791,-0.644050719,0.));
#4085=AXIS2_PLACEMENT_3D('',#4082,#4083,#4084);
#4086=PLANE('',#4085);
#4087=POLY_LOOP('',(#3772,#3922,#502));
#4088=FACE_OUTER_BOUND('',#4087,.T.);
#4089=FACE_SURFACE('',(#4088),#4086,.T.);
#4090=CARTESIAN_POINT('',(38.859378546,332.546830177,-5.534559488));
#4091=DIRECTION('',(0.578087771,-0.814232592,-0.05328991));
#4092=DIRECTION('',(-0.815391195,-0.578910355,-0.));
#4093=AXIS2_PLACEMENT_3D('',#4090,#4091,#4092);
#4094=PLANE('',#4093);
#4095=POLY_LOOP('',(#370,#358,#1356));
#4096=FACE_OUTER_BOUND('',#4095,.T.);
#4097=FACE_SURFACE('',(#4096),#4094,.T.);
#4098=CARTESIAN_POINT('',(35.614207387,360.064804554,2.237796318));
#4099=CARTESIAN_POINT('',(35.760074854,357.600390911,7.266970817));
#4100=DIRECTION('',(-0.235570351,0.869993119,0.433149608));
#4101=DIRECTION('',(0.,-0.445692601,0.895186073));
#4102=AXIS2_PLACEMENT_3D('',#4099,#4100,#4101);
#4103=PLANE('',#4102);
#4104=POLY_LOOP('',(#493,#492,#4098));
#4105=FACE_OUTER_BOUND('',#4104,.T.);
#4106=FACE_SURFACE('',(#4105),#4103,.T.);
#4107=CARTESIAN_POINT('',(30.002556741,414.867192507,-10.642791167));
#4108=CARTESIAN_POINT('',(30.002556741,414.867192507,-10.642791167));
#4109=DIRECTION('',(0.553740332,0.523536142,-0.647519538));
#4110=DIRECTION('',(-0.759996365,0.,-0.649927323));
#4111=AXIS2_PLACEMENT_3D('',#4108,#4109,#4110);
#4112=PLANE('',#4111);
#4113=POLY_LOOP('',(#4107,#2194,#3642));
#4114=FACE_OUTER_BOUND('',#4113,.T.);
#4115=FACE_SURFACE('',(#4114),#4112,.T.);
#4116=CARTESIAN_POINT('',(210.664585233,362.577646971,8.907174692));
#4117=CARTESIAN_POINT('',(218.516469002,364.525169134,11.980237439));
#4118=DIRECTION('',(-0.409081978,0.277788162,0.869186788));
#4119=DIRECTION('',(0.904797485,-0.,0.42584212));
#4120=AXIS2_PLACEMENT_3D('',#4117,#4118,#4119);
#4121=PLANE('',#4120);
#4122=POLY_LOOP('',(#3598,#1572,#4116));
#4123=FACE_OUTER_BOUND('',#4122,.T.);
#4124=FACE_SURFACE('',(#4123),#4121,.T.);
#4125=CARTESIAN_POINT('',(30.468290672,426.726132631,6.907721981));
#4126=CARTESIAN_POINT('',(30.468290672,426.726132631,6.907721981));
#4127=DIRECTION('',(0.924434105,0.155720184,0.348098851));
#4128=DIRECTION('',(-0.352397677,-0.,0.93585035));
#4129=AXIS2_PLACEMENT_3D('',#4126,#4127,#4128);
#4130=PLANE('',#4129);
#4131=POLY_LOOP('',(#4125,#2744,#2195));
#4132=FACE_OUTER_BOUND('',#4131,.T.);
#4133=FACE_SURFACE('',(#4132),#4130,.T.);
#4134=CARTESIAN_POINT('',(28.904421255,391.845583916,-5.907966755));
#4135=DIRECTION('',(-0.454501011,-0.630810797,-0.62889313));
#4136=DIRECTION('',(0.,0.706029524,-0.7081824));
#4137=AXIS2_PLACEMENT_3D('',#4134,#4135,#4136);
#4138=PLANE('',#4137);
#4139=POLY_LOOP('',(#3824,#3834,#3825));
#4140=FACE_OUTER_BOUND('',#4139,.T.);
#4141=FACE_SURFACE('',(#4140),#4138,.T.);
#4142=CARTESIAN_POINT('',(138.954505324,143.999993801,11.98038552));
#4143=CARTESIAN_POINT('',(139.643341303,173.551619053,11.522470973));
#4144=CARTESIAN_POINT('',(131.986737251,174.583733082,12.529339641));
#4145=CARTESIAN_POINT('',(138.954505324,143.999993801,11.98038552));
#4146=DIRECTION('',(0.131998225,0.012281822,0.991173862));
#4147=DIRECTION('',(0.991248627,0.,-0.132008182));
#4148=AXIS2_PLACEMENT_3D('',#4145,#4146,#4147);
#4149=PLANE('',#4148);
#4150=POLY_LOOP('',(#4142,#4143,#4144));
#4151=FACE_OUTER_BOUND('',#4150,.T.);
#4152=FACE_SURFACE('',(#4151),#4149,.T.);
#4153=CARTESIAN_POINT('',(142.473131418,178.918749094,7.467359304));
#4154=CARTESIAN_POINT('',(144.649788737,167.02285409,8.06165766));
#4155=CARTESIAN_POINT('',(142.473131418,178.918749094,7.467359304));
#4156=DIRECTION('',(0.695453741,0.162222779,0.700019903));
#4157=DIRECTION('',(0.709416724,-0.,-0.704789268));
#4158=AXIS2_PLACEMENT_3D('',#4155,#4156,#4157);
#4159=PLANE('',#4158);
#4160=POLY_LOOP('',(#4153,#4143,#4154));
#4161=FACE_OUTER_BOUND('',#4160,.T.);
#4162=FACE_SURFACE('',(#4161),#4159,.T.);
#4163=CARTESIAN_POINT('',(127.894282341,169.561713934,10.610580444));
#4164=CARTESIAN_POINT('',(124.343365431,169.721037149,7.595876232));
#4165=CARTESIAN_POINT('',(127.894282341,169.561713934,10.610580444));
#4166=DIRECTION('',(-0.611875776,-0.36560348,0.701385864));
#4167=DIRECTION('',(0.753553871,0.,0.65738616));
#4168=AXIS2_PLACEMENT_3D('',#4165,#4166,#4167);
#4169=PLANE('',#4168);
#4170=POLY_LOOP('',(#4163,#843,#4164));
#4171=FACE_OUTER_BOUND('',#4170,.T.);
#4172=FACE_SURFACE('',(#4171),#4169,.T.);
#4173=CARTESIAN_POINT('',(225.903525949,366.761088371,12.575484812));
#4174=DIRECTION('',(-0.281566816,-0.046268966,0.958425433));
#4175=DIRECTION('',(0.95945299,0.,0.281868692));
#4176=AXIS2_PLACEMENT_3D('',#4173,#4174,#4175);
#4177=PLANE('',#4176);
#4178=POLY_LOOP('',(#185,#2854,#3597));
#4179=FACE_OUTER_BOUND('',#4178,.T.);
#4180=FACE_SURFACE('',(#4179),#4177,.T.);
#4181=CARTESIAN_POINT('',(27.904704213,424.206793308,-7.086961064));
#4182=CARTESIAN_POINT('',(30.507974327,424.202591181,-1.7481799));
#4183=CARTESIAN_POINT('',(32.474856824,431.448221207,-1.29744783));
#4184=CARTESIAN_POINT('',(27.904704213,424.206793308,-7.086961064));
#4185=DIRECTION('',(-0.878380341,0.21178863,0.428478183));
#4186=DIRECTION('',(-0.438423606,-0.,-0.898768459));
#4187=AXIS2_PLACEMENT_3D('',#4184,#4185,#4186);
#4188=PLANE('',#4187);
#4189=POLY_LOOP('',(#4181,#4182,#4183));
#4190=FACE_OUTER_BOUND('',#4189,.T.);
#4191=FACE_SURFACE('',(#4190),#4188,.T.);
#4192=CARTESIAN_POINT('',(12.273889035,322.269916534,1.940316404));
#4193=CARTESIAN_POINT('',(14.189722948,314.99004364,-3.479219275));
#4194=CARTESIAN_POINT('',(12.273889035,322.269916534,1.940316404));
#4195=DIRECTION('',(-0.976327195,-0.12612007,-0.175724033));
#4196=DIRECTION('',(0.177138487,-0.,-0.984185936));
#4197=AXIS2_PLACEMENT_3D('',#4194,#4195,#4196);
#4198=PLANE('',#4197);
#4199=POLY_LOOP('',(#4192,#3311,#4193));
#4200=FACE_OUTER_BOUND('',#4199,.T.);
#4201=FACE_SURFACE('',(#4200),#4198,.T.);
#4202=CARTESIAN_POINT('',(31.772408634,345.011949539,10.737164877));
#4203=DIRECTION('',(0.288740591,-0.160632067,-0.943835902));
#4204=DIRECTION('',(-0.956253469,0.,-0.292539404));
#4205=AXIS2_PLACEMENT_3D('',#4202,#4203,#4204);
#4206=PLANE('',#4205);
#4207=POLY_LOOP('',(#127,#175,#1690));
#4208=FACE_OUTER_BOUND('',#4207,.T.);
#4209=FACE_SURFACE('',(#4208),#4206,.T.);
#4210=CARTESIAN_POINT('',(212.617143989,339.498668909,0.000013177));
#4211=DIRECTION('',(0.222851999,-0.956857431,0.186442599));
#4212=DIRECTION('',(-0.97393454,-0.226829256,0.));
#4213=AXIS2_PLACEMENT_3D('',#4210,#4211,#4212);
#4214=PLANE('',#4213);
#4215=POLY_LOOP('',(#196,#2224,#197));
#4216=FACE_OUTER_BOUND('',#4215,.T.);
#4217=FACE_SURFACE('',(#4216),#4214,.T.);
#4218=CARTESIAN_POINT('',(214.347109199,340.850293636,4.868996795));
#4219=DIRECTION('',(0.379635669,-0.702807274,0.60161341));
#4220=DIRECTION('',(0.,-0.650297211,-0.759679891));
#4221=AXIS2_PLACEMENT_3D('',#4218,#4219,#4220);
#4222=PLANE('',#4221);
#4223=POLY_LOOP('',(#2224,#2291,#2134));
#4224=FACE_OUTER_BOUND('',#4223,.T.);
#4225=FACE_SURFACE('',(#4224),#4222,.T.);
#4226=CARTESIAN_POINT('',(115.889720619,204.884007573,0.774570508));
#4227=CARTESIAN_POINT('',(115.889720619,204.884007573,0.774570508));
#4228=DIRECTION('',(-0.979591054,0.176458998,-0.096247538));
#4229=DIRECTION('',(-0.177282043,-0.984160087,0.));
#4230=AXIS2_PLACEMENT_3D('',#4227,#4228,#4229);
#4231=PLANE('',#4230);
#4232=POLY_LOOP('',(#4226,#410,#409));
#4233=FACE_OUTER_BOUND('',#4232,.T.);
#4234=FACE_SURFACE('',(#4233),#4231,.T.);
#4235=CARTESIAN_POINT('',(39.951216429,387.997686863,5.05177537));
#4236=CARTESIAN_POINT('',(38.963086903,392.137378454,9.99887567));
#4237=DIRECTION('',(-0.001726986,-0.767083956,0.641544404));
#4238=DIRECTION('',(0.,-0.641545361,-0.767085099));
#4239=AXIS2_PLACEMENT_3D('',#4236,#4237,#4238);
#4240=PLANE('',#4239);
#4241=POLY_LOOP('',(#3382,#4235,#3275));
#4242=FACE_OUTER_BOUND('',#4241,.T.);
#4243=FACE_SURFACE('',(#4242),#4240,.T.);
#4244=CARTESIAN_POINT('',(45.318763703,209.060788155,9.029962122));
#4245=CARTESIAN_POINT('',(39.068937302,213.183954358,9.118159302));
#4246=CARTESIAN_POINT('',(46.097029001,202.462643385,12.589906342));
#4247=CARTESIAN_POINT('',(45.318763703,209.060788155,9.029962122));
#4248=DIRECTION('',(0.327054257,0.478309601,0.815018673));
#4249=DIRECTION('',(0.,0.862448546,-0.506144747));
#4250=AXIS2_PLACEMENT_3D('',#4247,#4248,#4249);
#4251=PLANE('',#4250);
#4252=POLY_LOOP('',(#4244,#4245,#4246));
#4253=FACE_OUTER_BOUND('',#4252,.T.);
#4254=FACE_SURFACE('',(#4253),#4251,.T.);
#4255=CARTESIAN_POINT('',(17.857361585,430.844992399,12.623321265));
#4256=DIRECTION('',(0.216096399,-0.238177138,0.946875914));
#4257=DIRECTION('',(0.,0.969790083,0.243940967));
#4258=AXIS2_PLACEMENT_3D('',#4255,#4256,#4257);
#4259=PLANE('',#4258);
#4260=POLY_LOOP('',(#461,#4013,#721));
#4261=FACE_OUTER_BOUND('',#4260,.T.);
#4262=FACE_SURFACE('',(#4261),#4259,.T.);
#4263=CARTESIAN_POINT('',(33.866416663,217.922136188,10.366838425));
#4264=CARTESIAN_POINT('',(32.330792397,209.36845243,12.433766387));
#4265=CARTESIAN_POINT('',(39.068937302,213.183954358,9.118159302));
#4266=DIRECTION('',(0.363182468,0.156732368,0.918440777));
#4267=DIRECTION('',(0.929933724,0.,-0.367727167));
#4268=AXIS2_PLACEMENT_3D('',#4265,#4266,#4267);
#4269=PLANE('',#4268);
#4270=POLY_LOOP('',(#4245,#4263,#4264));
#4271=FACE_OUTER_BOUND('',#4270,.T.);
#4272=FACE_SURFACE('',(#4271),#4269,.T.);
#4273=CARTESIAN_POINT('',(103.922314942,208.933025599,5.459154025));
#4274=DIRECTION('',(-0.214547824,-0.774335329,-0.595293229));
#4275=DIRECTION('',(0.,0.609486035,-0.792796804));
#4276=AXIS2_PLACEMENT_3D('',#4273,#4274,#4275);
#4277=PLANE('',#4276);
#4278=POLY_LOOP('',(#4004,#2039,#2040));
#4279=FACE_OUTER_BOUND('',#4278,.T.);
#4280=FACE_SURFACE('',(#4279),#4277,.T.);
#4281=CARTESIAN_POINT('',(117.175370455,177.706465125,2.373714));
#4282=CARTESIAN_POINT('',(124.343365431,169.721037149,7.595876232));
#4283=DIRECTION('',(-0.797310318,-0.541956076,0.265668719));
#4284=DIRECTION('',(0.562157555,-0.827030159,0.));
#4285=AXIS2_PLACEMENT_3D('',#4282,#4283,#4284);
#4286=PLANE('',#4285);
#4287=POLY_LOOP('',(#4164,#4281,#432));
#4288=FACE_OUTER_BOUND('',#4287,.T.);
#4289=FACE_SURFACE('',(#4288),#4286,.T.);
#4290=CARTESIAN_POINT('',(14.62819986,215.458452702,5.350685678));
#4291=CARTESIAN_POINT('',(17.549278215,206.005379558,2.129637403));
#4292=CARTESIAN_POINT('',(22.232182324,203.920006752,8.733000606));
#4293=DIRECTION('',(-0.802688873,-0.399059875,0.443217542));
#4294=DIRECTION('',(-0.483373891,0.,-0.875414006));
#4295=AXIS2_PLACEMENT_3D('',#4292,#4293,#4294);
#4296=PLANE('',#4295);
#4297=POLY_LOOP('',(#1460,#4290,#4291));
#4298=FACE_OUTER_BOUND('',#4297,.T.);
#4299=FACE_SURFACE('',(#4298),#4296,.T.);
#4300=CARTESIAN_POINT('',(216.140404344,266.217321157,8.26688204));
#4301=CARTESIAN_POINT('',(215.774059296,272.522717714,5.708587822));
#4302=CARTESIAN_POINT('',(221.306160092,278.168857098,9.894468822));
#4303=DIRECTION('',(0.722788537,-0.223346684,-0.653982408));
#4304=DIRECTION('',(0.670930741,-0.,0.741520021));
#4305=AXIS2_PLACEMENT_3D('',#4302,#4303,#4304);
#4306=PLANE('',#4305);
#4307=POLY_LOOP('',(#2628,#4300,#4301));
#4308=FACE_OUTER_BOUND('',#4307,.T.);
#4309=FACE_SURFACE('',(#4308),#4306,.T.);
#4310=CARTESIAN_POINT('',(221.306160092,278.168857098,9.894468822));
#4311=DIRECTION('',(0.53340126,0.100065956,-0.839922556));
#4312=DIRECTION('',(-0.844159557,0.,-0.53609201));
#4313=AXIS2_PLACEMENT_3D('',#4310,#4311,#4312);
#4314=PLANE('',#4313);
#4315=POLY_LOOP('',(#2628,#4301,#791));
#4316=FACE_OUTER_BOUND('',#4315,.T.);
#4317=FACE_SURFACE('',(#4316),#4314,.T.);
#4318=CARTESIAN_POINT('',(20.388701931,409.931004047,12.125737034));
#4319=CARTESIAN_POINT('',(20.388701931,409.931004047,12.125737034));
#4320=DIRECTION('',(-0.046848712,-0.029425866,0.998468486));
#4321=DIRECTION('',(0.998901044,0.,0.046869008));
#4322=AXIS2_PLACEMENT_3D('',#4319,#4320,#4321);
#4323=PLANE('',#4322);
#4324=POLY_LOOP('',(#4318,#462,#461));
#4325=FACE_OUTER_BOUND('',#4324,.T.);
#4326=FACE_SURFACE('',(#4325),#4323,.T.);
#4327=CARTESIAN_POINT('',(226.338654757,287.873804569,-12.063040398));
#4328=CARTESIAN_POINT('',(231.567591429,289.263665676,-8.356672712));
#4329=CARTESIAN_POINT('',(226.338654757,287.873804569,-12.063040398));
#4330=DIRECTION('',(0.500446701,0.291334269,-0.815277525));
#4331=DIRECTION('',(-0.852246873,0.,-0.523139817));
#4332=AXIS2_PLACEMENT_3D('',#4329,#4330,#4331);
#4333=PLANE('',#4332);
#4334=POLY_LOOP('',(#4327,#3771,#4328));
#4335=FACE_OUTER_BOUND('',#4334,.T.);
#4336=FACE_SURFACE('',(#4335),#4333,.T.);
#4337=CARTESIAN_POINT('',(119.743153453,178.103148937,-2.132968511));
#4338=DIRECTION('',(0.686783747,0.712027637,-0.146098355));
#4339=DIRECTION('',(0.71975051,-0.694232817,0.));
#4340=AXIS2_PLACEMENT_3D('',#4337,#4338,#4339);
#4341=PLANE('',#4340);
#4342=POLY_LOOP('',(#3781,#1654,#3449));
#4343=FACE_OUTER_BOUND('',#4342,.T.);
#4344=FACE_SURFACE('',(#4343),#4341,.T.);
#4345=CARTESIAN_POINT('',(215.713635087,296.666949987,-12.509150431));
#4346=DIRECTION('',(-0.008371342,-0.764275012,-0.644836123));
#4347=DIRECTION('',(0.,0.644858719,-0.764301794));
#4348=AXIS2_PLACEMENT_3D('',#4345,#4346,#4347);
#4349=PLANE('',#4348);
#4350=POLY_LOOP('',(#4047,#4056,#1168));
#4351=FACE_OUTER_BOUND('',#4350,.T.);
#4352=FACE_SURFACE('',(#4351),#4349,.T.);
#4353=CARTESIAN_POINT('',(206.215307117,296.472430229,-12.155292556));
#4354=DIRECTION('',(-0.000591255,-0.433441854,-0.901181341));
#4355=DIRECTION('',(-0.,-0.901181498,0.43344193));
#4356=AXIS2_PLACEMENT_3D('',#4353,#4354,#4355);
#4357=PLANE('',#4356);
#4358=POLY_LOOP('',(#4056,#3853,#2495));
#4359=FACE_OUTER_BOUND('',#4358,.T.);
#4360=FACE_SURFACE('',(#4359),#4357,.T.);
#4361=CARTESIAN_POINT('',(227.350503206,395.822793245,-5.999335088));
#4362=CARTESIAN_POINT('',(220.457494259,396.180570126,-9.810823016));
#4363=DIRECTION('',(-0.477233716,-0.263529465,0.838331797));
#4364=DIRECTION('',(0.8690516,0.,0.494721453));
#4365=AXIS2_PLACEMENT_3D('',#4362,#4363,#4364);
#4366=PLANE('',#4365);
#4367=POLY_LOOP('',(#1916,#1187,#4361));
#4368=FACE_OUTER_BOUND('',#4367,.T.);
#4369=FACE_SURFACE('',(#4368),#4366,.T.);
#4370=CARTESIAN_POINT('',(28.292898089,245.08997798,10.054486804));
#4371=CARTESIAN_POINT('',(25.45610629,232.72664845,10.512772016));
#4372=CARTESIAN_POINT('',(28.292898089,245.08997798,10.054486804));
#4373=DIRECTION('',(0.056736506,-0.049980304,-0.997137372));
#4374=DIRECTION('',(-0.99838515,0.,-0.056807504));
#4375=AXIS2_PLACEMENT_3D('',#4372,#4373,#4374);
#4376=PLANE('',#4375);
#4377=POLY_LOOP('',(#4370,#875,#4371));
#4378=FACE_OUTER_BOUND('',#4377,.T.);
#4379=FACE_SURFACE('',(#4378),#4376,.T.);
#4380=CARTESIAN_POINT('',(207.947850227,356.023639441,11.531589553));
#4381=CARTESIAN_POINT('',(211.78804338,350.773483515,12.53745053));
#4382=DIRECTION('',(-0.118666069,0.102420891,0.98763775));
#4383=DIRECTION('',(0.992859044,0.,0.119293415));
#4384=AXIS2_PLACEMENT_3D('',#4381,#4382,#4383);
#4385=PLANE('',#4384);
#4386=POLY_LOOP('',(#810,#185,#4380));
#4387=FACE_OUTER_BOUND('',#4386,.T.);
#4388=FACE_SURFACE('',(#4387),#4385,.T.);
#4389=CARTESIAN_POINT('',(47.39818722,337.490767241,-2.547919517));
#4390=DIRECTION('',(0.425911174,-0.904401459,0.025645128));
#4391=DIRECTION('',(-0.904699006,-0.426051298,0.));
#4392=AXIS2_PLACEMENT_3D('',#4389,#4390,#4391);
#4393=PLANE('',#4392);
#4394=POLY_LOOP('',(#564,#359,#358));
#4395=FACE_OUTER_BOUND('',#4394,.T.);
#4396=FACE_SURFACE('',(#4395),#4393,.T.);
#4397=CARTESIAN_POINT('',(47.200381756,362.493336201,1.479030936));
#4398=CARTESIAN_POINT('',(45.780532062,360.125660896,7.644565776));
#4399=DIRECTION('',(-0.174543862,0.931986378,0.317704));
#4400=DIRECTION('',(-0.,-0.322656979,0.946515966));
#4401=AXIS2_PLACEMENT_3D('',#4398,#4399,#4400);
#4402=PLANE('',#4401);
#4403=POLY_LOOP('',(#492,#4397,#4098));
#4404=FACE_OUTER_BOUND('',#4403,.T.);
#4405=FACE_SURFACE('',(#4404),#4402,.T.);
#4406=CARTESIAN_POINT('',(31.090056524,422.806799412,-6.24839263));
#4407=CARTESIAN_POINT('',(31.090056524,422.806799412,-6.24839263));
#4408=DIRECTION('',(0.709989936,0.264075163,-0.652823559));
#4409=DIRECTION('',(0.676850321,0.,0.736120671));
#4410=AXIS2_PLACEMENT_3D('',#4407,#4408,#4409);
#4411=PLANE('',#4410);
#4412=POLY_LOOP('',(#4406,#2194,#4107));
#4413=FACE_OUTER_BOUND('',#4412,.T.);
#4414=FACE_SURFACE('',(#4413),#4411,.T.);
#4415=CARTESIAN_POINT('',(220.018073916,371.36682868,-11.400109157));
#4416=DIRECTION('',(-0.096068292,-0.051101507,-0.99406213));
#4417=DIRECTION('',(-0.995362607,0.,0.096193973));
#4418=AXIS2_PLACEMENT_3D('',#4415,#4416,#4417);
#4419=PLANE('',#4418);
#4420=POLY_LOOP('',(#442,#290,#2705));
#4421=FACE_OUTER_BOUND('',#4420,.T.);
#4422=FACE_SURFACE('',(#4421),#4419,.T.);
#4423=CARTESIAN_POINT('',(227.620780468,257.704019547,7.887683809));
#4424=CARTESIAN_POINT('',(226.153194904,264.293670654,10.333189741));
#4425=CARTESIAN_POINT('',(227.620780468,257.704019547,7.887683809));
#4426=DIRECTION('',(-0.348550328,0.256894632,-0.901397702));
#4427=DIRECTION('',(-0.932699645,0.,0.360654089));
#4428=AXIS2_PLACEMENT_3D('',#4425,#4426,#4427);
#4429=PLANE('',#4428);
#4430=POLY_LOOP('',(#4423,#874,#4424));
#4431=FACE_OUTER_BOUND('',#4430,.T.);
#4432=FACE_SURFACE('',(#4431),#4429,.T.);
#4433=CARTESIAN_POINT('',(27.281399816,305.700808764,-10.052567348));
#4434=CARTESIAN_POINT('',(19.293339923,318.861782551,-8.793603629));
#4435=DIRECTION('',(0.55946991,0.264426766,0.785539245));
#4436=DIRECTION('',(0.814531882,0.,-0.580118793));
#4437=AXIS2_PLACEMENT_3D('',#4434,#4435,#4436);
#4438=PLANE('',#4437);
#4439=POLY_LOOP('',(#2215,#1613,#4433));
#4440=FACE_OUTER_BOUND('',#4439,.T.);
#4441=FACE_SURFACE('',(#4440),#4438,.T.);
#4442=CARTESIAN_POINT('',(131.123706698,189.117312431,11.832060292));
#4443=CARTESIAN_POINT('',(131.123706698,189.117312431,11.832060292));
#4444=DIRECTION('',(0.137544724,0.055613821,0.988933037));
#4445=DIRECTION('',(0.990465928,-0.,-0.137757925));
#4446=AXIS2_PLACEMENT_3D('',#4443,#4444,#4445);
#4447=PLANE('',#4446);
#4448=POLY_LOOP('',(#4442,#4144,#4143));
#4449=FACE_OUTER_BOUND('',#4448,.T.);
#4450=FACE_SURFACE('',(#4449),#4447,.T.);
#4451=CARTESIAN_POINT('',(13.434462249,215.597644448,-1.944946824));
#4452=CARTESIAN_POINT('',(20.098183304,203.154906631,-4.934529774));
#4453=CARTESIAN_POINT('',(17.549278215,206.005379558,2.129637403));
#4454=DIRECTION('',(-0.886401661,-0.440582681,-0.142052796));
#4455=DIRECTION('',(0.445096367,-0.895482677,-0.));
#4456=AXIS2_PLACEMENT_3D('',#4453,#4454,#4455);
#4457=PLANE('',#4456);
#4458=POLY_LOOP('',(#4291,#4451,#4452));
#4459=FACE_OUTER_BOUND('',#4458,.T.);
#4460=FACE_SURFACE('',(#4459),#4457,.T.);
#4461=CARTESIAN_POINT('',(27.09992975,209.147050977,10.677007027));
#4462=CARTESIAN_POINT('',(29.122529551,200.489357114,8.355729282));
#4463=CARTESIAN_POINT('',(20.350826904,208.959549665,6.527769379));
#4464=DIRECTION('',(0.487601337,0.330569053,-0.808064996));
#4465=DIRECTION('',(-0.856198953,0.,-0.516646255));
#4466=AXIS2_PLACEMENT_3D('',#4463,#4464,#4465);
#4467=PLANE('',#4466);
#4468=POLY_LOOP('',(#1553,#4461,#4462));
#4469=FACE_OUTER_BOUND('',#4468,.T.);
#4470=FACE_SURFACE('',(#4469),#4467,.T.);
#4471=CARTESIAN_POINT('',(20.440777764,242.634922266,5.514020566));
#4472=CARTESIAN_POINT('',(16.317417845,237.30738461,1.432749908));
#4473=CARTESIAN_POINT('',(23.991454393,249.815300107,0.859199848));
#4474=DIRECTION('',(0.837217145,-0.521247508,-0.165434236));
#4475=DIRECTION('',(0.528530219,0.848914488,0.));
#4476=AXIS2_PLACEMENT_3D('',#4473,#4474,#4475);
#4477=PLANE('',#4476);
#4478=POLY_LOOP('',(#2125,#4471,#4472));
#4479=FACE_OUTER_BOUND('',#4478,.T.);
#4480=FACE_SURFACE('',(#4479),#4477,.T.);
#4481=CARTESIAN_POINT('',(35.889044404,227.873519063,-6.639332511));
#4482=CARTESIAN_POINT('',(32.332353294,228.042542934,-10.234721936));
#4483=DIRECTION('',(0.658690263,-0.346483939,-0.667889225));
#4484=DIRECTION('',(-0.711992987,0.,-0.702186575));
#4485=AXIS2_PLACEMENT_3D('',#4482,#4483,#4484);
#4486=PLANE('',#4485);
#4487=POLY_LOOP('',(#592,#2342,#4481));
#4488=FACE_OUTER_BOUND('',#4487,.T.);
#4489=FACE_SURFACE('',(#4488),#4486,.T.);
#4490=CARTESIAN_POINT('',(155.67304194,310.303330421,-1.802703016));
#4491=DIRECTION('',(0.01476665,-0.998729147,0.048187509));
#4492=DIRECTION('',(0.,-0.048192764,-0.998838054));
#4493=AXIS2_PLACEMENT_3D('',#4490,#4491,#4492);
#4494=PLANE('',#4493);
#4495=POLY_LOOP('',(#2253,#711,#3236));
#4496=FACE_OUTER_BOUND('',#4495,.T.);
#4497=FACE_SURFACE('',(#4496),#4494,.T.);
#4498=CARTESIAN_POINT('',(43.464288116,355.163246393,9.113682434));
#4499=DIRECTION('',(0.099922915,-0.26832034,-0.958133397));
#4500=DIRECTION('',(0.,-0.962952801,0.269669989));
#4501=AXIS2_PLACEMENT_3D('',#4498,#4499,#4500);
#4502=PLANE('',#4501);
#4503=POLY_LOOP('',(#226,#349,#127));
#4504=FACE_OUTER_BOUND('',#4503,.T.);
#4505=FACE_SURFACE('',(#4504),#4502,.T.);
#4506=CARTESIAN_POINT('',(213.507950306,285.795748234,-9.900089353));
#4507=CARTESIAN_POINT('',(209.80040729,283.579707146,-3.57720512));
#4508=DIRECTION('',(-0.473171723,-0.707213285,-0.525316942));
#4509=DIRECTION('',(0.,0.596293647,-0.802766396));
#4510=AXIS2_PLACEMENT_3D('',#4507,#4508,#4509);
#4511=PLANE('',#4510);
#4512=POLY_LOOP('',(#3851,#3853,#4506));
#4513=FACE_OUTER_BOUND('',#4512,.T.);
#4514=FACE_SURFACE('',(#4513),#4511,.T.);
#4515=CARTESIAN_POINT('',(220.815464854,345.893859863,-0.665659434));
#4516=CARTESIAN_POINT('',(220.139786601,347.319304943,6.160203367));
#4517=DIRECTION('',(-0.463330549,0.857180638,-0.224869199));
#4518=DIRECTION('',(0.879710951,0.475508825,0.));
#4519=AXIS2_PLACEMENT_3D('',#4516,#4517,#4518);
#4520=PLANE('',#4519);
#4521=POLY_LOOP('',(#206,#4515,#207));
#4522=FACE_OUTER_BOUND('',#4521,.T.);
#4523=FACE_SURFACE('',(#4522),#4520,.T.);
#4524=CARTESIAN_POINT('',(217.437908053,296.593725681,10.508168489));
#4525=DIRECTION('',(0.087840847,0.05157692,-0.994798375));
#4526=DIRECTION('',(-0.996124191,0.,-0.087957917));
#4527=AXIS2_PLACEMENT_3D('',#4524,#4525,#4526);
#4528=PLANE('',#4527);
#4529=POLY_LOOP('',(#2001,#2628,#2629));
#4530=FACE_OUTER_BOUND('',#4529,.T.);
#4531=FACE_SURFACE('',(#4530),#4528,.T.);
#4532=CARTESIAN_POINT('',(208.576634526,407.897979021,-6.416361779));
#4533=CARTESIAN_POINT('',(44.143740088,408.750474453,-5.292660557));
#4534=CARTESIAN_POINT('',(208.576634526,407.897979021,-6.416361779));
#4535=DIRECTION('',(-0.000743535,-0.84607136,0.533069133));
#4536=DIRECTION('',(0.,-0.53306928,-0.846071594));
#4537=AXIS2_PLACEMENT_3D('',#4534,#4535,#4536);
#4538=PLANE('',#4537);
#4539=POLY_LOOP('',(#4532,#3199,#4533));
#4540=FACE_OUTER_BOUND('',#4539,.T.);
#4541=FACE_SURFACE('',(#4540),#4538,.T.);
#4542=CARTESIAN_POINT('',(205.572426319,389.055967331,-7.295648102));
#4543=DIRECTION('',(-0.246167012,-0.666529154,-0.70366234));
#4544=DIRECTION('',(0.,-0.726003332,0.687691182));
#4545=AXIS2_PLACEMENT_3D('',#4542,#4543,#4544);
#4546=PLANE('',#4545);
#4547=POLY_LOOP('',(#2370,#2908,#2704));
#4548=FACE_OUTER_BOUND('',#4547,.T.);
#4549=FACE_SURFACE('',(#4548),#4546,.T.);
#4550=CARTESIAN_POINT('',(236.394062638,269.647806883,5.005295854));
#4551=CARTESIAN_POINT('',(236.16309464,264.098197222,0.059602964));
#4552=DIRECTION('',(0.989764648,-0.115675213,0.083577434));
#4553=DIRECTION('',(0.116081349,0.993239709,-0.));
#4554=AXIS2_PLACEMENT_3D('',#4551,#4552,#4553);
#4555=PLANE('',#4554);
#4556=POLY_LOOP('',(#2443,#2442,#4550));
#4557=FACE_OUTER_BOUND('',#4556,.T.);
#4558=FACE_SURFACE('',(#4557),#4555,.T.);
#4559=CARTESIAN_POINT('',(36.805309355,221.698731184,5.042155739));
#4560=CARTESIAN_POINT('',(36.805309355,221.698731184,5.042155739));
#4561=DIRECTION('',(0.587115307,0.471181971,0.658242484));
#4562=DIRECTION('',(0.746276189,-0.,-0.665636425));
#4563=AXIS2_PLACEMENT_3D('',#4560,#4561,#4562);
#4564=PLANE('',#4563);
#4565=POLY_LOOP('',(#4559,#4263,#4245));
#4566=FACE_OUTER_BOUND('',#4565,.T.);
#4567=FACE_SURFACE('',(#4566),#4564,.T.);
#4568=CARTESIAN_POINT('',(38.609106094,218.946889043,3.004105762));
#4569=CARTESIAN_POINT('',(38.609106094,218.946889043,3.004105762));
#4570=DIRECTION('',(0.884738911,0.370545009,0.282725055));
#4571=DIRECTION('',(-0.386305906,0.922370721,-0.));
#4572=AXIS2_PLACEMENT_3D('',#4569,#4570,#4571);
#4573=PLANE('',#4572);
#4574=POLY_LOOP('',(#4568,#4559,#4245));
#4575=FACE_OUTER_BOUND('',#4574,.T.);
#4576=FACE_SURFACE('',(#4575),#4573,.T.);
#4577=CARTESIAN_POINT('',(208.579748869,363.047033548,-2.29304377));
#4578=CARTESIAN_POINT('',(211.747631431,365.352094173,3.811568953));
#4579=CARTESIAN_POINT('',(206.732735038,362.019896507,2.21528532));
#4580=CARTESIAN_POINT('',(208.579748869,363.047033548,-2.29304377));
#4581=DIRECTION('',(0.545846762,-0.837239705,0.032878391));
#4582=DIRECTION('',(-0.837692596,-0.546142028,0.));
#4583=AXIS2_PLACEMENT_3D('',#4580,#4581,#4582);
#4584=PLANE('',#4583);
#4585=POLY_LOOP('',(#4577,#4578,#4579));
#4586=FACE_OUTER_BOUND('',#4585,.T.);
#4587=FACE_SURFACE('',(#4586),#4584,.T.);
#4588=CARTESIAN_POINT('',(22.688649595,198.740288615,1.303733676));
#4589=CARTESIAN_POINT('',(22.232182324,203.920006752,8.733000606));
#4590=DIRECTION('',(-0.745649167,-0.567226564,0.349658897));
#4591=DIRECTION('',(0.605443957,-0.795887941,-0.));
#4592=AXIS2_PLACEMENT_3D('',#4589,#4590,#4591);
#4593=PLANE('',#4592);
#4594=POLY_LOOP('',(#1460,#4291,#4588));
#4595=FACE_OUTER_BOUND('',#4594,.T.);
#4596=FACE_SURFACE('',(#4595),#4593,.T.);
#4597=CARTESIAN_POINT('',(34.718524665,290.209382772,1.37666997));
#4598=CARTESIAN_POINT('',(24.451216683,297.736078501,-3.531792434));
#4599=CARTESIAN_POINT('',(34.718524665,290.209382772,1.37666997));
#4600=DIRECTION('',(-0.530229625,-0.831469859,-0.165874708));
#4601=DIRECTION('',(-0.843150156,0.537678169,0.));
#4602=AXIS2_PLACEMENT_3D('',#4599,#4600,#4601);
#4603=PLANE('',#4602);
#4604=POLY_LOOP('',(#4597,#4598,#2724));
#4605=FACE_OUTER_BOUND('',#4604,.T.);
#4606=FACE_SURFACE('',(#4605),#4603,.T.);
#4607=CARTESIAN_POINT('',(213.247731328,250.754624605,-10.633076541));
#4608=CARTESIAN_POINT('',(213.247731328,250.754624605,-10.633076541));
#4609=DIRECTION('',(-0.281285422,0.487572201,0.826530011));
#4610=DIRECTION('',(0.,0.861305971,-0.508086631));
#4611=AXIS2_PLACEMENT_3D('',#4608,#4609,#4610);
#4612=PLANE('',#4611);
#4613=POLY_LOOP('',(#4607,#700,#3502));
#4614=FACE_OUTER_BOUND('',#4613,.T.);
#4615=FACE_SURFACE('',(#4614),#4612,.T.);
#4616=CARTESIAN_POINT('',(15.410485677,435.313731432,10.827127844));
#4617=DIRECTION('',(-0.333704127,0.188529924,0.923633057));
#4618=DIRECTION('',(0.940498599,0.,0.339797565));
#4619=AXIS2_PLACEMENT_3D('',#4616,#4617,#4618);
#4620=PLANE('',#4619);
#4621=POLY_LOOP('',(#1338,#461,#723));
#4622=FACE_OUTER_BOUND('',#4621,.T.);
#4623=FACE_SURFACE('',(#4622),#4620,.T.);
#4624=CARTESIAN_POINT('',(215.713635087,296.666949987,-12.509150431));
#4625=DIRECTION('',(0.209417456,0.204533873,-0.956195704));
#4626=DIRECTION('',(-0.976846745,0.,-0.213940263));
#4627=AXIS2_PLACEMENT_3D('',#4624,#4625,#4626);
#4628=PLANE('',#4627);
#4629=POLY_LOOP('',(#4047,#3771,#4327));
#4630=FACE_OUTER_BOUND('',#4629,.T.);
#4631=FACE_SURFACE('',(#4630),#4628,.T.);
#4632=CARTESIAN_POINT('',(220.061764121,287.616938353,-12.423523702));
#4633=CARTESIAN_POINT('',(220.061764121,287.616938353,-12.423523702));
#4634=DIRECTION('',(-0.036661757,-0.027066023,-0.998961133));
#4635=DIRECTION('',(-0.999327239,0.,0.036675193));
#4636=AXIS2_PLACEMENT_3D('',#4633,#4634,#4635);
#4637=PLANE('',#4636);
#4638=POLY_LOOP('',(#4632,#4056,#4047));
#4639=FACE_OUTER_BOUND('',#4638,.T.);
#4640=FACE_SURFACE('',(#4639),#4637,.T.);
#4641=CARTESIAN_POINT('',(43.895028532,255.399405956,9.134275839));
#4642=CARTESIAN_POINT('',(43.895028532,255.399405956,9.134275839));
#4643=DIRECTION('',(0.129378285,-0.280688078,-0.951039149));
#4644=DIRECTION('',(0.,-0.959100087,0.28306717));
#4645=AXIS2_PLACEMENT_3D('',#4642,#4643,#4644);
#4646=PLANE('',#4645);
#4647=POLY_LOOP('',(#4641,#875,#4370));
#4648=FACE_OUTER_BOUND('',#4647,.T.);
#4649=FACE_SURFACE('',(#4648),#4646,.T.);
#4650=CARTESIAN_POINT('',(233.953744173,279.138535261,-9.376996197));
#4651=CARTESIAN_POINT('',(227.714881301,266.257852316,-12.482280843));
#4652=DIRECTION('',(0.614406103,-0.109213359,-0.78139464));
#4653=DIRECTION('',(-0.786096811,-0.,-0.618103393));
#4654=AXIS2_PLACEMENT_3D('',#4651,#4652,#4653);
#4655=PLANE('',#4654);
#4656=POLY_LOOP('',(#631,#4650,#632));
#4657=FACE_OUTER_BOUND('',#4656,.T.);
#4658=FACE_SURFACE('',(#4657),#4655,.T.);
#4659=CARTESIAN_POINT('',(17.927780747,233.881339431,6.868193392));
#4660=CARTESIAN_POINT('',(20.822770894,226.307079196,10.085030459));
#4661=CARTESIAN_POINT('',(17.927780747,233.881339431,6.868193392));
#4662=DIRECTION('',(0.468352611,-0.187672009,-0.863380014));
#4663=DIRECTION('',(-0.878998272,0.,-0.476824955));
#4664=AXIS2_PLACEMENT_3D('',#4661,#4662,#4663);
#4665=PLANE('',#4664);
#4666=POLY_LOOP('',(#4659,#4370,#4660));
#4667=FACE_OUTER_BOUND('',#4666,.T.);
#4668=FACE_SURFACE('',(#4667),#4665,.T.);
#4669=CARTESIAN_POINT('',(35.760074854,357.600390911,7.266970817));
#4670=DIRECTION('',(-0.498972853,0.772400869,0.392966907));
#4671=DIRECTION('',(0.839974632,0.54262567,0.));
#4672=AXIS2_PLACEMENT_3D('',#4669,#4670,#4671);
#4673=PLANE('',#4672);
#4674=POLY_LOOP('',(#493,#4098,#651));
#4675=FACE_OUTER_BOUND('',#4674,.T.);
#4676=FACE_SURFACE('',(#4675),#4673,.T.);
#4677=CARTESIAN_POINT('',(44.605731964,336.25292778,0.17517402));
#4678=DIRECTION('',(0.68096116,-0.617735058,0.393313229));
#4679=DIRECTION('',(0.671886023,0.740654556,0.));
#4680=AXIS2_PLACEMENT_3D('',#4677,#4678,#4679);
#4681=PLANE('',#4680);
#4682=POLY_LOOP('',(#358,#360,#1356));
#4683=FACE_OUTER_BOUND('',#4682,.T.);
#4684=FACE_SURFACE('',(#4683),#4681,.T.);
#4685=CARTESIAN_POINT('',(28.744423762,227.266937494,9.84500628));
#4686=CARTESIAN_POINT('',(32.875102013,221.744552255,7.441701833));
#4687=CARTESIAN_POINT('',(31.113250181,213.393822312,9.908898734));
#4688=CARTESIAN_POINT('',(28.744423762,227.266937494,9.84500628));
#4689=DIRECTION('',(-0.602592307,-0.106534798,-0.790906346));
#4690=DIRECTION('',(-0.795433177,-0.,0.606041303));
#4691=AXIS2_PLACEMENT_3D('',#4688,#4689,#4690);
#4692=PLANE('',#4691);
#4693=POLY_LOOP('',(#4685,#4686,#4687));
#4694=FACE_OUTER_BOUND('',#4693,.T.);
#4695=FACE_SURFACE('',(#4694),#4692,.T.);
#4696=CARTESIAN_POINT('',(206.088602543,392.78486371,-8.310441859));
#4697=CARTESIAN_POINT('',(52.034396678,390.398651361,-4.747640342));
#4698=CARTESIAN_POINT('',(201.837792993,389.688313007,-2.974278061));
#4699=CARTESIAN_POINT('',(206.088602543,392.78486371,-8.310441859));
#4700=DIRECTION('',(-0.001824417,0.865549112,0.500820733));
#4701=DIRECTION('',(-0.,-0.500821566,0.865550553));
#4702=AXIS2_PLACEMENT_3D('',#4699,#4700,#4701);
#4703=PLANE('',#4702);
#4704=POLY_LOOP('',(#4696,#4697,#4698));
#4705=FACE_OUTER_BOUND('',#4704,.T.);
#4706=FACE_SURFACE('',(#4705),#4703,.T.);
#4707=CARTESIAN_POINT('',(215.479522943,372.693657875,-7.961023599));
#4708=DIRECTION('',(-0.522121472,0.291505011,-0.801507328));
#4709=DIRECTION('',(-0.837897815,0.,0.545827126));
#4710=AXIS2_PLACEMENT_3D('',#4707,#4708,#4709);
#4711=PLANE('',#4710);
#4712=POLY_LOOP('',(#451,#442,#622));
#4713=FACE_OUTER_BOUND('',#4712,.T.);
#4714=FACE_SURFACE('',(#4713),#4711,.T.);
#4715=CARTESIAN_POINT('',(205.33105731,253.072023392,10.295658372));
#4716=CARTESIAN_POINT('',(205.33105731,253.072023392,10.295658372));
#4717=DIRECTION('',(0.004455767,-0.337301019,-0.941386302));
#4718=DIRECTION('',(0.,-0.941395647,0.337304367));
#4719=AXIS2_PLACEMENT_3D('',#4716,#4717,#4718);
#4720=PLANE('',#4719);
#4721=POLY_LOOP('',(#4715,#874,#875));
#4722=FACE_OUTER_BOUND('',#4721,.T.);
#4723=FACE_SURFACE('',(#4722),#4720,.T.);
#4724=CARTESIAN_POINT('',(210.395157337,365.110367537,6.64514536));
#4725=CARTESIAN_POINT('',(204.49732244,361.182540655,7.027971093));
#4726=CARTESIAN_POINT('',(210.664585233,362.577646971,8.907174692));
#4727=DIRECTION('',(-0.354241976,0.601686041,0.715881646));
#4728=DIRECTION('',(0.,0.7655229,-0.643408649));
#4729=AXIS2_PLACEMENT_3D('',#4726,#4727,#4728);
#4730=PLANE('',#4729);
#4731=POLY_LOOP('',(#4116,#4724,#4725));
#4732=FACE_OUTER_BOUND('',#4731,.T.);
#4733=FACE_SURFACE('',(#4732),#4730,.T.);
#4734=CARTESIAN_POINT('',(28.140097857,195.40785253,-5.078003742));
#4735=CARTESIAN_POINT('',(33.100165427,197.295233607,-10.482887737));
#4736=CARTESIAN_POINT('',(28.140097857,195.40785253,-5.078003742));
#4737=DIRECTION('',(-0.523630938,-0.531225904,-0.666040299));
#4738=DIRECTION('',(-0.,-0.781787715,0.623544681));
#4739=AXIS2_PLACEMENT_3D('',#4736,#4737,#4738);
#4740=PLANE('',#4739);
#4741=POLY_LOOP('',(#4734,#4452,#4735));
#4742=FACE_OUTER_BOUND('',#4741,.T.);
#4743=FACE_SURFACE('',(#4742),#4740,.T.);
#4744=CARTESIAN_POINT('',(22.481229156,205.719217658,-9.394261055));
#4745=CARTESIAN_POINT('',(20.098183304,203.154906631,-4.934529774));
#4746=DIRECTION('',(-0.692718263,-0.399974797,-0.600134626));
#4747=DIRECTION('',(0.654792702,0.,-0.755808519));
#4748=AXIS2_PLACEMENT_3D('',#4745,#4746,#4747);
#4749=PLANE('',#4748);
#4750=POLY_LOOP('',(#4452,#3428,#4744));
#4751=FACE_OUTER_BOUND('',#4750,.T.);
#4752=FACE_SURFACE('',(#4751),#4749,.T.);
#4753=CARTESIAN_POINT('',(204.61383462,287.130743265,1.600686344));
#4754=CARTESIAN_POINT('',(209.187537432,286.252081394,7.05294311));
#4755=DIRECTION('',(-0.431044735,-0.874953128,0.220584359));
#4756=DIRECTION('',(-0.897049337,0.441930409,0.));
#4757=AXIS2_PLACEMENT_3D('',#4754,#4755,#4756);
#4758=PLANE('',#4757);
#4759=POLY_LOOP('',(#3588,#3043,#4753));
#4760=FACE_OUTER_BOUND('',#4759,.T.);
#4761=FACE_SURFACE('',(#4760),#4758,.T.);
#4762=CARTESIAN_POINT('',(100.718930364,192.097604275,7.283361163));
#4763=CARTESIAN_POINT('',(102.242559195,189.750000834,3.124481533));
#4764=CARTESIAN_POINT('',(42.422942817,192.53385067,7.192787714));
#4765=CARTESIAN_POINT('',(100.718930364,192.097604275,7.283361163));
#4766=DIRECTION('',(0.007285678,0.871955,-0.489531814));
#4767=DIRECTION('',(0.,0.489544807,0.871978143));
#4768=AXIS2_PLACEMENT_3D('',#4765,#4766,#4767);
#4769=PLANE('',#4768);
#4770=POLY_LOOP('',(#4762,#4763,#4764));
#4771=FACE_OUTER_BOUND('',#4770,.T.);
#4772=FACE_SURFACE('',(#4771),#4769,.T.);
#4773=CARTESIAN_POINT('',(233.127087355,261.08288765,6.757748779));
#4774=CARTESIAN_POINT('',(236.16309464,264.098197222,0.059602964));
#4775=DIRECTION('',(0.91390547,-0.290608288,0.283414211));
#4776=DIRECTION('',(0.303033386,0.95297994,0.));
#4777=AXIS2_PLACEMENT_3D('',#4774,#4775,#4776);
#4778=PLANE('',#4777);
#4779=POLY_LOOP('',(#2443,#4550,#4773));
#4780=FACE_OUTER_BOUND('',#4779,.T.);
#4781=FACE_SURFACE('',(#4780),#4778,.T.);
#4782=CARTESIAN_POINT('',(89.754633605,447.852522135,10.357056744));
#4783=CARTESIAN_POINT('',(92.071898282,444.657981396,8.043644018));
#4784=CARTESIAN_POINT('',(89.754633605,447.852522135,10.357056744));
#4785=DIRECTION('',(-0.108377408,0.530308456,-0.840849142));
#4786=DIRECTION('',(0.,-0.845831239,-0.533450575));
#4787=AXIS2_PLACEMENT_3D('',#4784,#4785,#4786);
#4788=PLANE('',#4787);
#4789=POLY_LOOP('',(#4782,#4783,#3534));
#4790=FACE_OUTER_BOUND('',#4789,.T.);
#4791=FACE_SURFACE('',(#4790),#4788,.T.);
#4792=CARTESIAN_POINT('',(236.422628164,280.220717192,5.025555845));
#4793=CARTESIAN_POINT('',(233.530536294,272.824436426,9.394280612));
#4794=CARTESIAN_POINT('',(236.394062638,269.647806883,5.005295854));
#4795=DIRECTION('',(0.836407974,-0.003310052,0.548097387));
#4796=DIRECTION('',(-0.548100389,0.,0.836412556));
#4797=AXIS2_PLACEMENT_3D('',#4794,#4795,#4796);
#4798=PLANE('',#4797);
#4799=POLY_LOOP('',(#4550,#4792,#4793));
#4800=FACE_OUTER_BOUND('',#4799,.T.);
#4801=FACE_SURFACE('',(#4800),#4798,.T.);
#4802=CARTESIAN_POINT('',(232.605427504,255.740910769,-0.033595574));
#4803=CARTESIAN_POINT('',(232.094034553,258.374273777,-6.604509894));
#4804=DIRECTION('',(0.898009896,-0.379802822,-0.222099172));
#4805=DIRECTION('',(0.389531735,0.921013044,0.));
#4806=AXIS2_PLACEMENT_3D('',#4803,#4804,#4805);
#4807=PLANE('',#4806);
#4808=POLY_LOOP('',(#633,#2443,#4802));
#4809=FACE_OUTER_BOUND('',#4808,.T.);
#4810=FACE_SURFACE('',(#4809),#4807,.T.);
#4811=CARTESIAN_POINT('',(212.426379323,278.041809797,3.656912362));
#4812=CARTESIAN_POINT('',(212.426379323,278.041809797,3.656912362));
#4813=DIRECTION('',(-0.986960803,0.130503738,-0.094218617));
#4814=DIRECTION('',(-0.131086874,-0.991370885,0.));
#4815=AXIS2_PLACEMENT_3D('',#4812,#4813,#4814);
#4816=PLANE('',#4815);
#4817=POLY_LOOP('',(#4811,#3410,#3140));
#4818=FACE_OUTER_BOUND('',#4817,.T.);
#4819=FACE_SURFACE('',(#4818),#4816,.T.);
#4820=CARTESIAN_POINT('',(237.856119871,277.768462896,-1.069716527));
#4821=DIRECTION('',(0.960757704,0.246779219,0.126667482));
#4822=DIRECTION('',(-0.248783108,0.968559221,0.));
#4823=AXIS2_PLACEMENT_3D('',#4820,#4821,#4822);
#4824=PLANE('',#4823);
#4825=POLY_LOOP('',(#2442,#504,#4792));
#4826=FACE_OUTER_BOUND('',#4825,.T.);
#4827=FACE_SURFACE('',(#4826),#4824,.T.);
#4828=CARTESIAN_POINT('',(221.220776439,264.084517956,10.33317484));
#4829=CARTESIAN_POINT('',(221.220776439,264.084517956,10.33317484));
#4830=DIRECTION('',(0.36530339,-0.031194078,-0.930365715));
#4831=DIRECTION('',(-0.930818701,0.,-0.365481253));
#4832=AXIS2_PLACEMENT_3D('',#4829,#4830,#4831);
#4833=PLANE('',#4832);
#4834=POLY_LOOP('',(#4828,#4300,#2628));
#4835=FACE_OUTER_BOUND('',#4834,.T.);
#4836=FACE_SURFACE('',(#4835),#4833,.T.);
#4837=CARTESIAN_POINT('',(36.191355437,292.603164911,7.907166146));
#4838=CARTESIAN_POINT('',(36.191355437,292.603164911,7.907166146));
#4839=DIRECTION('',(-0.239881225,-0.892765786,0.381347937));
#4840=DIRECTION('',(0.,-0.392817321,-0.919616525));
#4841=AXIS2_PLACEMENT_3D('',#4838,#4839,#4840);
#4842=PLANE('',#4841);
#4843=POLY_LOOP('',(#4837,#4597,#3042));
#4844=FACE_OUTER_BOUND('',#4843,.T.);
#4845=FACE_SURFACE('',(#4844),#4842,.T.);
#4846=CARTESIAN_POINT('',(34.131675959,333.693355322,-10.337368585));
#4847=DIRECTION('',(0.645586414,-0.292707124,-0.705365666));
#4848=DIRECTION('',(-0.737674215,-0.,-0.675156836));
#4849=AXIS2_PLACEMENT_3D('',#4846,#4847,#4848);
#4850=PLANE('',#4849);
#4851=POLY_LOOP('',(#2398,#370,#2105));
#4852=FACE_OUTER_BOUND('',#4851,.T.);
#4853=FACE_SURFACE('',(#4852),#4850,.T.);
#4854=CARTESIAN_POINT('',(237.856119871,277.768462896,-1.069716527));
#4855=DIRECTION('',(0.973161171,-0.003070183,0.230104128));
#4856=DIRECTION('',(-0.230105213,0.,0.973165757));
#4857=AXIS2_PLACEMENT_3D('',#4854,#4855,#4856);
#4858=PLANE('',#4857);
#4859=POLY_LOOP('',(#2442,#4792,#4550));
#4860=FACE_OUTER_BOUND('',#4859,.T.);
#4861=FACE_SURFACE('',(#4860),#4858,.T.);
#4862=CARTESIAN_POINT('',(212.845414877,368.196278811,-1.716579543));
#4863=CARTESIAN_POINT('',(212.845414877,368.196278811,-1.716579543));
#4864=DIRECTION('',(0.768494482,-0.618108394,-0.165403277));
#4865=DIRECTION('',(0.626741116,0.77922755,0.));
#4866=AXIS2_PLACEMENT_3D('',#4863,#4864,#4865);
#4867=PLANE('',#4866);
#4868=POLY_LOOP('',(#4862,#4578,#4577));
#4869=FACE_OUTER_BOUND('',#4868,.T.);
#4870=FACE_SURFACE('',(#4869),#4867,.T.);
#4871=CARTESIAN_POINT('',(202.083870769,360.409379005,-2.931562718));
#4872=CARTESIAN_POINT('',(208.579748869,363.047033548,-2.29304377));
#4873=DIRECTION('',(0.380257431,-0.923269875,-0.054562111));
#4874=DIRECTION('',(-0.924647249,-0.380824716,-0.));
#4875=AXIS2_PLACEMENT_3D('',#4872,#4873,#4874);
#4876=PLANE('',#4875);
#4877=POLY_LOOP('',(#4577,#4579,#4871));
#4878=FACE_OUTER_BOUND('',#4877,.T.);
#4879=FACE_SURFACE('',(#4878),#4876,.T.);
#4880=CARTESIAN_POINT('',(24.513859302,297.647088766,3.473925404));
#4881=DIRECTION('',(-0.589668638,-0.807629887,-0.004986267));
#4882=DIRECTION('',(-0.807639927,0.589675969,0.));
#4883=AXIS2_PLACEMENT_3D('',#4880,#4881,#4882);
#4884=PLANE('',#4883);
#4885=POLY_LOOP('',(#2504,#4598,#4597));
#4886=FACE_OUTER_BOUND('',#4885,.T.);
#4887=FACE_SURFACE('',(#4886),#4884,.T.);
#4888=CARTESIAN_POINT('',(38.187362254,459.805011749,-1.033136039));
#4889=CARTESIAN_POINT('',(40.083494037,459.365040064,4.217827693));
#4890=CARTESIAN_POINT('',(28.953459114,456.422537565,0.924446271));
#4891=DIRECTION('',(0.30255467,-0.934496882,-0.187553322));
#4892=DIRECTION('',(-0.951379664,-0.308020674,0.));
#4893=AXIS2_PLACEMENT_3D('',#4890,#4891,#4892);
#4894=PLANE('',#4893);
#4895=POLY_LOOP('',(#2021,#4888,#4889));
#4896=FACE_OUTER_BOUND('',#4895,.T.);
#4897=FACE_SURFACE('',(#4896),#4894,.T.);
#4898=CARTESIAN_POINT('',(216.726481915,276.939362288,-9.441109374));
#4899=CARTESIAN_POINT('',(216.726481915,276.939362288,-9.441109374));
#4900=DIRECTION('',(-0.404662004,0.117226322,-0.906921525));
#4901=DIRECTION('',(-0.913217956,0.,0.407471427));
#4902=AXIS2_PLACEMENT_3D('',#4899,#4900,#4901);
#4903=PLANE('',#4902);
#4904=POLY_LOOP('',(#4898,#2638,#2075));
#4905=FACE_OUTER_BOUND('',#4904,.T.);
#4906=FACE_SURFACE('',(#4905),#4903,.T.);
#4907=CARTESIAN_POINT('',(103.394761682,195.013254881,-11.884704232));
#4908=CARTESIAN_POINT('',(43.145857751,199.227631092,-12.534715235));
#4909=CARTESIAN_POINT('',(104.815796018,204.544872046,-12.122177519));
#4910=DIRECTION('',(0.008949218,-0.026238901,-0.999615642));
#4911=DIRECTION('',(0.,-0.999655673,0.026239952));
#4912=AXIS2_PLACEMENT_3D('',#4909,#4910,#4911);
#4913=PLANE('',#4912);
#4914=POLY_LOOP('',(#1038,#4907,#4908));
#4915=FACE_OUTER_BOUND('',#4914,.T.);
#4916=FACE_SURFACE('',(#4915),#4913,.T.);
#4917=CARTESIAN_POINT('',(220.061764121,287.616938353,-12.423523702));
#4918=DIRECTION('',(0.056602714,0.01775025,-0.99823898));
#4919=DIRECTION('',(-0.998396276,0.,-0.056611633));
#4920=AXIS2_PLACEMENT_3D('',#4917,#4918,#4919);
#4921=PLANE('',#4920);
#4922=POLY_LOOP('',(#4632,#4047,#4327));
#4923=FACE_OUTER_BOUND('',#4922,.T.);
#4924=FACE_SURFACE('',(#4923),#4921,.T.);
#4925=CARTESIAN_POINT('',(28.292898089,245.08997798,10.054486804));
#4926=DIRECTION('',(0.205402923,-0.08327628,-0.975128043));
#4927=DIRECTION('',(-0.978526958,0.,-0.206118877));
#4928=AXIS2_PLACEMENT_3D('',#4925,#4926,#4927);
#4929=PLANE('',#4928);
#4930=POLY_LOOP('',(#4370,#4371,#4660));
#4931=FACE_OUTER_BOUND('',#4930,.T.);
#4932=FACE_SURFACE('',(#4931),#4929,.T.);
#4933=CARTESIAN_POINT('',(22.109409794,350.581020117,1.755851437));
#4934=CARTESIAN_POINT('',(25.449667126,351.178050041,6.798758637));
#4935=DIRECTION('',(-0.558732121,0.781522919,0.277561422));
#4936=DIRECTION('',(0.813486518,0.581583773,0.));
#4937=AXIS2_PLACEMENT_3D('',#4934,#4935,#4936);
#4938=PLANE('',#4937);
#4939=POLY_LOOP('',(#651,#4098,#4933));
#4940=FACE_OUTER_BOUND('',#4939,.T.);
#4941=FACE_SURFACE('',(#4940),#4938,.T.);
#4942=CARTESIAN_POINT('',(106.828138232,209.099307656,8.265208453));
#4943=CARTESIAN_POINT('',(118.106655777,207.437083125,5.351550877));
#4944=CARTESIAN_POINT('',(103.345178068,212.075978518,3.928195219));
#4945=DIRECTION('',(0.23642545,0.879232645,0.413585496));
#4946=DIRECTION('',(0.,-0.425652913,0.904886511));
#4947=AXIS2_PLACEMENT_3D('',#4944,#4945,#4946);
#4948=PLANE('',#4947);
#4949=POLY_LOOP('',(#832,#4942,#4943));
#4950=FACE_OUTER_BOUND('',#4949,.T.);
#4951=FACE_SURFACE('',(#4950),#4948,.T.);
#4952=CARTESIAN_POINT('',(29.856584966,423.35036397,3.713655518));
#4953=CARTESIAN_POINT('',(28.081638739,425.114363432,6.91767456));
#4954=CARTESIAN_POINT('',(31.021378934,431.590944529,5.606959574));
#4955=CARTESIAN_POINT('',(29.856584966,423.35036397,3.713655518));
#4956=DIRECTION('',(-0.786228866,0.241785971,-0.568668369));
#4957=DIRECTION('',(0.586056908,0.,-0.810269893));
#4958=AXIS2_PLACEMENT_3D('',#4955,#4956,#4957);
#4959=PLANE('',#4958);
#4960=POLY_LOOP('',(#4952,#4953,#4954));
#4961=FACE_OUTER_BOUND('',#4960,.T.);
#4962=FACE_SURFACE('',(#4961),#4959,.T.);
#4963=CARTESIAN_POINT('',(123.403638601,182.038009167,9.170557372));
#4964=CARTESIAN_POINT('',(123.403638601,182.038009167,9.170557372));
#4965=DIRECTION('',(0.473240731,0.514767595,-0.714882881));
#4966=DIRECTION('',(0.,-0.811506393,-0.584343541));
#4967=AXIS2_PLACEMENT_3D('',#4964,#4965,#4966);
#4968=PLANE('',#4967);
#4969=POLY_LOOP('',(#4963,#3790,#4030));
#4970=FACE_OUTER_BOUND('',#4969,.T.);
#4971=FACE_SURFACE('',(#4970),#4968,.T.);
#4972=CARTESIAN_POINT('',(203.349933028,397.435218096,-10.243842378));
#4973=CARTESIAN_POINT('',(215.451166034,391.148537397,-10.023994371));
#4974=CARTESIAN_POINT('',(203.349933028,397.435218096,-10.243842378));
#4975=DIRECTION('',(0.239029707,0.48943595,0.83864012));
#4976=DIRECTION('',(0.,0.863676144,-0.50404714));
#4977=AXIS2_PLACEMENT_3D('',#4974,#4975,#4976);
#4978=PLANE('',#4977);
#4979=POLY_LOOP('',(#4972,#4696,#4973));
#4980=FACE_OUTER_BOUND('',#4979,.T.);
#4981=FACE_SURFACE('',(#4980),#4978,.T.);
#4982=CARTESIAN_POINT('',(235.934942961,372.082829475,0.092172508));
#4983=CARTESIAN_POINT('',(233.40010643,382.042974234,-6.095555145));
#4984=DIRECTION('',(-0.954475578,-0.061594132,0.291860469));
#4985=DIRECTION('',(-0.292415685,0.,-0.956291309));
#4986=AXIS2_PLACEMENT_3D('',#4983,#4984,#4985);
#4987=PLANE('',#4986);
#4988=POLY_LOOP('',(#1186,#1188,#4982));
#4989=FACE_OUTER_BOUND('',#4988,.T.);
#4990=FACE_SURFACE('',(#4989),#4987,.T.);
#4991=CARTESIAN_POINT('',(219.273820519,247.870206833,6.868190598));
#4992=DIRECTION('',(-0.408363691,0.43009123,-0.805146341));
#4993=DIRECTION('',(0.,-0.8820435,-0.471167978));
#4994=AXIS2_PLACEMENT_3D('',#4991,#4992,#4993);
#4995=PLANE('',#4994);
#4996=POLY_LOOP('',(#1927,#874,#4423));
#4997=FACE_OUTER_BOUND('',#4996,.T.);
#4998=FACE_SURFACE('',(#4997),#4995,.T.);
#4999=CARTESIAN_POINT('',(20.098183304,203.154906631,-4.934529774));
#5000=DIRECTION('',(-0.526765898,-0.584232998,-0.617405452));
#5001=DIRECTION('',(-0.,-0.726350464,0.687324525));
#5002=AXIS2_PLACEMENT_3D('',#4999,#5000,#5001);
#5003=PLANE('',#5002);
#5004=POLY_LOOP('',(#4452,#4744,#4735));
#5005=FACE_OUTER_BOUND('',#5004,.T.);
#5006=FACE_SURFACE('',(#5005),#5003,.T.);
#5007=CARTESIAN_POINT('',(202.864080667,289.515912533,-3.077446716));
#5008=CARTESIAN_POINT('',(160.883784294,289.917945862,-0.575274869));
#5009=CARTESIAN_POINT('',(202.864080667,289.515912533,-3.077446716));
#5010=DIRECTION('',(-0.022871698,0.853347033,-0.520841364));
#5011=DIRECTION('',(0.,0.520977647,0.85357032));
#5012=AXIS2_PLACEMENT_3D('',#5009,#5010,#5011);
#5013=PLANE('',#5012);
#5014=POLY_LOOP('',(#5007,#3168,#5008));
#5015=FACE_OUTER_BOUND('',#5014,.T.);
#5016=FACE_SURFACE('',(#5015),#5013,.T.);
#5017=CARTESIAN_POINT('',(103.16362232,581.000030041,-8.574949577));
#5018=CARTESIAN_POINT('',(100.006751716,580.999970436,-2.240093658));
#5019=CARTESIAN_POINT('',(103.16362232,581.000030041,-8.574949577));
#5020=DIRECTION('',(-0.895005595,0.006246993,-0.446011167));
#5021=DIRECTION('',(0.44601987,0.,-0.895023059));
#5022=AXIS2_PLACEMENT_3D('',#5019,#5020,#5021);
#5023=PLANE('',#5022);
#5024=POLY_LOOP('',(#5017,#3246,#5018));
#5025=FACE_OUTER_BOUND('',#5024,.T.);
#5026=FACE_SURFACE('',(#5025),#5023,.T.);
#5027=CARTESIAN_POINT('',(81.829048693,453.487485647,9.898851626));
#5028=CARTESIAN_POINT('',(98.446205258,457.556694746,10.456576943));
#5029=CARTESIAN_POINT('',(89.754633605,447.852522135,10.357056744));
#5030=DIRECTION('',(0.039731616,-0.025341734,-0.99888898));
#5031=DIRECTION('',(-0.99920988,0.,-0.03974438));
#5032=AXIS2_PLACEMENT_3D('',#5029,#5030,#5031);
#5033=PLANE('',#5032);
#5034=POLY_LOOP('',(#4782,#5027,#5028));
#5035=FACE_OUTER_BOUND('',#5034,.T.);
#5036=FACE_SURFACE('',(#5035),#5033,.T.);
#5037=CARTESIAN_POINT('',(234.199091792,264.739185572,-2.829637378));
#5038=CARTESIAN_POINT('',(229.985073209,269.597858191,-9.73311998));
#5039=DIRECTION('',(-0.787207836,0.162498531,0.59489331));
#5040=DIRECTION('',(-0.602906672,0.,-0.797811723));
#5041=AXIS2_PLACEMENT_3D('',#5038,#5039,#5040);
#5042=PLANE('',#5041);
#5043=POLY_LOOP('',(#3524,#5037,#523));
#5044=FACE_OUTER_BOUND('',#5043,.T.);
#5045=FACE_SURFACE('',(#5044),#5042,.T.);
#5046=CARTESIAN_POINT('',(232.605427504,255.740910769,-0.033595574));
#5047=DIRECTION('',(0.893904267,-0.383126878,0.232699282));
#5048=DIRECTION('',(0.393941058,0.919135704,-0.));
#5049=AXIS2_PLACEMENT_3D('',#5046,#5047,#5048);
#5050=PLANE('',#5049);
#5051=POLY_LOOP('',(#4802,#2443,#4773));
#5052=FACE_OUTER_BOUND('',#5051,.T.);
#5053=FACE_SURFACE('',(#5052),#5050,.T.);
#5054=CARTESIAN_POINT('',(236.394062638,269.647806883,5.005295854));
#5055=DIRECTION('',(0.766806471,-0.1656007,0.620148566));
#5056=DIRECTION('',(-0.628830906,0.,0.777542083));
#5057=AXIS2_PLACEMENT_3D('',#5054,#5055,#5056);
#5058=PLANE('',#5057);
#5059=POLY_LOOP('',(#4550,#4793,#4773));
#5060=FACE_OUTER_BOUND('',#5059,.T.);
#5061=FACE_SURFACE('',(#5060),#5058,.T.);
#5062=CARTESIAN_POINT('',(226.009964943,256.739079952,-8.779022843));
#5063=DIRECTION('',(-0.223423054,0.140633834,0.964522816));
#5064=DIRECTION('',(0.974204778,0.,0.225665794));
#5065=AXIS2_PLACEMENT_3D('',#5062,#5063,#5064);
#5066=PLANE('',#5065);
#5067=POLY_LOOP('',(#3501,#3524,#3523));
#5068=FACE_OUTER_BOUND('',#5067,.T.);
#5069=FACE_SURFACE('',(#5068),#5066,.T.);
#5070=CARTESIAN_POINT('',(16.317417845,237.30738461,1.432749908));
#5071=DIRECTION('',(0.840458105,-0.310032126,-0.444421257));
#5072=DIRECTION('',(0.467454576,-0.,0.884017092));
#5073=AXIS2_PLACEMENT_3D('',#5070,#5071,#5072);
#5074=PLANE('',#5073);
#5075=POLY_LOOP('',(#4472,#4471,#4659));
#5076=FACE_OUTER_BOUND('',#5075,.T.);
#5077=FACE_SURFACE('',(#5076),#5074,.T.);
#5078=CARTESIAN_POINT('',(209.398135543,264.617413282,6.012061145));
#5079=DIRECTION('',(-0.743101737,0.616126523,0.261128161));
#5080=DIRECTION('',(-0.638271915,-0.769810991,-0.));
#5081=AXIS2_PLACEMENT_3D('',#5078,#5079,#5080);
#5082=PLANE('',#5081);
#5083=POLY_LOOP('',(#853,#3140,#3950));
#5084=FACE_OUTER_BOUND('',#5083,.T.);
#5085=FACE_SURFACE('',(#5084),#5082,.T.);
#5086=CARTESIAN_POINT('',(217.222228646,372.590601444,-7.40444893));
#5087=CARTESIAN_POINT('',(220.741003752,378.041505814,-9.75307636));
#5088=DIRECTION('',(0.60347721,-0.046588735,0.796018057));
#5089=DIRECTION('',(0.796883349,0.,-0.604133204));
#5090=AXIS2_PLACEMENT_3D('',#5087,#5088,#5089);
#5091=PLANE('',#5090);
#5092=POLY_LOOP('',(#3032,#5086,#3033));
#5093=FACE_OUTER_BOUND('',#5092,.T.);
#5094=FACE_SURFACE('',(#5093),#5091,.T.);
#5095=CARTESIAN_POINT('',(234.534740448,289.792954922,-2.819423098));
#5096=CARTESIAN_POINT('',(234.534740448,289.792954922,-2.819423098));
#5097=DIRECTION('',(0.959408835,0.27444965,0.064900519));
#5098=DIRECTION('',(-0.275029484,0.961435792,0.));
#5099=AXIS2_PLACEMENT_3D('',#5096,#5097,#5098);
#5100=PLANE('',#5099);
#5101=POLY_LOOP('',(#5095,#504,#2442));
#5102=FACE_OUTER_BOUND('',#5101,.T.);
#5103=FACE_SURFACE('',(#5102),#5100,.T.);
#5104=CARTESIAN_POINT('',(41.846226901,207.50258863,-8.695204742));
#5105=CARTESIAN_POINT('',(32.900121063,210.018917918,-10.426310822));
#5106=CARTESIAN_POINT('',(41.846226901,207.50258863,-8.695204742));
#5107=DIRECTION('',(-0.274506044,-0.363492961,0.89023553));
#5108=DIRECTION('',(0.,0.925799782,0.378014236));
#5109=AXIS2_PLACEMENT_3D('',#5106,#5107,#5108);
#5110=PLANE('',#5109);
#5111=POLY_LOOP('',(#5104,#5105,#3672));
#5112=FACE_OUTER_BOUND('',#5111,.T.);
#5113=FACE_SURFACE('',(#5112),#5110,.T.);
#5114=CARTESIAN_POINT('',(41.995473206,235.985636711,5.424374249));
#5115=CARTESIAN_POINT('',(41.251674294,234.185397625,-2.326347865));
#5116=DIRECTION('',(0.502952392,-0.851293194,0.149461666));
#5117=DIRECTION('',(-0.860963953,-0.508665972,0.));
#5118=AXIS2_PLACEMENT_3D('',#5115,#5116,#5117);
#5119=PLANE('',#5118);
#5120=POLY_LOOP('',(#1375,#2341,#5114));
#5121=FACE_OUTER_BOUND('',#5120,.T.);
#5122=FACE_SURFACE('',(#5121),#5119,.T.);
#5123=CARTESIAN_POINT('',(204.916998744,291.859030724,7.07984576));
#5124=CARTESIAN_POINT('',(204.916998744,291.859030724,7.07984576));
#5125=DIRECTION('',(0.2390355,0.78733492,-0.568300759));
#5126=DIRECTION('',(0.,0.585267169,0.810840515));
#5127=AXIS2_PLACEMENT_3D('',#5124,#5125,#5126);
#5128=PLANE('',#5127);
#5129=POLY_LOOP('',(#5123,#56,#3743));
#5130=FACE_OUTER_BOUND('',#5129,.T.);
#5131=FACE_SURFACE('',(#5130),#5128,.T.);
#5132=CARTESIAN_POINT('',(203.673303127,358.026266098,-7.011706475));
#5133=CARTESIAN_POINT('',(208.579748869,363.047033548,-2.29304377));
#5134=DIRECTION('',(0.263505137,-0.784753826,0.561004881));
#5135=DIRECTION('',(-0.,-0.581558319,-0.813504715));
#5136=AXIS2_PLACEMENT_3D('',#5133,#5134,#5135);
#5137=PLANE('',#5136);
#5138=POLY_LOOP('',(#4577,#4871,#5132));
#5139=FACE_OUTER_BOUND('',#5138,.T.);
#5140=FACE_SURFACE('',(#5139),#5137,.T.);
#5141=CARTESIAN_POINT('',(206.300899386,294.712543488,9.419595823));
#5142=CARTESIAN_POINT('',(206.300899386,294.712543488,9.419595823));
#5143=DIRECTION('',(0.001833316,0.633525573,-0.77371958));
#5144=DIRECTION('',(0.,-0.77372088,-0.633526637));
#5145=AXIS2_PLACEMENT_3D('',#5142,#5143,#5144);
#5146=PLANE('',#5145);
#5147=POLY_LOOP('',(#5141,#5123,#3218));
#5148=FACE_OUTER_BOUND('',#5147,.T.);
#5149=FACE_SURFACE('',(#5148),#5146,.T.);
#5150=CARTESIAN_POINT('',(36.191355437,292.603164911,7.907166146));
#5151=DIRECTION('',(-0.486587451,-0.779075872,0.395314354));
#5152=DIRECTION('',(-0.848162162,0.529736678,0.));
#5153=AXIS2_PLACEMENT_3D('',#5150,#5151,#5152);
#5154=PLANE('',#5153);
#5155=POLY_LOOP('',(#4837,#2504,#4597));
#5156=FACE_OUTER_BOUND('',#5155,.T.);
#5157=FACE_SURFACE('',(#5156),#5154,.T.);
#5158=CARTESIAN_POINT('',(79.231612384,457.256883383,-6.608203985));
#5159=CARTESIAN_POINT('',(76.858200133,459.187269211,-3.373135347));
#5160=CARTESIAN_POINT('',(79.231612384,457.256883383,-6.608203985));
#5161=DIRECTION('',(-0.006295882,-0.860746955,0.508994146));
#5162=DIRECTION('',(0.,-0.509004234,-0.860764015));
#5163=AXIS2_PLACEMENT_3D('',#5160,#5161,#5162);
#5164=PLANE('',#5163);
#5165=POLY_LOOP('',(#5158,#5159,#3931));
#5166=FACE_OUTER_BOUND('',#5165,.T.);
#5167=FACE_SURFACE('',(#5166),#5164,.T.);
#5168=CARTESIAN_POINT('',(24.71296303,450.555503368,-7.288753521));
#5169=CARTESIAN_POINT('',(16.91778563,443.814903498,-6.143359002));
#5170=CARTESIAN_POINT('',(24.510748684,444.156050682,-10.158903897));
#5171=CARTESIAN_POINT('',(24.71296303,450.555503368,-7.288753521));
#5172=DIRECTION('',(0.446035396,-0.377959309,0.811294759));
#5173=DIRECTION('',(0.876296499,-0.,-0.481772194));
#5174=AXIS2_PLACEMENT_3D('',#5171,#5172,#5173);
#5175=PLANE('',#5174);
#5176=POLY_LOOP('',(#5168,#5169,#5170));
#5177=FACE_OUTER_BOUND('',#5176,.T.);
#5178=FACE_SURFACE('',(#5177),#5175,.T.);
#5179=CARTESIAN_POINT('',(209.557667375,360.285192728,7.345966529));
#5180=CARTESIAN_POINT('',(202.275291085,359.631448984,5.368154962));
#5181=CARTESIAN_POINT('',(209.557667375,360.285192728,7.345966529));
#5182=DIRECTION('',(0.271458741,-0.449957647,-0.850792729));
#5183=DIRECTION('',(0.,-0.883986348,0.467512713));
#5184=AXIS2_PLACEMENT_3D('',#5181,#5182,#5183);
#5185=PLANE('',#5184);
#5186=POLY_LOOP('',(#5179,#2610,#5180));
#5187=FACE_OUTER_BOUND('',#5186,.T.);
#5188=FACE_SURFACE('',(#5187),#5185,.T.);
#5189=CARTESIAN_POINT('',(213.719055057,241.870760918,-1.810026355));
#5190=DIRECTION('',(-0.364800239,0.776265506,0.514132911));
#5191=DIRECTION('',(-0.,-0.552186389,0.833720692));
#5192=AXIS2_PLACEMENT_3D('',#5189,#5190,#5191);
#5193=PLANE('',#5192);
#5194=POLY_LOOP('',(#701,#3502,#700));
#5195=FACE_OUTER_BOUND('',#5194,.T.);
#5196=FACE_SURFACE('',(#5195),#5193,.T.);
#5197=CARTESIAN_POINT('',(103.394761682,195.013254881,-11.884704232));
#5198=DIRECTION('',(-0.040243142,-0.018889934,-0.999011341));
#5199=DIRECTION('',(-0.999189627,0.,0.040250324));
#5200=AXIS2_PLACEMENT_3D('',#5197,#5198,#5199);
#5201=PLANE('',#5200);
#5202=POLY_LOOP('',(#4907,#1038,#1037));
#5203=FACE_OUTER_BOUND('',#5202,.T.);
#5204=FACE_SURFACE('',(#5203),#5201,.T.);
#5205=CARTESIAN_POINT('',(28.516275808,250.459223986,7.036492694));
#5206=CARTESIAN_POINT('',(28.516275808,250.459223986,7.036492694));
#5207=DIRECTION('',(0.26824566,-0.480487654,-0.834970587));
#5208=DIRECTION('',(0.,-0.866735991,0.498767202));
#5209=AXIS2_PLACEMENT_3D('',#5206,#5207,#5208);
#5210=PLANE('',#5209);
#5211=POLY_LOOP('',(#5205,#4641,#4370));
#5212=FACE_OUTER_BOUND('',#5211,.T.);
#5213=FACE_SURFACE('',(#5212),#5210,.T.);
#5214=CARTESIAN_POINT('',(114.244200289,186.772033572,-9.441912174));
#5215=CARTESIAN_POINT('',(116.936057806,190.706044436,-11.991669424));
#5216=CARTESIAN_POINT('',(114.244200289,186.772033572,-9.441912174));
#5217=DIRECTION('',(-0.358096738,-0.322804316,-0.876107356));
#5218=DIRECTION('',(-0.925661998,0.,0.378351511));
#5219=AXIS2_PLACEMENT_3D('',#5216,#5217,#5218);
#5220=PLANE('',#5219);
#5221=POLY_LOOP('',(#5214,#5215,#1411));
#5222=FACE_OUTER_BOUND('',#5221,.T.);
#5223=FACE_SURFACE('',(#5222),#5220,.T.);
#5224=CARTESIAN_POINT('',(212.84301579,408.600926399,1.272222842));
#5225=CARTESIAN_POINT('',(220.142617822,402.679383755,-6.15931116));
#5226=CARTESIAN_POINT('',(212.84301579,408.600926399,1.272222842));
#5227=DIRECTION('',(-0.397859327,-0.866997527,0.300038737));
#5228=DIRECTION('',(-0.908871969,0.417075227,-0.));
#5229=AXIS2_PLACEMENT_3D('',#5226,#5227,#5228);
#5230=PLANE('',#5229);
#5231=POLY_LOOP('',(#5224,#4532,#5225));
#5232=FACE_OUTER_BOUND('',#5231,.T.);
#5233=FACE_SURFACE('',(#5232),#5230,.T.);
#5234=CARTESIAN_POINT('',(103.16362232,581.000030041,-8.574949577));
#5235=DIRECTION('',(-0.000308921,0.999999942,-0.000144537));
#5236=DIRECTION('',(0.999999952,0.000308921,-0.));
#5237=AXIS2_PLACEMENT_3D('',#5234,#5235,#5236);
#5238=PLANE('',#5237);
#5239=POLY_LOOP('',(#5017,#5018,#1317));
#5240=FACE_OUTER_BOUND('',#5239,.T.);
#5241=FACE_SURFACE('',(#5240),#5238,.T.);
#5242=CARTESIAN_POINT('',(204.49732244,361.182540655,7.027971093));
#5243=DIRECTION('',(-0.5268242,0.814678688,0.242394097));
#5244=DIRECTION('',(0.839720954,0.543018157,-0.));
#5245=AXIS2_PLACEMENT_3D('',#5242,#5243,#5244);
#5246=PLANE('',#5245);
#5247=POLY_LOOP('',(#4725,#4724,#2836));
#5248=FACE_OUTER_BOUND('',#5247,.T.);
#5249=FACE_SURFACE('',(#5248),#5246,.T.);
#5250=CARTESIAN_POINT('',(43.790299445,343.084186316,11.143282987));
#5251=CARTESIAN_POINT('',(34.512609243,337.686181068,11.540547013));
#5252=CARTESIAN_POINT('',(40.55807367,336.190283298,7.084680721));
#5253=DIRECTION('',(0.376431632,-0.594703225,0.710371241));
#5254=DIRECTION('',(0.,0.766771586,0.641920038));
#5255=AXIS2_PLACEMENT_3D('',#5252,#5253,#5254);
#5256=PLANE('',#5255);
#5257=POLY_LOOP('',(#360,#5250,#5251));
#5258=FACE_OUTER_BOUND('',#5257,.T.);
#5259=FACE_SURFACE('',(#5258),#5256,.T.);
#5260=CARTESIAN_POINT('',(41.974950582,188.582316041,-4.90314886));
#5261=DIRECTION('',(-0.354202707,-0.732825172,-0.580954138));
#5262=DIRECTION('',(0.,0.621229256,-0.783628873));
#5263=AXIS2_PLACEMENT_3D('',#5260,#5261,#5262);
#5264=PLANE('',#5263);
#5265=POLY_LOOP('',(#67,#4734,#4735));
#5266=FACE_OUTER_BOUND('',#5265,.T.);
#5267=FACE_SURFACE('',(#5266),#5264,.T.);
#5268=CARTESIAN_POINT('',(84.049627185,463.010817766,-1.008655992));
#5269=CARTESIAN_POINT('',(84.049627185,463.010817766,-1.008655992));
#5270=DIRECTION('',(-0.389024557,0.918642527,-0.068962322));
#5271=DIRECTION('',(0.92083479,0.389952932,-0.));
#5272=AXIS2_PLACEMENT_3D('',#5269,#5270,#5271);
#5273=PLANE('',#5272);
#5274=POLY_LOOP('',(#5268,#2049,#3187));
#5275=FACE_OUTER_BOUND('',#5274,.T.);
#5276=FACE_SURFACE('',(#5275),#5273,.T.);
#5277=CARTESIAN_POINT('',(21.351171657,399.392515421,4.885434639));
#5278=CARTESIAN_POINT('',(17.539856955,409.226983786,8.70441366));
#5279=CARTESIAN_POINT('',(21.351171657,399.392515421,4.885434639));
#5280=DIRECTION('',(0.521682996,0.476882414,-0.707410783));
#5281=DIRECTION('',(-0.804820547,-0.,-0.593518228));
#5282=AXIS2_PLACEMENT_3D('',#5279,#5280,#5281);
#5283=PLANE('',#5282);
#5284=POLY_LOOP('',(#5277,#5278,#3887));
#5285=FACE_OUTER_BOUND('',#5284,.T.);
#5286=FACE_SURFACE('',(#5285),#5283,.T.);
#5287=CARTESIAN_POINT('',(160.883784294,289.917945862,-0.575274869));
#5288=DIRECTION('',(0.000342111,0.996516595,0.083393998));
#5289=DIRECTION('',(-0.,-0.083394003,0.996516653));
#5290=AXIS2_PLACEMENT_3D('',#5287,#5288,#5289);
#5291=PLANE('',#5290);
#5292=POLY_LOOP('',(#5008,#3167,#3743));
#5293=FACE_OUTER_BOUND('',#5292,.T.);
#5294=FACE_SURFACE('',(#5293),#5291,.T.);
#5295=CARTESIAN_POINT('',(128.964960575,197.712674737,8.408426307));
#5296=CARTESIAN_POINT('',(130.898341537,200.369670987,0.937643694));
#5297=DIRECTION('',(0.545183488,0.735312608,0.402604436));
#5298=DIRECTION('',(0.803291945,-0.595585469,0.));
#5299=AXIS2_PLACEMENT_3D('',#5296,#5297,#5298);
#5300=PLANE('',#5299);
#5301=POLY_LOOP('',(#2695,#4943,#5295));
#5302=FACE_OUTER_BOUND('',#5301,.T.);
#5303=FACE_SURFACE('',(#5302),#5300,.T.);
#5304=CARTESIAN_POINT('',(233.842730522,387.321084738,1.350750215));
#5305=CARTESIAN_POINT('',(223.263591528,399.775236845,6.659556646));
#5306=DIRECTION('',(-0.764150949,-0.453627766,-0.45857952));
#5307=DIRECTION('',(0.514569144,-0.,-0.857448888));
#5308=AXIS2_PLACEMENT_3D('',#5305,#5306,#5307);
#5309=PLANE('',#5308);
#5310=POLY_LOOP('',(#1663,#5304,#893));
#5311=FACE_OUTER_BOUND('',#5310,.T.);
#5312=FACE_SURFACE('',(#5311),#5309,.T.);
#5313=CARTESIAN_POINT('',(44.148370624,262.541085482,1.070666476));
#5314=CARTESIAN_POINT('',(43.999306858,261.105775833,-5.841500591));
#5315=CARTESIAN_POINT('',(33.462993801,258.041769266,-5.444088951));
#5316=CARTESIAN_POINT('',(44.148370624,262.541085482,1.070666476));
#5317=DIRECTION('',(-0.280764233,0.940918108,-0.189326596));
#5318=DIRECTION('',(0.958248832,0.285935616,-0.));
#5319=AXIS2_PLACEMENT_3D('',#5316,#5317,#5318);
#5320=PLANE('',#5319);
#5321=POLY_LOOP('',(#5313,#5314,#5315));
#5322=FACE_OUTER_BOUND('',#5321,.T.);
#5323=FACE_SURFACE('',(#5322),#5320,.T.);
#5324=CARTESIAN_POINT('',(90.541295707,465.536534786,-3.984011244));
#5325=DIRECTION('',(-0.339441152,0.790221991,-0.510224372));
#5326=DIRECTION('',(0.,0.542429904,0.840101065));
#5327=AXIS2_PLACEMENT_3D('',#5324,#5325,#5326);
#5328=PLANE('',#5327);
#5329=POLY_LOOP('',(#3187,#2301,#2300));
#5330=FACE_OUTER_BOUND('',#5329,.T.);
#5331=FACE_SURFACE('',(#5330),#5328,.T.);
#5332=CARTESIAN_POINT('',(228.016227484,251.721858978,5.932560191));
#5333=CARTESIAN_POINT('',(232.605427504,255.740910769,-0.033595574));
#5334=DIRECTION('',(0.822203074,-0.476363049,0.311545101));
#5335=DIRECTION('',(0.501312697,0.86526619,0.));
#5336=AXIS2_PLACEMENT_3D('',#5333,#5334,#5335);
#5337=PLANE('',#5336);
#5338=POLY_LOOP('',(#4802,#4773,#5332));
#5339=FACE_OUTER_BOUND('',#5338,.T.);
#5340=FACE_SURFACE('',(#5339),#5337,.T.);
#5341=CARTESIAN_POINT('',(15.062588267,435.226291418,-8.229637519));
#5342=CARTESIAN_POINT('',(11.26142405,431.241840124,-4.776699468));
#5343=CARTESIAN_POINT('',(15.062588267,435.226291418,-8.229637519));
#5344=DIRECTION('',(0.794304205,-0.299912901,0.528330467));
#5345=DIRECTION('',(-0.553824917,0.,0.832633149));
#5346=AXIS2_PLACEMENT_3D('',#5343,#5344,#5345);
#5347=PLANE('',#5346);
#5348=POLY_LOOP('',(#5341,#5169,#5342));
#5349=FACE_OUTER_BOUND('',#5348,.T.);
#5350=FACE_SURFACE('',(#5349),#5347,.T.);
#5351=CARTESIAN_POINT('',(15.062588267,435.226291418,-8.229637519));
#5352=DIRECTION('',(0.456252191,-0.30188953,0.837076251));
#5353=DIRECTION('',(0.878043187,0.,-0.478581405));
#5354=AXIS2_PLACEMENT_3D('',#5351,#5352,#5353);
#5355=PLANE('',#5354);
#5356=POLY_LOOP('',(#5341,#5170,#5169));
#5357=FACE_OUTER_BOUND('',#5356,.T.);
#5358=FACE_SURFACE('',(#5357),#5355,.T.);
#5359=CARTESIAN_POINT('',(216.35478735,351.321607828,-10.22562664));
#5360=CARTESIAN_POINT('',(226.425260305,373.001396656,-10.487239808));
#5361=DIRECTION('',(-0.102472278,0.059581441,0.99294989));
#5362=DIRECTION('',(0.994717057,0.,0.102654649));
#5363=AXIS2_PLACEMENT_3D('',#5360,#5361,#5362);
#5364=PLANE('',#5363);
#5365=POLY_LOOP('',(#1496,#3033,#5359));
#5366=FACE_OUTER_BOUND('',#5365,.T.);
#5367=FACE_SURFACE('',(#5366),#5364,.T.);
#5368=CARTESIAN_POINT('',(215.193867683,367.25500226,-7.220766973));
#5369=CARTESIAN_POINT('',(215.658679605,359.353095293,-10.085969232));
#5370=CARTESIAN_POINT('',(220.663353801,363.782972097,-10.528720915));
#5371=DIRECTION('',(0.345750908,-0.301814886,0.888461639));
#5372=DIRECTION('',(0.9319203,0.,-0.362663143));
#5373=AXIS2_PLACEMENT_3D('',#5370,#5371,#5372);
#5374=PLANE('',#5373);
#5375=POLY_LOOP('',(#3033,#5368,#5369));
#5376=FACE_OUTER_BOUND('',#5375,.T.);
#5377=FACE_SURFACE('',(#5376),#5374,.T.);
#5378=CARTESIAN_POINT('',(99.263012409,203.854948282,-9.930437431));
#5379=CARTESIAN_POINT('',(41.846226901,207.50258863,-8.695204742));
#5380=DIRECTION('',(0.003631699,-0.268989493,0.963136264));
#5381=DIRECTION('',(0.,0.963142616,0.268991267));
#5382=AXIS2_PLACEMENT_3D('',#5379,#5380,#5381);
#5383=PLANE('',#5382);
#5384=POLY_LOOP('',(#5104,#3672,#5378));
#5385=FACE_OUTER_BOUND('',#5384,.T.);
#5386=FACE_SURFACE('',(#5385),#5383,.T.);
#5387=CARTESIAN_POINT('',(37.483006716,231.171280146,6.280740723));
#5388=CARTESIAN_POINT('',(41.251674294,234.185397625,-2.326347865));
#5389=DIRECTION('',(0.734492998,-0.673161769,0.085867746));
#5390=DIRECTION('',(0.675657279,0.737215872,0.));
#5391=AXIS2_PLACEMENT_3D('',#5388,#5389,#5390);
#5392=PLANE('',#5391);
#5393=POLY_LOOP('',(#1375,#5114,#5387));
#5394=FACE_OUTER_BOUND('',#5393,.T.);
#5395=FACE_SURFACE('',(#5394),#5392,.T.);
#5396=CARTESIAN_POINT('',(212.259143591,288.139671087,7.866209373));
#5397=CARTESIAN_POINT('',(206.300899386,294.712543488,9.419595823));
#5398=DIRECTION('',(0.336237651,0.494254513,-0.801658729));
#5399=DIRECTION('',(0.,-0.851219113,-0.524810462));
#5400=AXIS2_PLACEMENT_3D('',#5397,#5398,#5399);
#5401=PLANE('',#5400);
#5402=POLY_LOOP('',(#5141,#5396,#5123));
#5403=FACE_OUTER_BOUND('',#5402,.T.);
#5404=FACE_SURFACE('',(#5403),#5401,.T.);
#5405=CARTESIAN_POINT('',(204.916998744,291.859030724,7.07984576));
#5406=DIRECTION('',(0.00210982,0.863356921,-0.504589314));
#5407=DIRECTION('',(0.,0.504590437,0.863358842));
#5408=AXIS2_PLACEMENT_3D('',#5405,#5406,#5407);
#5409=PLANE('',#5408);
#5410=POLY_LOOP('',(#5123,#3743,#3742));
#5411=FACE_OUTER_BOUND('',#5410,.T.);
#5412=FACE_SURFACE('',(#5411),#5409,.T.);
#5413=CARTESIAN_POINT('',(44.795844704,308.428645134,-6.95228437));
#5414=CARTESIAN_POINT('',(205.141544342,307.647824287,-7.126523182));
#5415=DIRECTION('',(-0.003801081,-0.884623906,0.466289714));
#5416=DIRECTION('',(0.,-0.466293082,-0.884630296));
#5417=AXIS2_PLACEMENT_3D('',#5414,#5415,#5416);
#5418=PLANE('',#5417);
#5419=POLY_LOOP('',(#2272,#712,#5413));
#5420=FACE_OUTER_BOUND('',#5419,.T.);
#5421=FACE_SURFACE('',(#5420),#5418,.T.);
#5422=CARTESIAN_POINT('',(35.13514623,324.67725873,2.347741975));
#5423=CARTESIAN_POINT('',(37.385668606,317.162722349,-2.16487213));
#5424=CARTESIAN_POINT('',(37.356328219,317.263424397,2.179055009));
#5425=CARTESIAN_POINT('',(35.13514623,324.67725873,2.347741975));
#5426=DIRECTION('',(-0.957930618,-0.286999821,0.00018311));
#5427=DIRECTION('',(0.286999825,-0.957930634,0.));
#5428=AXIS2_PLACEMENT_3D('',#5425,#5426,#5427);
#5429=PLANE('',#5428);
#5430=POLY_LOOP('',(#5422,#5423,#5424));
#5431=FACE_OUTER_BOUND('',#5430,.T.);
#5432=FACE_SURFACE('',(#5431),#5429,.T.);
#5433=CARTESIAN_POINT('',(212.659269571,284.057199955,4.068440758));
#5434=DIRECTION('',(0.645937061,0.728754769,-0.227336315));
#5435=DIRECTION('',(0.748349318,-0.663304831,0.));
#5436=AXIS2_PLACEMENT_3D('',#5433,#5434,#5435);
#5437=PLANE('',#5436);
#5438=POLY_LOOP('',(#54,#56,#5123));
#5439=FACE_OUTER_BOUND('',#5438,.T.);
#5440=FACE_SURFACE('',(#5439),#5437,.T.);
#5441=CARTESIAN_POINT('',(206.007808447,255.156546831,-11.785123497));
#5442=CARTESIAN_POINT('',(206.007808447,255.156546831,-11.785123497));
#5443=DIRECTION('',(-0.054872935,0.078422337,-0.99540891));
#5444=DIRECTION('',(0.,-0.99691091,-0.078540671));
#5445=AXIS2_PLACEMENT_3D('',#5442,#5443,#5444);
#5446=PLANE('',#5445);
#5447=POLY_LOOP('',(#5441,#2075,#2076));
#5448=FACE_OUTER_BOUND('',#5447,.T.);
#5449=FACE_SURFACE('',(#5448),#5446,.T.);
#5450=CARTESIAN_POINT('',(43.748166412,245.368793607,-9.861069731));
#5451=CARTESIAN_POINT('',(208.459928632,243.479803205,-7.971029729));
#5452=DIRECTION('',(-0.006773178,0.347561864,0.93763259));
#5453=DIRECTION('',(0.,0.937654099,-0.347569837));
#5454=AXIS2_PLACEMENT_3D('',#5451,#5452,#5453);
#5455=PLANE('',#5454);
#5456=POLY_LOOP('',(#700,#4607,#5450));
#5457=FACE_OUTER_BOUND('',#5456,.T.);
#5458=FACE_SURFACE('',(#5457),#5455,.T.);
#5459=CARTESIAN_POINT('',(147.677466273,167.142465711,1.707667718));
#5460=CARTESIAN_POINT('',(145.461916924,143.998906016,7.764129899));
#5461=CARTESIAN_POINT('',(147.658780217,143.999993801,0.000001409));
#5462=DIRECTION('',(0.962014654,-0.020862171,0.272199512));
#5463=DIRECTION('',(-0.272258766,0.,0.962224072));
#5464=AXIS2_PLACEMENT_3D('',#5461,#5462,#5463);
#5465=PLANE('',#5464);
#5466=POLY_LOOP('',(#603,#5459,#5460));
#5467=FACE_OUTER_BOUND('',#5466,.T.);
#5468=FACE_SURFACE('',(#5467),#5465,.T.);
#5469=CARTESIAN_POINT('',(41.97916761,198.219224811,10.58612112));
#5470=CARTESIAN_POINT('',(42.422942817,192.53385067,7.192787714));
#5471=DIRECTION('',(0.233777567,0.511695902,-0.826749873));
#5472=DIRECTION('',(0.,-0.850311927,-0.526279039));
#5473=AXIS2_PLACEMENT_3D('',#5470,#5471,#5472);
#5474=PLANE('',#5473);
#5475=POLY_LOOP('',(#4764,#4462,#5469));
#5476=FACE_OUTER_BOUND('',#5475,.T.);
#5477=FACE_SURFACE('',(#5476),#5474,.T.);
#5478=CARTESIAN_POINT('',(29.441870749,455.023407936,-5.2922084));
#5479=CARTESIAN_POINT('',(24.71296303,450.555503368,-7.288753521));
#5480=DIRECTION('',(0.562368588,-0.750416286,0.347299538));
#5481=DIRECTION('',(-0.800227018,-0.59969719,0.));
#5482=AXIS2_PLACEMENT_3D('',#5479,#5480,#5481);
#5483=PLANE('',#5482);
#5484=POLY_LOOP('',(#5168,#5478,#2020));
#5485=FACE_OUTER_BOUND('',#5484,.T.);
#5486=FACE_SURFACE('',(#5485),#5483,.T.);
#5487=CARTESIAN_POINT('',(14.286857098,329.970121384,0.128559113));
#5488=CARTESIAN_POINT('',(16.453688964,322.227627039,6.648172159));
#5489=CARTESIAN_POINT('',(14.710999094,319.435507059,1.598266535));
#5490=CARTESIAN_POINT('',(14.286857098,329.970121384,0.128559113));
#5491=DIRECTION('',(0.946447577,-0.006926569,-0.322783219));
#5492=DIRECTION('',(0.322790963,-0.,0.946470282));
#5493=AXIS2_PLACEMENT_3D('',#5490,#5491,#5492);
#5494=PLANE('',#5493);
#5495=POLY_LOOP('',(#5487,#5488,#5489));
#5496=FACE_OUTER_BOUND('',#5495,.T.);
#5497=FACE_SURFACE('',(#5496),#5494,.T.);
#5498=CARTESIAN_POINT('',(39.843548089,253.468185663,-9.764631279));
#5499=CARTESIAN_POINT('',(39.843548089,253.468185663,-9.764631279));
#5500=DIRECTION('',(0.363330341,-0.569689023,0.737187547));
#5501=DIRECTION('',(-0.,0.791262099,0.611477139));
#5502=AXIS2_PLACEMENT_3D('',#5499,#5500,#5501);
#5503=PLANE('',#5502);
#5504=POLY_LOOP('',(#5498,#1821,#2124));
#5505=FACE_OUTER_BOUND('',#5504,.T.);
#5506=FACE_SURFACE('',(#5505),#5503,.T.);
#5507=CARTESIAN_POINT('',(29.603891075,458.923459053,-1.135124476));
#5508=CARTESIAN_POINT('',(20.886188373,453.547149897,1.414518454));
#5509=DIRECTION('',(-0.480035386,0.860140617,0.172406925));
#5510=DIRECTION('',(0.873216321,0.487332798,0.));
#5511=AXIS2_PLACEMENT_3D('',#5508,#5509,#5510);
#5512=PLANE('',#5511);
#5513=POLY_LOOP('',(#480,#482,#5507));
#5514=FACE_OUTER_BOUND('',#5513,.T.);
#5515=FACE_SURFACE('',(#5514),#5512,.T.);
#5516=CARTESIAN_POINT('',(35.607628524,213.877737522,7.811528165));
#5517=CARTESIAN_POINT('',(35.806275904,219.203844666,4.52045491));
#5518=CARTESIAN_POINT('',(39.040777832,214.329019189,4.069782328));
#5519=CARTESIAN_POINT('',(35.607628524,213.877737522,7.811528165));
#5520=DIRECTION('',(-0.659263628,-0.377300381,-0.650396718));
#5521=DIRECTION('',(0.702303297,0.,-0.711877854));
#5522=AXIS2_PLACEMENT_3D('',#5519,#5520,#5521);
#5523=PLANE('',#5522);
#5524=POLY_LOOP('',(#5516,#5517,#5518));
#5525=FACE_OUTER_BOUND('',#5524,.T.);
#5526=FACE_SURFACE('',(#5525),#5523,.T.);
#5527=CARTESIAN_POINT('',(36.054711789,436.646103859,-3.082977608));
#5528=CARTESIAN_POINT('',(39.4112207,441.048294306,-6.931016222));
#5529=CARTESIAN_POINT('',(30.501402915,433.798581362,-7.263028994));
#5530=CARTESIAN_POINT('',(36.054711789,436.646103859,-3.082977608));
#5531=DIRECTION('',(-0.607338337,0.732306543,0.30800531));
#5532=DIRECTION('',(0.769727105,0.638373076,0.));
#5533=AXIS2_PLACEMENT_3D('',#5530,#5531,#5532);
#5534=PLANE('',#5533);
#5535=POLY_LOOP('',(#5527,#5528,#5529));
#5536=FACE_OUTER_BOUND('',#5535,.T.);
#5537=FACE_SURFACE('',(#5536),#5534,.T.);
#5538=CARTESIAN_POINT('',(46.968135983,360.490441322,0.447016588));
#5539=CARTESIAN_POINT('',(202.083870769,360.409379005,-2.931562718));
#5540=DIRECTION('',(-0.002551655,-0.995638329,-0.093262029));
#5541=DIRECTION('',(0.,0.093262332,-0.995641571));
#5542=AXIS2_PLACEMENT_3D('',#5539,#5540,#5541);
#5543=PLANE('',#5542);
#5544=POLY_LOOP('',(#4871,#5180,#5538));
#5545=FACE_OUTER_BOUND('',#5544,.T.);
#5546=FACE_SURFACE('',(#5545),#5543,.T.);
#5547=CARTESIAN_POINT('',(213.31165731,271.942973137,4.689606838));
#5548=DIRECTION('',(-0.945087827,-0.083690983,0.315919005));
#5549=DIRECTION('',(-0.317031228,0.,-0.948415099));
#5550=AXIS2_PLACEMENT_3D('',#5547,#5548,#5549);
#5551=PLANE('',#5550);
#5552=POLY_LOOP('',(#3139,#4811,#3140));
#5553=FACE_OUTER_BOUND('',#5552,.T.);
#5554=FACE_SURFACE('',(#5553),#5551,.T.);
#5555=CARTESIAN_POINT('',(38.328487426,446.683734655,-12.347361073));
#5556=CARTESIAN_POINT('',(38.328487426,446.683734655,-12.347361073));
#5557=DIRECTION('',(0.013200696,-0.272657774,-0.962020519));
#5558=DIRECTION('',(0.,-0.96210435,0.272681534));
#5559=AXIS2_PLACEMENT_3D('',#5556,#5557,#5558);
#5560=PLANE('',#5559);
#5561=POLY_LOOP('',(#5555,#2351,#1897));
#5562=FACE_OUTER_BOUND('',#5561,.T.);
#5563=FACE_SURFACE('',(#5562),#5560,.T.);
#5564=CARTESIAN_POINT('',(112.269632518,206.904545426,-5.628621206));
#5565=CARTESIAN_POINT('',(116.952754557,199.112385511,-10.510652326));
#5566=DIRECTION('',(-0.354620486,-0.640127379,0.681528612));
#5567=DIRECTION('',(0.,0.728899556,0.684620652));
#5568=AXIS2_PLACEMENT_3D('',#5565,#5566,#5567);
#5569=PLANE('',#5568);
#5570=POLY_LOOP('',(#3674,#1857,#5564));
#5571=FACE_OUTER_BOUND('',#5570,.T.);
#5572=FACE_SURFACE('',(#5571),#5569,.T.);
#5573=CARTESIAN_POINT('',(131.154224277,192.517474294,-7.503232453));
#5574=DIRECTION('',(-0.358050998,-0.382633524,0.851698931));
#5575=DIRECTION('',(0.,0.91217423,0.409802604));
#5576=AXIS2_PLACEMENT_3D('',#5573,#5574,#5575);
#5577=PLANE('',#5576);
#5578=POLY_LOOP('',(#1423,#3674,#1602));
#5579=FACE_OUTER_BOUND('',#5578,.T.);
#5580=FACE_SURFACE('',(#5579),#5577,.T.);
#5581=CARTESIAN_POINT('',(43.594341725,436.77675724,0.415948831));
#5582=CARTESIAN_POINT('',(70.286378264,436.671257019,-0.52928651));
#5583=CARTESIAN_POINT('',(43.594341725,436.77675724,0.415948831));
#5584=DIRECTION('',(-0.010466882,-0.98251132,-0.185908448));
#5585=DIRECTION('',(0.,0.185918633,-0.982565144));
#5586=AXIS2_PLACEMENT_3D('',#5583,#5584,#5585);
#5587=PLANE('',#5586);
#5588=POLY_LOOP('',(#5581,#2571,#5582));
#5589=FACE_OUTER_BOUND('',#5588,.T.);
#5590=FACE_SURFACE('',(#5589),#5587,.T.);
#5591=CARTESIAN_POINT('',(20.238243043,243.158400059,-4.34954837));
#5592=CARTESIAN_POINT('',(26.834262535,250.382751226,-5.73725719));
#5593=DIRECTION('',(0.736995646,-0.622166792,0.264094494));
#5594=DIRECTION('',(0.645068791,0.764124502,0.));
#5595=AXIS2_PLACEMENT_3D('',#5592,#5593,#5594);
#5596=PLANE('',#5595);
#5597=POLY_LOOP('',(#2124,#2125,#5591));
#5598=FACE_OUTER_BOUND('',#5597,.T.);
#5599=FACE_SURFACE('',(#5598),#5596,.T.);
#5600=CARTESIAN_POINT('',(204.61383462,287.130743265,1.600686344));
#5601=DIRECTION('',(-0.000374524,-0.933478051,0.358634337));
#5602=DIRECTION('',(0.,-0.358634362,-0.933478117));
#5603=AXIS2_PLACEMENT_3D('',#5600,#5601,#5602);
#5604=PLANE('',#5603);
#5605=POLY_LOOP('',(#4753,#3043,#3042));
#5606=FACE_OUTER_BOUND('',#5605,.T.);
#5607=FACE_SURFACE('',(#5606),#5604,.T.);
#5608=CARTESIAN_POINT('',(78.753165901,462.197989225,-1.061456162));
#5609=CARTESIAN_POINT('',(39.718758315,459.485918283,-8.011455648));
#5610=CARTESIAN_POINT('',(78.753165901,462.197989225,-1.061456162));
#5611=DIRECTION('',(-0.001472998,0.934356289,-0.356337138));
#5612=DIRECTION('',(0.,0.356337525,0.934357302));
#5613=AXIS2_PLACEMENT_3D('',#5610,#5611,#5612);
#5614=PLANE('',#5613);
#5615=POLY_LOOP('',(#5608,#2300,#5609));
#5616=FACE_OUTER_BOUND('',#5615,.T.);
#5617=FACE_SURFACE('',(#5616),#5614,.T.);
#5618=CARTESIAN_POINT('',(39.876755327,435.527026653,0.707627041));
#5619=CARTESIAN_POINT('',(40.427073836,438.74835968,7.176964544));
#5620=CARTESIAN_POINT('',(35.731960088,433.205932379,2.909699688));
#5621=CARTESIAN_POINT('',(39.876755327,435.527026653,0.707627041));
#5622=DIRECTION('',(0.586710831,-0.74371075,0.320413361));
#5623=DIRECTION('',(-0.785103092,-0.619365106,0.));
#5624=AXIS2_PLACEMENT_3D('',#5621,#5622,#5623);
#5625=PLANE('',#5624);
#5626=POLY_LOOP('',(#5618,#5619,#5620));
#5627=FACE_OUTER_BOUND('',#5626,.T.);
#5628=FACE_SURFACE('',(#5627),#5625,.T.);
#5629=CARTESIAN_POINT('',(35.772047937,433.142632246,-3.340413328));
#5630=CARTESIAN_POINT('',(40.610138327,438.060551882,-6.200789008));
#5631=DIRECTION('',(0.635209928,-0.744474088,-0.20558862));
#5632=DIRECTION('',(-0.760724298,-0.649075144,0.));
#5633=AXIS2_PLACEMENT_3D('',#5630,#5631,#5632);
#5634=PLANE('',#5633);
#5635=POLY_LOOP('',(#2571,#5618,#5629));
#5636=FACE_OUTER_BOUND('',#5635,.T.);
#5637=FACE_SURFACE('',(#5636),#5634,.T.);
#5638=CARTESIAN_POINT('',(44.022981077,194.974496961,-9.245480411));
#5639=CARTESIAN_POINT('',(38.529489189,192.479670048,-5.393550266));
#5640=CARTESIAN_POINT('',(44.022981077,194.974496961,-9.245480411));
#5641=DIRECTION('',(0.275904628,0.57809527,0.767907869));
#5642=DIRECTION('',(-0.,0.798917852,-0.601440159));
#5643=AXIS2_PLACEMENT_3D('',#5640,#5641,#5642);
#5644=PLANE('',#5643);
#5645=POLY_LOOP('',(#5638,#1102,#5639));
#5646=FACE_OUTER_BOUND('',#5645,.T.);
#5647=FACE_SURFACE('',(#5646),#5644,.T.);
#5648=CARTESIAN_POINT('',(216.35478735,351.321607828,-10.22562664));
#5649=DIRECTION('',(-0.032497413,0.035530618,0.998840074));
#5650=DIRECTION('',(0.,0.999367921,-0.035549394));
#5651=AXIS2_PLACEMENT_3D('',#5648,#5649,#5650);
#5652=PLANE('',#5651);
#5653=POLY_LOOP('',(#5359,#3033,#1946));
#5654=FACE_OUTER_BOUND('',#5653,.T.);
#5655=FACE_SURFACE('',(#5654),#5652,.T.);
#5656=CARTESIAN_POINT('',(217.222228646,372.590601444,-7.40444893));
#5657=DIRECTION('',(0.446269706,-0.139219726,0.884002951));
#5658=DIRECTION('',(0.892696462,0.,-0.450658436));
#5659=AXIS2_PLACEMENT_3D('',#5656,#5657,#5658);
#5660=PLANE('',#5659);
#5661=POLY_LOOP('',(#5086,#5368,#3033));
#5662=FACE_OUTER_BOUND('',#5661,.T.);
#5663=FACE_SURFACE('',(#5662),#5660,.T.);
#5664=CARTESIAN_POINT('',(34.254793078,434.545606375,7.300585508));
#5665=CARTESIAN_POINT('',(33.116627485,428.856521845,2.909493167));
#5666=CARTESIAN_POINT('',(35.731960088,433.205932379,2.909699688));
#5667=DIRECTION('',(0.782808973,-0.470728128,0.406970688));
#5668=DIRECTION('',(0.515334888,0.856988887,-0.));
#5669=AXIS2_PLACEMENT_3D('',#5666,#5667,#5668);
#5670=PLANE('',#5669);
#5671=POLY_LOOP('',(#5620,#5664,#5665));
#5672=FACE_OUTER_BOUND('',#5671,.T.);
#5673=FACE_SURFACE('',(#5672),#5670,.T.);
#5674=CARTESIAN_POINT('',(34.131675959,333.693355322,-10.337368585));
#5675=DIRECTION('',(0.502203824,-0.587446031,-0.634585282));
#5676=DIRECTION('',(0.,-0.733837305,0.679325261));
#5677=AXIS2_PLACEMENT_3D('',#5674,#5675,#5676);
#5678=PLANE('',#5677);
#5679=POLY_LOOP('',(#2398,#369,#370));
#5680=FACE_OUTER_BOUND('',#5679,.T.);
#5681=FACE_SURFACE('',(#5680),#5678,.T.);
#5682=CARTESIAN_POINT('',(42.105801404,292.743504047,7.418278605));
#5683=DIRECTION('',(0.003445063,0.841108516,-0.54085543));
#5684=DIRECTION('',(-0.,0.540858639,0.841113507));
#5685=AXIS2_PLACEMENT_3D('',#5682,#5683,#5684);
#5686=PLANE('',#5685);
#5687=POLY_LOOP('',(#3218,#5123,#3742));
#5688=FACE_OUTER_BOUND('',#5687,.T.);
#5689=FACE_SURFACE('',(#5688),#5686,.T.);
#5690=CARTESIAN_POINT('',(33.150531352,191.229715943,1.704451977));
#5691=DIRECTION('',(-0.429109424,-0.875467808,-0.222308838));
#5692=DIRECTION('',(-0.89793753,0.440122929,0.));
#5693=AXIS2_PLACEMENT_3D('',#5690,#5691,#5692);
#5694=PLANE('',#5693);
#5695=POLY_LOOP('',(#66,#4734,#67));
#5696=FACE_OUTER_BOUND('',#5695,.T.);
#5697=FACE_SURFACE('',(#5696),#5694,.T.);
#5698=CARTESIAN_POINT('',(212.259143591,288.139671087,7.866209373));
#5699=DIRECTION('',(0.396962463,0.645707547,-0.652290247));
#5700=DIRECTION('',(0.,-0.710683682,-0.703511695));
#5701=AXIS2_PLACEMENT_3D('',#5698,#5699,#5700);
#5702=PLANE('',#5701);
#5703=POLY_LOOP('',(#5396,#54,#5123));
#5704=FACE_OUTER_BOUND('',#5703,.T.);
#5705=FACE_SURFACE('',(#5704),#5702,.T.);
#5706=CARTESIAN_POINT('',(117.921054363,208.344861865,-1.414817059));
#5707=CARTESIAN_POINT('',(117.921054363,208.344861865,-1.414817059));
#5708=DIRECTION('',(0.287132,0.950391572,0.119628901));
#5709=DIRECTION('',(0.957266008,-0.289208902,0.));
#5710=AXIS2_PLACEMENT_3D('',#5707,#5708,#5709);
#5711=PLANE('',#5710);
#5712=POLY_LOOP('',(#5706,#832,#4943));
#5713=FACE_OUTER_BOUND('',#5712,.T.);
#5714=FACE_SURFACE('',(#5713),#5711,.T.);
#5715=CARTESIAN_POINT('',(39.421610534,461.402952671,4.197394475));
#5716=CARTESIAN_POINT('',(29.707912356,454.309374094,9.371423163));
#5717=CARTESIAN_POINT('',(39.421610534,461.402952671,4.197394475));
#5718=DIRECTION('',(-0.23148851,0.759976157,0.607329656));
#5719=DIRECTION('',(0.,-0.624286759,0.781195265));
#5720=AXIS2_PLACEMENT_3D('',#5717,#5718,#5719);
#5721=PLANE('',#5720);
#5722=POLY_LOOP('',(#5715,#482,#5716));
#5723=FACE_OUTER_BOUND('',#5722,.T.);
#5724=FACE_SURFACE('',(#5723),#5721,.T.);
#5725=CARTESIAN_POINT('',(38.443107158,461.778283119,-0.917973171));
#5726=CARTESIAN_POINT('',(29.845742509,457.823336124,5.026795436));
#5727=DIRECTION('',(-0.336932134,0.932110287,0.132842574));
#5728=DIRECTION('',(0.940445313,0.339945016,0.));
#5729=AXIS2_PLACEMENT_3D('',#5726,#5727,#5728);
#5730=PLANE('',#5729);
#5731=POLY_LOOP('',(#482,#5715,#5725));
#5732=FACE_OUTER_BOUND('',#5731,.T.);
#5733=FACE_SURFACE('',(#5732),#5730,.T.);
#5734=CARTESIAN_POINT('',(46.968135983,360.490441322,0.447016588));
#5735=DIRECTION('',(0.001989759,-0.972579893,-0.232560512));
#5736=DIRECTION('',(0.,0.232560972,-0.972581819));
#5737=AXIS2_PLACEMENT_3D('',#5734,#5735,#5736);
#5738=PLANE('',#5737);
#5739=POLY_LOOP('',(#5538,#5180,#1385));
#5740=FACE_OUTER_BOUND('',#5739,.T.);
#5741=FACE_SURFACE('',(#5740),#5738,.T.);
#5742=CARTESIAN_POINT('',(147.677466273,167.142465711,1.707667718));
#5743=DIRECTION('',(0.88609472,0.183399698,0.425676754));
#5744=DIRECTION('',(-0.433021479,-0.,0.901383603));
#5745=AXIS2_PLACEMENT_3D('',#5742,#5743,#5744);
#5746=PLANE('',#5745);
#5747=POLY_LOOP('',(#5459,#4153,#4154));
#5748=FACE_OUTER_BOUND('',#5747,.T.);
#5749=FACE_SURFACE('',(#5748),#5746,.T.);
#5750=CARTESIAN_POINT('',(118.117138743,205.285772681,-0.716811512));
#5751=CARTESIAN_POINT('',(115.889720619,204.884007573,0.774570508));
#5752=DIRECTION('',(-0.223820036,-0.804015281,-0.550875685));
#5753=DIRECTION('',(0.,0.56521491,-0.824943698));
#5754=AXIS2_PLACEMENT_3D('',#5751,#5752,#5753);
#5755=PLANE('',#5754);
#5756=POLY_LOOP('',(#4226,#409,#5750));
#5757=FACE_OUTER_BOUND('',#5756,.T.);
#5758=FACE_SURFACE('',(#5757),#5755,.T.);
#5759=CARTESIAN_POINT('',(230.579987168,287.752181292,10.207913816));
#5760=CARTESIAN_POINT('',(228.081882,280.76389432,12.536755763));
#5761=CARTESIAN_POINT('',(233.530536294,272.824436426,9.394280612));
#5762=DIRECTION('',(0.57129674,0.068340791,0.817893374));
#5763=DIRECTION('',(0.819810061,-0.,-0.572635542));
#5764=AXIS2_PLACEMENT_3D('',#5761,#5762,#5763);
#5765=PLANE('',#5764);
#5766=POLY_LOOP('',(#4793,#5759,#5760));
#5767=FACE_OUTER_BOUND('',#5766,.T.);
#5768=FACE_SURFACE('',(#5767),#5765,.T.);
#5769=CARTESIAN_POINT('',(8.016063832,432.800024748,-0.082177634));
#5770=CARTESIAN_POINT('',(12.466549873,443.71175766,-1.3802998));
#5771=CARTESIAN_POINT('',(12.116060592,437.209784985,-7.752683479));
#5772=CARTESIAN_POINT('',(8.016063832,432.800024748,-0.082177634));
#5773=DIRECTION('',(-0.89792162,0.331825237,-0.289186404));
#5774=DIRECTION('',(-0.346636021,-0.937999717,0.));
#5775=AXIS2_PLACEMENT_3D('',#5772,#5773,#5774);
#5776=PLANE('',#5775);
#5777=POLY_LOOP('',(#5769,#5770,#5771));
#5778=FACE_OUTER_BOUND('',#5777,.T.);
#5779=FACE_SURFACE('',(#5778),#5776,.T.);
#5780=CARTESIAN_POINT('',(24.65784736,241.548851132,-9.476577863));
#5781=CARTESIAN_POINT('',(39.843548089,253.468185663,-9.764631279));
#5782=DIRECTION('',(0.358989489,-0.43744153,0.824482538));
#5783=DIRECTION('',(0.,0.883366321,0.468683201));
#5784=AXIS2_PLACEMENT_3D('',#5781,#5782,#5783);
#5785=PLANE('',#5784);
#5786=POLY_LOOP('',(#5498,#2124,#5780));
#5787=FACE_OUTER_BOUND('',#5786,.T.);
#5788=FACE_SURFACE('',(#5787),#5785,.T.);
#5789=CARTESIAN_POINT('',(16.996866092,221.499174833,7.314458955));
#5790=CARTESIAN_POINT('',(16.996866092,221.499174833,7.314458955));
#5791=DIRECTION('',(0.460915884,0.138363455,-0.876591183));
#5792=DIRECTION('',(-0.885104544,-0.,-0.465392251));
#5793=AXIS2_PLACEMENT_3D('',#5790,#5791,#5792);
#5794=PLANE('',#5793);
#5795=POLY_LOOP('',(#5789,#4660,#4461));
#5796=FACE_OUTER_BOUND('',#5795,.T.);
#5797=FACE_SURFACE('',(#5796),#5794,.T.);
#5798=CARTESIAN_POINT('',(29.603891075,458.923459053,-1.135124476));
#5799=DIRECTION('',(-0.306357885,0.93494563,0.178945562));
#5800=DIRECTION('',(0.95028419,0.311383941,0.));
#5801=AXIS2_PLACEMENT_3D('',#5798,#5799,#5800);
#5802=PLANE('',#5801);
#5803=POLY_LOOP('',(#5507,#482,#5725));
#5804=FACE_OUTER_BOUND('',#5803,.T.);
#5805=FACE_SURFACE('',(#5804),#5802,.T.);
#5806=CARTESIAN_POINT('',(36.53813526,444.769233465,-9.969946928));
#5807=CARTESIAN_POINT('',(39.4112207,441.048294306,-6.931016222));
#5808=DIRECTION('',(-0.361703627,0.406097253,0.839199325));
#5809=DIRECTION('',(-0.,0.900145346,-0.435589665));
#5810=AXIS2_PLACEMENT_3D('',#5807,#5808,#5809);
#5811=PLANE('',#5810);
#5812=POLY_LOOP('',(#5528,#5806,#5529));
#5813=FACE_OUTER_BOUND('',#5812,.T.);
#5814=FACE_SURFACE('',(#5813),#5811,.T.);
#5815=CARTESIAN_POINT('',(42.496599257,439.009696245,-2.647798043));
#5816=CARTESIAN_POINT('',(75.026057661,440.889298916,-6.757313386));
#5817=CARTESIAN_POINT('',(42.496599257,439.009696245,-2.647798043));
#5818=DIRECTION('',(0.001942968,0.903485442,0.428614374));
#5819=DIRECTION('',(0.,-0.428615183,0.903487147));
#5820=AXIS2_PLACEMENT_3D('',#5817,#5818,#5819);
#5821=PLANE('',#5820);
#5822=POLY_LOOP('',(#5815,#5816,#5528));
#5823=FACE_OUTER_BOUND('',#5822,.T.);
#5824=FACE_SURFACE('',(#5823),#5821,.T.);
#5825=CARTESIAN_POINT('',(25.064695626,422.651678324,11.852297932));
#5826=DIRECTION('',(0.570789064,0.150280018,0.807227205));
#5827=DIRECTION('',(0.816499807,0.,-0.577345706));
#5828=AXIS2_PLACEMENT_3D('',#5825,#5826,#5827);
#5829=PLANE('',#5828);
#5830=POLY_LOOP('',(#460,#2742,#2744));
#5831=FACE_OUTER_BOUND('',#5830,.T.);
#5832=FACE_SURFACE('',(#5831),#5829,.T.);
#5833=CARTESIAN_POINT('',(222.788482904,299.25262928,-6.868209224));
#5834=CARTESIAN_POINT('',(222.788482904,299.25262928,-6.868209224));
#5835=DIRECTION('',(-0.673766328,-0.578540124,0.459706711));
#5836=DIRECTION('',(0.651457211,-0.758685378,0.));
#5837=AXIS2_PLACEMENT_3D('',#5834,#5835,#5836);
#5838=PLANE('',#5837);
#5839=POLY_LOOP('',(#5833,#884,#2011));
#5840=FACE_OUTER_BOUND('',#5839,.T.);
#5841=FACE_SURFACE('',(#5840),#5838,.T.);
#5842=CARTESIAN_POINT('',(80.109901726,436.983585358,3.096655011));
#5843=CARTESIAN_POINT('',(89.199572802,438.665241003,4.221707117));
#5844=CARTESIAN_POINT('',(80.109901726,436.983585358,3.096655011));
#5845=DIRECTION('',(0.177592922,-0.983474246,0.035201724));
#5846=DIRECTION('',(-0.984084155,-0.177703057,0.));
#5847=AXIS2_PLACEMENT_3D('',#5844,#5845,#5846);
#5848=PLANE('',#5847);
#5849=POLY_LOOP('',(#5842,#1898,#5843));
#5850=FACE_OUTER_BOUND('',#5849,.T.);
#5851=FACE_SURFACE('',(#5850),#5848,.T.);
#5852=CARTESIAN_POINT('',(70.286378264,436.671257019,-0.52928651));
#5853=DIRECTION('',(0.010775288,-0.99832741,0.056800322));
#5854=DIRECTION('',(0.,-0.05680362,-0.998385371));
#5855=AXIS2_PLACEMENT_3D('',#5852,#5853,#5854);
#5856=PLANE('',#5855);
#5857=POLY_LOOP('',(#5582,#1898,#5842));
#5858=FACE_OUTER_BOUND('',#5857,.T.);
#5859=FACE_SURFACE('',(#5858),#5856,.T.);
#5860=CARTESIAN_POINT('',(70.286378264,436.671257019,-0.52928651));
#5861=DIRECTION('',(0.023917628,-0.934879651,-0.354158137));
#5862=DIRECTION('',(-0.,0.354259479,-0.935147166));
#5863=AXIS2_PLACEMENT_3D('',#5860,#5861,#5862);
#5864=PLANE('',#5863);
#5865=POLY_LOOP('',(#5582,#2571,#1896));
#5866=FACE_OUTER_BOUND('',#5865,.T.);
#5867=FACE_SURFACE('',(#5866),#5864,.T.);
#5868=CARTESIAN_POINT('',(102.250784636,471.002072096,-10.520363227));
#5869=CARTESIAN_POINT('',(102.250784636,471.002072096,-10.520363227));
#5870=DIRECTION('',(-0.596634895,0.28828005,-0.74894687));
#5871=DIRECTION('',(-0.782152251,-0.,0.623087358));
#5872=AXIS2_PLACEMENT_3D('',#5869,#5870,#5871);
#5873=PLANE('',#5872);
#5874=POLY_LOOP('',(#5868,#3189,#3246));
#5875=FACE_OUTER_BOUND('',#5874,.T.);
#5876=FACE_SURFACE('',(#5875),#5873,.T.);
#5877=CARTESIAN_POINT('',(95.509797335,460.740894079,8.986359462));
#5878=CARTESIAN_POINT('',(98.446205258,457.556694746,10.456576943));
#5879=DIRECTION('',(0.112140261,-0.329447291,-0.937490823));
#5880=DIRECTION('',(0.,-0.943441688,0.331538507));
#5881=AXIS2_PLACEMENT_3D('',#5878,#5879,#5880);
#5882=PLANE('',#5881);
#5883=POLY_LOOP('',(#5028,#5027,#5877));
#5884=FACE_OUTER_BOUND('',#5883,.T.);
#5885=FACE_SURFACE('',(#5884),#5882,.T.);
#5886=CARTESIAN_POINT('',(43.594341725,436.77675724,0.415948831));
#5887=DIRECTION('',(0.282084927,-0.910022722,-0.303787326));
#5888=DIRECTION('',(0.,0.316646519,-0.948543611));
#5889=AXIS2_PLACEMENT_3D('',#5886,#5887,#5888);
#5890=PLANE('',#5889);
#5891=POLY_LOOP('',(#5581,#5618,#2571));
#5892=FACE_OUTER_BOUND('',#5891,.T.);
#5893=FACE_SURFACE('',(#5892),#5890,.T.);
#5894=CARTESIAN_POINT('',(221.580550075,245.294749737,5.25882747));
#5895=DIRECTION('',(0.50976111,-0.577305202,0.637857597));
#5896=DIRECTION('',(0.,0.741422456,0.671038555));
#5897=AXIS2_PLACEMENT_3D('',#5894,#5895,#5896);
#5898=PLANE('',#5897);
#5899=POLY_LOOP('',(#420,#5332,#421));
#5900=FACE_OUTER_BOUND('',#5899,.T.);
#5901=FACE_SURFACE('',(#5900),#5898,.T.);
#5902=CARTESIAN_POINT('',(24.817746133,455.16744256,-6.04559714));
#5903=CARTESIAN_POINT('',(12.466549873,443.71175766,-1.3802998));
#5904=DIRECTION('',(-0.706989961,0.669761475,-0.227122789));
#5905=DIRECTION('',(-0.687734643,-0.725962162,0.));
#5906=AXIS2_PLACEMENT_3D('',#5903,#5904,#5905);
#5907=PLANE('',#5906);
#5908=POLY_LOOP('',(#5770,#480,#5902));
#5909=FACE_OUTER_BOUND('',#5908,.T.);
#5910=FACE_SURFACE('',(#5909),#5907,.T.);
#5911=CARTESIAN_POINT('',(212.430402637,239.956304431,-3.479202278));
#5912=CARTESIAN_POINT('',(203.091979027,237.600520253,-2.602266381));
#5913=CARTESIAN_POINT('',(212.430402637,239.956304431,-3.479202278));
#5914=DIRECTION('',(0.234073735,-0.966629367,-0.104101651));
#5915=DIRECTION('',(-0.971910082,-0.235352484,0.));
#5916=AXIS2_PLACEMENT_3D('',#5913,#5914,#5915);
#5917=PLANE('',#5916);
#5918=POLY_LOOP('',(#5911,#1262,#5912));
#5919=FACE_OUTER_BOUND('',#5918,.T.);
#5920=FACE_SURFACE('',(#5919),#5917,.T.);
#5921=CARTESIAN_POINT('',(220.663353801,363.782972097,-10.528720915));
#5922=DIRECTION('',(0.633001469,-0.677743345,0.374129789));
#5923=DIRECTION('',(-0.730818014,-0.682572363,0.));
#5924=AXIS2_PLACEMENT_3D('',#5921,#5922,#5923);
#5925=PLANE('',#5924);
#5926=POLY_LOOP('',(#3033,#5369,#1946));
#5927=FACE_OUTER_BOUND('',#5926,.T.);
#5928=FACE_SURFACE('',(#5927),#5925,.T.);
#5929=CARTESIAN_POINT('',(229.16470468,362.408667803,-8.883946575));
#5930=CARTESIAN_POINT('',(226.425260305,373.001396656,-10.487239808));
#5931=DIRECTION('',(-0.188212924,0.099217589,0.977103764));
#5932=DIRECTION('',(0.981948934,0.,0.189146217));
#5933=AXIS2_PLACEMENT_3D('',#5930,#5931,#5932);
#5934=PLANE('',#5933);
#5935=POLY_LOOP('',(#1496,#5359,#5929));
#5936=FACE_OUTER_BOUND('',#5935,.T.);
#5937=FACE_SURFACE('',(#5936),#5934,.T.);
#5938=CARTESIAN_POINT('',(43.790299445,343.084186316,11.143282987));
#5939=DIRECTION('',(0.000815716,-0.780717703,0.624883352));
#5940=DIRECTION('',(-0.,-0.62488356,-0.780717962));
#5941=AXIS2_PLACEMENT_3D('',#5938,#5939,#5940);
#5942=PLANE('',#5941);
#5943=POLY_LOOP('',(#5250,#359,#197));
#5944=FACE_OUTER_BOUND('',#5943,.T.);
#5945=FACE_SURFACE('',(#5944),#5942,.T.);
#5946=CARTESIAN_POINT('',(44.803295285,304.106861353,-10.334409773));
#5947=CARTESIAN_POINT('',(44.803295285,304.106861353,-10.334409773));
#5948=DIRECTION('',(-0.00214536,-0.616293298,0.78751379));
#5949=DIRECTION('',(0.,0.787515602,0.616294716));
#5950=AXIS2_PLACEMENT_3D('',#5947,#5948,#5949);
#5951=PLANE('',#5950);
#5952=POLY_LOOP('',(#5946,#2272,#5413));
#5953=FACE_OUTER_BOUND('',#5952,.T.);
#5954=FACE_SURFACE('',(#5953),#5951,.T.);
#5955=CARTESIAN_POINT('',(39.994653314,442.140638828,-10.370980948));
#5956=DIRECTION('',(-0.013633877,-0.791351798,-0.611209006));
#5957=DIRECTION('',(0.,0.611265821,-0.791425358));
#5958=AXIS2_PLACEMENT_3D('',#5955,#5956,#5957);
#5959=PLANE('',#5958);
#5960=POLY_LOOP('',(#2570,#1897,#1896));
#5961=FACE_OUTER_BOUND('',#5960,.T.);
#5962=FACE_SURFACE('',(#5961),#5959,.T.);
#5963=CARTESIAN_POINT('',(203.832164407,306.506663561,-11.264864355));
#5964=DIRECTION('',(0.003485464,0.129597015,-0.991560621));
#5965=DIRECTION('',(0.,-0.991566644,-0.129597802));
#5966=AXIS2_PLACEMENT_3D('',#5963,#5964,#5965);
#5967=PLANE('',#5966);
#5968=POLY_LOOP('',(#2175,#4047,#2176));
#5969=FACE_OUTER_BOUND('',#5968,.T.);
#5970=FACE_SURFACE('',(#5969),#5967,.T.);
#5971=CARTESIAN_POINT('',(41.852351278,189.93422389,1.437582425));
#5972=CARTESIAN_POINT('',(41.852351278,189.93422389,1.437582425));
#5973=DIRECTION('',(0.374056752,0.830708548,-0.412316449));
#5974=DIRECTION('',(0.,0.444591183,0.895733599));
#5975=AXIS2_PLACEMENT_3D('',#5972,#5973,#5974);
#5976=PLANE('',#5975);
#5977=POLY_LOOP('',(#5971,#1554,#4764));
#5978=FACE_OUTER_BOUND('',#5977,.T.);
#5979=FACE_SURFACE('',(#5978),#5976,.T.);
#5980=CARTESIAN_POINT('',(216.90261364,280.039459467,7.320810575));
#5981=DIRECTION('',(0.772480187,0.471471225,-0.425428308));
#5982=DIRECTION('',(-0.52096721,0.85357669,0.));
#5983=AXIS2_PLACEMENT_3D('',#5980,#5981,#5982);
#5984=PLANE('',#5983);
#5985=POLY_LOOP('',(#791,#54,#5396));
#5986=FACE_OUTER_BOUND('',#5985,.T.);
#5987=FACE_SURFACE('',(#5986),#5984,.T.);
#5988=CARTESIAN_POINT('',(40.240477771,458.412259817,8.918480016));
#5989=DIRECTION('',(-0.283108472,0.787246818,0.547806572));
#5990=DIRECTION('',(0.,-0.571174523,0.820828645));
#5991=AXIS2_PLACEMENT_3D('',#5988,#5989,#5990);
#5992=PLANE('',#5991);
#5993=POLY_LOOP('',(#722,#5715,#5716));
#5994=FACE_OUTER_BOUND('',#5993,.T.);
#5995=FACE_SURFACE('',(#5994),#5992,.T.);
#5996=CARTESIAN_POINT('',(205.763027072,241.06657505,-8.823330514));
#5997=CARTESIAN_POINT('',(205.763027072,241.06657505,-8.823330514));
#5998=DIRECTION('',(0.185453884,-0.890113293,-0.416299391));
#5999=DIRECTION('',(0.,0.423648434,-0.905826697));
#6000=AXIS2_PLACEMENT_3D('',#5997,#5998,#5999);
#6001=PLANE('',#6000);
#6002=POLY_LOOP('',(#5996,#5911,#5912));
#6003=FACE_OUTER_BOUND('',#6002,.T.);
#6004=FACE_SURFACE('',(#6003),#6001,.T.);
#6005=CARTESIAN_POINT('',(215.801924467,244.038209319,-8.2989363));
#6006=CARTESIAN_POINT('',(205.763027072,241.06657505,-8.823330514));
#6007=DIRECTION('',(0.26902686,-0.819561724,-0.505908223));
#6008=DIRECTION('',(-0.,0.525273658,-0.850933361));
#6009=AXIS2_PLACEMENT_3D('',#6006,#6007,#6008);
#6010=PLANE('',#6009);
#6011=POLY_LOOP('',(#5996,#6005,#5911));
#6012=FACE_OUTER_BOUND('',#6011,.T.);
#6013=FACE_SURFACE('',(#6012),#6010,.T.);
#6014=CARTESIAN_POINT('',(209.324970841,248.311683536,-12.507251464));
#6015=DIRECTION('',(0.244038711,-0.467056452,-0.849884332));
#6016=DIRECTION('',(0.,-0.87638129,0.481617934));
#6017=AXIS2_PLACEMENT_3D('',#6014,#6015,#6016);
#6018=PLANE('',#6017);
#6019=POLY_LOOP('',(#2076,#1790,#6005));
#6020=FACE_OUTER_BOUND('',#6019,.T.);
#6021=FACE_SURFACE('',(#6020),#6018,.T.);
#6022=CARTESIAN_POINT('',(147.677466273,167.142465711,1.707667718));
#6023=DIRECTION('',(0.902248485,0.02626312,0.430415986));
#6024=DIRECTION('',(-0.430564502,0.,0.902559809));
#6025=AXIS2_PLACEMENT_3D('',#6022,#6023,#6024);
#6026=PLANE('',#6025);
#6027=POLY_LOOP('',(#5459,#4154,#5460));
#6028=FACE_OUTER_BOUND('',#6027,.T.);
#6029=FACE_SURFACE('',(#6028),#6026,.T.);
#6030=CARTESIAN_POINT('',(77.509768307,459.634870291,1.409325516));
#6031=CARTESIAN_POINT('',(83.983667195,458.852857351,5.483114161));
#6032=CARTESIAN_POINT('',(77.509768307,459.634870291,1.409325516));
#6033=DIRECTION('',(-0.006324984,-0.983862759,-0.178812934));
#6034=DIRECTION('',(-0.,0.178816511,-0.98388244));
#6035=AXIS2_PLACEMENT_3D('',#6032,#6033,#6034);
#6036=PLANE('',#6035);
#6037=POLY_LOOP('',(#6030,#6031,#4889));
#6038=FACE_OUTER_BOUND('',#6037,.T.);
#6039=FACE_SURFACE('',(#6038),#6036,.T.);
#6040=CARTESIAN_POINT('',(11.911061592,436.782479286,7.494345773));
#6041=DIRECTION('',(-0.896487265,0.342834918,0.280668494));
#6042=DIRECTION('',(-0.357192347,-0.934030849,0.));
#6043=AXIS2_PLACEMENT_3D('',#6040,#6041,#6042);
#6044=PLANE('',#6043);
#6045=POLY_LOOP('',(#1337,#1347,#5769));
#6046=FACE_OUTER_BOUND('',#6045,.T.);
#6047=FACE_SURFACE('',(#6046),#6044,.T.);
#6048=CARTESIAN_POINT('',(202.686652541,262.018352747,-4.417981952));
#6049=CARTESIAN_POINT('',(44.148370624,262.541085482,1.070666476));
#6050=DIRECTION('',(-0.003807612,0.979123096,-0.203232537));
#6051=DIRECTION('',(0.,0.20323401,0.979130194));
#6052=AXIS2_PLACEMENT_3D('',#6049,#6050,#6051);
#6053=PLANE('',#6052);
#6054=POLY_LOOP('',(#5313,#6048,#5314));
#6055=FACE_OUTER_BOUND('',#6054,.T.);
#6056=FACE_SURFACE('',(#6055),#6053,.T.);
#6057=CARTESIAN_POINT('',(20.822770894,226.307079196,10.085030459));
#6058=DIRECTION('',(0.092587574,-0.000480581,-0.995704429));
#6059=DIRECTION('',(-0.995704544,0.,-0.092587585));
#6060=AXIS2_PLACEMENT_3D('',#6057,#6058,#6059);
#6061=PLANE('',#6060);
#6062=POLY_LOOP('',(#4660,#4371,#4461));
#6063=FACE_OUTER_BOUND('',#6062,.T.);
#6064=FACE_SURFACE('',(#6063),#6061,.T.);
#6065=CARTESIAN_POINT('',(216.986060143,252.560645342,10.534051806));
#6066=DIRECTION('',(0.019367456,-0.024539881,-0.999511228));
#6067=DIRECTION('',(-0.,-0.999698739,0.024544485));
#6068=AXIS2_PLACEMENT_3D('',#6065,#6066,#6067);
#6069=PLANE('',#6068);
#6070=POLY_LOOP('',(#874,#4715,#4828));
#6071=FACE_OUTER_BOUND('',#6070,.T.);
#6072=FACE_SURFACE('',(#6071),#6069,.T.);
#6073=CARTESIAN_POINT('',(215.713635087,296.666949987,-12.509150431));
#6074=DIRECTION('',(0.176096623,0.329916866,-0.927439939));
#6075=DIRECTION('',(0.,-0.942163231,-0.335154361));
#6076=AXIS2_PLACEMENT_3D('',#6073,#6074,#6075);
#6077=PLANE('',#6076);
#6078=POLY_LOOP('',(#4047,#2175,#3771));
#6079=FACE_OUTER_BOUND('',#6078,.T.);
#6080=FACE_SURFACE('',(#6079),#6077,.T.);
#6081=CARTESIAN_POINT('',(76.215423644,444.198846817,-9.477722459));
#6082=CARTESIAN_POINT('',(39.4112207,441.048294306,-6.931016222));
#6083=DIRECTION('',(-0.000520931,0.63231361,0.774712351));
#6084=DIRECTION('',(-0.,0.774712456,-0.632313696));
#6085=AXIS2_PLACEMENT_3D('',#6082,#6083,#6084);
#6086=PLANE('',#6085);
#6087=POLY_LOOP('',(#5528,#6081,#5806));
#6088=FACE_OUTER_BOUND('',#6087,.T.);
#6089=FACE_SURFACE('',(#6088),#6086,.T.);
#6090=CARTESIAN_POINT('',(70.286378264,436.671257019,-0.52928651));
#6091=DIRECTION('',(-0.099019898,-0.938954067,-0.329484932));
#6092=DIRECTION('',(0.,0.331112198,-0.94359139));
#6093=AXIS2_PLACEMENT_3D('',#6090,#6091,#6092);
#6094=PLANE('',#6093);
#6095=POLY_LOOP('',(#5582,#1896,#1898));
#6096=FACE_OUTER_BOUND('',#6095,.T.);
#6097=FACE_SURFACE('',(#6096),#6094,.T.);
#6098=CARTESIAN_POINT('',(119.975484908,339.721411467,-0.010251187));
#6099=CARTESIAN_POINT('',(45.702952892,339.606791735,-3.39149707));
#6100=CARTESIAN_POINT('',(119.975484908,339.721411467,-0.010251187));
#6101=DIRECTION('',(0.00159276,0.997628864,-0.06880489));
#6102=DIRECTION('',(-0.,0.068804977,0.997630129));
#6103=AXIS2_PLACEMENT_3D('',#6100,#6101,#6102);
#6104=PLANE('',#6103);
#6105=POLY_LOOP('',(#6098,#116,#6099));
#6106=FACE_OUTER_BOUND('',#6105,.T.);
#6107=FACE_SURFACE('',(#6106),#6104,.T.);
#6108=CARTESIAN_POINT('',(44.149506837,259.769052267,7.839879952));
#6109=CARTESIAN_POINT('',(44.149506837,259.769052267,7.839879952));
#6110=DIRECTION('',(-0.004757219,0.925401546,0.37895824));
#6111=DIRECTION('',(0.,-0.378962528,0.925412017));
#6112=AXIS2_PLACEMENT_3D('',#6109,#6110,#6111);
#6113=PLANE('',#6112);
#6114=POLY_LOOP('',(#6108,#852,#5313));
#6115=FACE_OUTER_BOUND('',#6114,.T.);
#6116=FACE_SURFACE('',(#6115),#6113,.T.);
#6117=CARTESIAN_POINT('',(203.490018845,258.051902056,9.759816341));
#6118=CARTESIAN_POINT('',(210.819289088,261.50277257,9.596612304));
#6119=CARTESIAN_POINT('',(203.490018845,258.051902056,9.759816341));
#6120=DIRECTION('',(-0.308967054,0.687302208,0.657384997));
#6121=DIRECTION('',(0.,-0.691203699,0.72265998));
#6122=AXIS2_PLACEMENT_3D('',#6119,#6120,#6121);
#6123=PLANE('',#6122);
#6124=POLY_LOOP('',(#6117,#6118,#852));
#6125=FACE_OUTER_BOUND('',#6124,.T.);
#6126=FACE_SURFACE('',(#6125),#6123,.T.);
#6127=CARTESIAN_POINT('',(205.695569515,253.68347764,12.27337867));
#6128=CARTESIAN_POINT('',(216.322496533,261.326700449,11.958230287));
#6129=CARTESIAN_POINT('',(205.695569515,253.68347764,12.27337867));
#6130=DIRECTION('',(-0.329980828,0.492014204,0.805626884));
#6131=DIRECTION('',(0.,0.853429489,-0.521208315));
#6132=AXIS2_PLACEMENT_3D('',#6129,#6130,#6131);
#6133=PLANE('',#6132);
#6134=POLY_LOOP('',(#6127,#6128,#6118));
#6135=FACE_OUTER_BOUND('',#6134,.T.);
#6136=FACE_SURFACE('',(#6135),#6133,.T.);
#6137=CARTESIAN_POINT('',(17.216408625,336.862057447,4.656618927));
#6138=DIRECTION('',(0.899982773,-0.104499429,-0.423214931));
#6139=DIRECTION('',(0.425544812,0.,0.904937353));
#6140=AXIS2_PLACEMENT_3D('',#6137,#6138,#6139);
#6141=PLANE('',#6140);
#6142=POLY_LOOP('',(#1691,#5488,#5487));
#6143=FACE_OUTER_BOUND('',#6142,.T.);
#6144=FACE_SURFACE('',(#6143),#6141,.T.);
#6145=CARTESIAN_POINT('',(18.343267962,446.841955185,-8.272888139));
#6146=CARTESIAN_POINT('',(18.343267962,446.841955185,-8.272888139));
#6147=DIRECTION('',(-0.706648959,0.633729343,-0.314697265));
#6148=DIRECTION('',(-0.667651308,-0.744474131,-0.));
#6149=AXIS2_PLACEMENT_3D('',#6146,#6147,#6148);
#6150=PLANE('',#6149);
#6151=POLY_LOOP('',(#6145,#5770,#5902));
#6152=FACE_OUTER_BOUND('',#6151,.T.);
#6153=FACE_SURFACE('',(#6152),#6150,.T.);
#6154=CARTESIAN_POINT('',(32.434649765,451.956391335,-12.173969299));
#6155=CARTESIAN_POINT('',(18.343267962,446.841955185,-8.272888139));
#6156=DIRECTION('',(-0.396798279,0.512332054,-0.761621292));
#6157=DIRECTION('',(-0.,-0.829737933,-0.558153171));
#6158=AXIS2_PLACEMENT_3D('',#6155,#6156,#6157);
#6159=PLANE('',#6158);
#6160=POLY_LOOP('',(#6145,#5902,#6154));
#6161=FACE_OUTER_BOUND('',#6160,.T.);
#6162=FACE_SURFACE('',(#6161),#6159,.T.);
#6163=CARTESIAN_POINT('',(102.477312088,195.946767926,9.783800691));
#6164=CARTESIAN_POINT('',(102.477312088,195.946767926,9.783800691));
#6165=DIRECTION('',(0.005368229,0.54302244,-0.839701025));
#6166=DIRECTION('',(-0.,-0.839713124,-0.543030265));
#6167=AXIS2_PLACEMENT_3D('',#6164,#6165,#6166);
#6168=PLANE('',#6167);
#6169=POLY_LOOP('',(#6163,#4762,#4764));
#6170=FACE_OUTER_BOUND('',#6169,.T.);
#6171=FACE_SURFACE('',(#6170),#6168,.T.);
#6172=CARTESIAN_POINT('',(203.091979027,237.600520253,-2.602266381));
#6173=DIRECTION('',(0.157572872,-0.984883832,0.07193489));
#6174=DIRECTION('',(-0.987441968,-0.157982151,0.));
#6175=AXIS2_PLACEMENT_3D('',#6172,#6173,#6174);
#6176=PLANE('',#6175);
#6177=POLY_LOOP('',(#5912,#1262,#1581));
#6178=FACE_OUTER_BOUND('',#6177,.T.);
#6179=FACE_SURFACE('',(#6178),#6176,.T.);
#6180=CARTESIAN_POINT('',(24.887053296,310.943096876,-12.51522731));
#6181=DIRECTION('',(0.040310133,0.021903114,-0.998947119));
#6182=DIRECTION('',(-0.999186826,0.,-0.040319806));
#6183=AXIS2_PLACEMENT_3D('',#6180,#6181,#6182);
#6184=PLANE('',#6183);
#6185=POLY_LOOP('',(#317,#319,#2952));
#6186=FACE_OUTER_BOUND('',#6185,.T.);
#6187=FACE_SURFACE('',(#6186),#6184,.T.);
#6188=CARTESIAN_POINT('',(227.076530457,353.03747654,4.349494353));
#6189=CARTESIAN_POINT('',(228.087753057,358.487516642,7.494219579));
#6190=DIRECTION('',(-0.573265795,0.486704633,-0.659154708));
#6191=DIRECTION('',(-0.75455576,0.,0.656235937));
#6192=AXIS2_PLACEMENT_3D('',#6189,#6190,#6191);
#6193=PLANE('',#6192);
#6194=POLY_LOOP('',(#3482,#6188,#206));
#6195=FACE_OUTER_BOUND('',#6194,.T.);
#6196=FACE_SURFACE('',(#6195),#6193,.T.);
#6197=CARTESIAN_POINT('',(234.183937311,371.94365263,-5.663538817));
#6198=DIRECTION('',(-0.613753414,0.057129799,0.787428049));
#6199=DIRECTION('',(0.788716212,-0.,0.614757461));
#6200=AXIS2_PLACEMENT_3D('',#6197,#6198,#6199);
#6201=PLANE('',#6200);
#6202=POLY_LOOP('',(#1188,#1187,#5929));
#6203=FACE_OUTER_BOUND('',#6202,.T.);
#6204=FACE_SURFACE('',(#6203),#6201,.T.);
#6205=CARTESIAN_POINT('',(205.557540059,296.834677458,-10.349444114));
#6206=CARTESIAN_POINT('',(205.557540059,296.834677458,-10.349444114));
#6207=DIRECTION('',(-0.001511937,-0.035487994,0.999368959));
#6208=DIRECTION('',(0.,0.999370101,0.035488035));
#6209=AXIS2_PLACEMENT_3D('',#6206,#6207,#6208);
#6210=PLANE('',#6209);
#6211=POLY_LOOP('',(#6205,#2452,#5946));
#6212=FACE_OUTER_BOUND('',#6211,.T.);
#6213=FACE_SURFACE('',(#6212),#6210,.T.);
#6214=CARTESIAN_POINT('',(216.248288751,272.880136967,8.44355952));
#6215=CARTESIAN_POINT('',(216.248288751,272.880136967,8.44355952));
#6216=DIRECTION('',(-0.851131935,-0.169464808,0.496846162));
#6217=DIRECTION('',(-0.504137892,-0.,-0.863623174));
#6218=AXIS2_PLACEMENT_3D('',#6215,#6216,#6217);
#6219=PLANE('',#6218);
#6220=POLY_LOOP('',(#6214,#1593,#4811));
#6221=FACE_OUTER_BOUND('',#6220,.T.);
#6222=FACE_SURFACE('',(#6221),#6219,.T.);
#6223=CARTESIAN_POINT('',(227.076530457,353.03747654,4.349494353));
#6224=DIRECTION('',(-0.654015117,0.72494944,-0.216130832));
#6225=DIRECTION('',(0.742498837,0.669847353,-0.));
#6226=AXIS2_PLACEMENT_3D('',#6223,#6224,#6225);
#6227=PLANE('',#6226);
#6228=POLY_LOOP('',(#6188,#4515,#206));
#6229=FACE_OUTER_BOUND('',#6228,.T.);
#6230=FACE_SURFACE('',(#6229),#6227,.T.);
#6231=CARTESIAN_POINT('',(77.522821724,460.173219442,6.13644952));
#6232=CARTESIAN_POINT('',(40.240477771,458.412259817,8.918480016));
#6233=DIRECTION('',(0.000031071,0.844767153,0.535134054));
#6234=DIRECTION('',(-0.,-0.535134054,0.844767154));
#6235=AXIS2_PLACEMENT_3D('',#6232,#6233,#6234);
#6236=PLANE('',#6235);
#6237=POLY_LOOP('',(#722,#6231,#5715));
#6238=FACE_OUTER_BOUND('',#6237,.T.);
#6239=FACE_SURFACE('',(#6238),#6236,.T.);
#6240=CARTESIAN_POINT('',(209.324970841,248.311683536,-12.507251464));
#6241=DIRECTION('',(0.197249491,-0.519661251,-0.831291058));
#6242=DIRECTION('',(0.,-0.847950466,0.530075472));
#6243=AXIS2_PLACEMENT_3D('',#6240,#6241,#6242);
#6244=PLANE('',#6243);
#6245=POLY_LOOP('',(#2076,#6005,#5996));
#6246=FACE_OUTER_BOUND('',#6245,.T.);
#6247=FACE_SURFACE('',(#6246),#6244,.T.);
#6248=CARTESIAN_POINT('',(86.488477886,461.300104856,1.480256091));
#6249=CARTESIAN_POINT('',(83.983667195,458.852857351,5.483114161));
#6250=DIRECTION('',(0.466969792,-0.853882727,-0.229833641));
#6251=DIRECTION('',(-0.877369982,-0.479814458,0.));
#6252=AXIS2_PLACEMENT_3D('',#6249,#6250,#6251);
#6253=PLANE('',#6252);
#6254=POLY_LOOP('',(#6031,#6248,#267));
#6255=FACE_OUTER_BOUND('',#6254,.T.);
#6256=FACE_SURFACE('',(#6255),#6253,.T.);
#6257=CARTESIAN_POINT('',(202.275291085,359.631448984,5.368154962));
#6258=DIRECTION('',(0.001968022,-0.682567469,-0.730819935));
#6259=DIRECTION('',(0.,-0.73082135,0.682568791));
#6260=AXIS2_PLACEMENT_3D('',#6257,#6258,#6259);
#6261=PLANE('',#6260);
#6262=POLY_LOOP('',(#5180,#2610,#226));
#6263=FACE_OUTER_BOUND('',#6262,.T.);
#6264=FACE_SURFACE('',(#6263),#6261,.T.);
#6265=CARTESIAN_POINT('',(8.191934787,424.559295177,4.552732222));
#6266=CARTESIAN_POINT('',(8.191934787,424.559295177,4.552732222));
#6267=DIRECTION('',(-0.91017986,0.188129687,0.369025533));
#6268=DIRECTION('',(-0.375734576,0.,-0.926727321));
#6269=AXIS2_PLACEMENT_3D('',#6266,#6267,#6268);
#6270=PLANE('',#6269);
#6271=POLY_LOOP('',(#6265,#1337,#5769));
#6272=FACE_OUTER_BOUND('',#6271,.T.);
#6273=FACE_SURFACE('',(#6272),#6270,.T.);
#6274=CARTESIAN_POINT('',(7.620999124,420.206516981,-1.675049891));
#6275=CARTESIAN_POINT('',(9.856793098,423.852980137,-7.912081666));
#6276=CARTESIAN_POINT('',(7.620999124,420.206516981,-1.675049891));
#6277=DIRECTION('',(-0.951127696,0.067938221,-0.301231646));
#6278=DIRECTION('',(0.301929245,0.,-0.953330337));
#6279=AXIS2_PLACEMENT_3D('',#6276,#6277,#6278);
#6280=PLANE('',#6279);
#6281=POLY_LOOP('',(#6274,#5769,#6275));
#6282=FACE_OUTER_BOUND('',#6281,.T.);
#6283=FACE_SURFACE('',(#6282),#6280,.T.);
#6284=CARTESIAN_POINT('',(44.071160257,411.95461154,-2.662496176));
#6285=CARTESIAN_POINT('',(43.219983578,409.414559603,-8.383980952));
#6286=DIRECTION('',(-0.004345517,0.914210224,-0.405216957));
#6287=DIRECTION('',(0.,0.405220783,0.914218856));
#6288=AXIS2_PLACEMENT_3D('',#6285,#6286,#6287);
#6289=PLANE('',#6288);
#6290=POLY_LOOP('',(#3438,#6284,#1216));
#6291=FACE_OUTER_BOUND('',#6290,.T.);
#6292=FACE_SURFACE('',(#6291),#6289,.T.);
#6293=CARTESIAN_POINT('',(38.158152252,414.40436244,0.750329171));
#6294=DIRECTION('',(0.130827208,0.898759928,-0.418467244));
#6295=DIRECTION('',(0.,0.422095072,0.90655157));
#6296=AXIS2_PLACEMENT_3D('',#6293,#6294,#6295);
#6297=PLANE('',#6296);
#6298=POLY_LOOP('',(#3437,#6284,#3438));
#6299=FACE_OUTER_BOUND('',#6298,.T.);
#6300=FACE_SURFACE('',(#6299),#6297,.T.);
#6301=CARTESIAN_POINT('',(216.248288751,272.880136967,8.44355952));
#6302=DIRECTION('',(-0.786433684,-0.009578854,0.617600442));
#6303=DIRECTION('',(-0.617628778,0.,-0.786469766));
#6304=AXIS2_PLACEMENT_3D('',#6301,#6302,#6303);
#6305=PLANE('',#6304);
#6306=POLY_LOOP('',(#6214,#4811,#3139));
#6307=FACE_OUTER_BOUND('',#6306,.T.);
#6308=FACE_SURFACE('',(#6307),#6305,.T.);
#6309=CARTESIAN_POINT('',(132.330462337,189.270943403,-11.157637462));
#6310=CARTESIAN_POINT('',(136.40999794,175.120711327,-12.357030995));
#6311=CARTESIAN_POINT('',(119.011946023,195.091322064,-12.515286915));
#6312=DIRECTION('',(0.155750026,0.127924923,-0.979477995));
#6313=DIRECTION('',(-0.987592197,-0.,-0.157040291));
#6314=AXIS2_PLACEMENT_3D('',#6311,#6312,#6313);
#6315=PLANE('',#6314);
#6316=POLY_LOOP('',(#1037,#6309,#6310));
#6317=FACE_OUTER_BOUND('',#6316,.T.);
#6318=FACE_SURFACE('',(#6317),#6315,.T.);
#6319=CARTESIAN_POINT('',(140.180930495,178.335681558,-9.854068048));
#6320=CARTESIAN_POINT('',(132.330462337,189.270943403,-11.157637462));
#6321=DIRECTION('',(0.626163707,0.367555651,-0.68762043));
#6322=DIRECTION('',(-0.739375591,0.,-0.673293202));
#6323=AXIS2_PLACEMENT_3D('',#6320,#6321,#6322);
#6324=PLANE('',#6323);
#6325=POLY_LOOP('',(#6309,#2694,#6319));
#6326=FACE_OUTER_BOUND('',#6325,.T.);
#6327=FACE_SURFACE('',(#6326),#6324,.T.);
#6328=CARTESIAN_POINT('',(232.809409499,359.736382961,-7.036384661));
#6329=CARTESIAN_POINT('',(227.301552892,359.988391399,-11.306012049));
#6330=DIRECTION('',(0.599884248,-0.162363569,-0.783439187));
#6331=DIRECTION('',(-0.793974432,0.,-0.607951151));
#6332=AXIS2_PLACEMENT_3D('',#6329,#6330,#6331);
#6333=PLANE('',#6332);
#6334=POLY_LOOP('',(#990,#2470,#6328));
#6335=FACE_OUTER_BOUND('',#6334,.T.);
#6336=FACE_SURFACE('',(#6335),#6333,.T.);
#6337=CARTESIAN_POINT('',(236.611098051,371.739327908,-5.473745521));
#6338=CARTESIAN_POINT('',(233.060643077,376.413822174,-10.300323367));
#6339=DIRECTION('',(0.843550507,0.09491472,-0.528596007));
#6340=DIRECTION('',(0.530993225,-0.,0.847376065));
#6341=AXIS2_PLACEMENT_3D('',#6338,#6339,#6340);
#6342=PLANE('',#6341);
#6343=POLY_LOOP('',(#2470,#691,#6337));
#6344=FACE_OUTER_BOUND('',#6343,.T.);
#6345=FACE_SURFACE('',(#6344),#6342,.T.);
#6346=CARTESIAN_POINT('',(216.487154365,398.664563894,10.183867067));
#6347=CARTESIAN_POINT('',(220.649451017,386.235773563,10.526319966));
#6348=CARTESIAN_POINT('',(216.487154365,398.664563894,10.183867067));
#6349=DIRECTION('',(-0.099213916,-0.060592275,-0.993219601));
#6350=DIRECTION('',(-0.995047902,-0.,0.099396547));
#6351=AXIS2_PLACEMENT_3D('',#6348,#6349,#6350);
#6352=PLANE('',#6351);
#6353=POLY_LOOP('',(#6346,#895,#6347));
#6354=FACE_OUTER_BOUND('',#6353,.T.);
#6355=FACE_SURFACE('',(#6354),#6352,.T.);
#6356=CARTESIAN_POINT('',(70.286378264,436.671257019,-0.52928651));
#6357=DIRECTION('',(-0.000819982,-0.99611799,0.088024306));
#6358=DIRECTION('',(0.,-0.088024336,-0.996118324));
#6359=AXIS2_PLACEMENT_3D('',#6356,#6357,#6358);
#6360=PLANE('',#6359);
#6361=POLY_LOOP('',(#5582,#5842,#5581));
#6362=FACE_OUTER_BOUND('',#6361,.T.);
#6363=FACE_SURFACE('',(#6362),#6360,.T.);
#6364=CARTESIAN_POINT('',(32.866075635,258.204966784,3.507982008));
#6365=CARTESIAN_POINT('',(44.149506837,259.769052267,7.839879952));
#6366=DIRECTION('',(-0.264063575,0.892549499,0.365548656));
#6367=DIRECTION('',(0.,-0.379001199,0.925396181));
#6368=AXIS2_PLACEMENT_3D('',#6365,#6366,#6367);
#6369=PLANE('',#6368);
#6370=POLY_LOOP('',(#6108,#5313,#6364));
#6371=FACE_OUTER_BOUND('',#6370,.T.);
#6372=FACE_SURFACE('',(#6371),#6369,.T.);
#6373=CARTESIAN_POINT('',(44.149506837,259.769052267,7.839879952));
#6374=DIRECTION('',(0.000400484,0.761660713,0.647975924));
#6375=DIRECTION('',(-0.,-0.647975976,0.761660774));
#6376=AXIS2_PLACEMENT_3D('',#6373,#6374,#6375);
#6377=PLANE('',#6376);
#6378=POLY_LOOP('',(#6108,#6117,#852));
#6379=FACE_OUTER_BOUND('',#6378,.T.);
#6380=FACE_SURFACE('',(#6379),#6377,.T.);
#6381=CARTESIAN_POINT('',(205.695569515,253.68347764,12.27337867));
#6382=DIRECTION('',(-0.178614641,0.421406997,0.889107953));
#6383=DIRECTION('',(0.,0.903639279,-0.428294353));
#6384=AXIS2_PLACEMENT_3D('',#6381,#6382,#6383);
#6385=PLANE('',#6384);
#6386=POLY_LOOP('',(#6127,#6118,#6117));
#6387=FACE_OUTER_BOUND('',#6386,.T.);
#6388=FACE_SURFACE('',(#6387),#6385,.T.);
#6389=CARTESIAN_POINT('',(15.961673111,325.043946505,-5.61206229));
#6390=CARTESIAN_POINT('',(14.286857098,329.970121384,0.128559113));
#6391=DIRECTION('',(0.962780493,0.012706538,0.269985677));
#6392=DIRECTION('',(-0.270007475,-0.,0.962858226));
#6393=AXIS2_PLACEMENT_3D('',#6390,#6391,#6392);
#6394=PLANE('',#6393);
#6395=POLY_LOOP('',(#5487,#1611,#6389));
#6396=FACE_OUTER_BOUND('',#6395,.T.);
#6397=FACE_SURFACE('',(#6396),#6394,.T.);
#6398=CARTESIAN_POINT('',(18.511638045,333.78854394,-8.070492186));
#6399=CARTESIAN_POINT('',(18.428146839,342.020571232,-2.385454718));
#6400=DIRECTION('',(0.904161093,-0.236508936,0.355747439));
#6401=DIRECTION('',(-0.366134939,-0.,0.930561769));
#6402=AXIS2_PLACEMENT_3D('',#6399,#6400,#6401);
#6403=PLANE('',#6402);
#6404=POLY_LOOP('',(#300,#5487,#6398));
#6405=FACE_OUTER_BOUND('',#6404,.T.);
#6406=FACE_SURFACE('',(#6405),#6403,.T.);
#6407=CARTESIAN_POINT('',(24.817746133,455.16744256,-6.04559714));
#6408=DIRECTION('',(-0.544246429,0.832192069,-0.106076314));
#6409=DIRECTION('',(0.836913945,0.547334495,-0.));
#6410=AXIS2_PLACEMENT_3D('',#6407,#6408,#6409);
#6411=PLANE('',#6410);
#6412=POLY_LOOP('',(#5902,#480,#5507));
#6413=FACE_OUTER_BOUND('',#6412,.T.);
#6414=FACE_SURFACE('',(#6413),#6411,.T.);
#6415=CARTESIAN_POINT('',(32.434649765,451.956391335,-12.173969299));
#6416=DIRECTION('',(-0.282922686,0.658978146,-0.696923638));
#6417=DIRECTION('',(0.,-0.726610988,-0.687049105));
#6418=AXIS2_PLACEMENT_3D('',#6415,#6416,#6417);
#6419=PLANE('',#6418);
#6420=POLY_LOOP('',(#6154,#5902,#5609));
#6421=FACE_OUTER_BOUND('',#6420,.T.);
#6422=FACE_SURFACE('',(#6421),#6419,.T.);
#6423=CARTESIAN_POINT('',(107.954181731,209.09191668,-1.595434966));
#6424=CARTESIAN_POINT('',(109.09999907,207.238793373,0.644693617));
#6425=CARTESIAN_POINT('',(107.800886035,209.29518342,1.395927859));
#6426=CARTESIAN_POINT('',(107.954181731,209.09191668,-1.595434966));
#6427=DIRECTION('',(-0.846592781,-0.532192177,-0.007221478));
#6428=DIRECTION('',(0.532206054,-0.846614857,0.));
#6429=AXIS2_PLACEMENT_3D('',#6426,#6427,#6428);
#6430=PLANE('',#6429);
#6431=POLY_LOOP('',(#6423,#6424,#6425));
#6432=FACE_OUTER_BOUND('',#6431,.T.);
#6433=FACE_SURFACE('',(#6432),#6430,.T.);
#6434=CARTESIAN_POINT('',(37.78533265,402.667313814,-10.551629588));
#6435=CARTESIAN_POINT('',(203.349933028,397.435218096,-10.243842378));
#6436=DIRECTION('',(0.002974765,0.152274037,0.988333834));
#6437=DIRECTION('',(0.,0.988338208,-0.152274711));
#6438=AXIS2_PLACEMENT_3D('',#6435,#6436,#6437);
#6439=PLANE('',#6438);
#6440=POLY_LOOP('',(#4972,#1495,#6434));
#6441=FACE_OUTER_BOUND('',#6440,.T.);
#6442=FACE_SURFACE('',(#6441),#6439,.T.);
#6443=CARTESIAN_POINT('',(47.371882945,237.486049533,2.662251005));
#6444=CARTESIAN_POINT('',(203.091979027,237.600520253,-2.602266381));
#6445=DIRECTION('',(0.003215638,-0.997295121,0.073430931));
#6446=DIRECTION('',(0.,-0.07343131,-0.997300277));
#6447=AXIS2_PLACEMENT_3D('',#6444,#6445,#6446);
#6448=PLANE('',#6447);
#6449=POLY_LOOP('',(#5912,#1581,#6443));
#6450=FACE_OUTER_BOUND('',#6449,.T.);
#6451=FACE_SURFACE('',(#6450),#6448,.T.);
#6452=CARTESIAN_POINT('',(32.871898264,309.157460928,-10.367711075));
#6453=CARTESIAN_POINT('',(44.795844704,308.428645134,-6.95228437));
#6454=DIRECTION('',(-0.254526954,-0.596267345,0.761368034));
#6455=DIRECTION('',(0.,0.787297129,0.616573783));
#6456=AXIS2_PLACEMENT_3D('',#6453,#6454,#6455);
#6457=PLANE('',#6456);
#6458=POLY_LOOP('',(#5413,#6452,#5946));
#6459=FACE_OUTER_BOUND('',#6458,.T.);
#6460=FACE_SURFACE('',(#6459),#6457,.T.);
#6461=CARTESIAN_POINT('',(99.721215665,189.467862248,-1.791480114));
#6462=CARTESIAN_POINT('',(46.9693169,190.352797508,-4.744804464));
#6463=CARTESIAN_POINT('',(41.852351278,189.93422389,1.437582425));
#6464=DIRECTION('',(0.012371443,0.996897404,0.077733602));
#6465=DIRECTION('',(0.,-0.077739552,0.996973702));
#6466=AXIS2_PLACEMENT_3D('',#6463,#6464,#6465);
#6467=PLANE('',#6466);
#6468=POLY_LOOP('',(#5971,#6461,#6462));
#6469=FACE_OUTER_BOUND('',#6468,.T.);
#6470=FACE_SURFACE('',(#6469),#6467,.T.);
#6471=CARTESIAN_POINT('',(213.247731328,250.754624605,-10.633076541));
#6472=DIRECTION('',(-0.323215735,0.427756923,0.844130087));
#6473=DIRECTION('',(0.,0.892008361,-0.452018898));
#6474=AXIS2_PLACEMENT_3D('',#6471,#6472,#6473);
#6475=PLANE('',#6474);
#6476=POLY_LOOP('',(#4607,#3502,#3501));
#6477=FACE_OUTER_BOUND('',#6476,.T.);
#6478=FACE_SURFACE('',(#6477),#6475,.T.);
#6479=CARTESIAN_POINT('',(79.13454622,438.84986639,-3.730743192));
#6480=CARTESIAN_POINT('',(77.56857574,438.817858696,2.755476395));
#6481=DIRECTION('',(-0.130066712,0.991150754,-0.026511002));
#6482=DIRECTION('',(0.991499245,0.130112444,0.));
#6483=AXIS2_PLACEMENT_3D('',#6480,#6481,#6482);
#6484=PLANE('',#6483);
#6485=POLY_LOOP('',(#3535,#533,#6479));
#6486=FACE_OUTER_BOUND('',#6485,.T.);
#6487=FACE_SURFACE('',(#6486),#6484,.T.);
#6488=CARTESIAN_POINT('',(216.248288751,272.880136967,8.44355952));
#6489=DIRECTION('',(-0.744678016,0.481301374,0.462389056));
#6490=DIRECTION('',(-0.542814683,-0.839852499,0.));
#6491=AXIS2_PLACEMENT_3D('',#6488,#6489,#6490);
#6492=PLANE('',#6491);
#6493=POLY_LOOP('',(#6214,#3139,#853));
#6494=FACE_OUTER_BOUND('',#6493,.T.);
#6495=FACE_SURFACE('',(#6494),#6492,.T.);
#6496=CARTESIAN_POINT('',(203.832164407,306.506663561,-11.264864355));
#6497=DIRECTION('',(0.179608318,0.33800156,-0.923848363));
#6498=DIRECTION('',(0.,-0.939120144,-0.343588933));
#6499=AXIS2_PLACEMENT_3D('',#6496,#6497,#6498);
#6500=PLANE('',#6499);
#6501=POLY_LOOP('',(#2175,#3103,#3771));
#6502=FACE_OUTER_BOUND('',#6501,.T.);
#6503=FACE_SURFACE('',(#6502),#6500,.T.);
#6504=CARTESIAN_POINT('',(143.520414829,166.929379106,-6.521590054));
#6505=DIRECTION('',(-0.919181044,-0.181190989,0.349679901));
#6506=DIRECTION('',(-0.355565243,-0.,-0.934651463));
#6507=AXIS2_PLACEMENT_3D('',#6504,#6505,#6506);
#6508=PLANE('',#6507);
#6509=POLY_LOOP('',(#1877,#379,#2561));
#6510=FACE_OUTER_BOUND('',#6509,.T.);
#6511=FACE_SURFACE('',(#6510),#6508,.T.);
#6512=CARTESIAN_POINT('',(45.970790088,241.843849421,-9.947450832));
#6513=DIRECTION('',(0.004052698,-0.454822198,-0.890573042));
#6514=DIRECTION('',(0.,-0.890580356,0.454825933));
#6515=AXIS2_PLACEMENT_3D('',#6512,#6513,#6514);
#6516=PLANE('',#6515);
#6517=POLY_LOOP('',(#2340,#2076,#5996));
#6518=FACE_OUTER_BOUND('',#6517,.T.);
#6519=FACE_SURFACE('',(#6518),#6516,.T.);
#6520=CARTESIAN_POINT('',(8.191934787,424.559295177,4.552732222));
#6521=DIRECTION('',(-0.996852447,0.021624472,0.076273073));
#6522=DIRECTION('',(-0.076290913,0.,-0.997085601));
#6523=AXIS2_PLACEMENT_3D('',#6520,#6521,#6522);
#6524=PLANE('',#6523);
#6525=POLY_LOOP('',(#6265,#5769,#6274));
#6526=FACE_OUTER_BOUND('',#6525,.T.);
#6527=FACE_SURFACE('',(#6526),#6524,.T.);
#6528=CARTESIAN_POINT('',(9.856793098,423.852980137,-7.912081666));
#6529=DIRECTION('',(-0.905728394,0.157895708,-0.393351016));
#6530=DIRECTION('',(0.398347975,0.,-0.917234371));
#6531=AXIS2_PLACEMENT_3D('',#6528,#6529,#6530);
#6532=PLANE('',#6531);
#6533=POLY_LOOP('',(#6275,#5769,#5771));
#6534=FACE_OUTER_BOUND('',#6533,.T.);
#6535=FACE_SURFACE('',(#6534),#6532,.T.);
#6536=CARTESIAN_POINT('',(203.088194132,406.861364841,-10.788006708));
#6537=DIRECTION('',(0.003861172,0.802962394,-0.596017185));
#6538=DIRECTION('',(-0.,0.596021628,0.80296838));
#6539=AXIS2_PLACEMENT_3D('',#6536,#6537,#6538);
#6540=PLANE('',#6539);
#6541=POLY_LOOP('',(#1215,#3438,#1216));
#6542=FACE_OUTER_BOUND('',#6541,.T.);
#6543=FACE_SURFACE('',(#6542),#6540,.T.);
#6544=CARTESIAN_POINT('',(35.490386188,404.391497374,-12.103850953));
#6545=DIRECTION('',(-0.002512245,0.597624745,-0.801772008));
#6546=DIRECTION('',(0.,-0.801774538,-0.597626631));
#6547=AXIS2_PLACEMENT_3D('',#6544,#6545,#6546);
#6548=PLANE('',#6547);
#6549=POLY_LOOP('',(#3905,#3438,#1215));
#6550=FACE_OUTER_BOUND('',#6549,.T.);
#6551=FACE_SURFACE('',(#6550),#6548,.T.);
#6552=CARTESIAN_POINT('',(24.835288525,251.847743988,5.052074324));
#6553=CARTESIAN_POINT('',(24.835288525,251.847743988,5.052074324));
#6554=DIRECTION('',(-0.599502708,0.789401598,0.132066726));
#6555=DIRECTION('',(0.796377203,0.604800257,0.));
#6556=AXIS2_PLACEMENT_3D('',#6553,#6554,#6555);
#6557=PLANE('',#6556);
#6558=POLY_LOOP('',(#6552,#6364,#3733));
#6559=FACE_OUTER_BOUND('',#6558,.T.);
#6560=FACE_SURFACE('',(#6559),#6557,.T.);
#6561=CARTESIAN_POINT('',(213.098630309,305.544286966,-9.815438651));
#6562=DIRECTION('',(0.36914465,0.751290843,-0.547077962));
#6563=DIRECTION('',(0.,0.588653402,0.808385535));
#6564=AXIS2_PLACEMENT_3D('',#6561,#6562,#6563);
#6565=PLANE('',#6564);
#6566=POLY_LOOP('',(#3103,#3104,#3772));
#6567=FACE_OUTER_BOUND('',#6566,.T.);
#6568=FACE_SURFACE('',(#6567),#6565,.T.);
#6569=CARTESIAN_POINT('',(129.377841949,199.331745505,-6.123680621));
#6570=CARTESIAN_POINT('',(132.330462337,189.270943403,-11.157637462));
#6571=DIRECTION('',(0.571457254,0.495150201,-0.654417975));
#6572=DIRECTION('',(-0.75323712,0.,-0.657749072));
#6573=AXIS2_PLACEMENT_3D('',#6570,#6571,#6572);
#6574=PLANE('',#6573);
#6575=POLY_LOOP('',(#6309,#6569,#2694));
#6576=FACE_OUTER_BOUND('',#6575,.T.);
#6577=FACE_SURFACE('',(#6576),#6574,.T.);
#6578=CARTESIAN_POINT('',(233.060643077,376.413822174,-10.300323367));
#6579=DIRECTION('',(0.726371385,-0.142529987,-0.672361372));
#6580=DIRECTION('',(0.679296662,0.,0.733863779));
#6581=AXIS2_PLACEMENT_3D('',#6578,#6579,#6580);
#6582=PLANE('',#6581);
#6583=POLY_LOOP('',(#2470,#6337,#6328));
#6584=FACE_OUTER_BOUND('',#6583,.T.);
#6585=FACE_SURFACE('',(#6584),#6582,.T.);
#6586=CARTESIAN_POINT('',(123.190231621,164.561510086,4.335177597));
#6587=CARTESIAN_POINT('',(124.343365431,169.721037149,7.595876232));
#6588=DIRECTION('',(-0.831766205,-0.151595349,0.534026058));
#6589=DIRECTION('',(-0.540270155,0.,-0.841491628));
#6590=AXIS2_PLACEMENT_3D('',#6587,#6588,#6589);
#6591=PLANE('',#6590);
#6592=POLY_LOOP('',(#4164,#432,#6586));
#6593=FACE_OUTER_BOUND('',#6592,.T.);
#6594=FACE_SURFACE('',(#6593),#6591,.T.);
#6595=CARTESIAN_POINT('',(130.898341537,200.369670987,0.937643694));
#6596=DIRECTION('',(0.695234783,0.601319123,0.393781549));
#6597=DIRECTION('',(-0.654173707,0.75634434,0.));
#6598=AXIS2_PLACEMENT_3D('',#6595,#6596,#6597);
#6599=PLANE('',#6598);
#6600=POLY_LOOP('',(#2695,#5295,#668));
#6601=FACE_OUTER_BOUND('',#6600,.T.);
#6602=FACE_SURFACE('',(#6601),#6599,.T.);
#6603=CARTESIAN_POINT('',(114.739246666,460.220754147,8.61169491));
#6604=CARTESIAN_POINT('',(120.542384684,464.780688286,3.865228035));
#6605=CARTESIAN_POINT('',(120.807424188,477.317750454,9.824033827));
#6606=CARTESIAN_POINT('',(114.739246666,460.220754147,8.61169491));
#6607=DIRECTION('',(0.734766767,-0.303793921,0.60648747));
#6608=DIRECTION('',(-0.636573348,0.,0.771216165));
#6609=AXIS2_PLACEMENT_3D('',#6606,#6607,#6608);
#6610=PLANE('',#6609);
#6611=POLY_LOOP('',(#6603,#6604,#6605));
#6612=FACE_OUTER_BOUND('',#6611,.T.);
#6613=FACE_SURFACE('',(#6612),#6610,.T.);
#6614=CARTESIAN_POINT('',(125.874593854,143.999993801,8.87206383));
#6615=CARTESIAN_POINT('',(127.894282341,169.561713934,10.610580444));
#6616=DIRECTION('',(-0.647221013,-0.000707699,0.762302079));
#6617=DIRECTION('',(0.76230227,0.,0.647221175));
#6618=AXIS2_PLACEMENT_3D('',#6615,#6616,#6617);
#6619=PLANE('',#6618);
#6620=POLY_LOOP('',(#4163,#4164,#6614));
#6621=FACE_OUTER_BOUND('',#6620,.T.);
#6622=FACE_SURFACE('',(#6621),#6619,.T.);
#6623=CARTESIAN_POINT('',(33.977564424,255.789190531,8.091363125));
#6624=CARTESIAN_POINT('',(33.977564424,255.789190531,8.091363125));
#6625=DIRECTION('',(-0.477590671,0.724155109,0.497500281));
#6626=DIRECTION('',(0.,-0.566253368,0.824231232));
#6627=AXIS2_PLACEMENT_3D('',#6624,#6625,#6626);
#6628=PLANE('',#6627);
#6629=POLY_LOOP('',(#6623,#6364,#6552));
#6630=FACE_OUTER_BOUND('',#6629,.T.);
#6631=FACE_SURFACE('',(#6630),#6628,.T.);
#6632=CARTESIAN_POINT('',(33.977564424,255.789190531,8.091363125));
#6633=DIRECTION('',(-0.304595745,0.810151753,0.500874805));
#6634=DIRECTION('',(0.,-0.525862904,0.850569342));
#6635=AXIS2_PLACEMENT_3D('',#6632,#6633,#6634);
#6636=PLANE('',#6635);
#6637=POLY_LOOP('',(#6623,#6108,#6364));
#6638=FACE_OUTER_BOUND('',#6637,.T.);
#6639=FACE_SURFACE('',(#6638),#6636,.T.);
#6640=CARTESIAN_POINT('',(18.428146839,342.020571232,-2.385454718));
#6641=DIRECTION('',(0.936249905,-0.340123046,-0.088047877));
#6642=DIRECTION('',(0.341449151,0.939900249,-0.));
#6643=AXIS2_PLACEMENT_3D('',#6640,#6641,#6642);
#6644=PLANE('',#6643);
#6645=POLY_LOOP('',(#300,#1691,#5487));
#6646=FACE_OUTER_BOUND('',#6645,.T.);
#6647=FACE_SURFACE('',(#6646),#6644,.T.);
#6648=CARTESIAN_POINT('',(24.817746133,455.16744256,-6.04559714));
#6649=DIRECTION('',(-0.303340841,0.876189091,-0.374535727));
#6650=DIRECTION('',(0.,0.393055677,0.919514674));
#6651=AXIS2_PLACEMENT_3D('',#6648,#6649,#6650);
#6652=PLANE('',#6651);
#6653=POLY_LOOP('',(#5902,#5507,#5609));
#6654=FACE_OUTER_BOUND('',#6653,.T.);
#6655=FACE_SURFACE('',(#6654),#6652,.T.);
#6656=CARTESIAN_POINT('',(234.067961574,289.724767208,4.369207658));
#6657=DIRECTION('',(0.710408896,0.418558619,0.565798448));
#6658=DIRECTION('',(-0.62299583,0.,0.782225157));
#6659=AXIS2_PLACEMENT_3D('',#6656,#6657,#6658);
#6660=PLANE('',#6659);
#6661=POLY_LOOP('',(#504,#503,#5759));
#6662=FACE_OUTER_BOUND('',#6661,.T.);
#6663=FACE_SURFACE('',(#6662),#6660,.T.);
#6664=CARTESIAN_POINT('',(35.731960088,433.205932379,2.909699688));
#6665=DIRECTION('',(0.493404741,-0.86971743,0.011973026));
#6666=DIRECTION('',(-0.869779775,-0.49344011,0.));
#6667=AXIS2_PLACEMENT_3D('',#6664,#6665,#6666);
#6668=PLANE('',#6667);
#6669=POLY_LOOP('',(#5620,#5629,#5618));
#6670=FACE_OUTER_BOUND('',#6669,.T.);
#6671=FACE_SURFACE('',(#6670),#6668,.T.);
#6672=CARTESIAN_POINT('',(29.441870749,455.023407936,-5.2922084));
#6673=DIRECTION('',(0.530157619,-0.81733495,0.225602478));
#6674=DIRECTION('',(-0.838963908,-0.544187065,0.));
#6675=AXIS2_PLACEMENT_3D('',#6672,#6673,#6674);
#6676=PLANE('',#6675);
#6677=POLY_LOOP('',(#5478,#2021,#2020));
#6678=FACE_OUTER_BOUND('',#6677,.T.);
#6679=FACE_SURFACE('',(#6678),#6676,.T.);
#6680=CARTESIAN_POINT('',(26.399677619,402.532100677,-10.138109326));
#6681=CARTESIAN_POINT('',(45.130334795,394.388139248,-9.584081359));
#6682=CARTESIAN_POINT('',(26.399677619,402.532100677,-10.138109326));
#6683=DIRECTION('',(0.034177214,0.145867181,0.988713651));
#6684=DIRECTION('',(-0.,0.989291607,-0.145952448));
#6685=AXIS2_PLACEMENT_3D('',#6682,#6683,#6684);
#6686=PLANE('',#6685);
#6687=POLY_LOOP('',(#6680,#6681,#6434));
#6688=FACE_OUTER_BOUND('',#6687,.T.);
#6689=FACE_SURFACE('',(#6688),#6686,.T.);
#6690=CARTESIAN_POINT('',(206.784293056,303.123831749,-10.124257766));
#6691=DIRECTION('',(-0.004439502,-0.553482877,0.832848723));
#6692=DIRECTION('',(0.,0.832856931,0.553488331));
#6693=AXIS2_PLACEMENT_3D('',#6690,#6691,#6692);
#6694=PLANE('',#6693);
#6695=POLY_LOOP('',(#2452,#2272,#5946));
#6696=FACE_OUTER_BOUND('',#6695,.T.);
#6697=FACE_SURFACE('',(#6696),#6694,.T.);
#6698=CARTESIAN_POINT('',(123.78501147,143.999993801,-5.996011198));
#6699=CARTESIAN_POINT('',(123.78501147,143.999993801,-5.996011198));
#6700=DIRECTION('',(-0.67053919,-0.044010077,-0.740567558));
#6701=DIRECTION('',(-0.7412858,0.,0.671189514));
#6702=AXIS2_PLACEMENT_3D('',#6699,#6700,#6701);
#6703=PLANE('',#6702);
#6704=POLY_LOOP('',(#6698,#1412,#1514));
#6705=FACE_OUTER_BOUND('',#6704,.T.);
#6706=FACE_SURFACE('',(#6705),#6703,.T.);
#6707=CARTESIAN_POINT('',(129.791229963,175.340399146,-12.155449018));
#6708=DIRECTION('',(-0.030346858,0.002865412,-0.999535321));
#6709=DIRECTION('',(-0.999539424,0.,0.030346982));
#6710=AXIS2_PLACEMENT_3D('',#6707,#6708,#6709);
#6711=PLANE('',#6710);
#6712=POLY_LOOP('',(#1513,#6310,#1514));
#6713=FACE_OUTER_BOUND('',#6712,.T.);
#6714=FACE_SURFACE('',(#6713),#6711,.T.);
#6715=CARTESIAN_POINT('',(35.27533263,450.260639191,-10.503157973));
#6716=DIRECTION('',(0.244671238,-0.471524435,0.847231192));
#6717=DIRECTION('',(-0.,0.873789051,0.486305146));
#6718=AXIS2_PLACEMENT_3D('',#6715,#6716,#6717);
#6719=PLANE('',#6718);
#6720=POLY_LOOP('',(#3932,#3931,#5168));
#6721=FACE_OUTER_BOUND('',#6720,.T.);
#6722=FACE_SURFACE('',(#6721),#6719,.T.);
#6723=CARTESIAN_POINT('',(91.935940087,449.744492769,-10.636938736));
#6724=CARTESIAN_POINT('',(91.935940087,449.744492769,-10.636938736));
#6725=DIRECTION('',(-0.000121566,-0.263384739,0.964690865));
#6726=DIRECTION('',(-0.,0.964690872,0.263384741));
#6727=AXIS2_PLACEMENT_3D('',#6724,#6725,#6726);
#6728=PLANE('',#6727);
#6729=POLY_LOOP('',(#6723,#3933,#3932));
#6730=FACE_OUTER_BOUND('',#6729,.T.);
#6731=FACE_SURFACE('',(#6730),#6728,.T.);
#6732=CARTESIAN_POINT('',(18.511638045,333.78854394,-8.070492186));
#6733=DIRECTION('',(0.905667218,-0.152920583,0.395451874));
#6734=DIRECTION('',(-0.400158344,0.,0.916446016));
#6735=AXIS2_PLACEMENT_3D('',#6732,#6733,#6734);
#6736=PLANE('',#6735);
#6737=POLY_LOOP('',(#6398,#5487,#6389));
#6738=FACE_OUTER_BOUND('',#6737,.T.);
#6739=FACE_SURFACE('',(#6738),#6736,.T.);
#6740=CARTESIAN_POINT('',(14.286857098,329.970121384,0.128559113));
#6741=DIRECTION('',(0.988074032,0.059589753,0.141981578));
#6742=DIRECTION('',(-0.142234335,-0.,0.989833013));
#6743=AXIS2_PLACEMENT_3D('',#6740,#6741,#6742);
#6744=PLANE('',#6743);
#6745=POLY_LOOP('',(#5487,#5489,#1611));
#6746=FACE_OUTER_BOUND('',#6745,.T.);
#6747=FACE_SURFACE('',(#6746),#6744,.T.);
#6748=CARTESIAN_POINT('',(46.430740505,246.795758605,-12.164332904));
#6749=CARTESIAN_POINT('',(46.430740505,246.795758605,-12.164332904));
#6750=DIRECTION('',(0.001882639,-0.408749691,-0.912644589));
#6751=DIRECTION('',(-0.,-0.912646206,0.408750415));
#6752=AXIS2_PLACEMENT_3D('',#6749,#6750,#6751);
#6753=PLANE('',#6752);
#6754=POLY_LOOP('',(#6748,#2076,#2340));
#6755=FACE_OUTER_BOUND('',#6754,.T.);
#6756=FACE_SURFACE('',(#6755),#6753,.T.);
#6757=CARTESIAN_POINT('',(39.912521839,250.786483288,-12.54935842));
#6758=DIRECTION('',(0.00179234,0.105775837,-0.994388385));
#6759=DIRECTION('',(0.,-0.994389982,-0.105776007));
#6760=AXIS2_PLACEMENT_3D('',#6757,#6758,#6759);
#6761=PLANE('',#6760);
#6762=POLY_LOOP('',(#3653,#5441,#2076));
#6763=FACE_OUTER_BOUND('',#6762,.T.);
#6764=FACE_SURFACE('',(#6763),#6761,.T.);
#6765=CARTESIAN_POINT('',(8.016063832,432.800024748,-0.082177634));
#6766=DIRECTION('',(-0.91243416,0.387720947,0.130905962));
#6767=DIRECTION('',(-0.391086328,-0.920353999,0.));
#6768=AXIS2_PLACEMENT_3D('',#6765,#6766,#6767);
#6769=PLANE('',#6768);
#6770=POLY_LOOP('',(#5769,#1347,#5770));
#6771=FACE_OUTER_BOUND('',#6770,.T.);
#6772=FACE_SURFACE('',(#6771),#6769,.T.);
#6773=CARTESIAN_POINT('',(226.917639375,262.230604887,12.366358191));
#6774=CARTESIAN_POINT('',(233.530536294,272.824436426,9.394280612));
#6775=DIRECTION('',(0.458312099,-0.036955307,0.888022706));
#6776=DIRECTION('',(0.888629711,0.,-0.458625377));
#6777=AXIS2_PLACEMENT_3D('',#6774,#6775,#6776);
#6778=PLANE('',#6777);
#6779=POLY_LOOP('',(#4793,#5760,#6773));
#6780=FACE_OUTER_BOUND('',#6779,.T.);
#6781=FACE_SURFACE('',(#6780),#6778,.T.);
#6782=CARTESIAN_POINT('',(233.127087355,261.08288765,6.757748779));
#6783=DIRECTION('',(0.638645608,-0.189416989,0.7458237));
#6784=DIRECTION('',(0.759574476,-0.,-0.650420338));
#6785=AXIS2_PLACEMENT_3D('',#6782,#6783,#6784);
#6786=PLANE('',#6785);
#6787=POLY_LOOP('',(#4773,#4793,#6773));
#6788=FACE_OUTER_BOUND('',#6787,.T.);
#6789=FACE_SURFACE('',(#6788),#6786,.T.);
#6790=CARTESIAN_POINT('',(16.493860632,242.908447981,-1.619473682));
#6791=CARTESIAN_POINT('',(24.835288525,251.847743988,5.052074324));
#6792=DIRECTION('',(-0.774385926,0.616553423,0.142085587));
#6793=DIRECTION('',(-0.622872856,-0.782323082,0.));
#6794=AXIS2_PLACEMENT_3D('',#6791,#6792,#6793);
#6795=PLANE('',#6794);
#6796=POLY_LOOP('',(#6552,#3733,#6790));
#6797=FACE_OUTER_BOUND('',#6796,.T.);
#6798=FACE_SURFACE('',(#6797),#6795,.T.);
#6799=CARTESIAN_POINT('',(138.606607914,177.50659585,9.242079221));
#6800=CARTESIAN_POINT('',(138.606607914,177.50659585,9.242079221));
#6801=DIRECTION('',(-0.257221476,-0.020445558,-0.966136166));
#6802=DIRECTION('',(-0.966338162,-0.,0.257275255));
#6803=AXIS2_PLACEMENT_3D('',#6800,#6801,#6802);
#6804=PLANE('',#6803);
#6805=POLY_LOOP('',(#6799,#237,#2580));
#6806=FACE_OUTER_BOUND('',#6805,.T.);
#6807=FACE_SURFACE('',(#6806),#6804,.T.);
#6808=CARTESIAN_POINT('',(211.274400353,260.901987553,7.864556275));
#6809=CARTESIAN_POINT('',(205.33105731,253.072023392,10.295658372));
#6810=DIRECTION('',(0.357906552,-0.513760298,-0.779713573));
#6811=DIRECTION('',(0.,-0.83502799,0.550207466));
#6812=AXIS2_PLACEMENT_3D('',#6809,#6810,#6811);
#6813=PLANE('',#6812);
#6814=POLY_LOOP('',(#4715,#6808,#4828));
#6815=FACE_OUTER_BOUND('',#6814,.T.);
#6816=FACE_SURFACE('',(#6815),#6813,.T.);
#6817=CARTESIAN_POINT('',(136.40999794,175.120711327,-12.357030995));
#6818=DIRECTION('',(0.420552402,0.196325242,-0.885772023));
#6819=DIRECTION('',(-0.903352315,0.,-0.428899284));
#6820=AXIS2_PLACEMENT_3D('',#6817,#6818,#6819);
#6821=PLANE('',#6820);
#6822=POLY_LOOP('',(#6310,#6309,#6319));
#6823=FACE_OUTER_BOUND('',#6822,.T.);
#6824=FACE_SURFACE('',(#6823),#6821,.T.);
#6825=CARTESIAN_POINT('',(120.519205928,180.497929454,-6.263490301));
#6826=DIRECTION('',(0.832699728,0.396618577,0.386399881));
#6827=DIRECTION('',(-0.430017449,0.902820577,0.));
#6828=AXIS2_PLACEMENT_3D('',#6825,#6826,#6827);
#6829=PLANE('',#6828);
#6830=POLY_LOOP('',(#1652,#3781,#3448));
#6831=FACE_OUTER_BOUND('',#6830,.T.);
#6832=FACE_SURFACE('',(#6831),#6829,.T.);
#6833=CARTESIAN_POINT('',(20.553141832,210.533291101,-7.859028876));
#6834=DIRECTION('',(0.850184098,0.384342618,0.359816274));
#6835=DIRECTION('',(-0.411932552,0.91121434,0.));
#6836=AXIS2_PLACEMENT_3D('',#6833,#6834,#6835);
#6837=PLANE('',#6836);
#6838=POLY_LOOP('',(#1001,#1279,#1552));
#6839=FACE_OUTER_BOUND('',#6838,.T.);
#6840=FACE_SURFACE('',(#6839),#6837,.T.);
#6841=CARTESIAN_POINT('',(124.343365431,169.721037149,7.595876232));
#6842=DIRECTION('',(-0.922945997,-0.035929475,0.383248951));
#6843=DIRECTION('',(-0.383496564,0.,-0.923542303));
#6844=AXIS2_PLACEMENT_3D('',#6841,#6842,#6843);
#6845=PLANE('',#6844);
#6846=POLY_LOOP('',(#4164,#6586,#6614));
#6847=FACE_OUTER_BOUND('',#6846,.T.);
#6848=FACE_SURFACE('',(#6847),#6845,.T.);
#6849=CARTESIAN_POINT('',(36.857459694,412.334024906,-2.258939436));
#6850=CARTESIAN_POINT('',(31.256262213,414.721041918,-6.506827194));
#6851=CARTESIAN_POINT('',(38.303282112,408.072859049,-7.692306302));
#6852=CARTESIAN_POINT('',(36.857459694,412.334024906,-2.258939436));
#6853=DIRECTION('',(-0.595756025,-0.701302274,0.391471428));
#6854=DIRECTION('',(-0.762127466,0.647427004,-0.));
#6855=AXIS2_PLACEMENT_3D('',#6852,#6853,#6854);
#6856=PLANE('',#6855);
#6857=POLY_LOOP('',(#6849,#6850,#6851));
#6858=FACE_OUTER_BOUND('',#6857,.T.);
#6859=FACE_SURFACE('',(#6858),#6856,.T.);
#6860=CARTESIAN_POINT('',(36.857459694,412.334024906,-2.258939436));
#6861=DIRECTION('',(-0.283197863,-0.954113761,-0.097292867));
#6862=DIRECTION('',(-0.958661849,0.284547816,0.));
#6863=AXIS2_PLACEMENT_3D('',#6860,#6861,#6862);
#6864=PLANE('',#6863);
#6865=POLY_LOOP('',(#6849,#3198,#2971));
#6866=FACE_OUTER_BOUND('',#6865,.T.);
#6867=FACE_SURFACE('',(#6866),#6864,.T.);
#6868=CARTESIAN_POINT('',(233.128875494,274.604231119,7.69673381));
#6869=CARTESIAN_POINT('',(227.620780468,257.704019547,7.887683809));
#6870=DIRECTION('',(-0.563064715,0.174386204,-0.807804171));
#6871=DIRECTION('',(-0.820374495,0.,0.571826623));
#6872=AXIS2_PLACEMENT_3D('',#6869,#6870,#6871);
#6873=PLANE('',#6872);
#6874=POLY_LOOP('',(#4423,#4424,#6868));
#6875=FACE_OUTER_BOUND('',#6874,.T.);
#6876=FACE_SURFACE('',(#6875),#6873,.T.);
#6877=CARTESIAN_POINT('',(207.853108644,265.281587839,0.048216698));
#6878=DIRECTION('',(-0.13820518,0.86902246,-0.475078195));
#6879=DIRECTION('',(0.,0.479681401,0.877442735));
#6880=AXIS2_PLACEMENT_3D('',#6877,#6878,#6879);
#6881=PLANE('',#6880);
#6882=POLY_LOOP('',(#3950,#3951,#6048));
#6883=FACE_OUTER_BOUND('',#6882,.T.);
#6884=FACE_SURFACE('',(#6883),#6881,.T.);
#6885=CARTESIAN_POINT('',(113.915629685,182.088091969,4.414002411));
#6886=CARTESIAN_POINT('',(119.038797915,182.84291029,9.808162227));
#6887=DIRECTION('',(-0.449664744,-0.720504601,0.527896522));
#6888=DIRECTION('',(-0.,-0.591018866,-0.806657734));
#6889=AXIS2_PLACEMENT_3D('',#6886,#6887,#6888);
#6890=PLANE('',#6889);
#6891=POLY_LOOP('',(#843,#842,#6885));
#6892=FACE_OUTER_BOUND('',#6891,.T.);
#6893=FACE_SURFACE('',(#6892),#6890,.T.);
#6894=CARTESIAN_POINT('',(104.621209204,209.981188178,-0.519551861));
#6895=CARTESIAN_POINT('',(102.846413851,209.899738431,1.984595088));
#6896=CARTESIAN_POINT('',(102.917850018,208.212256432,-0.279477303));
#6897=CARTESIAN_POINT('',(104.621209204,209.981188178,-0.519551861));
#6898=DIRECTION('',(0.671020292,-0.584180505,0.456579572));
#6899=DIRECTION('',(0.656616772,0.754224379,0.));
#6900=AXIS2_PLACEMENT_3D('',#6897,#6898,#6899);
#6901=PLANE('',#6900);
#6902=POLY_LOOP('',(#6894,#6895,#6896));
#6903=FACE_OUTER_BOUND('',#6902,.T.);
#6904=FACE_SURFACE('',(#6903),#6901,.T.);
#6905=CARTESIAN_POINT('',(228.348597884,373.93245101,10.507818311));
#6906=DIRECTION('',(0.090818401,-0.046913522,-0.994761851));
#6907=DIRECTION('',(-0.995858336,-0.,-0.090918506));
#6908=AXIS2_PLACEMENT_3D('',#6905,#6906,#6907);
#6909=PLANE('',#6908);
#6910=POLY_LOOP('',(#895,#2154,#2816));
#6911=FACE_OUTER_BOUND('',#6910,.T.);
#6912=FACE_SURFACE('',(#6911),#6909,.T.);
#6913=CARTESIAN_POINT('',(37.78533265,402.667313814,-10.551629588));
#6914=DIRECTION('',(0.001873888,0.117715029,0.993045649));
#6915=DIRECTION('',(0.,0.993047392,-0.117715235));
#6916=AXIS2_PLACEMENT_3D('',#6913,#6914,#6915);
#6917=PLANE('',#6916);
#6918=POLY_LOOP('',(#6434,#6681,#4972));
#6919=FACE_OUTER_BOUND('',#6918,.T.);
#6920=FACE_SURFACE('',(#6919),#6917,.T.);
#6921=CARTESIAN_POINT('',(215.479522943,377.306342125,7.961023599));
#6922=DIRECTION('',(-0.818154133,-0.463478804,0.340310464));
#6923=DIRECTION('',(0.492898364,-0.870086894,0.));
#6924=AXIS2_PLACEMENT_3D('',#6921,#6922,#6923);
#6925=PLANE('',#6924);
#6926=POLY_LOOP('',(#1402,#3015,#971));
#6927=FACE_OUTER_BOUND('',#6926,.T.);
#6928=FACE_SURFACE('',(#6927),#6925,.T.);
#6929=CARTESIAN_POINT('',(234.067961574,289.724767208,4.369207658));
#6930=DIRECTION('',(0.797103005,0.235873701,0.555869046));
#6931=DIRECTION('',(-0.572009013,-0.,0.820247334));
#6932=AXIS2_PLACEMENT_3D('',#6929,#6930,#6931);
#6933=PLANE('',#6932);
#6934=POLY_LOOP('',(#504,#5759,#4792));
#6935=FACE_OUTER_BOUND('',#6934,.T.);
#6936=FACE_SURFACE('',(#6935),#6933,.T.);
#6937=CARTESIAN_POINT('',(109.475031495,184.762448072,-2.027138136));
#6938=CARTESIAN_POINT('',(117.175370455,177.706465125,2.373714));
#6939=DIRECTION('',(-0.725834353,-0.647762421,0.231448347));
#6940=DIRECTION('',(0.665841897,-0.746092868,0.));
#6941=AXIS2_PLACEMENT_3D('',#6938,#6939,#6940);
#6942=PLANE('',#6941);
#6943=POLY_LOOP('',(#4281,#6885,#6937));
#6944=FACE_OUTER_BOUND('',#6943,.T.);
#6945=FACE_SURFACE('',(#6944),#6942,.T.);
#6946=CARTESIAN_POINT('',(127.914488316,143.999993801,-7.899179123));
#6947=CARTESIAN_POINT('',(123.78501147,143.999993801,-5.996011198));
#6948=DIRECTION('',(0.000098039,-0.999999973,0.000212725));
#6949=DIRECTION('',(0.,-0.000212725,-0.999999977));
#6950=AXIS2_PLACEMENT_3D('',#6947,#6948,#6949);
#6951=PLANE('',#6950);
#6952=POLY_LOOP('',(#6698,#1514,#6946));
#6953=FACE_OUTER_BOUND('',#6952,.T.);
#6954=FACE_SURFACE('',(#6953),#6951,.T.);
#6955=CARTESIAN_POINT('',(46.0168235,208.496332169,-6.976928562));
#6956=CARTESIAN_POINT('',(43.670695275,211.912319064,-0.499291054));
#6957=DIRECTION('',(-0.483796599,-0.834195014,0.264687608));
#6958=DIRECTION('',(-0.86504762,0.501689761,0.));
#6959=AXIS2_PLACEMENT_3D('',#6956,#6957,#6958);
#6960=PLANE('',#6959);
#6961=POLY_LOOP('',(#76,#78,#6955));
#6962=FACE_OUTER_BOUND('',#6961,.T.);
#6963=FACE_SURFACE('',(#6962),#6960,.T.);
#6964=CARTESIAN_POINT('',(14.254349284,225.046977401,-6.67721685));
#6965=DIRECTION('',(-0.69251203,0.096106835,-0.714975919));
#6966=DIRECTION('',(-0.718300917,0.,0.695732559));
#6967=AXIS2_PLACEMENT_3D('',#6964,#6965,#6966);
#6968=PLANE('',#6967);
#6969=POLY_LOOP('',(#936,#935,#863));
#6970=FACE_OUTER_BOUND('',#6969,.T.);
#6971=FACE_SURFACE('',(#6970),#6968,.T.);
#6972=CARTESIAN_POINT('',(35.327780992,410.369068384,-9.725659154));
#6973=DIRECTION('',(0.433471505,0.343289959,-0.833219334));
#6974=DIRECTION('',(-0.887130736,0.,-0.461518209));
#6975=AXIS2_PLACEMENT_3D('',#6972,#6973,#6974);
#6976=PLANE('',#6975);
#6977=POLY_LOOP('',(#3642,#3905,#4107));
#6978=FACE_OUTER_BOUND('',#6977,.T.);
#6979=FACE_SURFACE('',(#6978),#6976,.T.);
#6980=CARTESIAN_POINT('',(232.571288943,360.707372427,-2.272121375));
#6981=CARTESIAN_POINT('',(232.124105096,360.351294279,3.000197699));
#6982=CARTESIAN_POINT('',(235.934942961,372.082829475,0.092172508));
#6983=DIRECTION('',(-0.953652724,0.294664662,-0.060985392));
#6984=DIRECTION('',(-0.295214156,-0.955431108,0.));
#6985=AXIS2_PLACEMENT_3D('',#6982,#6983,#6984);
#6986=PLANE('',#6985);
#6987=POLY_LOOP('',(#4982,#6980,#6981));
#6988=FACE_OUTER_BOUND('',#6987,.T.);
#6989=FACE_SURFACE('',(#6988),#6986,.T.);
#6990=CARTESIAN_POINT('',(233.376443386,367.96694994,6.147078704));
#6991=DIRECTION('',(-0.941167161,0.249123346,-0.228346081));
#6992=DIRECTION('',(-0.255883789,-0.96670755,-0.));
#6993=AXIS2_PLACEMENT_3D('',#6990,#6991,#6992);
#6994=PLANE('',#6993);
#6995=POLY_LOOP('',(#2153,#4982,#6981));
#6996=FACE_OUTER_BOUND('',#6995,.T.);
#6997=FACE_SURFACE('',(#6996),#6994,.T.);
#6998=CARTESIAN_POINT('',(139.182269573,186.066910625,3.443913301));
#6999=CARTESIAN_POINT('',(142.800837755,179.375484586,-1.963991672));
#7000=DIRECTION('',(-0.856600858,-0.51238271,0.06081882));
#7001=DIRECTION('',(0.513332981,-0.858189519,-0.));
#7002=AXIS2_PLACEMENT_3D('',#6999,#7000,#7001);
#7003=PLANE('',#7002);
#7004=POLY_LOOP('',(#2561,#6998,#1422));
#7005=FACE_OUTER_BOUND('',#7004,.T.);
#7006=FACE_SURFACE('',(#7005),#7003,.T.);
#7007=CARTESIAN_POINT('',(39.912521839,250.786483288,-12.54935842));
#7008=DIRECTION('',(-0.001183503,-0.097949165,-0.995190716));
#7009=DIRECTION('',(0.,-0.995191413,0.097949233));
#7010=AXIS2_PLACEMENT_3D('',#7007,#7008,#7009);
#7011=PLANE('',#7010);
#7012=POLY_LOOP('',(#3653,#2076,#6748));
#7013=FACE_OUTER_BOUND('',#7012,.T.);
#7014=FACE_SURFACE('',(#7013),#7011,.T.);
#7015=CARTESIAN_POINT('',(42.858883739,256.503731012,-10.619475506));
#7016=DIRECTION('',(-0.004108183,0.32172227,-0.946825171));
#7017=DIRECTION('',(0.,-0.946833161,-0.321724985));
#7018=AXIS2_PLACEMENT_3D('',#7015,#7016,#7017);
#7019=PLANE('',#7018);
#7020=POLY_LOOP('',(#3652,#5441,#3653));
#7021=FACE_OUTER_BOUND('',#7020,.T.);
#7022=FACE_SURFACE('',(#7021),#7019,.T.);
#7023=CARTESIAN_POINT('',(210.710972548,248.080208898,12.234253809));
#7024=CARTESIAN_POINT('',(222.142741084,251.62166357,10.535831563));
#7025=DIRECTION('',(0.220594895,-0.261423329,0.939678528));
#7026=DIRECTION('',(0.,0.963411676,0.268026011));
#7027=AXIS2_PLACEMENT_3D('',#7024,#7025,#7026);
#7028=PLANE('',#7027);
#7029=POLY_LOOP('',(#421,#6773,#7023));
#7030=FACE_OUTER_BOUND('',#7029,.T.);
#7031=FACE_SURFACE('',(#7030),#7028,.T.);
#7032=CARTESIAN_POINT('',(228.016227484,251.721858978,5.932560191));
#7033=DIRECTION('',(0.573822065,-0.383159431,0.723821171));
#7034=DIRECTION('',(0.783625746,0.,-0.621233201));
#7035=AXIS2_PLACEMENT_3D('',#7032,#7033,#7034);
#7036=PLANE('',#7035);
#7037=POLY_LOOP('',(#5332,#6773,#421));
#7038=FACE_OUTER_BOUND('',#7037,.T.);
#7039=FACE_SURFACE('',(#7038),#7036,.T.);
#7040=CARTESIAN_POINT('',(14.189720154,235.009983182,3.479183419));
#7041=DIRECTION('',(-0.963056679,0.268621484,-0.019087485));
#7042=DIRECTION('',(-0.268670431,-0.963232163,-0.));
#7043=AXIS2_PLACEMENT_3D('',#7040,#7041,#7042);
#7044=PLANE('',#7043);
#7045=POLY_LOOP('',(#3514,#6790,#934));
#7046=FACE_OUTER_BOUND('',#7045,.T.);
#7047=FACE_SURFACE('',(#7046),#7044,.T.);
#7048=CARTESIAN_POINT('',(144.06901598,171.046227217,5.131386686));
#7049=DIRECTION('',(-0.624150226,-0.030987118,-0.780689627));
#7050=DIRECTION('',(-0.781064707,0.,0.624450097));
#7051=AXIS2_PLACEMENT_3D('',#7048,#7049,#7050);
#7052=PLANE('',#7051);
#7053=POLY_LOOP('',(#238,#237,#6799));
#7054=FACE_OUTER_BOUND('',#7053,.T.);
#7055=FACE_SURFACE('',(#7054),#7052,.T.);
#7056=CARTESIAN_POINT('',(123.846933246,202.762067318,2.132870257));
#7057=DIRECTION('',(-0.548367459,-0.656388973,-0.518118371));
#7058=DIRECTION('',(-0.767429118,0.641133799,0.));
#7059=AXIS2_PLACEMENT_3D('',#7056,#7057,#7058);
#7060=PLANE('',#7059);
#7061=POLY_LOOP('',(#1858,#1770,#1772));
#7062=FACE_OUTER_BOUND('',#7061,.T.);
#7063=FACE_SURFACE('',(#7062),#7060,.T.);
#7064=CARTESIAN_POINT('',(46.097029001,202.462643385,12.589906342));
#7065=DIRECTION('',(-0.001865913,-0.102212896,0.994760797));
#7066=DIRECTION('',(0.,0.994762528,0.102213074));
#7067=AXIS2_PLACEMENT_3D('',#7064,#7065,#7066);
#7068=PLANE('',#7067);
#7069=POLY_LOOP('',(#4246,#1432,#904));
#7070=FACE_OUTER_BOUND('',#7069,.T.);
#7071=FACE_SURFACE('',(#7070),#7068,.T.);
#7072=CARTESIAN_POINT('',(32.30240941,417.326509953,-2.488386817));
#7073=CARTESIAN_POINT('',(36.857459694,412.334024906,-2.258939436));
#7074=DIRECTION('',(-0.639025588,-0.558739678,0.528636237));
#7075=DIRECTION('',(0.65823253,-0.752814676,-0.));
#7076=AXIS2_PLACEMENT_3D('',#7073,#7074,#7075);
#7077=PLANE('',#7076);
#7078=POLY_LOOP('',(#6849,#7072,#6850));
#7079=FACE_OUTER_BOUND('',#7078,.T.);
#7080=FACE_SURFACE('',(#7079),#7077,.T.);
#7081=CARTESIAN_POINT('',(119.038797915,182.84291029,9.808162227));
#7082=DIRECTION('',(-0.507612038,-0.644103623,0.572241681));
#7083=DIRECTION('',(0.,-0.664172632,-0.747579236));
#7084=AXIS2_PLACEMENT_3D('',#7081,#7082,#7083);
#7085=PLANE('',#7084);
#7086=POLY_LOOP('',(#843,#6885,#4281));
#7087=FACE_OUTER_BOUND('',#7086,.T.);
#7088=FACE_SURFACE('',(#7087),#7085,.T.);
#7089=CARTESIAN_POINT('',(44.819522649,406.814396381,-7.840701379));
#7090=CARTESIAN_POINT('',(38.303282112,408.072859049,-7.692306302));
#7091=DIRECTION('',(-0.14051841,-0.796880215,0.587568293));
#7092=DIRECTION('',(0.,-0.59345653,-0.804866043));
#7093=AXIS2_PLACEMENT_3D('',#7090,#7091,#7092);
#7094=PLANE('',#7093);
#7095=POLY_LOOP('',(#6851,#7089,#6849));
#7096=FACE_OUTER_BOUND('',#7095,.T.);
#7097=FACE_SURFACE('',(#7096),#7094,.T.);
#7098=CARTESIAN_POINT('',(13.172589242,224.126040936,5.094169639));
#7099=CARTESIAN_POINT('',(13.172589242,224.126040936,5.094169639));
#7100=DIRECTION('',(-0.972879861,0.120238972,0.197604066));
#7101=DIRECTION('',(-0.199048165,0.,-0.979989708));
#7102=AXIS2_PLACEMENT_3D('',#7099,#7100,#7101);
#7103=PLANE('',#7102);
#7104=POLY_LOOP('',(#7098,#3514,#934));
#7105=FACE_OUTER_BOUND('',#7104,.T.);
#7106=FACE_SURFACE('',(#7105),#7103,.T.);
#7107=CARTESIAN_POINT('',(233.584791422,265.64309001,4.34954185));
#7108=CARTESIAN_POINT('',(233.584791422,265.64309001,4.34954185));
#7109=DIRECTION('',(-0.697095773,0.219484561,-0.682556965));
#7110=DIRECTION('',(0.699616431,0.,-0.714518614));
#7111=AXIS2_PLACEMENT_3D('',#7108,#7109,#7110);
#7112=PLANE('',#7111);
#7113=POLY_LOOP('',(#7107,#4423,#6868));
#7114=FACE_OUTER_BOUND('',#7113,.T.);
#7115=FACE_SURFACE('',(#7114),#7112,.T.);
#7116=CARTESIAN_POINT('',(215.718775988,371.934145689,5.666105542));
#7117=CARTESIAN_POINT('',(215.957760811,366.560965776,7.864592597));
#7118=CARTESIAN_POINT('',(215.718775988,371.934145689,5.666105542));
#7119=DIRECTION('',(0.612350001,-0.275902838,-0.740881299));
#7120=DIRECTION('',(-0.770799472,0.,-0.63707784));
#7121=AXIS2_PLACEMENT_3D('',#7118,#7119,#7120);
#7122=PLANE('',#7121);
#7123=POLY_LOOP('',(#7116,#2815,#7117));
#7124=FACE_OUTER_BOUND('',#7123,.T.);
#7125=FACE_SURFACE('',(#7124),#7122,.T.);
#7126=CARTESIAN_POINT('',(30.507974327,424.202591181,-1.7481799));
#7127=DIRECTION('',(-0.863165,-0.279250542,0.420672459));
#7128=DIRECTION('',(-0.438100868,-0.,-0.89892582));
#7129=AXIS2_PLACEMENT_3D('',#7126,#7127,#7128);
#7130=PLANE('',#7129);
#7131=POLY_LOOP('',(#4182,#4181,#6850));
#7132=FACE_OUTER_BOUND('',#7131,.T.);
#7133=FACE_SURFACE('',(#7132),#7130,.T.);
#7134=CARTESIAN_POINT('',(84.126092494,457.751244307,9.899100289));
#7135=DIRECTION('',(0.000594645,0.841334814,0.540513994));
#7136=DIRECTION('',(0.,-0.540514089,0.841334962));
#7137=AXIS2_PLACEMENT_3D('',#7134,#7135,#7136);
#7138=PLANE('',#7137);
#7139=POLY_LOOP('',(#2591,#6231,#722));
#7140=FACE_OUTER_BOUND('',#7139,.T.);
#7141=FACE_SURFACE('',(#7140),#7138,.T.);
#7142=CARTESIAN_POINT('',(18.852878362,414.421200752,-10.443861596));
#7143=CARTESIAN_POINT('',(26.399677619,402.532100677,-10.138109326));
#7144=DIRECTION('',(0.035680009,0.048319056,0.998194473));
#7145=DIRECTION('',(0.,0.998830462,-0.048349842));
#7146=AXIS2_PLACEMENT_3D('',#7143,#7144,#7145);
#7147=PLANE('',#7146);
#7148=POLY_LOOP('',(#6680,#6434,#7142));
#7149=FACE_OUTER_BOUND('',#7148,.T.);
#7150=FACE_SURFACE('',(#7149),#7147,.T.);
#7151=CARTESIAN_POINT('',(235.934942961,372.082829475,0.092172508));
#7152=DIRECTION('',(-0.935056691,0.218465215,0.279180827));
#7153=DIRECTION('',(-0.286091441,0.,-0.958202321));
#7154=AXIS2_PLACEMENT_3D('',#7151,#7152,#7153);
#7155=PLANE('',#7154);
#7156=POLY_LOOP('',(#4982,#1188,#6980));
#7157=FACE_OUTER_BOUND('',#7156,.T.);
#7158=FACE_SURFACE('',(#7157),#7155,.T.);
#7159=CARTESIAN_POINT('',(206.949606538,385.623365641,1.196027151));
#7160=DIRECTION('',(-0.191478956,-0.964171703,-0.183599393));
#7161=DIRECTION('',(-0.980844938,0.194790164,0.));
#7162=AXIS2_PLACEMENT_3D('',#7159,#7160,#7161);
#7163=PLANE('',#7162);
#7164=POLY_LOOP('',(#2461,#2647,#2369));
#7165=FACE_OUTER_BOUND('',#7164,.T.);
#7166=FACE_SURFACE('',(#7165),#7163,.T.);
#7167=CARTESIAN_POINT('',(205.274641514,391.407847404,9.574284777));
#7168=DIRECTION('',(-0.39385945,-0.623162851,0.675679506));
#7169=DIRECTION('',(-0.,0.73509689,0.677962066));
#7170=AXIS2_PLACEMENT_3D('',#7167,#7168,#7169);
#7171=PLANE('',#7170);
#7172=POLY_LOOP('',(#3275,#3158,#3015));
#7173=FACE_OUTER_BOUND('',#7172,.T.);
#7174=FACE_SURFACE('',(#7173),#7171,.T.);
#7175=CARTESIAN_POINT('',(44.029805809,205.456227064,9.490648285));
#7176=DIRECTION('',(-0.313559194,-0.617193247,-0.721632267));
#7177=DIRECTION('',(0.,-0.759957969,0.649972219));
#7178=AXIS2_PLACEMENT_3D('',#7175,#7176,#7177);
#7179=PLANE('',#7178);
#7180=POLY_LOOP('',(#4003,#5518,#679));
#7181=FACE_OUTER_BOUND('',#7180,.T.);
#7182=FACE_SURFACE('',(#7181),#7179,.T.);
#7183=CARTESIAN_POINT('',(110.394187272,185.378223658,-5.80781186));
#7184=CARTESIAN_POINT('',(109.475031495,184.762448072,-2.027138136));
#7185=DIRECTION('',(-0.564915745,-0.781560441,-0.26463839));
#7186=DIRECTION('',(-0.810455011,0.585800883,0.));
#7187=AXIS2_PLACEMENT_3D('',#7184,#7185,#7186);
#7188=PLANE('',#7187);
#7189=POLY_LOOP('',(#6937,#7183,#4281));
#7190=FACE_OUTER_BOUND('',#7189,.T.);
#7191=FACE_SURFACE('',(#7190),#7188,.T.);
#7192=CARTESIAN_POINT('',(112.336337566,466.015934944,12.371375225));
#7193=CARTESIAN_POINT('',(112.336337566,466.015934944,12.371375225));
#7194=DIRECTION('',(0.579717782,-0.260503069,0.772052747));
#7195=DIRECTION('',(0.799662685,0.,-0.60044949));
#7196=AXIS2_PLACEMENT_3D('',#7193,#7194,#7195);
#7197=PLANE('',#7196);
#7198=POLY_LOOP('',(#7192,#6603,#6605));
#7199=FACE_OUTER_BOUND('',#7198,.T.);
#7200=FACE_SURFACE('',(#7199),#7197,.T.);
#7201=CARTESIAN_POINT('',(219.613552094,303.91189456,8.570400067));
#7202=CARTESIAN_POINT('',(216.733247042,298.026740551,12.530858628));
#7203=CARTESIAN_POINT('',(219.613552094,303.91189456,8.570400067));
#7204=DIRECTION('',(0.409620904,0.362797247,0.837011871));
#7205=DIRECTION('',(0.898208524,0.,-0.439569616));
#7206=AXIS2_PLACEMENT_3D('',#7203,#7204,#7205);
#7207=PLANE('',#7206);
#7208=POLY_LOOP('',(#7201,#7202,#5759));
#7209=FACE_OUTER_BOUND('',#7208,.T.);
#7210=FACE_SURFACE('',(#7209),#7207,.T.);
#7211=CARTESIAN_POINT('',(203.088194132,406.861364841,-10.788006708));
#7212=DIRECTION('',(0.003917777,0.249990223,-0.968240435));
#7213=DIRECTION('',(-0.,-0.968247866,-0.249992141));
#7214=AXIS2_PLACEMENT_3D('',#7211,#7212,#7213);
#7215=PLANE('',#7214);
#7216=POLY_LOOP('',(#1215,#2714,#3905));
#7217=FACE_OUTER_BOUND('',#7216,.T.);
#7218=FACE_SURFACE('',(#7217),#7215,.T.);
#7219=CARTESIAN_POINT('',(22.688649595,198.740288615,1.303733676));
#7220=DIRECTION('',(-0.679651782,-0.701552353,-0.214237606));
#7221=DIRECTION('',(-0.718228486,0.695807331,-0.));
#7222=AXIS2_PLACEMENT_3D('',#7219,#7220,#7221);
#7223=PLANE('',#7222);
#7224=POLY_LOOP('',(#4588,#4452,#4734));
#7225=FACE_OUTER_BOUND('',#7224,.T.);
#7226=FACE_SURFACE('',(#7225),#7223,.T.);
#7227=CARTESIAN_POINT('',(22.688649595,198.740288615,1.303733676));
#7228=DIRECTION('',(-0.818123751,-0.571398613,-0.064630905));
#7229=DIRECTION('',(0.572595774,-0.819837837,0.));
#7230=AXIS2_PLACEMENT_3D('',#7227,#7228,#7229);
#7231=PLANE('',#7230);
#7232=POLY_LOOP('',(#4588,#4291,#4452));
#7233=FACE_OUTER_BOUND('',#7232,.T.);
#7234=FACE_SURFACE('',(#7233),#7231,.T.);
#7235=CARTESIAN_POINT('',(120.855689049,172.588095069,2.977564698));
#7236=DIRECTION('',(-0.801634703,-0.588686134,-0.104069398));
#7237=DIRECTION('',(0.591900129,-0.806011313,0.));
#7238=AXIS2_PLACEMENT_3D('',#7235,#7236,#7237);
#7239=PLANE('',#7238);
#7240=POLY_LOOP('',(#432,#4281,#433));
#7241=FACE_OUTER_BOUND('',#7240,.T.);
#7242=FACE_SURFACE('',(#7241),#7239,.T.);
#7243=CARTESIAN_POINT('',(220.815464854,404.106140137,0.665659434));
#7244=DIRECTION('',(-0.688120795,-0.69912962,0.194184312));
#7245=DIRECTION('',(-0.712695739,0.701473295,0.));
#7246=AXIS2_PLACEMENT_3D('',#7243,#7244,#7245);
#7247=PLANE('',#7246);
#7248=POLY_LOOP('',(#1664,#4361,#1665));
#7249=FACE_OUTER_BOUND('',#7248,.T.);
#7250=FACE_SURFACE('',(#7249),#7247,.T.);
#7251=CARTESIAN_POINT('',(139.182269573,186.066910625,3.443913301));
#7252=DIRECTION('',(-0.921192442,-0.323916665,-0.215597956));
#7253=DIRECTION('',(0.331717935,-0.943378615,0.));
#7254=AXIS2_PLACEMENT_3D('',#7251,#7252,#7253);
#7255=PLANE('',#7254);
#7256=POLY_LOOP('',(#6998,#2561,#238));
#7257=FACE_OUTER_BOUND('',#7256,.T.);
#7258=FACE_SURFACE('',(#7257),#7255,.T.);
#7259=CARTESIAN_POINT('',(226.917639375,262.230604887,12.366358191));
#7260=DIRECTION('',(-0.037911077,-0.006805777,0.99925794));
#7261=DIRECTION('',(0.999281083,0.,0.037911955));
#7262=AXIS2_PLACEMENT_3D('',#7259,#7260,#7261);
#7263=PLANE('',#7262);
#7264=POLY_LOOP('',(#6773,#5760,#6128));
#7265=FACE_OUTER_BOUND('',#7264,.T.);
#7266=FACE_SURFACE('',(#7265),#7263,.T.);
#7267=CARTESIAN_POINT('',(228.016227484,251.721858978,5.932560191));
#7268=DIRECTION('',(0.580237292,-0.380281423,0.720215748));
#7269=DIRECTION('',(0.778720369,0.,-0.627371172));
#7270=AXIS2_PLACEMENT_3D('',#7267,#7268,#7269);
#7271=PLANE('',#7270);
#7272=POLY_LOOP('',(#5332,#4773,#6773));
#7273=FACE_OUTER_BOUND('',#7272,.T.);
#7274=FACE_SURFACE('',(#7273),#7271,.T.);
#7275=CARTESIAN_POINT('',(232.571288943,360.707372427,-2.272121375));
#7276=DIRECTION('',(-0.741214131,0.450357542,0.497774744));
#7277=DIRECTION('',(-0.557513236,-0.,-0.83016805));
#7278=AXIS2_PLACEMENT_3D('',#7275,#7276,#7277);
#7279=PLANE('',#7278);
#7280=POLY_LOOP('',(#6980,#5929,#3762));
#7281=FACE_OUTER_BOUND('',#7280,.T.);
#7282=FACE_SURFACE('',(#7281),#7279,.T.);
#7283=CARTESIAN_POINT('',(220.815464854,345.893859863,-0.665659434));
#7284=DIRECTION('',(-0.463338127,0.797676422,0.386044176));
#7285=DIRECTION('',(0.864708359,0.502274281,0.));
#7286=AXIS2_PLACEMENT_3D('',#7283,#7284,#7285);
#7287=PLANE('',#7286);
#7288=POLY_LOOP('',(#4515,#3762,#207));
#7289=FACE_OUTER_BOUND('',#7288,.T.);
#7290=FACE_SURFACE('',(#7289),#7287,.T.);
#7291=CARTESIAN_POINT('',(96.599139273,469.241678715,-6.695682649));
#7292=DIRECTION('',(-0.597373275,0.548532013,-0.585028034));
#7293=DIRECTION('',(0.69968587,0.,-0.714450616));
#7294=AXIS2_PLACEMENT_3D('',#7291,#7292,#7293);
#7295=PLANE('',#7294);
#7296=POLY_LOOP('',(#3189,#2301,#3187));
#7297=FACE_OUTER_BOUND('',#7296,.T.);
#7298=FACE_SURFACE('',(#7297),#7295,.T.);
#7299=CARTESIAN_POINT('',(123.846933246,202.762067318,2.132870257));
#7300=DIRECTION('',(0.211593903,-0.480571359,-0.851045939));
#7301=DIRECTION('',(0.,-0.870762017,0.491704697));
#7302=AXIS2_PLACEMENT_3D('',#7299,#7300,#7301);
#7303=PLANE('',#7302);
#7304=POLY_LOOP('',(#1858,#5750,#409));
#7305=FACE_OUTER_BOUND('',#7304,.T.);
#7306=FACE_SURFACE('',(#7305),#7303,.T.);
#7307=CARTESIAN_POINT('',(116.439007223,206.513985991,-1.827593544));
#7308=DIRECTION('',(-0.515369388,-0.840365898,0.16786766));
#7309=DIRECTION('',(-0.852462737,0.52278799,0.));
#7310=AXIS2_PLACEMENT_3D('',#7307,#7308,#7309);
#7311=PLANE('',#7310);
#7312=POLY_LOOP('',(#409,#1857,#1858));
#7313=FACE_OUTER_BOUND('',#7312,.T.);
#7314=FACE_SURFACE('',(#7313),#7311,.T.);
#7315=CARTESIAN_POINT('',(14.189720154,235.009983182,3.479183419));
#7316=DIRECTION('',(-0.879026661,0.411673829,0.240492802));
#7317=DIRECTION('',(-0.424121401,-0.905605343,0.));
#7318=AXIS2_PLACEMENT_3D('',#7315,#7316,#7317);
#7319=PLANE('',#7318);
#7320=POLY_LOOP('',(#3514,#3513,#6790));
#7321=FACE_OUTER_BOUND('',#7320,.T.);
#7322=FACE_SURFACE('',(#7321),#7319,.T.);
#7323=CARTESIAN_POINT('',(16.065746546,215.470030904,2.924791537));
#7324=CARTESIAN_POINT('',(16.065746546,215.470030904,2.924791537));
#7325=DIRECTION('',(0.865079667,0.40742755,-0.292643062));
#7326=DIRECTION('',(-0.426080613,0.9046852,0.));
#7327=AXIS2_PLACEMENT_3D('',#7324,#7325,#7326);
#7328=PLANE('',#7327);
#7329=POLY_LOOP('',(#7323,#1553,#1552));
#7330=FACE_OUTER_BOUND('',#7329,.T.);
#7331=FACE_SURFACE('',(#7330),#7328,.T.);
#7332=CARTESIAN_POINT('',(12.130942196,227.244406939,-1.931731123));
#7333=DIRECTION('',(-0.918722156,0.261786422,-0.295664455));
#7334=DIRECTION('',(0.30634809,-0.,-0.95191956));
#7335=AXIS2_PLACEMENT_3D('',#7332,#7333,#7334);
#7336=PLANE('',#7335);
#7337=POLY_LOOP('',(#934,#6790,#935));
#7338=FACE_OUTER_BOUND('',#7337,.T.);
#7339=FACE_SURFACE('',(#7338),#7336,.T.);
#7340=CARTESIAN_POINT('',(13.172589242,224.126040936,5.094169639));
#7341=DIRECTION('',(-0.989052306,-0.11080654,0.097454845));
#7342=DIRECTION('',(0.111336507,-0.993782764,0.));
#7343=AXIS2_PLACEMENT_3D('',#7340,#7341,#7342);
#7344=PLANE('',#7343);
#7345=POLY_LOOP('',(#7098,#934,#4451));
#7346=FACE_OUTER_BOUND('',#7345,.T.);
#7347=FACE_SURFACE('',(#7346),#7344,.T.);
#7348=CARTESIAN_POINT('',(16.291212291,234.133780003,8.0693122));
#7349=DIRECTION('',(-0.888326147,0.147542629,0.434865301));
#7350=DIRECTION('',(-0.439677262,-0.,-0.898155836));
#7351=AXIS2_PLACEMENT_3D('',#7348,#7349,#7350);
#7352=PLANE('',#7351);
#7353=POLY_LOOP('',(#3512,#3514,#7098));
#7354=FACE_OUTER_BOUND('',#7353,.T.);
#7355=FACE_SURFACE('',(#7354),#7352,.T.);
#7356=CARTESIAN_POINT('',(235.857382417,274.999976158,-0.000000477));
#7357=DIRECTION('',(-0.938778403,-0.073545031,-0.336580211));
#7358=DIRECTION('',(0.33749418,0.,-0.941327615));
#7359=AXIS2_PLACEMENT_3D('',#7356,#7357,#7358);
#7360=PLANE('',#7359);
#7361=POLY_LOOP('',(#1451,#6868,#1708));
#7362=FACE_OUTER_BOUND('',#7361,.T.);
#7363=FACE_SURFACE('',(#7362),#7360,.T.);
#7364=CARTESIAN_POINT('',(217.222228646,377.409398556,7.40444893));
#7365=CARTESIAN_POINT('',(217.222228646,377.409398556,7.40444893));
#7366=DIRECTION('',(0.627251643,0.073913803,-0.775301313));
#7367=DIRECTION('',(-0.777427863,0.,-0.628972112));
#7368=AXIS2_PLACEMENT_3D('',#7365,#7366,#7367);
#7369=PLANE('',#7368);
#7370=POLY_LOOP('',(#7364,#2815,#7116));
#7371=FACE_OUTER_BOUND('',#7370,.T.);
#7372=FACE_SURFACE('',(#7371),#7369,.T.);
#7373=CARTESIAN_POINT('',(220.761448145,372.122526169,9.763800539));
#7374=DIRECTION('',(0.560371752,-0.210458719,-0.801055945));
#7375=DIRECTION('',(-0.819408445,-0.,-0.573210084));
#7376=AXIS2_PLACEMENT_3D('',#7373,#7374,#7375);
#7377=PLANE('',#7376);
#7378=POLY_LOOP('',(#2815,#2816,#7117));
#7379=FACE_OUTER_BOUND('',#7378,.T.);
#7380=FACE_SURFACE('',(#7379),#7377,.T.);
#7381=CARTESIAN_POINT('',(228.348597884,373.93245101,10.507818311));
#7382=DIRECTION('',(-0.644924316,0.014995938,-0.764099305));
#7383=DIRECTION('',(-0.764185234,0.,0.644996843));
#7384=AXIS2_PLACEMENT_3D('',#7381,#7382,#7383);
#7385=PLANE('',#7384);
#7386=POLY_LOOP('',(#895,#894,#2153));
#7387=FACE_OUTER_BOUND('',#7386,.T.);
#7388=FACE_SURFACE('',(#7387),#7385,.T.);
#7389=CARTESIAN_POINT('',(114.244200289,186.772033572,-9.441912174));
#7390=DIRECTION('',(-0.153621131,-0.461262873,-0.873863325));
#7391=DIRECTION('',(0.,-0.884360844,0.466803918));
#7392=AXIS2_PLACEMENT_3D('',#7389,#7390,#7391);
#7393=PLANE('',#7392);
#7394=POLY_LOOP('',(#5214,#4907,#5215));
#7395=FACE_OUTER_BOUND('',#7394,.T.);
#7396=FACE_SURFACE('',(#7395),#7393,.T.);
#7397=CARTESIAN_POINT('',(220.061764121,287.616938353,-12.423523702));
#7398=DIRECTION('',(0.056384597,0.022948833,-0.998145344));
#7399=DIRECTION('',(-0.998408284,-0.,-0.056399451));
#7400=AXIS2_PLACEMENT_3D('',#7397,#7398,#7399);
#7401=PLANE('',#7400);
#7402=POLY_LOOP('',(#4632,#4327,#631));
#7403=FACE_OUTER_BOUND('',#7402,.T.);
#7404=FACE_SURFACE('',(#7403),#7401,.T.);
#7405=CARTESIAN_POINT('',(32.927814871,423.873662949,0.745992817));
#7406=CARTESIAN_POINT('',(32.927814871,423.873662949,0.745992817));
#7407=DIRECTION('',(0.923141091,0.260934514,-0.282353865));
#7408=DIRECTION('',(0.292486624,0.,0.956269614));
#7409=AXIS2_PLACEMENT_3D('',#7406,#7407,#7408);
#7410=PLANE('',#7409);
#7411=POLY_LOOP('',(#7405,#2195,#4406));
#7412=FACE_OUTER_BOUND('',#7411,.T.);
#7413=FACE_SURFACE('',(#7412),#7410,.T.);
#7414=CARTESIAN_POINT('',(227.214336395,286.485701799,10.30702237));
#7415=CARTESIAN_POINT('',(227.214336395,286.485701799,10.30702237));
#7416=DIRECTION('',(0.113850043,-0.031620486,-0.992994619));
#7417=DIRECTION('',(-0.993491417,-0.,-0.113907002));
#7418=AXIS2_PLACEMENT_3D('',#7415,#7416,#7417);
#7419=PLANE('',#7418);
#7420=POLY_LOOP('',(#7414,#4828,#2628));
#7421=FACE_OUTER_BOUND('',#7420,.T.);
#7422=FACE_SURFACE('',(#7421),#7419,.T.);
#7423=CARTESIAN_POINT('',(219.613552094,303.91189456,8.570400067));
#7424=DIRECTION('',(0.218053398,0.469172522,0.855762736));
#7425=DIRECTION('',(-0.,0.876862826,-0.480740662));
#7426=AXIS2_PLACEMENT_3D('',#7423,#7424,#7425);
#7427=PLANE('',#7426);
#7428=POLY_LOOP('',(#7201,#3616,#7202));
#7429=FACE_OUTER_BOUND('',#7428,.T.);
#7430=FACE_SURFACE('',(#7429),#7427,.T.);
#7431=CARTESIAN_POINT('',(89.86403048,447.418242693,12.397405691));
#7432=CARTESIAN_POINT('',(88.947676122,441.205233335,8.432914503));
#7433=CARTESIAN_POINT('',(89.86403048,447.418242693,12.397405691));
#7434=DIRECTION('',(0.246840681,-0.546879548,0.799995274));
#7435=DIRECTION('',(0.,0.825540744,0.56434252));
#7436=AXIS2_PLACEMENT_3D('',#7433,#7434,#7435);
#7437=PLANE('',#7436);
#7438=POLY_LOOP('',(#7431,#7432,#2281));
#7439=FACE_OUTER_BOUND('',#7438,.T.);
#7440=FACE_SURFACE('',(#7439),#7437,.T.);
#7441=CARTESIAN_POINT('',(17.462683842,234.891712666,-6.410306785));
#7442=CARTESIAN_POINT('',(24.65784736,241.548851132,-9.476577863));
#7443=DIRECTION('',(0.637776643,-0.381002687,0.669386216));
#7444=DIRECTION('',(0.723994257,0.,-0.689805999));
#7445=AXIS2_PLACEMENT_3D('',#7442,#7443,#7444);
#7446=PLANE('',#7445);
#7447=POLY_LOOP('',(#5780,#5591,#7441));
#7448=FACE_OUTER_BOUND('',#7447,.T.);
#7449=FACE_SURFACE('',(#7448),#7446,.T.);
#7450=CARTESIAN_POINT('',(20.098183304,203.154906631,-4.934529774));
#7451=DIRECTION('',(-0.863655823,-0.384097077,-0.326447631));
#7452=DIRECTION('',(0.406359356,-0.913713343,-0.));
#7453=AXIS2_PLACEMENT_3D('',#7450,#7451,#7452);
#7454=PLANE('',#7453);
#7455=POLY_LOOP('',(#4452,#4451,#3428));
#7456=FACE_OUTER_BOUND('',#7455,.T.);
#7457=FACE_SURFACE('',(#7456),#7454,.T.);
#7458=CARTESIAN_POINT('',(102.647893131,448.185652494,8.977514692));
#7459=DIRECTION('',(0.365398172,-0.759177611,0.538640447));
#7460=DIRECTION('',(-0.,-0.57865358,-0.815573439));
#7461=AXIS2_PLACEMENT_3D('',#7458,#7459,#7460);
#7462=PLANE('',#7461);
#7463=POLY_LOOP('',(#2281,#7432,#1983));
#7464=FACE_OUTER_BOUND('',#7463,.T.);
#7465=FACE_SURFACE('',(#7464),#7462,.T.);
#7466=CARTESIAN_POINT('',(114.739246666,460.220754147,8.61169491));
#7467=DIRECTION('',(0.748606634,-0.502590755,0.432424144));
#7468=DIRECTION('',(0.55739969,0.830244292,0.));
#7469=AXIS2_PLACEMENT_3D('',#7466,#7467,#7468);
#7470=PLANE('',#7469);
#7471=POLY_LOOP('',(#6603,#1984,#6604));
#7472=FACE_OUTER_BOUND('',#7471,.T.);
#7473=FACE_SURFACE('',(#7472),#7470,.T.);
#7474=CARTESIAN_POINT('',(102.647893131,448.185652494,8.977514692));
#7475=DIRECTION('',(0.590154401,-0.575710776,0.56592834));
#7476=DIRECTION('',(0.698293019,0.715812028,0.));
#7477=AXIS2_PLACEMENT_3D('',#7474,#7475,#7476);
#7478=PLANE('',#7477);
#7479=POLY_LOOP('',(#2281,#1984,#6603));
#7480=FACE_OUTER_BOUND('',#7479,.T.);
#7481=FACE_SURFACE('',(#7480),#7478,.T.);
#7482=CARTESIAN_POINT('',(30.501402915,433.798581362,-7.263028994));
#7483=DIRECTION('',(-0.886689717,0.247217711,0.390723365));
#7484=DIRECTION('',(-0.40323995,0.,-0.915094281));
#7485=AXIS2_PLACEMENT_3D('',#7482,#7483,#7484);
#7486=PLANE('',#7485);
#7487=POLY_LOOP('',(#5529,#4181,#4183));
#7488=FACE_OUTER_BOUND('',#7487,.T.);
#7489=FACE_SURFACE('',(#7488),#7486,.T.);
#7490=CARTESIAN_POINT('',(232.124105096,389.648705721,-3.000197699));
#7491=CARTESIAN_POINT('',(232.124105096,389.648705721,-3.000197699));
#7492=DIRECTION('',(-0.776902799,-0.344753936,0.526846054));
#7493=DIRECTION('',(-0.561254852,0.,-0.827643033));
#7494=AXIS2_PLACEMENT_3D('',#7491,#7492,#7493);
#7495=PLANE('',#7494);
#7496=POLY_LOOP('',(#7490,#4361,#1186));
#7497=FACE_OUTER_BOUND('',#7496,.T.);
#7498=FACE_SURFACE('',(#7497),#7495,.T.);
#7499=CARTESIAN_POINT('',(234.183937311,378.05634737,5.663538817));
#7500=DIRECTION('',(-0.933059953,0.057659526,-0.355069717));
#7501=DIRECTION('',(0.355661429,0.,-0.934614866));
#7502=AXIS2_PLACEMENT_3D('',#7499,#7500,#7501);
#7503=PLANE('',#7502);
#7504=POLY_LOOP('',(#894,#4982,#2153));
#7505=FACE_OUTER_BOUND('',#7504,.T.);
#7506=FACE_SURFACE('',(#7505),#7503,.T.);
#7507=CARTESIAN_POINT('',(45.130334795,394.388139248,-9.584081359));
#7508=DIRECTION('',(0.002685558,0.773294065,0.634041858));
#7509=DIRECTION('',(-0.,-0.634044144,0.773296853));
#7510=AXIS2_PLACEMENT_3D('',#7507,#7508,#7509);
#7511=PLANE('',#7510);
#7512=POLY_LOOP('',(#6681,#4697,#4696));
#7513=FACE_OUTER_BOUND('',#7512,.T.);
#7514=FACE_SURFACE('',(#7513),#7511,.T.);
#7515=CARTESIAN_POINT('',(38.443107158,461.778283119,-0.917973171));
#7516=DIRECTION('',(-0.011001672,0.95090785,-0.309278555));
#7517=DIRECTION('',(-0.,0.309297274,0.950965402));
#7518=AXIS2_PLACEMENT_3D('',#7515,#7516,#7517);
#7519=PLANE('',#7518);
#7520=POLY_LOOP('',(#5725,#5608,#5609));
#7521=FACE_OUTER_BOUND('',#7520,.T.);
#7522=FACE_SURFACE('',(#7521),#7519,.T.);
#7523=CARTESIAN_POINT('',(35.992972553,394.333839417,-8.388578892));
#7524=CARTESIAN_POINT('',(45.130334795,394.388139248,-9.584081359));
#7525=DIRECTION('',(0.120039421,0.339548325,0.932897354));
#7526=DIRECTION('',(0.,0.939692149,-0.342021439));
#7527=AXIS2_PLACEMENT_3D('',#7524,#7525,#7526);
#7528=PLANE('',#7527);
#7529=POLY_LOOP('',(#6681,#6680,#7523));
#7530=FACE_OUTER_BOUND('',#7529,.T.);
#7531=FACE_SURFACE('',(#7530),#7528,.T.);
#7532=CARTESIAN_POINT('',(227.701127529,352.439641953,-1.498978701));
#7533=CARTESIAN_POINT('',(227.701127529,352.439641953,-1.498978701));
#7534=DIRECTION('',(-0.650403579,0.716339157,0.252652719));
#7535=DIRECTION('',(0.74035859,0.672212138,0.));
#7536=AXIS2_PLACEMENT_3D('',#7533,#7534,#7535);
#7537=PLANE('',#7536);
#7538=POLY_LOOP('',(#7532,#3762,#4515));
#7539=FACE_OUTER_BOUND('',#7538,.T.);
#7540=FACE_SURFACE('',(#7539),#7537,.T.);
#7541=CARTESIAN_POINT('',(13.434462249,215.597644448,-1.944946824));
#7542=DIRECTION('',(-0.892925547,-0.099439096,-0.439085223));
#7543=DIRECTION('',(0.441272323,0.,-0.897373243));
#7544=AXIS2_PLACEMENT_3D('',#7541,#7542,#7543);
#7545=PLANE('',#7544);
#7546=POLY_LOOP('',(#4451,#934,#3428));
#7547=FACE_OUTER_BOUND('',#7546,.T.);
#7548=FACE_SURFACE('',(#7547),#7545,.T.);
#7549=CARTESIAN_POINT('',(102.250784636,471.002072096,-10.520363227));
#7550=DIRECTION('',(-0.579307681,0.547115106,-0.604208302));
#7551=DIRECTION('',(-0.721824232,0.,0.692076425));
#7552=AXIS2_PLACEMENT_3D('',#7549,#7550,#7551);
#7553=PLANE('',#7552);
#7554=POLY_LOOP('',(#5868,#2301,#3189));
#7555=FACE_OUTER_BOUND('',#7554,.T.);
#7556=FACE_SURFACE('',(#7555),#7553,.T.);
#7557=CARTESIAN_POINT('',(35.016421229,324.977695942,-3.285112092));
#7558=CARTESIAN_POINT('',(32.989896834,331.817150116,-7.995830849));
#7559=DIRECTION('',(-0.880883645,0.062180726,0.469230819));
#7560=DIRECTION('',(-0.470140585,0.,-0.882591542));
#7561=AXIS2_PLACEMENT_3D('',#7558,#7559,#7560);
#7562=PLANE('',#7561);
#7563=POLY_LOOP('',(#2163,#2165,#7557));
#7564=FACE_OUTER_BOUND('',#7563,.T.);
#7565=FACE_SURFACE('',(#7564),#7562,.T.);
#7566=CARTESIAN_POINT('',(113.915629685,182.088091969,4.414002411));
#7567=DIRECTION('',(-0.378857014,-0.917665115,-0.119825289));
#7568=DIRECTION('',(-0.924324881,0.381606491,0.));
#7569=AXIS2_PLACEMENT_3D('',#7566,#7567,#7568);
#7570=PLANE('',#7569);
#7571=POLY_LOOP('',(#6885,#2424,#6937));
#7572=FACE_OUTER_BOUND('',#7571,.T.);
#7573=FACE_SURFACE('',(#7572),#7570,.T.);
#7574=CARTESIAN_POINT('',(100.355044007,187.889546156,-3.262232058));
#7575=CARTESIAN_POINT('',(102.914452553,187.139749527,0.509511156));
#7576=DIRECTION('',(-0.328409849,-0.943878673,0.035213936));
#7577=DIRECTION('',(-0.944464433,0.328613656,0.));
#7578=AXIS2_PLACEMENT_3D('',#7575,#7576,#7577);
#7579=PLANE('',#7578);
#7580=POLY_LOOP('',(#2424,#7574,#6937));
#7581=FACE_OUTER_BOUND('',#7580,.T.);
#7582=FACE_SURFACE('',(#7581),#7579,.T.);
#7583=CARTESIAN_POINT('',(101.303569973,210.539475083,0.37308727));
#7584=CARTESIAN_POINT('',(102.917850018,208.212256432,-0.279477303));
#7585=DIRECTION('',(-0.68580958,-0.593732545,0.42088821));
#7586=DIRECTION('',(0.654530211,-0.756035848,0.));
#7587=AXIS2_PLACEMENT_3D('',#7584,#7585,#7586);
#7588=PLANE('',#7587);
#7589=POLY_LOOP('',(#6896,#6895,#7583));
#7590=FACE_OUTER_BOUND('',#7589,.T.);
#7591=FACE_SURFACE('',(#7590),#7588,.T.);
#7592=CARTESIAN_POINT('',(113.256789744,453.181803226,2.996988595));
#7593=DIRECTION('',(0.839798978,-0.534585884,0.094634083));
#7594=DIRECTION('',(0.536995855,0.843584881,-0.));
#7595=AXIS2_PLACEMENT_3D('',#7592,#7593,#7594);
#7596=PLANE('',#7595);
#7597=POLY_LOOP('',(#1984,#1018,#6604));
#7598=FACE_OUTER_BOUND('',#7597,.T.);
#7599=FACE_SURFACE('',(#7598),#7596,.T.);
#7600=CARTESIAN_POINT('',(102.362751961,210.310414433,-1.775326324));
#7601=CARTESIAN_POINT('',(102.917850018,208.212256432,-0.279477303));
#7602=DIRECTION('',(-0.812610637,-0.46524144,-0.351019024));
#7603=DIRECTION('',(0.496857301,-0.867832255,-0.));
#7604=AXIS2_PLACEMENT_3D('',#7601,#7602,#7603);
#7605=PLANE('',#7604);
#7606=POLY_LOOP('',(#6896,#7583,#7600));
#7607=FACE_OUTER_BOUND('',#7606,.T.);
#7608=FACE_SURFACE('',(#7607),#7605,.T.);
#7609=CARTESIAN_POINT('',(113.256789744,453.181803226,2.996988595));
#7610=DIRECTION('',(0.793040012,-0.604764668,-0.073124802));
#7611=DIRECTION('',(0.606388091,0.795168839,0.));
#7612=AXIS2_PLACEMENT_3D('',#7609,#7610,#7611);
#7613=PLANE('',#7612);
#7614=POLY_LOOP('',(#1984,#1019,#1018));
#7615=FACE_OUTER_BOUND('',#7614,.T.);
#7616=FACE_SURFACE('',(#7615),#7613,.T.);
#7617=CARTESIAN_POINT('',(14.62819986,215.458452702,5.350685678));
#7618=DIRECTION('',(-0.93012365,-0.337082025,0.145759062));
#7619=DIRECTION('',(0.340720884,-0.940164496,0.));
#7620=AXIS2_PLACEMENT_3D('',#7617,#7618,#7619);
#7621=PLANE('',#7620);
#7622=POLY_LOOP('',(#4290,#4451,#4291));
#7623=FACE_OUTER_BOUND('',#7622,.T.);
#7624=FACE_SURFACE('',(#7623),#7621,.T.);
#7625=CARTESIAN_POINT('',(14.62819986,215.458452702,5.350685678));
#7626=DIRECTION('',(-0.974789679,-0.159072943,0.156463674));
#7627=DIRECTION('',(0.161056561,-0.986945178,0.));
#7628=AXIS2_PLACEMENT_3D('',#7625,#7626,#7627);
#7629=PLANE('',#7628);
#7630=POLY_LOOP('',(#4290,#7098,#4451));
#7631=FACE_OUTER_BOUND('',#7630,.T.);
#7632=FACE_SURFACE('',(#7631),#7629,.T.);
#7633=CARTESIAN_POINT('',(31.462457031,348.171442747,-9.994924068));
#7634=CARTESIAN_POINT('',(22.72936888,332.969963551,-10.397871025));
#7635=CARTESIAN_POINT('',(31.462457031,348.171442747,-9.994924068));
#7636=DIRECTION('',(0.450855609,-0.281464788,0.847057727));
#7637=DIRECTION('',(0.882745764,0.,-0.469850952));
#7638=AXIS2_PLACEMENT_3D('',#7635,#7636,#7637);
#7639=PLANE('',#7638);
#7640=POLY_LOOP('',(#7633,#2925,#7634));
#7641=FACE_OUTER_BOUND('',#7640,.T.);
#7642=FACE_SURFACE('',(#7641),#7639,.T.);
#7643=CARTESIAN_POINT('',(42.858883739,256.503731012,-10.619475506));
#7644=DIRECTION('',(-0.000751258,0.600738215,-0.799445453));
#7645=DIRECTION('',(0.,-0.799445679,-0.600738384));
#7646=AXIS2_PLACEMENT_3D('',#7643,#7644,#7645);
#7647=PLANE('',#7646);
#7648=POLY_LOOP('',(#3652,#3951,#5441));
#7649=FACE_OUTER_BOUND('',#7648,.T.);
#7650=FACE_SURFACE('',(#7649),#7647,.T.);
#7651=CARTESIAN_POINT('',(102.033503354,189.729377627,-7.551597897));
#7652=CARTESIAN_POINT('',(102.033503354,189.729377627,-7.551597897));
#7653=DIRECTION('',(-0.258983057,-0.571706659,-0.778510933));
#7654=DIRECTION('',(0.,-0.806010508,0.591901225));
#7655=AXIS2_PLACEMENT_3D('',#7652,#7653,#7654);
#7656=PLANE('',#7655);
#7657=POLY_LOOP('',(#7651,#4907,#5214));
#7658=FACE_OUTER_BOUND('',#7657,.T.);
#7659=FACE_SURFACE('',(#7658),#7656,.T.);
#7660=CARTESIAN_POINT('',(223.030045629,275.547534227,-12.433619238));
#7661=DIRECTION('',(-0.017034124,-0.003352946,-0.999849287));
#7662=DIRECTION('',(-0.999854907,-0.,0.01703422));
#7663=AXIS2_PLACEMENT_3D('',#7660,#7661,#7662);
#7664=PLANE('',#7663);
#7665=POLY_LOOP('',(#2638,#4632,#631));
#7666=FACE_OUTER_BOUND('',#7665,.T.);
#7667=FACE_SURFACE('',(#7666),#7664,.T.);
#7668=CARTESIAN_POINT('',(100.784406066,453.921616077,12.428896502));
#7669=CARTESIAN_POINT('',(89.86403048,447.418242693,12.397405691));
#7670=DIRECTION('',(0.256932107,-0.435614197,0.862685437));
#7671=DIRECTION('',(0.,0.89265226,0.450745985));
#7672=AXIS2_PLACEMENT_3D('',#7669,#7670,#7671);
#7673=PLANE('',#7672);
#7674=POLY_LOOP('',(#7431,#2281,#7668));
#7675=FACE_OUTER_BOUND('',#7674,.T.);
#7676=FACE_SURFACE('',(#7675),#7673,.T.);
#7677=CARTESIAN_POINT('',(24.65784736,241.548851132,-9.476577863));
#7678=DIRECTION('',(0.494170879,-0.138818746,0.858210055));
#7679=DIRECTION('',(0.866600651,-0.,-0.499002317));
#7680=AXIS2_PLACEMENT_3D('',#7677,#7678,#7679);
#7681=PLANE('',#7680);
#7682=POLY_LOOP('',(#5780,#7441,#999));
#7683=FACE_OUTER_BOUND('',#7682,.T.);
#7684=FACE_SURFACE('',(#7683),#7681,.T.);
#7685=CARTESIAN_POINT('',(40.55807367,336.190283298,7.084680721));
#7686=DIRECTION('',(0.384530255,-0.595528835,0.705323961));
#7687=DIRECTION('',(0.,0.764071601,0.645131451));
#7688=AXIS2_PLACEMENT_3D('',#7685,#7686,#7687);
#7689=PLANE('',#7688);
#7690=POLY_LOOP('',(#360,#359,#5250));
#7691=FACE_OUTER_BOUND('',#7690,.T.);
#7692=FACE_SURFACE('',(#7691),#7689,.T.);
#7693=CARTESIAN_POINT('',(95.977522433,440.264075994,-2.474128501));
#7694=CARTESIAN_POINT('',(95.977522433,440.264075994,-2.474128501));
#7695=DIRECTION('',(0.577870981,-0.803420305,-0.1434606));
#7696=DIRECTION('',(-0.811817723,-0.583910938,0.));
#7697=AXIS2_PLACEMENT_3D('',#7694,#7695,#7696);
#7698=PLANE('',#7697);
#7699=POLY_LOOP('',(#7693,#1019,#1983));
#7700=FACE_OUTER_BOUND('',#7699,.T.);
#7701=FACE_SURFACE('',(#7700),#7698,.T.);
#7702=CARTESIAN_POINT('',(104.093901813,465.746790171,12.240567245));
#7703=CARTESIAN_POINT('',(109.089508653,478.946566582,12.150708586));
#7704=CARTESIAN_POINT('',(101.054124534,471.967875957,9.551471099));
#7705=DIRECTION('',(-0.434060973,0.170297629,0.884641051));
#7706=DIRECTION('',(0.897754851,0.,0.440495434));
#7707=AXIS2_PLACEMENT_3D('',#7704,#7705,#7706);
#7708=PLANE('',#7707);
#7709=POLY_LOOP('',(#1084,#7702,#7703));
#7710=FACE_OUTER_BOUND('',#7709,.T.);
#7711=FACE_SURFACE('',(#7710),#7708,.T.);
#7712=CARTESIAN_POINT('',(36.245737225,311.494976282,-8.811120875));
#7713=CARTESIAN_POINT('',(39.296194911,313.033491373,-5.290216766));
#7714=CARTESIAN_POINT('',(36.245737225,311.494976282,-8.811120875));
#7715=DIRECTION('',(-0.38019998,-0.680262203,0.626650868));
#7716=DIRECTION('',(0.,-0.67753049,-0.735494687));
#7717=AXIS2_PLACEMENT_3D('',#7714,#7715,#7716);
#7718=PLANE('',#7717);
#7719=POLY_LOOP('',(#7712,#5413,#7713));
#7720=FACE_OUTER_BOUND('',#7719,.T.);
#7721=FACE_SURFACE('',(#7720),#7718,.T.);
#7722=CARTESIAN_POINT('',(94.369493425,463.44730258,9.901603684));
#7723=DIRECTION('',(-0.283559181,0.260385669,0.922926592));
#7724=DIRECTION('',(0.955900684,0.,0.293690113));
#7725=AXIS2_PLACEMENT_3D('',#7722,#7723,#7724);
#7726=PLANE('',#7725);
#7727=POLY_LOOP('',(#1083,#7702,#1084));
#7728=FACE_OUTER_BOUND('',#7727,.T.);
#7729=FACE_SURFACE('',(#7728),#7726,.T.);
#7730=CARTESIAN_POINT('',(225.903525949,366.761088371,12.575484812));
#7731=DIRECTION('',(-0.102737476,0.075374958,0.991848591));
#7732=DIRECTION('',(0.99467819,0.,0.103030571));
#7733=AXIS2_PLACEMENT_3D('',#7730,#7731,#7732);
#7734=PLANE('',#7733);
#7735=POLY_LOOP('',(#185,#3598,#4380));
#7736=FACE_OUTER_BOUND('',#7735,.T.);
#7737=FACE_SURFACE('',(#7736),#7734,.T.);
#7738=CARTESIAN_POINT('',(207.947850227,356.023639441,11.531589553));
#7739=DIRECTION('',(-0.420412454,0.482067803,0.768676786));
#7740=DIRECTION('',(0.,0.847182561,-0.531301899));
#7741=AXIS2_PLACEMENT_3D('',#7738,#7739,#7740);
#7742=PLANE('',#7741);
#7743=POLY_LOOP('',(#4380,#3598,#4116));
#7744=FACE_OUTER_BOUND('',#7743,.T.);
#7745=FACE_SURFACE('',(#7744),#7742,.T.);
#7746=CARTESIAN_POINT('',(32.332353294,228.042542934,-10.234721936));
#7747=DIRECTION('',(0.709944996,-0.028918704,-0.703663138));
#7748=DIRECTION('',(0.703957556,0.,0.710242042));
#7749=AXIS2_PLACEMENT_3D('',#7746,#7747,#7748);
#7750=PLANE('',#7749);
#7751=POLY_LOOP('',(#592,#4481,#593));
#7752=FACE_OUTER_BOUND('',#7751,.T.);
#7753=FACE_SURFACE('',(#7752),#7750,.T.);
#7754=CARTESIAN_POINT('',(39.921943098,389.966845512,-4.692775197));
#7755=DIRECTION('',(-0.023913547,0.754173259,0.656239924));
#7756=DIRECTION('',(0.,-0.656427643,0.754388991));
#7757=AXIS2_PLACEMENT_3D('',#7754,#7755,#7756);
#7758=PLANE('',#7757);
#7759=POLY_LOOP('',(#3633,#4697,#6681));
#7760=FACE_OUTER_BOUND('',#7759,.T.);
#7761=FACE_SURFACE('',(#7760),#7758,.T.);
#7762=CARTESIAN_POINT('',(203.349933028,397.435218096,-10.243842378));
#7763=DIRECTION('',(-0.003505916,0.382133244,0.924100586));
#7764=DIRECTION('',(0.,0.924106265,-0.382135593));
#7765=AXIS2_PLACEMENT_3D('',#7762,#7763,#7764);
#7766=PLANE('',#7765);
#7767=POLY_LOOP('',(#4972,#6681,#4696));
#7768=FACE_OUTER_BOUND('',#7767,.T.);
#7769=FACE_SURFACE('',(#7768),#7766,.T.);
#7770=CARTESIAN_POINT('',(12.130942196,227.244406939,-1.931731123));
#7771=DIRECTION('',(-0.926503643,-0.15064526,-0.344814451));
#7772=DIRECTION('',(0.34879494,0.,-0.937199066));
#7773=AXIS2_PLACEMENT_3D('',#7770,#7771,#7772);
#7774=PLANE('',#7773);
#7775=POLY_LOOP('',(#934,#936,#3428));
#7776=FACE_OUTER_BOUND('',#7775,.T.);
#7777=FACE_SURFACE('',(#7776),#7774,.T.);
#7778=CARTESIAN_POINT('',(25.817649439,415.824502707,9.555864148));
#7779=CARTESIAN_POINT('',(25.995155796,432.837754488,9.393211454));
#7780=CARTESIAN_POINT('',(25.817649439,415.824502707,9.555864148));
#7781=DIRECTION('',(-0.761924078,0.001757576,-0.647663964));
#7782=DIRECTION('',(0.647664964,-0.,-0.761925255));
#7783=AXIS2_PLACEMENT_3D('',#7780,#7781,#7782);
#7784=PLANE('',#7783);
#7785=POLY_LOOP('',(#7778,#7779,#4953));
#7786=FACE_OUTER_BOUND('',#7785,.T.);
#7787=FACE_SURFACE('',(#7786),#7784,.T.);
#7788=CARTESIAN_POINT('',(24.71296303,450.555503368,-7.288753521));
#7789=DIRECTION('',(0.632359118,-0.663285927,0.400217097));
#7790=DIRECTION('',(-0.723779126,-0.690031721,0.));
#7791=AXIS2_PLACEMENT_3D('',#7788,#7789,#7790);
#7792=PLANE('',#7791);
#7793=POLY_LOOP('',(#5168,#2020,#5169));
#7794=FACE_OUTER_BOUND('',#7793,.T.);
#7795=FACE_SURFACE('',(#7794),#7792,.T.);
#7796=CARTESIAN_POINT('',(15.507540666,428.716540337,-12.014036067));
#7797=CARTESIAN_POINT('',(9.856793098,423.852980137,-7.912081666));
#7798=DIRECTION('',(-0.648138388,0.118607855,-0.752229225));
#7799=DIRECTION('',(-0.757576827,-0.,0.652746008));
#7800=AXIS2_PLACEMENT_3D('',#7797,#7798,#7799);
#7801=PLANE('',#7800);
#7802=POLY_LOOP('',(#6275,#5771,#7796));
#7803=FACE_OUTER_BOUND('',#7802,.T.);
#7804=FACE_SURFACE('',(#7803),#7801,.T.);
#7805=CARTESIAN_POINT('',(20.886188373,453.547149897,1.414518454));
#7806=DIRECTION('',(-0.766351523,0.639908539,0.056766236));
#7807=DIRECTION('',(-0.64094206,-0.767589263,-0.));
#7808=AXIS2_PLACEMENT_3D('',#7805,#7806,#7807);
#7809=PLANE('',#7808);
#7810=POLY_LOOP('',(#480,#5770,#1347));
#7811=FACE_OUTER_BOUND('',#7810,.T.);
#7812=FACE_SURFACE('',(#7811),#7809,.T.);
#7813=CARTESIAN_POINT('',(98.117612302,461.771190166,-11.702195741));
#7814=CARTESIAN_POINT('',(98.117612302,461.771190166,-11.702195741));
#7815=DIRECTION('',(-0.408114903,0.293416777,-0.86449339));
#7816=DIRECTION('',(-0.904296336,0.,0.426905301));
#7817=AXIS2_PLACEMENT_3D('',#7814,#7815,#7816);
#7818=PLANE('',#7817);
#7819=POLY_LOOP('',(#7813,#2301,#5868));
#7820=FACE_OUTER_BOUND('',#7819,.T.);
#7821=FACE_SURFACE('',(#7820),#7818,.T.);
#7822=CARTESIAN_POINT('',(30.364943668,249.98781085,11.247183196));
#7823=DIRECTION('',(-0.539660057,0.541818473,0.644359966));
#7824=DIRECTION('',(0.,0.765379452,-0.643579284));
#7825=AXIS2_PLACEMENT_3D('',#7822,#7823,#7824);
#7826=PLANE('',#7825);
#7827=POLY_LOOP('',(#2331,#6552,#3513));
#7828=FACE_OUTER_BOUND('',#7827,.T.);
#7829=FACE_SURFACE('',(#7828),#7826,.T.);
#7830=CARTESIAN_POINT('',(120.542384684,464.780688286,3.865228035));
#7831=DIRECTION('',(0.935126521,-0.354307969,-0.00206224));
#7832=DIRECTION('',(0.354308722,0.935128509,0.));
#7833=AXIS2_PLACEMENT_3D('',#7830,#7831,#7832);
#7834=PLANE('',#7833);
#7835=POLY_LOOP('',(#6604,#1018,#1296));
#7836=FACE_OUTER_BOUND('',#7835,.T.);
#7837=FACE_SURFACE('',(#7836),#7834,.T.);
#7838=CARTESIAN_POINT('',(124.161884189,475.278377533,4.080221523));
#7839=CARTESIAN_POINT('',(120.542384684,464.780688286,3.865228035));
#7840=DIRECTION('',(0.944164963,-0.326450631,0.044525366));
#7841=DIRECTION('',(0.326774709,0.945102264,-0.));
#7842=AXIS2_PLACEMENT_3D('',#7839,#7840,#7841);
#7843=PLANE('',#7842);
#7844=POLY_LOOP('',(#6604,#1296,#7838));
#7845=FACE_OUTER_BOUND('',#7844,.T.);
#7846=FACE_SURFACE('',(#7845),#7843,.T.);
#7847=CARTESIAN_POINT('',(35.745512694,315.716922283,6.631957833));
#7848=CARTESIAN_POINT('',(43.97950694,304.884284735,9.767824784));
#7849=CARTESIAN_POINT('',(33.506318927,311.197310686,9.931024164));
#7850=DIRECTION('',(-0.293121831,-0.46468339,-0.835553074));
#7851=DIRECTION('',(-0.,-0.87394084,0.486032312));
#7852=AXIS2_PLACEMENT_3D('',#7849,#7850,#7851);
#7853=PLANE('',#7852);
#7854=POLY_LOOP('',(#1800,#7847,#7848));
#7855=FACE_OUTER_BOUND('',#7854,.T.);
#7856=FACE_SURFACE('',(#7855),#7853,.T.);
#7857=CARTESIAN_POINT('',(79.627938569,441.387146711,-10.279486887));
#7858=DIRECTION('',(0.05734349,-0.318863314,-0.946064433));
#7859=DIRECTION('',(-0.,-0.94762374,0.319388866));
#7860=AXIS2_PLACEMENT_3D('',#7857,#7858,#7859);
#7861=PLANE('',#7860);
#7862=POLY_LOOP('',(#1897,#2351,#2206));
#7863=FACE_OUTER_BOUND('',#7862,.T.);
#7864=FACE_SURFACE('',(#7863),#7861,.T.);
#7865=CARTESIAN_POINT('',(154.381021857,289.628654718,0.445051934));
#7866=CARTESIAN_POINT('',(155.024260283,289.733529091,-1.023406861));
#7867=DIRECTION('',(-0.033412608,0.99783612,0.056627509));
#7868=DIRECTION('',(-0.,-0.056659145,0.99839358));
#7869=AXIS2_PLACEMENT_3D('',#7866,#7867,#7868);
#7870=PLANE('',#7869);
#7871=POLY_LOOP('',(#3169,#7865,#3167));
#7872=FACE_OUTER_BOUND('',#7871,.T.);
#7873=FACE_SURFACE('',(#7872),#7870,.T.);
#7874=CARTESIAN_POINT('',(42.113874108,214.285925031,4.080174491));
#7875=CARTESIAN_POINT('',(42.188830674,215.379416943,-1.092158724));
#7876=DIRECTION('',(0.775273321,0.61559966,0.141380117));
#7877=DIRECTION('',(-0.621845862,0.783139658,-0.));
#7878=AXIS2_PLACEMENT_3D('',#7875,#7876,#7877);
#7879=PLANE('',#7878);
#7880=POLY_LOOP('',(#1139,#4568,#7874));
#7881=FACE_OUTER_BOUND('',#7880,.T.);
#7882=FACE_SURFACE('',(#7881),#7879,.T.);
#7883=CARTESIAN_POINT('',(33.889662474,225.262969732,8.955545723));
#7884=CARTESIAN_POINT('',(36.805309355,221.698731184,5.042155739));
#7885=DIRECTION('',(0.839383691,0.100053045,0.534251258));
#7886=DIRECTION('',(-0.536945595,0.,0.843616873));
#7887=AXIS2_PLACEMENT_3D('',#7884,#7885,#7886);
#7888=PLANE('',#7887);
#7889=POLY_LOOP('',(#4559,#7883,#4263));
#7890=FACE_OUTER_BOUND('',#7889,.T.);
#7891=FACE_SURFACE('',(#7890),#7888,.T.);
#7892=CARTESIAN_POINT('',(113.168716431,190.762251616,9.270007722));
#7893=CARTESIAN_POINT('',(113.168716431,190.762251616,9.270007722));
#7894=DIRECTION('',(0.181564733,0.754529146,-0.63065047));
#7895=DIRECTION('',(0.,0.641309681,0.767282147));
#7896=AXIS2_PLACEMENT_3D('',#7893,#7894,#7895);
#7897=PLANE('',#7896);
#7898=POLY_LOOP('',(#7892,#4030,#4762));
#7899=FACE_OUTER_BOUND('',#7898,.T.);
#7900=FACE_SURFACE('',(#7899),#7897,.T.);
#7901=CARTESIAN_POINT('',(39.296194911,313.033491373,-5.290216766));
#7902=DIRECTION('',(-0.41123698,-0.7013132,0.582274799));
#7903=DIRECTION('',(0.,-0.638789484,-0.769381567));
#7904=AXIS2_PLACEMENT_3D('',#7901,#7902,#7903);
#7905=PLANE('',#7904);
#7906=POLY_LOOP('',(#7713,#5413,#3149));
#7907=FACE_OUTER_BOUND('',#7906,.T.);
#7908=FACE_SURFACE('',(#7907),#7905,.T.);
#7909=CARTESIAN_POINT('',(21.627781913,225.160256028,-10.382736102));
#7910=DIRECTION('',(0.601688331,-0.067359722,0.795885557));
#7911=DIRECTION('',(0.797697323,0.,-0.603058024));
#7912=AXIS2_PLACEMENT_3D('',#7909,#7910,#7911);
#7913=PLANE('',#7912);
#7914=POLY_LOOP('',(#999,#7441,#1000));
#7915=FACE_OUTER_BOUND('',#7914,.T.);
#7916=FACE_SURFACE('',(#7915),#7913,.T.);
#7917=CARTESIAN_POINT('',(216.515406966,342.175900936,-5.24399057));
#7918=DIRECTION('',(0.483816139,-0.871029061,-0.08503128));
#7919=DIRECTION('',(-0.874195149,-0.485574754,0.));
#7920=AXIS2_PLACEMENT_3D('',#7917,#7918,#7919);
#7921=PLANE('',#7920);
#7922=POLY_LOOP('',(#2685,#2290,#196));
#7923=FACE_OUTER_BOUND('',#7922,.T.);
#7924=FACE_SURFACE('',(#7923),#7921,.T.);
#7925=CARTESIAN_POINT('',(27.09992975,209.147050977,10.677007027));
#7926=DIRECTION('',(-0.155962552,-0.031177379,-0.987270811));
#7927=DIRECTION('',(-0.987750989,-0.,0.156038408));
#7928=AXIS2_PLACEMENT_3D('',#7925,#7926,#7927);
#7929=PLANE('',#7928);
#7930=POLY_LOOP('',(#4461,#4685,#4687));
#7931=FACE_OUTER_BOUND('',#7930,.T.);
#7932=FACE_SURFACE('',(#7931),#7929,.T.);
#7933=CARTESIAN_POINT('',(237.704113126,371.208935976,1.246670727));
#7934=CARTESIAN_POINT('',(235.915929079,382.673114538,5.679065362));
#7935=CARTESIAN_POINT('',(237.704113126,371.208935976,1.246670727));
#7936=DIRECTION('',(0.985944288,0.102895836,0.131629436));
#7937=DIRECTION('',(-0.132331836,0.,0.991205471));
#7938=AXIS2_PLACEMENT_3D('',#7935,#7936,#7937);
#7939=PLANE('',#7938);
#7940=POLY_LOOP('',(#7933,#1718,#7934));
#7941=FACE_OUTER_BOUND('',#7940,.T.);
#7942=FACE_SURFACE('',(#7941),#7939,.T.);
#7943=CARTESIAN_POINT('',(104.040570557,480.81061244,9.370204061));
#7944=CARTESIAN_POINT('',(104.040570557,480.81061244,9.370204061));
#7945=DIRECTION('',(-0.429048181,0.163113838,0.888432065));
#7946=DIRECTION('',(0.900492127,0.,0.434872315));
#7947=AXIS2_PLACEMENT_3D('',#7944,#7945,#7946);
#7948=PLANE('',#7947);
#7949=POLY_LOOP('',(#7943,#1084,#7703));
#7950=FACE_OUTER_BOUND('',#7949,.T.);
#7951=FACE_SURFACE('',(#7950),#7948,.T.);
#7952=CARTESIAN_POINT('',(42.188830674,215.379416943,-1.092158724));
#7953=DIRECTION('',(0.366785434,0.909097642,0.197509297));
#7954=DIRECTION('',(0.927365809,-0.374155926,-0.));
#7955=AXIS2_PLACEMENT_3D('',#7952,#7953,#7954);
#7956=PLANE('',#7955);
#7957=POLY_LOOP('',(#1139,#7874,#831));
#7958=FACE_OUTER_BOUND('',#7957,.T.);
#7959=FACE_SURFACE('',(#7958),#7956,.T.);
#7960=CARTESIAN_POINT('',(39.732635021,335.1328969,-2.426033374));
#7961=CARTESIAN_POINT('',(36.929186434,332.874417305,3.4498733));
#7962=CARTESIAN_POINT('',(41.137907654,337.268918753,3.946199082));
#7963=DIRECTION('',(-0.715952272,0.694131801,-0.074788948));
#7964=DIRECTION('',(-0.696081257,-0.71796301,0.));
#7965=AXIS2_PLACEMENT_3D('',#7962,#7963,#7964);
#7966=PLANE('',#7965);
#7967=POLY_LOOP('',(#3294,#7960,#7961));
#7968=FACE_OUTER_BOUND('',#7967,.T.);
#7969=FACE_SURFACE('',(#7968),#7966,.T.);
#7970=CARTESIAN_POINT('',(229.856804013,298.076301813,-3.218787257));
#7971=DIRECTION('',(0.721090611,0.684906303,0.104554708));
#7972=DIRECTION('',(-0.688680869,0.725064591,0.));
#7973=AXIS2_PLACEMENT_3D('',#7970,#7971,#7972);
#7974=PLANE('',#7973);
#7975=POLY_LOOP('',(#502,#3922,#503));
#7976=FACE_OUTER_BOUND('',#7975,.T.);
#7977=FACE_SURFACE('',(#7976),#7974,.T.);
#7978=CARTESIAN_POINT('',(84.707774222,461.85362339,5.145510193));
#7979=CARTESIAN_POINT('',(84.707774222,461.85362339,5.145510193));
#7980=DIRECTION('',(-0.190407444,0.95302971,0.235540607));
#7981=DIRECTION('',(0.,-0.239930091,0.970790169));
#7982=AXIS2_PLACEMENT_3D('',#7979,#7980,#7981);
#7983=PLANE('',#7982);
#7984=POLY_LOOP('',(#7978,#5608,#6231));
#7985=FACE_OUTER_BOUND('',#7984,.T.);
#7986=FACE_SURFACE('',(#7985),#7983,.T.);
#7987=CARTESIAN_POINT('',(77.522821724,460.173219442,6.13644952));
#7988=DIRECTION('',(0.017123209,0.961730516,0.273461534));
#7989=DIRECTION('',(-0.,-0.273501633,0.961871539));
#7990=AXIS2_PLACEMENT_3D('',#7987,#7988,#7989);
#7991=PLANE('',#7990);
#7992=POLY_LOOP('',(#6231,#5608,#5715));
#7993=FACE_OUTER_BOUND('',#7992,.T.);
#7994=FACE_SURFACE('',(#7993),#7991,.T.);
#7995=CARTESIAN_POINT('',(39.921943098,389.966845512,-4.692775197));
#7996=DIRECTION('',(0.089957103,0.689308866,0.71886091));
#7997=DIRECTION('',(0.,0.721787295,-0.692114948));
#7998=AXIS2_PLACEMENT_3D('',#7995,#7996,#7997);
#7999=PLANE('',#7998);
#8000=POLY_LOOP('',(#3633,#6681,#7523));
#8001=FACE_OUTER_BOUND('',#8000,.T.);
#8002=FACE_SURFACE('',(#8001),#7999,.T.);
#8003=CARTESIAN_POINT('',(17.079420388,406.240403652,9.371451102));
#8004=CARTESIAN_POINT('',(12.119991705,420.443862677,10.078914464));
#8005=DIRECTION('',(-0.477179811,-0.209132228,0.853559101));
#8006=DIRECTION('',(0.872860338,0.,0.487970113));
#8007=AXIS2_PLACEMENT_3D('',#8004,#8005,#8006);
#8008=PLANE('',#8007);
#8009=POLY_LOOP('',(#2066,#8003,#4318));
#8010=FACE_OUTER_BOUND('',#8009,.T.);
#8011=FACE_SURFACE('',(#8010),#8008,.T.);
#8012=CARTESIAN_POINT('',(28.87099795,417.92589426,7.478058804));
#8013=CARTESIAN_POINT('',(33.343393356,411.973416805,7.054435555));
#8014=CARTESIAN_POINT('',(25.817649439,415.824502707,9.555864148));
#8015=DIRECTION('',(-0.419252419,-0.252953092,-0.871918656));
#8016=DIRECTION('',(-0.901227899,0.,0.433345444));
#8017=AXIS2_PLACEMENT_3D('',#8014,#8015,#8016);
#8018=PLANE('',#8017);
#8019=POLY_LOOP('',(#7778,#8012,#8013));
#8020=FACE_OUTER_BOUND('',#8019,.T.);
#8021=FACE_SURFACE('',(#8020),#8018,.T.);
#8022=CARTESIAN_POINT('',(19.723422825,450.166761875,-0.049346443));
#8023=DIRECTION('',(0.666129035,-0.623607073,-0.409128743));
#8024=DIRECTION('',(0.683422485,0.730023087,0.));
#8025=AXIS2_PLACEMENT_3D('',#8022,#8023,#8024);
#8026=PLANE('',#8025);
#8027=POLY_LOOP('',(#2020,#2022,#2312));
#8028=FACE_OUTER_BOUND('',#8027,.T.);
#8029=FACE_SURFACE('',(#8028),#8026,.T.);
#8030=CARTESIAN_POINT('',(132.347375154,195.961013436,1.752206357));
#8031=DIRECTION('',(-0.69740475,-0.670222969,0.253826293));
#8032=DIRECTION('',(0.692916096,-0.721018227,0.));
#8033=AXIS2_PLACEMENT_3D('',#8030,#8031,#8032);
#8034=PLANE('',#8033);
#8035=POLY_LOOP('',(#1770,#1857,#1422));
#8036=FACE_OUTER_BOUND('',#8035,.T.);
#8037=FACE_SURFACE('',(#8036),#8034,.T.);
#8038=CARTESIAN_POINT('',(33.150531352,191.229715943,1.704451977));
#8039=DIRECTION('',(-0.57987455,-0.811556693,-0.071562847));
#8040=DIRECTION('',(-0.813642797,0.581365116,0.));
#8041=AXIS2_PLACEMENT_3D('',#8038,#8039,#8040);
#8042=PLANE('',#8041);
#8043=POLY_LOOP('',(#66,#4588,#4734));
#8044=FACE_OUTER_BOUND('',#8043,.T.);
#8045=FACE_SURFACE('',(#8044),#8042,.T.);
#8046=CARTESIAN_POINT('',(38.410693407,213.034033775,-6.578314584));
#8047=DIRECTION('',(-0.23724066,-0.472240029,0.848944182));
#8048=DIRECTION('',(0.,0.873893033,0.486118263));
#8049=AXIS2_PLACEMENT_3D('',#8046,#8047,#8048);
#8050=PLANE('',#8049);
#8051=POLY_LOOP('',(#78,#5104,#6955));
#8052=FACE_OUTER_BOUND('',#8051,.T.);
#8053=FACE_SURFACE('',(#8052),#8050,.T.);
#8054=CARTESIAN_POINT('',(27.09992975,209.147050977,10.677007027));
#8055=DIRECTION('',(-0.081313779,-0.102470712,-0.991406991));
#8056=DIRECTION('',(0.,-0.994700892,0.102811166));
#8057=AXIS2_PLACEMENT_3D('',#8054,#8055,#8056);
#8058=PLANE('',#8057);
#8059=POLY_LOOP('',(#4461,#4687,#5469));
#8060=FACE_OUTER_BOUND('',#8059,.T.);
#8061=FACE_SURFACE('',(#8060),#8058,.T.);
#8062=CARTESIAN_POINT('',(23.389572278,441.716372967,-12.718893588));
#8063=CARTESIAN_POINT('',(23.389572278,441.716372967,-12.718893588));
#8064=DIRECTION('',(-0.370787431,0.372784739,-0.850616376));
#8065=DIRECTION('',(0.,-0.915904068,-0.401397232));
#8066=AXIS2_PLACEMENT_3D('',#8063,#8064,#8065);
#8067=PLANE('',#8066);
#8068=POLY_LOOP('',(#8062,#6145,#6154));
#8069=FACE_OUTER_BOUND('',#8068,.T.);
#8070=FACE_SURFACE('',(#8069),#8067,.T.);
#8071=CARTESIAN_POINT('',(125.222578645,581.000268459,2.329900395));
#8072=DIRECTION('',(0.998485408,-0.00911942,0.054256125));
#8073=DIRECTION('',(-0.054258381,-0.,0.998526929));
#8074=AXIS2_PLACEMENT_3D('',#8071,#8072,#8073);
#8075=PLANE('',#8074);
#8076=POLY_LOOP('',(#3491,#7838,#1296));
#8077=FACE_OUTER_BOUND('',#8076,.T.);
#8078=FACE_SURFACE('',(#8077),#8075,.T.);
#8079=CARTESIAN_POINT('',(29.424535111,195.769816637,6.677223369));
#8080=DIRECTION('',(-0.566575872,-0.774153756,0.282272464));
#8081=DIRECTION('',(-0.806969764,0.590592753,-0.));
#8082=AXIS2_PLACEMENT_3D('',#8079,#8080,#8081);
#8083=PLANE('',#8082);
#8084=POLY_LOOP('',(#1761,#4588,#66));
#8085=FACE_OUTER_BOUND('',#8084,.T.);
#8086=FACE_SURFACE('',(#8085),#8083,.T.);
#8087=CARTESIAN_POINT('',(40.546890348,311.561197042,6.264466792));
#8088=CARTESIAN_POINT('',(35.745512694,315.716922283,6.631957833));
#8089=DIRECTION('',(-0.556968062,-0.591988362,-0.582525843));
#8090=DIRECTION('',(0.,0.701387186,-0.712780482));
#8091=AXIS2_PLACEMENT_3D('',#8088,#8089,#8090);
#8092=PLANE('',#8091);
#8093=POLY_LOOP('',(#7847,#8087,#7848));
#8094=FACE_OUTER_BOUND('',#8093,.T.);
#8095=FACE_SURFACE('',(#8094),#8092,.T.);
#8096=CARTESIAN_POINT('',(38.135584444,240.503489971,11.563526466));
#8097=CARTESIAN_POINT('',(38.135584444,240.503489971,11.563526466));
#8098=DIRECTION('',(0.109697851,-0.133136394,0.985008163));
#8099=DIRECTION('',(0.,0.990988801,0.133944753));
#8100=AXIS2_PLACEMENT_3D('',#8097,#8098,#8099);
#8101=PLANE('',#8100);
#8102=POLY_LOOP('',(#8096,#2330,#2329));
#8103=FACE_OUTER_BOUND('',#8102,.T.);
#8104=FACE_SURFACE('',(#8103),#8101,.T.);
#8105=CARTESIAN_POINT('',(31.462457031,348.171442747,-9.994924068));
#8106=DIRECTION('',(0.003728521,-0.028638028,0.999582894));
#8107=DIRECTION('',(0.,0.999589842,0.028638227));
#8108=AXIS2_PLACEMENT_3D('',#8105,#8106,#8107);
#8109=PLANE('',#8108);
#8110=POLY_LOOP('',(#7633,#7634,#2164));
#8111=FACE_OUTER_BOUND('',#8110,.T.);
#8112=FACE_SURFACE('',(#8111),#8109,.T.);
#8113=CARTESIAN_POINT('',(46.955965459,289.79074955,-2.472087741));
#8114=CARTESIAN_POINT('',(46.858619899,289.639830589,2.621890744));
#8115=DIRECTION('',(0.000703714,0.999560765,0.029627368));
#8116=DIRECTION('',(0.,-0.029627375,0.999561013));
#8117=AXIS2_PLACEMENT_3D('',#8114,#8115,#8116);
#8118=PLANE('',#8117);
#8119=POLY_LOOP('',(#3742,#7865,#8113));
#8120=FACE_OUTER_BOUND('',#8119,.T.);
#8121=FACE_SURFACE('',(#8120),#8118,.T.);
#8122=CARTESIAN_POINT('',(31.495239586,233.239412308,11.717279442));
#8123=CARTESIAN_POINT('',(28.659824282,222.00126946,12.019107118));
#8124=CARTESIAN_POINT('',(33.889662474,225.262969732,8.955545723));
#8125=DIRECTION('',(0.55572389,-0.118108803,0.822934547));
#8126=DIRECTION('',(0.828735146,0.,-0.559641008));
#8127=AXIS2_PLACEMENT_3D('',#8124,#8125,#8126);
#8128=PLANE('',#8127);
#8129=POLY_LOOP('',(#7883,#8122,#8123));
#8130=FACE_OUTER_BOUND('',#8129,.T.);
#8131=FACE_SURFACE('',(#8130),#8128,.T.);
#8132=CARTESIAN_POINT('',(33.889662474,225.262969732,8.955545723));
#8133=DIRECTION('',(0.416806315,0.170340775,0.89289222));
#8134=DIRECTION('',(0.906135192,0.,-0.422988197));
#8135=AXIS2_PLACEMENT_3D('',#8132,#8133,#8134);
#8136=PLANE('',#8135);
#8137=POLY_LOOP('',(#7883,#8123,#4263));
#8138=FACE_OUTER_BOUND('',#8137,.T.);
#8139=FACE_SURFACE('',(#8138),#8136,.T.);
#8140=CARTESIAN_POINT('',(42.113874108,214.285925031,4.080174491));
#8141=DIRECTION('',(0.262408252,0.743564344,0.615023557));
#8142=DIRECTION('',(0.,-0.637358546,0.770567377));
#8143=AXIS2_PLACEMENT_3D('',#8140,#8141,#8142);
#8144=PLANE('',#8143);
#8145=POLY_LOOP('',(#7874,#4244,#831));
#8146=FACE_OUTER_BOUND('',#8145,.T.);
#8147=FACE_SURFACE('',(#8146),#8144,.T.);
#8148=CARTESIAN_POINT('',(106.776542962,477.078735828,-11.59942802));
#8149=CARTESIAN_POINT('',(106.776542962,477.078735828,-11.59942802));
#8150=DIRECTION('',(-0.663428875,0.379606821,-0.644795153));
#8151=DIRECTION('',(0.696964393,-0.,-0.717105735));
#8152=AXIS2_PLACEMENT_3D('',#8149,#8150,#8151);
#8153=PLANE('',#8152);
#8154=POLY_LOOP('',(#8148,#7813,#5868));
#8155=FACE_OUTER_BOUND('',#8154,.T.);
#8156=FACE_SURFACE('',(#8155),#8153,.T.);
#8157=CARTESIAN_POINT('',(104.093901813,465.746790171,12.240567245));
#8158=DIRECTION('',(-0.092014128,0.041596595,0.994888498));
#8159=DIRECTION('',(0.995750333,0.,0.092093836));
#8160=AXIS2_PLACEMENT_3D('',#8157,#8158,#8159);
#8161=PLANE('',#8160);
#8162=POLY_LOOP('',(#7702,#7668,#7703));
#8163=FACE_OUTER_BOUND('',#8162,.T.);
#8164=FACE_SURFACE('',(#8163),#8161,.T.);
#8165=CARTESIAN_POINT('',(27.705619112,437.861442566,-10.111598298));
#8166=CARTESIAN_POINT('',(30.501402915,433.798581362,-7.263028994));
#8167=DIRECTION('',(-0.317449904,0.388159655,0.865192256));
#8168=DIRECTION('',(-0.,0.912385349,-0.409332353));
#8169=AXIS2_PLACEMENT_3D('',#8166,#8167,#8168);
#8170=PLANE('',#8169);
#8171=POLY_LOOP('',(#5529,#5806,#8165));
#8172=FACE_OUTER_BOUND('',#8171,.T.);
#8173=FACE_SURFACE('',(#8172),#8170,.T.);
#8174=CARTESIAN_POINT('',(104.815796018,204.544872046,-12.122177519));
#8175=DIRECTION('',(0.228317672,0.626316459,-0.745384957));
#8176=DIRECTION('',(0.,-0.765607178,-0.643308363));
#8177=AXIS2_PLACEMENT_3D('',#8174,#8175,#8176);
#8178=PLANE('',#8177);
#8179=POLY_LOOP('',(#1038,#820,#1039));
#8180=FACE_OUTER_BOUND('',#8179,.T.);
#8181=FACE_SURFACE('',(#8180),#8178,.T.);
#8182=CARTESIAN_POINT('',(12.116060592,437.209784985,-7.752683479));
#8183=DIRECTION('',(-0.765321272,0.471094496,-0.438581037));
#8184=DIRECTION('',(-0.524200373,-0.851594956,0.));
#8185=AXIS2_PLACEMENT_3D('',#8182,#8183,#8184);
#8186=PLANE('',#8185);
#8187=POLY_LOOP('',(#5771,#5770,#6145));
#8188=FACE_OUTER_BOUND('',#8187,.T.);
#8189=FACE_SURFACE('',(#8188),#8186,.T.);
#8190=CARTESIAN_POINT('',(234.792202711,376.364856958,8.389080875));
#8191=CARTESIAN_POINT('',(235.915929079,382.673114538,5.679065362));
#8192=DIRECTION('',(0.66863389,0.189761016,0.718971125));
#8193=DIRECTION('',(0.73227636,0.,-0.681007587));
#8194=AXIS2_PLACEMENT_3D('',#8191,#8192,#8193);
#8195=PLANE('',#8194);
#8196=POLY_LOOP('',(#7934,#471,#8190));
#8197=FACE_OUTER_BOUND('',#8196,.T.);
#8198=FACE_SURFACE('',(#8197),#8195,.T.);
#8199=CARTESIAN_POINT('',(34.512609243,337.686181068,11.540547013));
#8200=DIRECTION('',(0.1010986,-0.100920916,0.989744433));
#8201=DIRECTION('',(0.994823553,0.,-0.101617413));
#8202=AXIS2_PLACEMENT_3D('',#8199,#8200,#8201);
#8203=PLANE('',#8202);
#8204=POLY_LOOP('',(#5251,#5250,#811));
#8205=FACE_OUTER_BOUND('',#8204,.T.);
#8206=FACE_SURFACE('',(#8205),#8203,.T.);
#8207=CARTESIAN_POINT('',(214.615732431,385.594248772,-7.546433248));
#8208=CARTESIAN_POINT('',(215.718775988,378.065854311,-5.666105542));
#8209=CARTESIAN_POINT('',(214.615732431,385.594248772,-7.546433248));
#8210=DIRECTION('',(0.72935943,0.264453453,0.630951023));
#8211=DIRECTION('',(-0.654243091,0.,0.756284323));
#8212=AXIS2_PLACEMENT_3D('',#8209,#8210,#8211);
#8213=PLANE('',#8212);
#8214=POLY_LOOP('',(#8207,#1122,#8208));
#8215=FACE_OUTER_BOUND('',#8214,.T.);
#8216=FACE_SURFACE('',(#8215),#8213,.T.);
#8217=CARTESIAN_POINT('',(132.860958576,143.999993801,12.481956743));
#8218=CARTESIAN_POINT('',(131.986737251,174.583733082,12.529339641));
#8219=DIRECTION('',(-0.411183445,-0.013165586,0.911457537));
#8220=DIRECTION('',(0.91153654,-0.,0.411219086));
#8221=AXIS2_PLACEMENT_3D('',#8218,#8219,#8220);
#8222=PLANE('',#8221);
#8223=POLY_LOOP('',(#4144,#4163,#8217));
#8224=FACE_OUTER_BOUND('',#8223,.T.);
#8225=FACE_SURFACE('',(#8224),#8222,.T.);
#8226=CARTESIAN_POINT('',(41.137907654,337.268918753,3.946199082));
#8227=DIRECTION('',(-0.607924191,0.783515634,-0.128574607));
#8228=DIRECTION('',(0.79007337,0.613012292,0.));
#8229=AXIS2_PLACEMENT_3D('',#8226,#8227,#8228);
#8230=PLANE('',#8229);
#8231=POLY_LOOP('',(#3294,#6099,#7960));
#8232=FACE_OUTER_BOUND('',#8231,.T.);
#8233=FACE_SURFACE('',(#8232),#8230,.T.);
#8234=CARTESIAN_POINT('',(138.606607914,177.50659585,9.242079221));
#8235=DIRECTION('',(-0.779551682,-0.314468311,-0.541672278));
#8236=DIRECTION('',(0.57062104,-0.,-0.821213509));
#8237=AXIS2_PLACEMENT_3D('',#8234,#8235,#8236);
#8238=PLANE('',#8237);
#8239=POLY_LOOP('',(#6799,#6998,#238));
#8240=FACE_OUTER_BOUND('',#8239,.T.);
#8241=FACE_SURFACE('',(#8240),#8238,.T.);
#8242=CARTESIAN_POINT('',(23.040441796,410.70073843,10.567354038));
#8243=CARTESIAN_POINT('',(20.465204492,428.940176964,10.506913997));
#8244=CARTESIAN_POINT('',(23.040441796,410.70073843,10.567354038));
#8245=DIRECTION('',(-0.273042203,-0.041735778,-0.961096291));
#8246=DIRECTION('',(-0.961934441,0.,0.273280316));
#8247=AXIS2_PLACEMENT_3D('',#8244,#8245,#8246);
#8248=PLANE('',#8247);
#8249=POLY_LOOP('',(#8242,#8243,#7778));
#8250=FACE_OUTER_BOUND('',#8249,.T.);
#8251=FACE_SURFACE('',(#8250),#8248,.T.);
#8252=CARTESIAN_POINT('',(39.314799011,406.650215387,10.810941458));
#8253=DIRECTION('',(0.141787666,0.134025839,0.980782));
#8254=DIRECTION('',(0.989711337,0.,-0.143078544));
#8255=AXIS2_PLACEMENT_3D('',#8252,#8253,#8254);
#8256=PLANE('',#8255);
#8257=POLY_LOOP('',(#3400,#2742,#462));
#8258=FACE_OUTER_BOUND('',#8257,.T.);
#8259=FACE_SURFACE('',(#8258),#8256,.T.);
#8260=CARTESIAN_POINT('',(31.12334758,403.414189816,12.437355705));
#8261=DIRECTION('',(0.910676098,0.295585648,0.288614223));
#8262=DIRECTION('',(-0.308723219,0.951151919,0.));
#8263=AXIS2_PLACEMENT_3D('',#8260,#8261,#8262);
#8264=PLANE('',#8263);
#8265=POLY_LOOP('',(#462,#2742,#460));
#8266=FACE_OUTER_BOUND('',#8265,.T.);
#8267=FACE_SURFACE('',(#8266),#8264,.T.);
#8268=CARTESIAN_POINT('',(207.314446568,404.206395149,-9.525047615));
#8269=CARTESIAN_POINT('',(208.576634526,407.897979021,-6.416361779));
#8270=DIRECTION('',(-0.271739593,-0.563841866,0.779897393));
#8271=DIRECTION('',(-0.,0.810391772,0.585888365));
#8272=AXIS2_PLACEMENT_3D('',#8269,#8270,#8271);
#8273=PLANE('',#8272);
#8274=POLY_LOOP('',(#4532,#8268,#5225));
#8275=FACE_OUTER_BOUND('',#8274,.T.);
#8276=FACE_SURFACE('',(#8275),#8273,.T.);
#8277=CARTESIAN_POINT('',(38.410693407,213.034033775,-6.578314584));
#8278=DIRECTION('',(-0.297496111,-0.496785304,0.81529162));
#8279=DIRECTION('',(0.,0.853956168,0.520344947));
#8280=AXIS2_PLACEMENT_3D('',#8277,#8278,#8279);
#8281=PLANE('',#8280);
#8282=POLY_LOOP('',(#78,#5105,#5104));
#8283=FACE_OUTER_BOUND('',#8282,.T.);
#8284=FACE_SURFACE('',(#8283),#8281,.T.);
#8285=CARTESIAN_POINT('',(210.750326514,263.259500265,-8.975466713));
#8286=CARTESIAN_POINT('',(204.563245177,260.474801064,-7.787397597));
#8287=DIRECTION('',(-0.430041074,0.727222949,-0.534987343));
#8288=DIRECTION('',(0.,0.592580658,0.80551112));
#8289=AXIS2_PLACEMENT_3D('',#8286,#8287,#8288);
#8290=PLANE('',#8289);
#8291=POLY_LOOP('',(#3951,#3140,#8285));
#8292=FACE_OUTER_BOUND('',#8291,.T.);
#8293=FACE_SURFACE('',(#8292),#8290,.T.);
#8294=CARTESIAN_POINT('',(41.483148932,452.261716127,12.618596666));
#8295=DIRECTION('',(-0.003415764,0.465088013,0.885257857));
#8296=DIRECTION('',(0.,0.885263021,-0.465090726));
#8297=AXIS2_PLACEMENT_3D('',#8294,#8295,#8296);
#8298=PLANE('',#8297);
#8299=POLY_LOOP('',(#721,#2592,#2591));
#8300=FACE_OUTER_BOUND('',#8299,.T.);
#8301=FACE_SURFACE('',(#8300),#8298,.T.);
#8302=CARTESIAN_POINT('',(123.909473419,580.999910831,-5.330608226));
#8303=DIRECTION('',(0.985620946,0.002835084,-0.168947663));
#8304=DIRECTION('',(0.168948342,0.,0.985624907));
#8305=AXIS2_PLACEMENT_3D('',#8302,#8303,#8304);
#8306=PLANE('',#8305);
#8307=POLY_LOOP('',(#3492,#3491,#1296));
#8308=FACE_OUTER_BOUND('',#8307,.T.);
#8309=FACE_SURFACE('',(#8308),#8306,.T.);
#8310=CARTESIAN_POINT('',(32.408509403,324.066132307,7.398027927));
#8311=CARTESIAN_POINT('',(32.408509403,324.066132307,7.398027927));
#8312=DIRECTION('',(-0.662771695,-0.198650564,-0.721991436));
#8313=DIRECTION('',(-0.736673049,0.,0.676249081));
#8314=AXIS2_PLACEMENT_3D('',#8311,#8312,#8313);
#8315=PLANE('',#8314);
#8316=POLY_LOOP('',(#8310,#7847,#1800));
#8317=FACE_OUTER_BOUND('',#8316,.T.);
#8318=FACE_SURFACE('',(#8317),#8315,.T.);
#8319=CARTESIAN_POINT('',(40.078401566,315.146952868,-5.240871105));
#8320=CARTESIAN_POINT('',(46.260017902,311.237126589,-6.306819618));
#8321=DIRECTION('',(0.369148046,0.737737694,-0.565219263));
#8322=DIRECTION('',(0.,0.608174242,0.79380356));
#8323=AXIS2_PLACEMENT_3D('',#8320,#8321,#8322);
#8324=PLANE('',#8323);
#8325=POLY_LOOP('',(#2601,#2934,#8319));
#8326=FACE_OUTER_BOUND('',#8325,.T.);
#8327=FACE_SURFACE('',(#8326),#8324,.T.);
#8328=CARTESIAN_POINT('',(31.495239586,233.239412308,11.717279442));
#8329=DIRECTION('',(0.085251706,-0.056876774,0.994734728));
#8330=DIRECTION('',(0.99634761,0.,-0.085389935));
#8331=AXIS2_PLACEMENT_3D('',#8328,#8329,#8330);
#8332=PLANE('',#8331);
#8333=POLY_LOOP('',(#8122,#8096,#2329));
#8334=FACE_OUTER_BOUND('',#8333,.T.);
#8335=FACE_SURFACE('',(#8334),#8332,.T.);
#8336=CARTESIAN_POINT('',(23.784829304,219.438478351,12.553010136));
#8337=CARTESIAN_POINT('',(28.659824282,222.00126946,12.019107118));
#8338=DIRECTION('',(0.109328711,-0.000887514,0.994005254));
#8339=DIRECTION('',(0.994005646,-0.,-0.109328754));
#8340=AXIS2_PLACEMENT_3D('',#8337,#8338,#8339);
#8341=PLANE('',#8340);
#8342=POLY_LOOP('',(#8123,#8122,#8336));
#8343=FACE_OUTER_BOUND('',#8342,.T.);
#8344=FACE_SURFACE('',(#8343),#8341,.T.);
#8345=CARTESIAN_POINT('',(33.866416663,217.922136188,10.366838425));
#8346=DIRECTION('',(0.401566545,0.146365938,0.904058251));
#8347=DIRECTION('',(0.913900489,0.,-0.405938291));
#8348=AXIS2_PLACEMENT_3D('',#8345,#8346,#8347);
#8349=PLANE('',#8348);
#8350=POLY_LOOP('',(#4263,#8123,#4264));
#8351=FACE_OUTER_BOUND('',#8350,.T.);
#8352=FACE_SURFACE('',(#8351),#8349,.T.);
#8353=CARTESIAN_POINT('',(47.484111041,212.022528052,4.525339231));
#8354=DIRECTION('',(0.005092519,0.834436418,0.551080693));
#8355=DIRECTION('',(0.,-0.551087839,0.834447239));
#8356=AXIS2_PLACEMENT_3D('',#8353,#8354,#8355);
#8357=PLANE('',#8356);
#8358=POLY_LOOP('',(#831,#4244,#832));
#8359=FACE_OUTER_BOUND('',#8358,.T.);
#8360=FACE_SURFACE('',(#8359),#8357,.T.);
#8361=CARTESIAN_POINT('',(21.11236006,307.660102844,6.90477388));
#8362=DIRECTION('',(0.508303134,0.533118128,-0.676323137));
#8363=DIRECTION('',(0.,-0.785346311,-0.619056679));
#8364=AXIS2_PLACEMENT_3D('',#8361,#8362,#8363);
#8365=PLANE('',#8364);
#8366=POLY_LOOP('',(#1936,#1937,#3217));
#8367=FACE_OUTER_BOUND('',#8366,.T.);
#8368=FACE_SURFACE('',(#8367),#8365,.T.);
#8369=CARTESIAN_POINT('',(26.718599722,429.327070713,-8.641124703));
#8370=CARTESIAN_POINT('',(27.705619112,437.861442566,-10.111598298));
#8371=DIRECTION('',(-0.538165582,0.203178668,0.817983029));
#8372=DIRECTION('',(0.835408241,-0.,0.549629939));
#8373=AXIS2_PLACEMENT_3D('',#8370,#8371,#8372);
#8374=PLANE('',#8373);
#8375=POLY_LOOP('',(#8165,#8369,#5529));
#8376=FACE_OUTER_BOUND('',#8375,.T.);
#8377=FACE_SURFACE('',(#8376),#8374,.T.);
#8378=CARTESIAN_POINT('',(46.384636313,240.190640092,-5.159942899));
#8379=DIRECTION('',(-0.324589236,0.539848872,0.776662748));
#8380=DIRECTION('',(0.,0.821122354,-0.570752206));
#8381=AXIS2_PLACEMENT_3D('',#8378,#8379,#8380);
#8382=PLANE('',#8381);
#8383=POLY_LOOP('',(#279,#5450,#1113));
#8384=FACE_OUTER_BOUND('',#8383,.T.);
#8385=FACE_SURFACE('',(#8384),#8382,.T.);
#8386=CARTESIAN_POINT('',(204.49732244,361.182540655,7.027971093));
#8387=DIRECTION('',(-0.001447062,0.657092252,0.753808781));
#8388=DIRECTION('',(0.,0.753809571,-0.65709294));
#8389=AXIS2_PLACEMENT_3D('',#8386,#8387,#8388);
#8390=PLANE('',#8389);
#8391=POLY_LOOP('',(#4725,#492,#4380));
#8392=FACE_OUTER_BOUND('',#8391,.T.);
#8393=FACE_SURFACE('',(#8392),#8390,.T.);
#8394=CARTESIAN_POINT('',(44.377002865,205.114483833,-11.743010953));
#8395=CARTESIAN_POINT('',(44.377002865,205.114483833,-11.743010953));
#8396=DIRECTION('',(-0.004950904,0.134302198,-0.990928054));
#8397=DIRECTION('',(0.,-0.990940199,-0.134303844));
#8398=AXIS2_PLACEMENT_3D('',#8395,#8396,#8397);
#8399=PLANE('',#8398);
#8400=POLY_LOOP('',(#8394,#1038,#4908));
#8401=FACE_OUTER_BOUND('',#8400,.T.);
#8402=FACE_SURFACE('',(#8401),#8399,.T.);
#8403=CARTESIAN_POINT('',(100.539200008,580.999970436,3.940719645));
#8404=CARTESIAN_POINT('',(100.539200008,580.999970436,3.940719645));
#8405=DIRECTION('',(-0.996307207,0.002374096,0.085827228));
#8406=DIRECTION('',(-0.08582747,0.,-0.996310015));
#8407=AXIS2_PLACEMENT_3D('',#8404,#8405,#8406);
#8408=PLANE('',#8407);
#8409=POLY_LOOP('',(#8403,#5018,#3968));
#8410=FACE_OUTER_BOUND('',#8409,.T.);
#8411=FACE_SURFACE('',(#8410),#8408,.T.);
#8412=CARTESIAN_POINT('',(96.987262368,462.402999401,-9.017582051));
#8413=CARTESIAN_POINT('',(94.572722912,465.859800577,-4.652205855));
#8414=CARTESIAN_POINT('',(96.987262368,462.402999401,-9.017582051));
#8415=DIRECTION('',(0.580279953,-0.451033184,0.678118163));
#8416=DIRECTION('',(0.759790148,0.,-0.650168387));
#8417=AXIS2_PLACEMENT_3D('',#8414,#8415,#8416);
#8418=PLANE('',#8417);
#8419=POLY_LOOP('',(#8412,#3257,#8413));
#8420=FACE_OUTER_BOUND('',#8419,.T.);
#8421=FACE_SURFACE('',(#8420),#8418,.T.);
#8422=CARTESIAN_POINT('',(29.00733985,401.309221983,10.153210722));
#8423=CARTESIAN_POINT('',(27.863249183,397.406846285,8.349206299));
#8424=DIRECTION('',(0.329778552,0.314766348,-0.890038344));
#8425=DIRECTION('',(-0.937702525,-0.,-0.347439167));
#8426=AXIS2_PLACEMENT_3D('',#8423,#8424,#8425);
#8427=PLANE('',#8426);
#8428=POLY_LOOP('',(#3887,#5278,#8422));
#8429=FACE_OUTER_BOUND('',#8428,.T.);
#8430=FACE_SURFACE('',(#8429),#8427,.T.);
#8431=CARTESIAN_POINT('',(139.809861779,143.999993801,-11.751587503));
#8432=CARTESIAN_POINT('',(130.718067288,143.99933815,-12.273435481));
#8433=DIRECTION('',(0.000072038,-0.999999997,0.000001329));
#8434=DIRECTION('',(-0.999999997,-0.000072038,0.));
#8435=AXIS2_PLACEMENT_3D('',#8432,#8433,#8434);
#8436=PLANE('',#8435);
#8437=POLY_LOOP('',(#1514,#8431,#1868));
#8438=FACE_OUTER_BOUND('',#8437,.T.);
#8439=FACE_SURFACE('',(#8438),#8436,.T.);
#8440=CARTESIAN_POINT('',(208.576634526,407.897979021,-6.416361779));
#8441=DIRECTION('',(-0.002397559,-0.643652155,0.765314416));
#8442=DIRECTION('',(-0.,0.765316615,0.643654005));
#8443=AXIS2_PLACEMENT_3D('',#8440,#8441,#8442);
#8444=PLANE('',#8443);
#8445=POLY_LOOP('',(#4532,#7089,#8268));
#8446=FACE_OUTER_BOUND('',#8445,.T.);
#8447=FACE_SURFACE('',(#8446),#8444,.T.);
#8448=CARTESIAN_POINT('',(200.839579105,387.170732021,-0.557710708));
#8449=DIRECTION('',(-0.001471253,-0.962745803,-0.270404056));
#8450=DIRECTION('',(0.,0.270404348,-0.962746845));
#8451=AXIS2_PLACEMENT_3D('',#8448,#8449,#8450);
#8452=PLANE('',#8451);
#8453=POLY_LOOP('',(#2647,#2907,#2370));
#8454=FACE_OUTER_BOUND('',#8453,.T.);
#8455=FACE_SURFACE('',(#8454),#8452,.T.);
#8456=CARTESIAN_POINT('',(9.11496859,414.809644222,4.04174719));
#8457=CARTESIAN_POINT('',(12.119991705,420.443862677,10.078914464));
#8458=DIRECTION('',(-0.725492088,-0.284533836,0.626659179));
#8459=DIRECTION('',(-0.653678319,0.,-0.756772525));
#8460=AXIS2_PLACEMENT_3D('',#8457,#8458,#8459);
#8461=PLANE('',#8460);
#8462=POLY_LOOP('',(#2066,#8456,#8003));
#8463=FACE_OUTER_BOUND('',#8462,.T.);
#8464=FACE_SURFACE('',(#8463),#8461,.T.);
#8465=CARTESIAN_POINT('',(11.911061592,436.782479286,7.494345773));
#8466=DIRECTION('',(-0.779757627,0.088082219,0.619854471));
#8467=DIRECTION('',(-0.622273117,0.,-0.782800209));
#8468=AXIS2_PLACEMENT_3D('',#8465,#8466,#8467);
#8469=PLANE('',#8468);
#8470=POLY_LOOP('',(#1337,#6265,#2066));
#8471=FACE_OUTER_BOUND('',#8470,.T.);
#8472=FACE_SURFACE('',(#8471),#8469,.T.);
#8473=CARTESIAN_POINT('',(20.197439939,330.351024866,9.691274725));
#8474=DIRECTION('',(0.520894044,0.078365026,-0.850016657));
#8475=DIRECTION('',(-0.852638749,0.,-0.522500874));
#8476=AXIS2_PLACEMENT_3D('',#8473,#8474,#8475);
#8477=PLANE('',#8476);
#8478=POLY_LOOP('',(#175,#129,#5488));
#8479=FACE_OUTER_BOUND('',#8478,.T.);
#8480=FACE_SURFACE('',(#8479),#8477,.T.);
#8481=CARTESIAN_POINT('',(125.551134348,178.038269281,-9.049751796));
#8482=CARTESIAN_POINT('',(126.925721765,168.461933732,-7.440073881));
#8483=CARTESIAN_POINT('',(125.551134348,178.038269281,-9.049751796));
#8484=DIRECTION('',(0.418145359,0.208627822,0.884097784));
#8485=DIRECTION('',(0.903989985,-0.,-0.42755363));
#8486=AXIS2_PLACEMENT_3D('',#8483,#8484,#8485);
#8487=PLANE('',#8486);
#8488=POLY_LOOP('',(#8481,#8482,#2185));
#8489=FACE_OUTER_BOUND('',#8488,.T.);
#8490=FACE_SURFACE('',(#8489),#8487,.T.);
#8491=CARTESIAN_POINT('',(28.211457655,321.783065796,10.049737059));
#8492=CARTESIAN_POINT('',(30.913364142,334.453552961,9.822661988));
#8493=DIRECTION('',(-0.572149361,0.107435756,-0.813082202));
#8494=DIRECTION('',(-0.817815695,0.,0.575480224));
#8495=AXIS2_PLACEMENT_3D('',#8492,#8493,#8494);
#8496=PLANE('',#8495);
#8497=POLY_LOOP('',(#128,#8310,#8491));
#8498=FACE_OUTER_BOUND('',#8497,.T.);
#8499=FACE_SURFACE('',(#8498),#8496,.T.);
#8500=CARTESIAN_POINT('',(132.674917579,176.707968116,10.838217102));
#8501=DIRECTION('',(-0.232644402,-0.181632408,-0.95545081));
#8502=DIRECTION('',(-0.971612123,0.,0.236579549));
#8503=AXIS2_PLACEMENT_3D('',#8500,#8501,#8502);
#8504=PLANE('',#8503);
#8505=POLY_LOOP('',(#2580,#1772,#6799));
#8506=FACE_OUTER_BOUND('',#8505,.T.);
#8507=FACE_SURFACE('',(#8506),#8504,.T.);
#8508=CARTESIAN_POINT('',(37.720091641,405.392318964,9.296524338));
#8509=CARTESIAN_POINT('',(37.720091641,405.392318964,9.296524338));
#8510=DIRECTION('',(-0.504831472,-0.559641449,-0.65722647));
#8511=DIRECTION('',(-0.,-0.76136796,0.648320006));
#8512=AXIS2_PLACEMENT_3D('',#8509,#8510,#8511);
#8513=PLANE('',#8512);
#8514=POLY_LOOP('',(#8508,#7778,#8013));
#8515=FACE_OUTER_BOUND('',#8514,.T.);
#8516=FACE_SURFACE('',(#8515),#8513,.T.);
#8517=CARTESIAN_POINT('',(26.046991348,208.018422127,-12.082017958));
#8518=CARTESIAN_POINT('',(22.481229156,205.719217658,-9.394261055));
#8519=DIRECTION('',(-0.500974219,-0.205765404,-0.840645842));
#8520=DIRECTION('',(-0.85902788,0.,0.511928805));
#8521=AXIS2_PLACEMENT_3D('',#8518,#8519,#8520);
#8522=PLANE('',#8521);
#8523=POLY_LOOP('',(#4744,#3428,#8517));
#8524=FACE_OUTER_BOUND('',#8523,.T.);
#8525=FACE_SURFACE('',(#8524),#8522,.T.);
#8526=CARTESIAN_POINT('',(31.707596034,400.921195745,-12.61402946));
#8527=CARTESIAN_POINT('',(35.490386188,404.391497374,-12.103850953));
#8528=DIRECTION('',(0.004626305,0.14050978,-0.990068482));
#8529=DIRECTION('',(0.,-0.990079077,-0.140511284));
#8530=AXIS2_PLACEMENT_3D('',#8527,#8528,#8529);
#8531=PLANE('',#8530);
#8532=POLY_LOOP('',(#3905,#8526,#4107));
#8533=FACE_OUTER_BOUND('',#8532,.T.);
#8534=FACE_SURFACE('',(#8533),#8531,.T.);
#8535=CARTESIAN_POINT('',(204.563245177,260.474801064,-7.787397597));
#8536=DIRECTION('',(-0.372225944,0.490971434,-0.787651508));
#8537=DIRECTION('',(0.,-0.84863241,-0.528983017));
#8538=AXIS2_PLACEMENT_3D('',#8535,#8536,#8537);
#8539=PLANE('',#8538);
#8540=POLY_LOOP('',(#3951,#8285,#5441));
#8541=FACE_OUTER_BOUND('',#8540,.T.);
#8542=FACE_SURFACE('',(#8541),#8539,.T.);
#8543=CARTESIAN_POINT('',(27.586115524,435.291111469,-11.427286081));
#8544=CARTESIAN_POINT('',(38.328487426,446.683734655,-12.347361073));
#8545=DIRECTION('',(0.074288688,-0.149673699,-0.985940655));
#8546=DIRECTION('',(0.,-0.988672577,0.150088427));
#8547=AXIS2_PLACEMENT_3D('',#8544,#8545,#8546);
#8548=PLANE('',#8547);
#8549=POLY_LOOP('',(#5555,#8543,#8062));
#8550=FACE_OUTER_BOUND('',#8549,.T.);
#8551=FACE_SURFACE('',(#8550),#8548,.T.);
#8552=CARTESIAN_POINT('',(22.517709062,421.376913786,-12.495946139));
#8553=CARTESIAN_POINT('',(23.389572278,441.716372967,-12.718893588));
#8554=DIRECTION('',(0.263365859,-0.021860969,-0.964448299));
#8555=DIRECTION('',(-0.964678838,-0.,-0.263428814));
#8556=AXIS2_PLACEMENT_3D('',#8553,#8554,#8555);
#8557=PLANE('',#8556);
#8558=POLY_LOOP('',(#8062,#8543,#8552));
#8559=FACE_OUTER_BOUND('',#8558,.T.);
#8560=FACE_SURFACE('',(#8559),#8557,.T.);
#8561=CARTESIAN_POINT('',(124.563589692,475.435495377,-3.286029911));
#8562=DIRECTION('',(0.865584534,-0.00433496,-0.500744069));
#8563=DIRECTION('',(0.500748774,0.,0.865592667));
#8564=AXIS2_PLACEMENT_3D('',#8561,#8562,#8563);
#8565=PLANE('',#8564);
#8566=POLY_LOOP('',(#1296,#1297,#3492));
#8567=FACE_OUTER_BOUND('',#8566,.T.);
#8568=FACE_SURFACE('',(#8567),#8565,.T.);
#8569=CARTESIAN_POINT('',(33.186435699,428.75418067,-3.122527152));
#8570=CARTESIAN_POINT('',(30.066637322,429.961204529,-8.812262677));
#8571=CARTESIAN_POINT('',(35.772047937,433.142632246,-3.340413328));
#8572=DIRECTION('',(0.734987537,-0.457876073,-0.500142802));
#8573=DIRECTION('',(0.562580184,0.,0.826742727));
#8574=AXIS2_PLACEMENT_3D('',#8571,#8572,#8573);
#8575=PLANE('',#8574);
#8576=POLY_LOOP('',(#5629,#8569,#8570));
#8577=FACE_OUTER_BOUND('',#8576,.T.);
#8578=FACE_SURFACE('',(#8577),#8575,.T.);
#8579=CARTESIAN_POINT('',(119.038797915,182.84291029,9.808162227));
#8580=DIRECTION('',(-0.786844501,-0.39765512,0.47195989));
#8581=DIRECTION('',(-0.514378099,-0.,-0.857563508));
#8582=AXIS2_PLACEMENT_3D('',#8579,#8580,#8581);
#8583=PLANE('',#8582);
#8584=POLY_LOOP('',(#843,#4281,#4164));
#8585=FACE_OUTER_BOUND('',#8584,.T.);
#8586=FACE_SURFACE('',(#8585),#8583,.T.);
#8587=CARTESIAN_POINT('',(40.078401566,315.146952868,-5.240871105));
#8588=DIRECTION('',(0.650447398,0.659075865,-0.377540973));
#8589=DIRECTION('',(0.711750467,-0.702432397,0.));
#8590=AXIS2_PLACEMENT_3D('',#8587,#8588,#8589);
#8591=PLANE('',#8590);
#8592=POLY_LOOP('',(#8319,#2531,#2542));
#8593=FACE_OUTER_BOUND('',#8592,.T.);
#8594=FACE_SURFACE('',(#8593),#8591,.T.);
#8595=CARTESIAN_POINT('',(32.474856824,431.448221207,-1.29744783));
#8596=DIRECTION('',(-0.941550295,0.268266236,-0.203755413));
#8597=DIRECTION('',(-0.274014562,-0.961725543,0.));
#8598=AXIS2_PLACEMENT_3D('',#8595,#8596,#8597);
#8599=PLANE('',#8598);
#8600=POLY_LOOP('',(#4183,#4182,#4954));
#8601=FACE_OUTER_BOUND('',#8600,.T.);
#8602=FACE_SURFACE('',(#8601),#8599,.T.);
#8603=CARTESIAN_POINT('',(41.995473206,235.985636711,5.424374249));
#8604=DIRECTION('',(0.58802736,-0.429206933,0.685569276));
#8605=DIRECTION('',(0.759039618,0.,-0.651044437));
#8606=AXIS2_PLACEMENT_3D('',#8603,#8604,#8605);
#8607=PLANE('',#8606);
#8608=POLY_LOOP('',(#5114,#8096,#5387));
#8609=FACE_OUTER_BOUND('',#8608,.T.);
#8610=FACE_SURFACE('',(#8609),#8607,.T.);
#8611=CARTESIAN_POINT('',(28.659824282,222.00126946,12.019107118));
#8612=DIRECTION('',(0.079656936,0.055815833,0.995258441));
#8613=DIRECTION('',(0.996812391,0.,-0.079781309));
#8614=AXIS2_PLACEMENT_3D('',#8611,#8612,#8613);
#8615=PLANE('',#8614);
#8616=POLY_LOOP('',(#8123,#8336,#4264));
#8617=FACE_OUTER_BOUND('',#8616,.T.);
#8618=FACE_SURFACE('',(#8617),#8615,.T.);
#8619=CARTESIAN_POINT('',(115.587733686,477.939128876,-12.439967133));
#8620=CARTESIAN_POINT('',(115.587733686,477.939128876,-12.439967133));
#8621=DIRECTION('',(-0.100938462,0.063762788,-0.992847286));
#8622=DIRECTION('',(-0.994871768,-0.,0.101144282));
#8623=AXIS2_PLACEMENT_3D('',#8620,#8621,#8622);
#8624=PLANE('',#8623);
#8625=POLY_LOOP('',(#8619,#7813,#8148));
#8626=FACE_OUTER_BOUND('',#8625,.T.);
#8627=FACE_SURFACE('',(#8626),#8624,.T.);
#8628=CARTESIAN_POINT('',(43.97950694,304.884284735,9.767824784));
#8629=DIRECTION('',(0.003152175,-0.113980406,-0.993477997));
#8630=DIRECTION('',(0.,-0.993482933,0.113980972));
#8631=AXIS2_PLACEMENT_3D('',#8628,#8629,#8630);
#8632=PLANE('',#8631);
#8633=POLY_LOOP('',(#7848,#2002,#1801));
#8634=FACE_OUTER_BOUND('',#8633,.T.);
#8635=FACE_SURFACE('',(#8634),#8632,.T.);
#8636=CARTESIAN_POINT('',(18.220588565,308.249801397,1.728242612));
#8637=DIRECTION('',(0.728545501,0.59512127,-0.339193346));
#8638=DIRECTION('',(-0.632625404,0.774457938,0.));
#8639=AXIS2_PLACEMENT_3D('',#8636,#8637,#8638);
#8640=PLANE('',#8639);
#8641=POLY_LOOP('',(#1612,#1936,#3217));
#8642=FACE_OUTER_BOUND('',#8641,.T.);
#8643=FACE_SURFACE('',(#8642),#8640,.T.);
#8644=CARTESIAN_POINT('',(104.040570557,480.81061244,9.370204061));
#8645=DIRECTION('',(-0.483126278,-0.002581813,0.875546877));
#8646=DIRECTION('',(0.875549795,0.,0.483127888));
#8647=AXIS2_PLACEMENT_3D('',#8644,#8645,#8646);
#8648=PLANE('',#8647);
#8649=POLY_LOOP('',(#7943,#7703,#1177));
#8650=FACE_OUTER_BOUND('',#8649,.T.);
#8651=FACE_SURFACE('',(#8650),#8648,.T.);
#8652=CARTESIAN_POINT('',(100.006751716,580.999970436,-2.240093658));
#8653=DIRECTION('',(0.00003527,0.999999999,-0.000003038));
#8654=DIRECTION('',(0.999999999,-0.00003527,0.));
#8655=AXIS2_PLACEMENT_3D('',#8652,#8653,#8654);
#8656=PLANE('',#8655);
#8657=POLY_LOOP('',(#5018,#8403,#1315));
#8658=FACE_OUTER_BOUND('',#8657,.T.);
#8659=FACE_SURFACE('',(#8658),#8656,.T.);
#8660=CARTESIAN_POINT('',(100.802004337,480.976223946,4.646124784));
#8661=CARTESIAN_POINT('',(100.802004337,480.976223946,4.646124784));
#8662=DIRECTION('',(-0.824804373,-0.000632974,0.565417851));
#8663=DIRECTION('',(-0.565417964,0.,-0.824804538));
#8664=AXIS2_PLACEMENT_3D('',#8661,#8662,#8663);
#8665=PLANE('',#8664);
#8666=POLY_LOOP('',(#8660,#7943,#1177));
#8667=FACE_OUTER_BOUND('',#8666,.T.);
#8668=FACE_SURFACE('',(#8667),#8665,.T.);
#8669=CARTESIAN_POINT('',(99.907800555,480.891376734,-0.619609666));
#8670=DIRECTION('',(-0.985881142,-0.001409468,0.167440695));
#8671=DIRECTION('',(-0.167440861,0.,-0.985882122));
#8672=AXIS2_PLACEMENT_3D('',#8669,#8670,#8671);
#8673=PLANE('',#8672);
#8674=POLY_LOOP('',(#3968,#8660,#8403));
#8675=FACE_OUTER_BOUND('',#8674,.T.);
#8676=FACE_SURFACE('',(#8675),#8673,.T.);
#8677=CARTESIAN_POINT('',(95.962099731,455.76685667,-10.456576012));
#8678=CARTESIAN_POINT('',(102.630637586,468.944400549,-9.495888837));
#8679=DIRECTION('',(0.366768709,-0.25091395,0.895836427));
#8680=DIRECTION('',(0.925441872,0.,-0.378889617));
#8681=AXIS2_PLACEMENT_3D('',#8678,#8679,#8680);
#8682=PLANE('',#8681);
#8683=POLY_LOOP('',(#3257,#8412,#8677));
#8684=FACE_OUTER_BOUND('',#8683,.T.);
#8685=FACE_SURFACE('',(#8684),#8682,.T.);
#8686=CARTESIAN_POINT('',(123.033151031,477.522462606,-0.760269177));
#8687=DIRECTION('',(-0.980175354,0.005853704,-0.198045473));
#8688=DIRECTION('',(0.198048866,0.,-0.980192148));
#8689=AXIS2_PLACEMENT_3D('',#8686,#8687,#8688);
#8690=PLANE('',#8689);
#8691=POLY_LOOP('',(#1973,#582,#3227));
#8692=FACE_OUTER_BOUND('',#8691,.T.);
#8693=FACE_SURFACE('',(#8692),#8690,.T.);
#8694=CARTESIAN_POINT('',(130.718067288,143.99933815,-12.273435481));
#8695=DIRECTION('',(0.057299355,-0.013161208,-0.998270287));
#8696=DIRECTION('',(-0.998356757,0.,-0.057304318));
#8697=AXIS2_PLACEMENT_3D('',#8694,#8695,#8696);
#8698=PLANE('',#8697);
#8699=POLY_LOOP('',(#1514,#6310,#8431));
#8700=FACE_OUTER_BOUND('',#8699,.T.);
#8701=FACE_SURFACE('',(#8700),#8698,.T.);
#8702=CARTESIAN_POINT('',(202.964797616,388.76375556,5.789274815));
#8703=DIRECTION('',(0.001265678,-0.820144337,0.57215528));
#8704=DIRECTION('',(0.,-0.572155738,-0.820144994));
#8705=AXIS2_PLACEMENT_3D('',#8702,#8703,#8704);
#8706=PLANE('',#8705);
#8707=POLY_LOOP('',(#3158,#3275,#4235));
#8708=FACE_OUTER_BOUND('',#8707,.T.);
#8709=FACE_SURFACE('',(#8708),#8706,.T.);
#8710=CARTESIAN_POINT('',(8.191934787,424.559295177,4.552732222));
#8711=DIRECTION('',(-0.846398541,-0.107468571,0.521593728));
#8712=DIRECTION('',(-0.524632144,0.,-0.851329028));
#8713=AXIS2_PLACEMENT_3D('',#8710,#8711,#8712);
#8714=PLANE('',#8713);
#8715=POLY_LOOP('',(#6265,#8456,#2066));
#8716=FACE_OUTER_BOUND('',#8715,.T.);
#8717=FACE_SURFACE('',(#8716),#8714,.T.);
#8718=CARTESIAN_POINT('',(12.119991705,420.443862677,10.078914464));
#8719=DIRECTION('',(-0.661186838,0.108962481,0.742266221));
#8720=DIRECTION('',(0.746712248,0.,0.665147215));
#8721=AXIS2_PLACEMENT_3D('',#8718,#8719,#8720);
#8722=PLANE('',#8721);
#8723=POLY_LOOP('',(#2066,#1338,#1337));
#8724=FACE_OUTER_BOUND('',#8723,.T.);
#8725=FACE_SURFACE('',(#8724),#8722,.T.);
#8726=CARTESIAN_POINT('',(110.874041915,463.17204833,-12.155290693));
#8727=DIRECTION('',(0.039827244,-0.031965582,-0.998695145));
#8728=DIRECTION('',(-0.999205769,-0.,-0.039847607));
#8729=AXIS2_PLACEMENT_3D('',#8726,#8727,#8728);
#8730=PLANE('',#8729);
#8731=POLY_LOOP('',(#2352,#2351,#8619));
#8732=FACE_OUTER_BOUND('',#8731,.T.);
#8733=FACE_SURFACE('',(#8732),#8730,.T.);
#8734=CARTESIAN_POINT('',(44.071160257,411.95461154,-2.662496176));
#8735=DIRECTION('',(0.464771679,0.866210699,0.183483817));
#8736=DIRECTION('',(0.881170569,-0.472798507,-0.));
#8737=AXIS2_PLACEMENT_3D('',#8734,#8735,#8736);
#8738=PLANE('',#8737);
#8739=POLY_LOOP('',(#6284,#3437,#1523));
#8740=FACE_OUTER_BOUND('',#8739,.T.);
#8741=FACE_SURFACE('',(#8740),#8738,.T.);
#8742=CARTESIAN_POINT('',(32.250177115,299.509853125,8.851094171));
#8743=DIRECTION('',(0.181390064,0.227878232,-0.956644739));
#8744=DIRECTION('',(0.,-0.972781997,-0.231722219));
#8745=AXIS2_PLACEMENT_3D('',#8742,#8743,#8744);
#8746=PLANE('',#8745);
#8747=POLY_LOOP('',(#1937,#129,#1801));
#8748=FACE_OUTER_BOUND('',#8747,.T.);
#8749=FACE_SURFACE('',(#8748),#8746,.T.);
#8750=CARTESIAN_POINT('',(22.481229156,205.719217658,-9.394261055));
#8751=DIRECTION('',(-0.387737325,-0.38025445,-0.839682273));
#8752=DIRECTION('',(-0.907880521,0.,0.419229006));
#8753=AXIS2_PLACEMENT_3D('',#8750,#8751,#8752);
#8754=PLANE('',#8753);
#8755=POLY_LOOP('',(#4744,#8517,#4735));
#8756=FACE_OUTER_BOUND('',#8755,.T.);
#8757=FACE_SURFACE('',(#8756),#8754,.T.);
#8758=CARTESIAN_POINT('',(83.916649222,454.518526793,-9.334518574));
#8759=DIRECTION('',(-0.012653904,-0.716279793,0.697698457));
#8760=DIRECTION('',(0.,-0.697754322,-0.716337146));
#8761=AXIS2_PLACEMENT_3D('',#8758,#8759,#8760);
#8762=PLANE('',#8761);
#8763=POLY_LOOP('',(#3933,#5158,#3931));
#8764=FACE_OUTER_BOUND('',#8763,.T.);
#8765=FACE_SURFACE('',(#8764),#8762,.T.);
#8766=CARTESIAN_POINT('',(210.750326514,263.259500265,-8.975466713));
#8767=DIRECTION('',(-0.330950951,0.476188534,-0.814687639));
#8768=DIRECTION('',(0.,-0.863338528,-0.504625194));
#8769=AXIS2_PLACEMENT_3D('',#8766,#8767,#8768);
#8770=PLANE('',#8769);
#8771=POLY_LOOP('',(#8285,#2075,#5441));
#8772=FACE_OUTER_BOUND('',#8771,.T.);
#8773=FACE_SURFACE('',(#8772),#8770,.T.);
#8774=CARTESIAN_POINT('',(42.713671923,393.323391676,-11.09595038));
#8775=DIRECTION('',(-0.110443903,-0.346137884,-0.93166019));
#8776=DIRECTION('',(0.,-0.937394835,0.348268466));
#8777=AXIS2_PLACEMENT_3D('',#8774,#8775,#8776);
#8778=PLANE('',#8777);
#8779=POLY_LOOP('',(#3862,#3825,#8526));
#8780=FACE_OUTER_BOUND('',#8779,.T.);
#8781=FACE_SURFACE('',(#8780),#8778,.T.);
#8782=CARTESIAN_POINT('',(84.707774222,461.85362339,5.145510193));
#8783=DIRECTION('',(-0.088719046,0.759417606,0.644526051));
#8784=DIRECTION('',(0.,-0.647077679,0.76242408));
#8785=AXIS2_PLACEMENT_3D('',#8782,#8783,#8784);
#8786=PLANE('',#8785);
#8787=POLY_LOOP('',(#7978,#6231,#2591));
#8788=FACE_OUTER_BOUND('',#8787,.T.);
#8789=FACE_SURFACE('',(#8788),#8786,.T.);
#8790=CARTESIAN_POINT('',(212.354719639,308.480083942,-2.631648444));
#8791=DIRECTION('',(-0.232632939,-0.964572813,-0.12442349));
#8792=DIRECTION('',(-0.972127012,0.23445484,-0.));
#8793=AXIS2_PLACEMENT_3D('',#8790,#8791,#8792);
#8794=PLANE('',#8793);
#8795=POLY_LOOP('',(#2086,#1886,#712));
#8796=FACE_OUTER_BOUND('',#8795,.T.);
#8797=FACE_SURFACE('',(#8796),#8794,.T.);
#8798=CARTESIAN_POINT('',(125.551134348,178.038269281,-9.049751796));
#8799=DIRECTION('',(0.551330488,0.214651548,0.806200599));
#8800=DIRECTION('',(0.825441057,0.,-0.564488318));
#8801=AXIS2_PLACEMENT_3D('',#8798,#8799,#8800);
#8802=PLANE('',#8801);
#8803=POLY_LOOP('',(#8481,#1652,#8482));
#8804=FACE_OUTER_BOUND('',#8803,.T.);
#8805=FACE_SURFACE('',(#8804),#8802,.T.);
#8806=CARTESIAN_POINT('',(29.585022479,240.851029754,-10.631363839));
#8807=DIRECTION('',(0.192541049,-0.222206154,0.955799336));
#8808=DIRECTION('',(0.,0.974024384,0.226443149));
#8809=AXIS2_PLACEMENT_3D('',#8806,#8807,#8808);
#8810=PLANE('',#8809);
#8811=POLY_LOOP('',(#2243,#5498,#5780));
#8812=FACE_OUTER_BOUND('',#8811,.T.);
#8813=FACE_SURFACE('',(#8812),#8810,.T.);
#8814=CARTESIAN_POINT('',(37.556484342,224.818408489,-0.893919147));
#8815=CARTESIAN_POINT('',(36.452412605,221.171811223,-5.795512348));
#8816=DIRECTION('',(0.96590822,0.049194958,-0.254167597));
#8817=DIRECTION('',(0.254475717,0.,0.967079164));
#8818=AXIS2_PLACEMENT_3D('',#8815,#8816,#8817);
#8819=PLANE('',#8818);
#8820=POLY_LOOP('',(#593,#4481,#8814));
#8821=FACE_OUTER_BOUND('',#8820,.T.);
#8822=FACE_SURFACE('',(#8821),#8819,.T.);
#8823=CARTESIAN_POINT('',(43.933149427,250.702530146,-10.518500581));
#8824=CARTESIAN_POINT('',(43.933149427,250.702530146,-10.518500581));
#8825=DIRECTION('',(0.000733675,-0.261977326,0.96507375));
#8826=DIRECTION('',(-0.,0.965074009,0.261977397));
#8827=AXIS2_PLACEMENT_3D('',#8824,#8825,#8826);
#8828=PLANE('',#8827);
#8829=POLY_LOOP('',(#8823,#4607,#5498));
#8830=FACE_OUTER_BOUND('',#8829,.T.);
#8831=FACE_SURFACE('',(#8830),#8828,.T.);
#8832=CARTESIAN_POINT('',(32.408509403,324.066132307,7.398027927));
#8833=DIRECTION('',(-0.828055455,-0.286752683,-0.48176453));
#8834=DIRECTION('',(0.502883293,-0.,-0.864354322));
#8835=AXIS2_PLACEMENT_3D('',#8832,#8833,#8834);
#8836=PLANE('',#8835);
#8837=POLY_LOOP('',(#8310,#5422,#7847));
#8838=FACE_OUTER_BOUND('',#8837,.T.);
#8839=FACE_SURFACE('',(#8838),#8836,.T.);
#8840=CARTESIAN_POINT('',(32.330792397,209.36845243,12.433766387));
#8841=DIRECTION('',(-0.019549642,-0.028425278,0.99940473));
#8842=DIRECTION('',(0.,0.999595766,0.028430711));
#8843=AXIS2_PLACEMENT_3D('',#8840,#8841,#8842);
#8844=PLANE('',#8843);
#8845=POLY_LOOP('',(#4264,#8336,#1442));
#8846=FACE_OUTER_BOUND('',#8845,.T.);
#8847=FACE_SURFACE('',(#8846),#8844,.T.);
#8848=CARTESIAN_POINT('',(40.546890348,311.561197042,6.264466792));
#8849=DIRECTION('',(-0.287825349,-0.556806066,-0.779181349));
#8850=DIRECTION('',(0.,-0.813610993,0.581409625));
#8851=AXIS2_PLACEMENT_3D('',#8848,#8849,#8850);
#8852=PLANE('',#8851);
#8853=POLY_LOOP('',(#8087,#3724,#7848));
#8854=FACE_OUTER_BOUND('',#8853,.T.);
#8855=FACE_SURFACE('',(#8854),#8852,.T.);
#8856=CARTESIAN_POINT('',(206.572905183,388.068884611,-3.454122925));
#8857=CARTESIAN_POINT('',(206.572905183,388.068884611,-3.454122925));
#8858=DIRECTION('',(0.546428809,0.837161897,-0.023989907));
#8859=DIRECTION('',(0.837402901,-0.546586116,0.));
#8860=AXIS2_PLACEMENT_3D('',#8857,#8858,#8859);
#8861=PLANE('',#8860);
#8862=POLY_LOOP('',(#8856,#329,#1122));
#8863=FACE_OUTER_BOUND('',#8862,.T.);
#8864=FACE_SURFACE('',(#8863),#8861,.T.);
#8865=CARTESIAN_POINT('',(33.506318927,311.197310686,9.931024164));
#8866=DIRECTION('',(-0.073756257,-0.096700887,-0.992576925));
#8867=DIRECTION('',(0.,-0.995287793,0.096964991));
#8868=AXIS2_PLACEMENT_3D('',#8865,#8866,#8867);
#8869=PLANE('',#8868);
#8870=POLY_LOOP('',(#1800,#7848,#1801));
#8871=FACE_OUTER_BOUND('',#8870,.T.);
#8872=FACE_SURFACE('',(#8871),#8869,.T.);
#8873=CARTESIAN_POINT('',(209.398135543,264.617413282,6.012061145));
#8874=DIRECTION('',(-0.411479753,0.887952038,0.205488666));
#8875=DIRECTION('',(0.907314589,0.420452419,-0.));
#8876=AXIS2_PLACEMENT_3D('',#8873,#8874,#8875);
#8877=PLANE('',#8876);
#8878=POLY_LOOP('',(#853,#3950,#854));
#8879=FACE_OUTER_BOUND('',#8878,.T.);
#8880=FACE_SURFACE('',(#8879),#8877,.T.);
#8881=CARTESIAN_POINT('',(32.474856824,431.448221207,-1.29744783));
#8882=DIRECTION('',(-0.652878598,0.6058292,0.45466528));
#8883=DIRECTION('',(-0.680200725,-0.733025902,0.));
#8884=AXIS2_PLACEMENT_3D('',#8881,#8882,#8883);
#8885=PLANE('',#8884);
#8886=POLY_LOOP('',(#4183,#5527,#5529));
#8887=FACE_OUTER_BOUND('',#8886,.T.);
#8888=FACE_SURFACE('',(#8887),#8885,.T.);
#8889=CARTESIAN_POINT('',(104.242652655,581.000208855,9.77715198));
#8890=DIRECTION('',(-0.377969517,0.003581462,0.925811113));
#8891=DIRECTION('',(0.925817051,0.,0.377971941));
#8892=AXIS2_PLACEMENT_3D('',#8889,#8890,#8891);
#8893=PLANE('',#8892);
#8894=POLY_LOOP('',(#1177,#7703,#1206));
#8895=FACE_OUTER_BOUND('',#8894,.T.);
#8896=FACE_SURFACE('',(#8895),#8893,.T.);
#8897=CARTESIAN_POINT('',(102.015152574,580.999910831,1.456372789));
#8898=DIRECTION('',(0.000023102,1.,-0.000010267));
#8899=DIRECTION('',(1.,-0.000023102,-0.));
#8900=AXIS2_PLACEMENT_3D('',#8897,#8898,#8899);
#8901=PLANE('',#8900);
#8902=POLY_LOOP('',(#1315,#8403,#925));
#8903=FACE_OUTER_BOUND('',#8902,.T.);
#8904=FACE_SURFACE('',(#8903),#8901,.T.);
#8905=CARTESIAN_POINT('',(100.539200008,580.999970436,3.940719645));
#8906=DIRECTION('',(-0.844357029,0.001560033,0.535778661));
#8907=DIRECTION('',(-0.535779313,0.,-0.844358057));
#8908=AXIS2_PLACEMENT_3D('',#8905,#8906,#8907);
#8909=PLANE('',#8908);
#8910=POLY_LOOP('',(#8403,#8660,#1177));
#8911=FACE_OUTER_BOUND('',#8910,.T.);
#8912=FACE_SURFACE('',(#8911),#8909,.T.);
#8913=CARTESIAN_POINT('',(47.69968614,337.834864855,4.57977457));
#8914=DIRECTION('',(-0.000388098,-0.998835874,0.048236365));
#8915=DIRECTION('',(0.,-0.048236368,-0.998835949));
#8916=AXIS2_PLACEMENT_3D('',#8913,#8914,#8915);
#8917=PLANE('',#8916);
#8918=POLY_LOOP('',(#359,#564,#195));
#8919=FACE_OUTER_BOUND('',#8918,.T.);
#8920=FACE_SURFACE('',(#8919),#8917,.T.);
#8921=CARTESIAN_POINT('',(127.914488316,143.999993801,-7.899179123));
#8922=DIRECTION('',(0.000102815,-0.999999971,0.000215785));
#8923=DIRECTION('',(0.,-0.000215785,-0.999999977));
#8924=AXIS2_PLACEMENT_3D('',#8921,#8922,#8923);
#8925=PLANE('',#8924);
#8926=POLY_LOOP('',(#6946,#1514,#1867));
#8927=FACE_OUTER_BOUND('',#8926,.T.);
#8928=FACE_SURFACE('',(#8927),#8925,.T.);
#8929=CARTESIAN_POINT('',(119.384169579,580.999910831,8.021191694));
#8930=CARTESIAN_POINT('',(119.384169579,580.999910831,8.021191694));
#8931=DIRECTION('',(-0.816607793,-0.00071619,-0.577192516));
#8932=DIRECTION('',(0.577192664,0.,-0.816608002));
#8933=AXIS2_PLACEMENT_3D('',#8930,#8931,#8932);
#8934=PLANE('',#8933);
#8935=POLY_LOOP('',(#8929,#3227,#582));
#8936=FACE_OUTER_BOUND('',#8935,.T.);
#8937=FACE_SURFACE('',(#8936),#8934,.T.);
#8938=CARTESIAN_POINT('',(123.691953719,197.398170829,9.092261083));
#8939=DIRECTION('',(-0.409118481,-0.31321105,-0.857041952));
#8940=DIRECTION('',(-0.902450037,0.,0.430794534));
#8941=AXIS2_PLACEMENT_3D('',#8938,#8939,#8940);
#8942=PLANE('',#8941);
#8943=POLY_LOOP('',(#1772,#1771,#6799));
#8944=FACE_OUTER_BOUND('',#8943,.T.);
#8945=FACE_SURFACE('',(#8944),#8942,.T.);
#8946=CARTESIAN_POINT('',(27.375511825,221.475809813,-10.318928398));
#8947=CARTESIAN_POINT('',(33.740799874,220.621049404,-6.636002567));
#8948=DIRECTION('',(-0.497032906,0.034517693,0.867044877));
#8949=DIRECTION('',(0.867561869,0.,0.497329271));
#8950=AXIS2_PLACEMENT_3D('',#8947,#8948,#8949);
#8951=PLANE('',#8950);
#8952=POLY_LOOP('',(#1486,#2244,#8946));
#8953=FACE_OUTER_BOUND('',#8952,.T.);
#8954=FACE_SURFACE('',(#8953),#8951,.T.);
#8955=CARTESIAN_POINT('',(103.920809925,212.254822254,-1.992528792));
#8956=DIRECTION('',(0.266473283,0.96227326,0.054974198));
#8957=DIRECTION('',(0.963730637,-0.26687686,-0.));
#8958=AXIS2_PLACEMENT_3D('',#8955,#8956,#8957);
#8959=PLANE('',#8958);
#8960=POLY_LOOP('',(#822,#832,#5706));
#8961=FACE_OUTER_BOUND('',#8960,.T.);
#8962=FACE_SURFACE('',(#8961),#8959,.T.);
#8963=CARTESIAN_POINT('',(41.974950582,188.582316041,-4.90314886));
#8964=DIRECTION('',(-0.006283247,-0.981595077,-0.190870704));
#8965=DIRECTION('',(0.,0.190874472,-0.981614454));
#8966=AXIS2_PLACEMENT_3D('',#8963,#8964,#8965);
#8967=PLANE('',#8966);
#8968=POLY_LOOP('',(#67,#7574,#2424));
#8969=FACE_OUTER_BOUND('',#8968,.T.);
#8970=FACE_SURFACE('',(#8969),#8967,.T.);
#8971=CARTESIAN_POINT('',(219.710469246,407.333403826,-1.804064377));
#8972=DIRECTION('',(0.432306007,0.891731191,0.133891744));
#8973=DIRECTION('',(0.899833323,-0.436233872,0.));
#8974=AXIS2_PLACEMENT_3D('',#8971,#8972,#8973);
#8975=PLANE('',#8974);
#8976=POLY_LOOP('',(#1840,#2144,#2880));
#8977=FACE_OUTER_BOUND('',#8976,.T.);
#8978=FACE_SURFACE('',(#8977),#8975,.T.);
#8979=CARTESIAN_POINT('',(41.688859463,313.222378492,0.743197917));
#8980=CARTESIAN_POINT('',(37.356328219,317.263424397,2.179055009));
#8981=DIRECTION('',(-0.679824693,-0.733269699,0.012407078));
#8982=DIRECTION('',(-0.733326143,0.679877024,0.));
#8983=AXIS2_PLACEMENT_3D('',#8980,#8981,#8982);
#8984=PLANE('',#8983);
#8985=POLY_LOOP('',(#5424,#5423,#8979));
#8986=FACE_OUTER_BOUND('',#8985,.T.);
#8987=FACE_SURFACE('',(#8986),#8984,.T.);
#8988=CARTESIAN_POINT('',(31.512130052,417.540162802,8.244928904));
#8989=DIRECTION('',(0.713484205,0.582893832,0.388812383));
#8990=DIRECTION('',(-0.632674596,0.774417752,-0.));
#8991=AXIS2_PLACEMENT_3D('',#8988,#8989,#8990);
#8992=PLANE('',#8991);
#8993=POLY_LOOP('',(#2744,#2743,#3437));
#8994=FACE_OUTER_BOUND('',#8993,.T.);
#8995=FACE_SURFACE('',(#8994),#8992,.T.);
#8996=CARTESIAN_POINT('',(45.112621039,340.668857098,5.547272041));
#8997=DIRECTION('',(-0.468354745,0.759847913,-0.450860268));
#8998=DIRECTION('',(0.851280034,0.524711638,-0.));
#8999=AXIS2_PLACEMENT_3D('',#8996,#8997,#8998);
#9000=PLANE('',#8999);
#9001=POLY_LOOP('',(#2889,#3294,#128));
#9002=FACE_OUTER_BOUND('',#9001,.T.);
#9003=FACE_SURFACE('',(#9002),#9000,.T.);
#9004=CARTESIAN_POINT('',(33.314049244,210.784643888,-12.371731922));
#9005=CARTESIAN_POINT('',(26.046991348,208.018422127,-12.082017958));
#9006=DIRECTION('',(-0.034145997,-0.014956017,-0.999304943));
#9007=DIRECTION('',(-0.999416725,-0.,0.034149817));
#9008=AXIS2_PLACEMENT_3D('',#9005,#9006,#9007);
#9009=PLANE('',#9008);
#9010=POLY_LOOP('',(#8517,#9004,#4908));
#9011=FACE_OUTER_BOUND('',#9010,.T.);
#9012=FACE_SURFACE('',(#9011),#9009,.T.);
#9013=CARTESIAN_POINT('',(33.100165427,197.295233607,-10.482887737));
#9014=DIRECTION('',(-0.149436278,-0.241287616,-0.958879077));
#9015=DIRECTION('',(0.,-0.969768258,0.244027716));
#9016=AXIS2_PLACEMENT_3D('',#9013,#9014,#9015);
#9017=PLANE('',#9016);
#9018=POLY_LOOP('',(#4735,#8517,#4908));
#9019=FACE_OUTER_BOUND('',#9018,.T.);
#9020=FACE_SURFACE('',(#9019),#9017,.T.);
#9021=CARTESIAN_POINT('',(100.355044007,187.889546156,-3.262232058));
#9022=DIRECTION('',(-0.231994809,-0.857770168,-0.458703333));
#9023=DIRECTION('',(-0.,0.471569142,-0.88182909));
#9024=AXIS2_PLACEMENT_3D('',#9021,#9022,#9023);
#9025=PLANE('',#9024);
#9026=POLY_LOOP('',(#7574,#7651,#6937));
#9027=FACE_OUTER_BOUND('',#9026,.T.);
#9028=FACE_SURFACE('',(#9027),#9025,.T.);
#9029=CARTESIAN_POINT('',(18.202640116,219.635441899,10.907248594));
#9030=CARTESIAN_POINT('',(23.784829304,219.438478351,12.553010136));
#9031=DIRECTION('',(-0.282799072,-0.000293453,0.959179128));
#9032=DIRECTION('',(0.959179169,0.,0.282799084));
#9033=AXIS2_PLACEMENT_3D('',#9030,#9031,#9032);
#9034=PLANE('',#9033);
#9035=POLY_LOOP('',(#8336,#2329,#9029));
#9036=FACE_OUTER_BOUND('',#9035,.T.);
#9037=FACE_SURFACE('',(#9036),#9034,.T.);
#9038=CARTESIAN_POINT('',(206.677079201,400.113105774,-12.515819632));
#9039=DIRECTION('',(-0.000165961,-0.155980069,-0.987760189));
#9040=DIRECTION('',(0.,-0.987760202,0.155980071));
#9041=AXIS2_PLACEMENT_3D('',#9038,#9039,#9040);
#9042=PLANE('',#9041);
#9043=POLY_LOOP('',(#2714,#2908,#8526));
#9044=FACE_OUTER_BOUND('',#9043,.T.);
#9045=FACE_SURFACE('',(#9044),#9042,.T.);
#9046=CARTESIAN_POINT('',(203.792780638,394.245535135,-11.588769965));
#9047=DIRECTION('',(-0.001862072,-0.198525043,-0.980094047));
#9048=DIRECTION('',(0.,-0.980095746,0.198525387));
#9049=AXIS2_PLACEMENT_3D('',#9046,#9047,#9048);
#9050=PLANE('',#9049);
#9051=POLY_LOOP('',(#2908,#3862,#8526));
#9052=FACE_OUTER_BOUND('',#9051,.T.);
#9053=FACE_SURFACE('',(#9052),#9050,.T.);
#9054=CARTESIAN_POINT('',(219.108864665,247.753769159,-6.868198048));
#9055=DIRECTION('',(-0.561616241,0.77152306,0.298896915));
#9056=DIRECTION('',(0.808482511,0.588520203,0.));
#9057=AXIS2_PLACEMENT_3D('',#9054,#9055,#9056);
#9058=PLANE('',#9057);
#9059=POLY_LOOP('',(#3502,#701,#3503));
#9060=FACE_OUTER_BOUND('',#9059,.T.);
#9061=FACE_SURFACE('',(#9060),#9058,.T.);
#9062=CARTESIAN_POINT('',(226.009964943,256.739079952,-8.779022843));
#9063=DIRECTION('',(-0.757113708,0.379625625,0.531660811));
#9064=DIRECTION('',(-0.574681343,-0.,-0.818377269));
#9065=AXIS2_PLACEMENT_3D('',#9062,#9063,#9064);
#9066=PLANE('',#9065);
#9067=POLY_LOOP('',(#3501,#3503,#5037));
#9068=FACE_OUTER_BOUND('',#9067,.T.);
#9069=FACE_SURFACE('',(#9068),#9066,.T.);
#9070=CARTESIAN_POINT('',(40.610138327,438.060551882,-6.200789008));
#9071=DIRECTION('',(0.450673934,-0.736636803,-0.504241237));
#9072=DIRECTION('',(0.,0.564856788,-0.825188954));
#9073=AXIS2_PLACEMENT_3D('',#9070,#9071,#9072);
#9074=PLANE('',#9073);
#9075=POLY_LOOP('',(#2571,#5629,#3113));
#9076=FACE_OUTER_BOUND('',#9075,.T.);
#9077=FACE_SURFACE('',(#9076),#9074,.T.);
#9078=CARTESIAN_POINT('',(216.487154365,398.664563894,10.183867067));
#9079=DIRECTION('',(-0.388249473,-0.344024686,-0.854932373));
#9080=DIRECTION('',(-0.910509311,0.,0.413488565));
#9081=AXIS2_PLACEMENT_3D('',#9078,#9079,#9080);
#9082=PLANE('',#9081);
#9083=POLY_LOOP('',(#6346,#1663,#893));
#9084=FACE_OUTER_BOUND('',#9083,.T.);
#9085=FACE_SURFACE('',(#9084),#9082,.T.);
#9086=CARTESIAN_POINT('',(222.135931253,302.522450686,-3.70955281));
#9087=DIRECTION('',(-0.504975108,-0.852965674,0.132097311));
#9088=DIRECTION('',(-0.860506505,0.509439452,0.));
#9089=AXIS2_PLACEMENT_3D('',#9086,#9087,#9088);
#9090=PLANE('',#9089);
#9091=POLY_LOOP('',(#2011,#1251,#2086));
#9092=FACE_OUTER_BOUND('',#9091,.T.);
#9093=FACE_SURFACE('',(#9092),#9090,.T.);
#9094=CARTESIAN_POINT('',(126.925721765,168.461933732,-7.440073881));
#9095=DIRECTION('',(0.481792763,0.003028208,0.876279957));
#9096=DIRECTION('',(0.876283975,0.,-0.481794972));
#9097=AXIS2_PLACEMENT_3D('',#9094,#9095,#9096);
#9098=PLANE('',#9097);
#9099=POLY_LOOP('',(#8482,#6946,#2185));
#9100=FACE_OUTER_BOUND('',#9099,.T.);
#9101=FACE_SURFACE('',(#9100),#9098,.T.);
#9102=CARTESIAN_POINT('',(124.585613608,143.999993801,-2.250003628));
#9103=CARTESIAN_POINT('',(124.585613608,143.999993801,-2.250003628));
#9104=DIRECTION('',(0.861269866,0.025287878,0.507518217));
#9105=DIRECTION('',(-0.507680568,-0.,0.86154538));
#9106=AXIS2_PLACEMENT_3D('',#9103,#9104,#9105);
#9107=PLANE('',#9106);
#9108=POLY_LOOP('',(#9102,#6946,#8482));
#9109=FACE_OUTER_BOUND('',#9108,.T.);
#9110=FACE_SURFACE('',(#9109),#9107,.T.);
#9111=CARTESIAN_POINT('',(46.570301056,258.725136518,-6.098480895));
#9112=CARTESIAN_POINT('',(36.273892969,256.480038166,-5.677769892));
#9113=DIRECTION('',(0.182372618,-0.708674607,0.681557429));
#9114=DIRECTION('',(-0.,-0.693182453,-0.720762157));
#9115=AXIS2_PLACEMENT_3D('',#9112,#9113,#9114);
#9116=PLANE('',#9115);
#9117=POLY_LOOP('',(#1821,#5498,#9111));
#9118=FACE_OUTER_BOUND('',#9117,.T.);
#9119=FACE_SURFACE('',(#9118),#9116,.T.);
#9120=CARTESIAN_POINT('',(43.933149427,250.702530146,-10.518500581));
#9121=DIRECTION('',(0.087753551,-0.139108283,0.986381366));
#9122=DIRECTION('',(0.,0.990201349,0.139647011));
#9123=AXIS2_PLACEMENT_3D('',#9120,#9121,#9122);
#9124=PLANE('',#9123);
#9125=POLY_LOOP('',(#8823,#5498,#2243));
#9126=FACE_OUTER_BOUND('',#9125,.T.);
#9127=FACE_SURFACE('',(#9126),#9124,.T.);
#9128=CARTESIAN_POINT('',(204.139724374,258.729487658,-6.534586661));
#9129=CARTESIAN_POINT('',(204.319953918,254.892855883,-9.462804534));
#9130=CARTESIAN_POINT('',(204.139724374,258.729487658,-6.534586661));
#9131=DIRECTION('',(0.003795302,-0.606590593,0.795005313));
#9132=DIRECTION('',(-0.,0.795011039,0.606594962));
#9133=AXIS2_PLACEMENT_3D('',#9130,#9131,#9132);
#9134=PLANE('',#9133);
#9135=POLY_LOOP('',(#9128,#5498,#9129));
#9136=FACE_OUTER_BOUND('',#9135,.T.);
#9137=FACE_SURFACE('',(#9136),#9134,.T.);
#9138=CARTESIAN_POINT('',(111.454620957,451.656162739,-3.930052277));
#9139=DIRECTION('',(0.551919678,-0.785579026,-0.279732483));
#9140=DIRECTION('',(-0.818245016,-0.574869632,0.));
#9141=AXIS2_PLACEMENT_3D('',#9138,#9139,#9140);
#9142=PLANE('',#9141);
#9143=POLY_LOOP('',(#1019,#7693,#1306));
#9144=FACE_OUTER_BOUND('',#9143,.T.);
#9145=FACE_SURFACE('',(#9144),#9142,.T.);
#9146=CARTESIAN_POINT('',(201.837792993,389.688313007,-2.974278061));
#9147=DIRECTION('',(0.321574798,0.946639777,-0.021512346));
#9148=DIRECTION('',(0.946858897,-0.321649234,0.));
#9149=AXIS2_PLACEMENT_3D('',#9146,#9147,#9148);
#9150=PLANE('',#9149);
#9151=POLY_LOOP('',(#4698,#87,#8856));
#9152=FACE_OUTER_BOUND('',#9151,.T.);
#9153=FACE_SURFACE('',(#9152),#9150,.T.);
#9154=CARTESIAN_POINT('',(33.441212028,229.656368494,-7.030019071));
#9155=CARTESIAN_POINT('',(35.155639052,224.977344275,-2.197606023));
#9156=DIRECTION('',(-0.947520249,-0.017496774,0.319216605));
#9157=DIRECTION('',(-0.319265479,0.,-0.947665318));
#9158=AXIS2_PLACEMENT_3D('',#9155,#9156,#9157);
#9159=PLANE('',#9158);
#9160=POLY_LOOP('',(#3284,#9154,#1486));
#9161=FACE_OUTER_BOUND('',#9160,.T.);
#9162=FACE_SURFACE('',(#9161),#9159,.T.);
#9163=CARTESIAN_POINT('',(30.913364142,334.453552961,9.822661988));
#9164=DIRECTION('',(-0.095013374,0.002420597,-0.995473053));
#9165=DIRECTION('',(-0.995475969,0.,0.095013653));
#9166=AXIS2_PLACEMENT_3D('',#9163,#9164,#9165);
#9167=PLANE('',#9166);
#9168=POLY_LOOP('',(#128,#8491,#129));
#9169=FACE_OUTER_BOUND('',#9168,.T.);
#9170=FACE_SURFACE('',(#9169),#9167,.T.);
#9171=CARTESIAN_POINT('',(100.539200008,580.999970436,3.940719645));
#9172=DIRECTION('',(0.000099566,0.99999999,-0.000104029));
#9173=DIRECTION('',(0.,0.000104029,0.999999995));
#9174=AXIS2_PLACEMENT_3D('',#9171,#9172,#9173);
#9175=PLANE('',#9174);
#9176=POLY_LOOP('',(#8403,#1177,#925));
#9177=FACE_OUTER_BOUND('',#9176,.T.);
#9178=FACE_SURFACE('',(#9177),#9175,.T.);
#9179=CARTESIAN_POINT('',(206.088602543,392.78486371,-8.310441859));
#9180=DIRECTION('',(0.229200391,0.367566757,0.90131119));
#9181=DIRECTION('',(0.,0.925960957,-0.377619261));
#9182=AXIS2_PLACEMENT_3D('',#9179,#9180,#9181);
#9183=PLANE('',#9182);
#9184=POLY_LOOP('',(#4696,#8207,#4973));
#9185=FACE_OUTER_BOUND('',#9184,.T.);
#9186=FACE_SURFACE('',(#9185),#9183,.T.);
#9187=CARTESIAN_POINT('',(234.790161252,359.967470169,0.05707351));
#9188=DIRECTION('',(0.876044577,-0.330536231,0.351129178));
#9189=DIRECTION('',(-0.372040337,0.,0.928216563));
#9190=AXIS2_PLACEMENT_3D('',#9187,#9188,#9189);
#9191=PLANE('',#9190);
#9192=POLY_LOOP('',(#781,#184,#782));
#9193=FACE_OUTER_BOUND('',#9192,.T.);
#9194=FACE_SURFACE('',(#9193),#9191,.T.);
#9195=CARTESIAN_POINT('',(84.049627185,463.010817766,-1.008655992));
#9196=DIRECTION('',(-0.458516232,0.841339208,-0.286201331));
#9197=DIRECTION('',(0.878069282,0.478533527,-0.));
#9198=AXIS2_PLACEMENT_3D('',#9195,#9196,#9197);
#9199=PLANE('',#9198);
#9200=POLY_LOOP('',(#5268,#3187,#2300));
#9201=FACE_OUTER_BOUND('',#9200,.T.);
#9202=FACE_SURFACE('',(#9201),#9199,.T.);
#9203=CARTESIAN_POINT('',(117.6372841,474.688261747,9.154569358));
#9204=DIRECTION('',(-0.732590794,0.004781375,-0.68065253));
#9205=DIRECTION('',(0.680660311,0.,-0.732599168));
#9206=AXIS2_PLACEMENT_3D('',#9203,#9204,#9205);
#9207=PLANE('',#9206);
#9208=POLY_LOOP('',(#399,#8929,#582));
#9209=FACE_OUTER_BOUND('',#9208,.T.);
#9210=FACE_SURFACE('',(#9209),#9207,.T.);
#9211=CARTESIAN_POINT('',(212.752178311,267.916142941,2.425035229));
#9212=CARTESIAN_POINT('',(216.140404344,266.217321157,8.26688204));
#9213=DIRECTION('',(0.831041023,-0.166978965,-0.530555222));
#9214=DIRECTION('',(0.53811004,-0.,0.842874596));
#9215=AXIS2_PLACEMENT_3D('',#9212,#9213,#9214);
#9216=PLANE('',#9215);
#9217=POLY_LOOP('',(#4300,#9211,#4301));
#9218=FACE_OUTER_BOUND('',#9217,.T.);
#9219=FACE_SURFACE('',(#9218),#9216,.T.);
#9220=CARTESIAN_POINT('',(14.529263601,337.714672089,3.716202453));
#9221=CARTESIAN_POINT('',(14.529263601,337.714672089,3.716202453));
#9222=DIRECTION('',(-0.858634489,0.511329801,0.035897768));
#9223=DIRECTION('',(-0.511659582,-0.859188263,-0.));
#9224=AXIS2_PLACEMENT_3D('',#9221,#9222,#9223);
#9225=PLANE('',#9224);
#9226=POLY_LOOP('',(#9220,#4933,#1542));
#9227=FACE_OUTER_BOUND('',#9226,.T.);
#9228=FACE_SURFACE('',(#9227),#9225,.T.);
#9229=CARTESIAN_POINT('',(12.20570039,327.663362026,-1.55179156));
#9230=DIRECTION('',(-0.951380049,0.28329833,-0.120905163));
#9231=DIRECTION('',(-0.285391948,-0.958410891,0.));
#9232=AXIS2_PLACEMENT_3D('',#9229,#9230,#9231);
#9233=PLANE('',#9232);
#9234=POLY_LOOP('',(#3311,#9220,#1543));
#9235=FACE_OUTER_BOUND('',#9234,.T.);
#9236=FACE_SURFACE('',(#9235),#9233,.T.);
#9237=CARTESIAN_POINT('',(105.913192034,210.424169898,-6.845902652));
#9238=DIRECTION('',(0.270278619,0.932216189,-0.240670822));
#9239=DIRECTION('',(0.960446796,-0.278463555,0.));
#9240=AXIS2_PLACEMENT_3D('',#9237,#9238,#9239);
#9241=PLANE('',#9240);
#9242=POLY_LOOP('',(#820,#822,#5706));
#9243=FACE_OUTER_BOUND('',#9242,.T.);
#9244=FACE_SURFACE('',(#9243),#9241,.T.);
#9245=CARTESIAN_POINT('',(115.430079401,461.209088564,-8.775843307));
#9246=DIRECTION('',(0.525408474,-0.203037508,-0.826269754));
#9247=DIRECTION('',(-0.843846261,-0.,-0.536585024));
#9248=AXIS2_PLACEMENT_3D('',#9245,#9246,#9247);
#9249=PLANE('',#9248);
#9250=POLY_LOOP('',(#1020,#2352,#1297));
#9251=FACE_OUTER_BOUND('',#9250,.T.);
#9252=FACE_SURFACE('',(#9251),#9249,.T.);
#9253=CARTESIAN_POINT('',(43.145857751,199.227631092,-12.534715235));
#9254=DIRECTION('',(0.112182749,0.10936476,-0.98765094));
#9255=DIRECTION('',(-0.993610932,0.,-0.112859717));
#9256=AXIS2_PLACEMENT_3D('',#9253,#9254,#9255);
#9257=PLANE('',#9256);
#9258=POLY_LOOP('',(#4908,#9004,#8394));
#9259=FACE_OUTER_BOUND('',#9258,.T.);
#9260=FACE_SURFACE('',(#9259),#9257,.T.);
#9261=CARTESIAN_POINT('',(31.256262213,414.721041918,-6.506827194));
#9262=DIRECTION('',(-0.261888376,-0.431530578,0.863247264));
#9263=DIRECTION('',(0.,0.894465755,0.447136458));
#9264=AXIS2_PLACEMENT_3D('',#9261,#9262,#9263);
#9265=PLANE('',#9264);
#9266=POLY_LOOP('',(#6850,#6434,#6851));
#9267=FACE_OUTER_BOUND('',#9266,.T.);
#9268=FACE_SURFACE('',(#9267),#9265,.T.);
#9269=CARTESIAN_POINT('',(38.256421685,298.335105181,-12.182516046));
#9270=DIRECTION('',(-0.018877145,-0.046372928,-0.998745816));
#9271=DIRECTION('',(-0.,-0.998923813,0.046381193));
#9272=AXIS2_PLACEMENT_3D('',#9269,#9270,#9271);
#9273=PLANE('',#9272);
#9274=POLY_LOOP('',(#1168,#317,#2176));
#9275=FACE_OUTER_BOUND('',#9274,.T.);
#9276=FACE_SURFACE('',(#9275),#9273,.T.);
#9277=CARTESIAN_POINT('',(109.475031495,184.762448072,-2.027138136));
#9278=DIRECTION('',(-0.407599437,-0.880376659,-0.242486365));
#9279=DIRECTION('',(-0.907459971,0.42013855,0.));
#9280=AXIS2_PLACEMENT_3D('',#9277,#9278,#9279);
#9281=PLANE('',#9280);
#9282=POLY_LOOP('',(#6937,#7651,#7183));
#9283=FACE_OUTER_BOUND('',#9282,.T.);
#9284=FACE_SURFACE('',(#9283),#9281,.T.);
#9285=CARTESIAN_POINT('',(38.406834006,291.221320629,1.437683823));
#9286=CARTESIAN_POINT('',(38.406834006,291.221320629,1.437683823));
#9287=DIRECTION('',(0.220487502,0.903939153,-0.366441358));
#9288=DIRECTION('',(0.,0.375687092,0.926746572));
#9289=AXIS2_PLACEMENT_3D('',#9286,#9287,#9288);
#9290=PLANE('',#9289);
#9291=POLY_LOOP('',(#9285,#3218,#3742));
#9292=FACE_OUTER_BOUND('',#9291,.T.);
#9293=FACE_SURFACE('',(#9292),#9290,.T.);
#9294=CARTESIAN_POINT('',(36.194045097,387.495100498,-1.47612975));
#9295=DIRECTION('',(-0.000226191,-0.954962755,-0.296725605));
#9296=DIRECTION('',(0.,0.296725612,-0.95496278));
#9297=AXIS2_PLACEMENT_3D('',#9294,#9295,#9296);
#9298=PLANE('',#9297);
#9299=POLY_LOOP('',(#1327,#2907,#2647));
#9300=FACE_OUTER_BOUND('',#9299,.T.);
#9301=FACE_SURFACE('',(#9300),#9298,.T.);
#9302=CARTESIAN_POINT('',(18.202640116,219.635441899,10.907248594));
#9303=DIRECTION('',(-0.793578183,-0.115591701,0.597387835));
#9304=DIRECTION('',(-0.601419261,-0.,-0.798933585));
#9305=AXIS2_PLACEMENT_3D('',#9302,#9303,#9304);
#9306=PLANE('',#9305);
#9307=POLY_LOOP('',(#9029,#7098,#4290));
#9308=FACE_OUTER_BOUND('',#9307,.T.);
#9309=FACE_SURFACE('',(#9308),#9306,.T.);
#9310=CARTESIAN_POINT('',(204.721182585,362.862557173,1.868032268));
#9311=DIRECTION('',(-0.002993122,0.950903415,0.309473321));
#9312=DIRECTION('',(0.,-0.309474707,0.950907675));
#9313=AXIS2_PLACEMENT_3D('',#9310,#9311,#9312);
#9314=PLANE('',#9313);
#9315=POLY_LOOP('',(#2836,#4397,#4725));
#9316=FACE_OUTER_BOUND('',#9315,.T.);
#9317=FACE_SURFACE('',(#9316),#9314,.T.);
#9318=CARTESIAN_POINT('',(31.707596034,400.921195745,-12.61402946));
#9319=DIRECTION('',(0.001221168,0.144146146,-0.989555657));
#9320=DIRECTION('',(-0.,-0.989556394,-0.144146253));
#9321=AXIS2_PLACEMENT_3D('',#9318,#9319,#9320);
#9322=PLANE('',#9321);
#9323=POLY_LOOP('',(#8526,#3905,#2714));
#9324=FACE_OUTER_BOUND('',#9323,.T.);
#9325=FACE_SURFACE('',(#9324),#9322,.T.);
#9326=CARTESIAN_POINT('',(213.719055057,241.870760918,-1.810026355));
#9327=DIRECTION('',(-0.573480865,0.78205929,0.243932293));
#9328=DIRECTION('',(0.806419394,0.591344029,0.));
#9329=AXIS2_PLACEMENT_3D('',#9326,#9327,#9328);
#9330=PLANE('',#9329);
#9331=POLY_LOOP('',(#701,#1925,#3503));
#9332=FACE_OUTER_BOUND('',#9331,.T.);
#9333=FACE_SURFACE('',(#9332),#9330,.T.);
#9334=CARTESIAN_POINT('',(33.347330987,435.404866934,-8.812401444));
#9335=DIRECTION('',(0.736715682,-0.44400425,-0.510010029));
#9336=DIRECTION('',(0.569191944,0.,0.822204677));
#9337=AXIS2_PLACEMENT_3D('',#9334,#9335,#9336);
#9338=PLANE('',#9337);
#9339=POLY_LOOP('',(#3113,#5629,#8570));
#9340=FACE_OUTER_BOUND('',#9339,.T.);
#9341=FACE_SURFACE('',(#9340),#9338,.T.);
#9342=CARTESIAN_POINT('',(33.186435699,428.75418067,-3.122527152));
#9343=DIRECTION('',(0.861758697,-0.507206293,0.010664172));
#9344=DIRECTION('',(0.507235137,0.861807703,0.));
#9345=AXIS2_PLACEMENT_3D('',#9342,#9343,#9344);
#9346=PLANE('',#9345);
#9347=POLY_LOOP('',(#8569,#5629,#5620));
#9348=FACE_OUTER_BOUND('',#9347,.T.);
#9349=FACE_SURFACE('',(#9348),#9346,.T.);
#9350=CARTESIAN_POINT('',(20.388701931,409.931004047,12.125737034));
#9351=DIRECTION('',(-0.374093466,-0.31540982,0.87210706));
#9352=DIRECTION('',(0.919017814,0.,0.394216003));
#9353=AXIS2_PLACEMENT_3D('',#9350,#9351,#9352);
#9354=PLANE('',#9353);
#9355=POLY_LOOP('',(#4318,#8003,#2961));
#9356=FACE_OUTER_BOUND('',#9355,.T.);
#9357=FACE_SURFACE('',(#9356),#9354,.T.);
#9358=CARTESIAN_POINT('',(229.985073209,269.597858191,-9.73311998));
#9359=DIRECTION('',(-0.235776774,-0.053792278,0.970317321));
#9360=DIRECTION('',(0.971724235,-0.,0.236118639));
#9361=AXIS2_PLACEMENT_3D('',#9358,#9359,#9360);
#9362=PLANE('',#9361);
#9363=POLY_LOOP('',(#3524,#522,#3525));
#9364=FACE_OUTER_BOUND('',#9363,.T.);
#9365=FACE_SURFACE('',(#9364),#9362,.T.);
#9366=CARTESIAN_POINT('',(32.986208797,446.601688862,10.487273335));
#9367=CARTESIAN_POINT('',(37.379831076,446.471184492,10.284826159));
#9368=CARTESIAN_POINT('',(32.986208797,446.601688862,10.487273335));
#9369=DIRECTION('',(-0.042807905,0.100753096,-0.993990089));
#9370=DIRECTION('',(0.,-0.994902094,-0.100845539));
#9371=AXIS2_PLACEMENT_3D('',#9368,#9369,#9370);
#9372=PLANE('',#9371);
#9373=POLY_LOOP('',(#9366,#9367,#7779));
#9374=FACE_OUTER_BOUND('',#9373,.T.);
#9375=FACE_SURFACE('',(#9374),#9372,.T.);
#9376=CARTESIAN_POINT('',(25.064695626,422.651678324,11.852297932));
#9377=DIRECTION('',(0.729976236,-0.16243808,0.66388897));
#9378=DIRECTION('',(-0.672824934,-0.,0.739801736));
#9379=AXIS2_PLACEMENT_3D('',#9376,#9377,#9378);
#9380=PLANE('',#9379);
#9381=POLY_LOOP('',(#460,#4125,#4013));
#9382=FACE_OUTER_BOUND('',#9381,.T.);
#9383=FACE_SURFACE('',(#9382),#9380,.T.);
#9384=CARTESIAN_POINT('',(46.570301056,258.725136518,-6.098480895));
#9385=DIRECTION('',(0.002282217,-0.573986856,0.818861331));
#9386=DIRECTION('',(0.,0.818863464,0.573988351));
#9387=AXIS2_PLACEMENT_3D('',#9384,#9385,#9386);
#9388=PLANE('',#9387);
#9389=POLY_LOOP('',(#9111,#5498,#9128));
#9390=FACE_OUTER_BOUND('',#9389,.T.);
#9391=FACE_SURFACE('',(#9390),#9388,.T.);
#9392=CARTESIAN_POINT('',(36.723643541,337.704926729,-8.192152716));
#9393=CARTESIAN_POINT('',(44.133909047,347.431361675,-10.613437742));
#9394=DIRECTION('',(-0.382168363,0.486711163,0.785531404));
#9395=DIRECTION('',(0.,0.850056918,-0.526690835));
#9396=AXIS2_PLACEMENT_3D('',#9393,#9394,#9395);
#9397=PLANE('',#9396);
#9398=POLY_LOOP('',(#1948,#2164,#9392));
#9399=FACE_OUTER_BOUND('',#9398,.T.);
#9400=FACE_SURFACE('',(#9399),#9397,.T.);
#9401=CARTESIAN_POINT('',(213.247731328,250.754624605,-10.633076541));
#9402=DIRECTION('',(0.000580617,-0.270963105,0.962589559));
#9403=DIRECTION('',(0.,0.962589721,0.270963151));
#9404=AXIS2_PLACEMENT_3D('',#9401,#9402,#9403);
#9405=PLANE('',#9404);
#9406=POLY_LOOP('',(#4607,#9129,#5498));
#9407=FACE_OUTER_BOUND('',#9406,.T.);
#9408=FACE_SURFACE('',(#9407),#9405,.T.);
#9409=CARTESIAN_POINT('',(12.273889035,322.269916534,1.940316404));
#9410=DIRECTION('',(-0.972104075,0.118693775,0.202300407));
#9411=DIRECTION('',(-0.203740669,0.,-0.979024892));
#9412=AXIS2_PLACEMENT_3D('',#9409,#9410,#9411);
#9413=PLANE('',#9412);
#9414=POLY_LOOP('',(#4192,#9220,#3311));
#9415=FACE_OUTER_BOUND('',#9414,.T.);
#9416=FACE_SURFACE('',(#9415),#9413,.T.);
#9417=CARTESIAN_POINT('',(13.467824087,403.339743614,-1.33273541));
#9418=CARTESIAN_POINT('',(13.467824087,403.339743614,-1.33273541));
#9419=DIRECTION('',(-0.877387167,-0.431377079,0.210013271));
#9420=DIRECTION('',(0.441216862,-0.897400513,-0.));
#9421=AXIS2_PLACEMENT_3D('',#9418,#9419,#9420);
#9422=PLANE('',#9421);
#9423=POLY_LOOP('',(#9417,#2962,#8456));
#9424=FACE_OUTER_BOUND('',#9423,.T.);
#9425=FACE_SURFACE('',(#9424),#9422,.T.);
#9426=CARTESIAN_POINT('',(120.730429888,475.139856339,-6.510882173));
#9427=DIRECTION('',(-0.926329319,0.275722474,0.256692637));
#9428=DIRECTION('',(-0.285281372,-0.958443811,-0.));
#9429=AXIS2_PLACEMENT_3D('',#9426,#9427,#9428);
#9430=PLANE('',#9429);
#9431=POLY_LOOP('',(#1810,#2407,#1973));
#9432=FACE_OUTER_BOUND('',#9431,.T.);
#9433=FACE_SURFACE('',(#9432),#9430,.T.);
#9434=CARTESIAN_POINT('',(101.707577705,478.804111481,-7.084514014));
#9435=DIRECTION('',(-0.963640489,-0.003372428,-0.267180903));
#9436=DIRECTION('',(0.267182422,0.,-0.963645969));
#9437=AXIS2_PLACEMENT_3D('',#9434,#9435,#9436);
#9438=PLANE('',#9437);
#9439=POLY_LOOP('',(#3246,#3968,#5018));
#9440=FACE_OUTER_BOUND('',#9439,.T.);
#9441=FACE_SURFACE('',(#9440),#9438,.T.);
#9442=CARTESIAN_POINT('',(234.199091792,264.739185572,-2.829637378));
#9443=DIRECTION('',(-0.976432618,0.187351428,-0.107139087));
#9444=DIRECTION('',(-0.188436058,-0.982085461,0.));
#9445=AXIS2_PLACEMENT_3D('',#9442,#9443,#9444);
#9446=PLANE('',#9445);
#9447=POLY_LOOP('',(#5037,#7107,#1451));
#9448=FACE_OUTER_BOUND('',#9447,.T.);
#9449=FACE_SURFACE('',(#9448),#9446,.T.);
#9450=CARTESIAN_POINT('',(228.579640388,288.030982018,-9.052732959));
#9451=DIRECTION('',(-0.623055313,-0.446553324,0.642177706));
#9452=DIRECTION('',(0.717711837,-0.,0.696340233));
#9453=AXIS2_PLACEMENT_3D('',#9450,#9451,#9452);
#9454=PLANE('',#9453);
#9455=POLY_LOOP('',(#522,#884,#5833));
#9456=FACE_OUTER_BOUND('',#9455,.T.);
#9457=FACE_SURFACE('',(#9456),#9454,.T.);
#9458=CARTESIAN_POINT('',(43.938439339,346.068620682,-12.265266851));
#9459=CARTESIAN_POINT('',(43.938439339,346.068620682,-12.265266851));
#9460=DIRECTION('',(-0.0012389,0.016484174,-0.999863359));
#9461=DIRECTION('',(-0.,-0.999864127,-0.016484186));
#9462=AXIS2_PLACEMENT_3D('',#9459,#9460,#9461);
#9463=PLANE('',#9462);
#9464=POLY_LOOP('',(#9458,#545,#544));
#9465=FACE_OUTER_BOUND('',#9464,.T.);
#9466=FACE_SURFACE('',(#9465),#9463,.T.);
#9467=CARTESIAN_POINT('',(203.913643956,338.481724262,5.184028763));
#9468=DIRECTION('',(0.003469592,-0.987146858,0.159778102));
#9469=DIRECTION('',(0.,-0.159779064,-0.9871528));
#9470=AXIS2_PLACEMENT_3D('',#9467,#9468,#9469);
#9471=PLANE('',#9470);
#9472=POLY_LOOP('',(#197,#359,#195));
#9473=FACE_OUTER_BOUND('',#9472,.T.);
#9474=FACE_SURFACE('',(#9473),#9471,.T.);
#9475=CARTESIAN_POINT('',(77.207535505,440.445810556,9.429080412));
#9476=CARTESIAN_POINT('',(39.127923548,443.25748086,11.336077936));
#9477=CARTESIAN_POINT('',(40.427073836,438.74835968,7.176964544));
#9478=DIRECTION('',(-0.013501227,-0.680039797,0.733050879));
#9479=DIRECTION('',(0.,0.7331177,0.680101785));
#9480=AXIS2_PLACEMENT_3D('',#9477,#9478,#9479);
#9481=PLANE('',#9480);
#9482=POLY_LOOP('',(#5619,#9475,#9476));
#9483=FACE_OUTER_BOUND('',#9482,.T.);
#9484=FACE_SURFACE('',(#9483),#9481,.T.);
#9485=CARTESIAN_POINT('',(77.56857574,438.817858696,2.755476395));
#9486=DIRECTION('',(-0.126990154,0.855297825,-0.502333685));
#9487=DIRECTION('',(0.,0.506433785,0.862278854));
#9488=AXIS2_PLACEMENT_3D('',#9485,#9486,#9487);
#9489=PLANE('',#9488);
#9490=POLY_LOOP('',(#3535,#3534,#534));
#9491=FACE_OUTER_BOUND('',#9490,.T.);
#9492=FACE_SURFACE('',(#9491),#9489,.T.);
#9493=CARTESIAN_POINT('',(19.991319627,338.154762983,10.423146188));
#9494=CARTESIAN_POINT('',(19.991319627,338.154762983,10.423146188));
#9495=DIRECTION('',(-0.769197827,0.173338179,0.615051689));
#9496=DIRECTION('',(-0.624505221,0.,-0.781020633));
#9497=AXIS2_PLACEMENT_3D('',#9494,#9495,#9496);
#9498=PLANE('',#9497);
#9499=POLY_LOOP('',(#9493,#9220,#1633));
#9500=FACE_OUTER_BOUND('',#9499,.T.);
#9501=FACE_SURFACE('',(#9500),#9498,.T.);
#9502=CARTESIAN_POINT('',(19.433822483,343.53274107,6.677210331));
#9503=CARTESIAN_POINT('',(19.991319627,338.154762983,10.423146188));
#9504=DIRECTION('',(-0.742631991,0.329225803,0.583187874));
#9505=DIRECTION('',(-0.617619401,0.,-0.786477129));
#9506=AXIS2_PLACEMENT_3D('',#9503,#9504,#9505);
#9507=PLANE('',#9506);
#9508=POLY_LOOP('',(#9493,#9502,#9220));
#9509=FACE_OUTER_BOUND('',#9508,.T.);
#9510=FACE_SURFACE('',(#9509),#9507,.T.);
#9511=CARTESIAN_POINT('',(119.741313159,205.767691135,-5.971161649));
#9512=CARTESIAN_POINT('',(119.741313159,205.767691135,-5.971161649));
#9513=DIRECTION('',(0.536068077,0.808414625,-0.243098355));
#9514=DIRECTION('',(0.833415727,-0.552646566,0.));
#9515=AXIS2_PLACEMENT_3D('',#9512,#9513,#9514);
#9516=PLANE('',#9515);
#9517=POLY_LOOP('',(#9511,#5706,#6569));
#9518=FACE_OUTER_BOUND('',#9517,.T.);
#9519=FACE_SURFACE('',(#9518),#9516,.T.);
#9520=CARTESIAN_POINT('',(105.913192034,210.424169898,-6.845902652));
#9521=DIRECTION('',(0.317594234,0.874101625,-0.367532655));
#9522=DIRECTION('',(0.,0.387599979,0.921827672));
#9523=AXIS2_PLACEMENT_3D('',#9520,#9521,#9522);
#9524=PLANE('',#9523);
#9525=POLY_LOOP('',(#820,#5706,#9511));
#9526=FACE_OUTER_BOUND('',#9525,.T.);
#9527=FACE_SURFACE('',(#9526),#9524,.T.);
#9528=CARTESIAN_POINT('',(143.099859357,179.770573974,-6.144338287));
#9529=CARTESIAN_POINT('',(137.513831258,190.143674612,-5.971033592));
#9530=DIRECTION('',(0.85259181,0.463172929,-0.241987693));
#9531=DIRECTION('',(-0.477360406,0.878707598,0.));
#9532=AXIS2_PLACEMENT_3D('',#9529,#9530,#9531);
#9533=PLANE('',#9532);
#9534=POLY_LOOP('',(#2694,#668,#9528));
#9535=FACE_OUTER_BOUND('',#9534,.T.);
#9536=FACE_SURFACE('',(#9535),#9533,.T.);
#9537=CARTESIAN_POINT('',(17.454512417,410.415261984,-11.689602397));
#9538=CARTESIAN_POINT('',(17.454512417,410.415261984,-11.689602397));
#9539=DIRECTION('',(-0.544158857,-0.07270705,-0.835825833));
#9540=DIRECTION('',(-0.83804385,-0.,0.545602882));
#9541=AXIS2_PLACEMENT_3D('',#9538,#9539,#9540);
#9542=PLANE('',#9541);
#9543=POLY_LOOP('',(#9537,#6275,#7796));
#9544=FACE_OUTER_BOUND('',#9543,.T.);
#9545=FACE_SURFACE('',(#9544),#9542,.T.);
#9546=CARTESIAN_POINT('',(227.350503206,395.822793245,-5.999335088));
#9547=DIRECTION('',(-0.576324994,-0.258431207,0.775282408));
#9548=DIRECTION('',(0.802545136,0.,0.596591405));
#9549=AXIS2_PLACEMENT_3D('',#9546,#9547,#9548);
#9550=PLANE('',#9549);
#9551=POLY_LOOP('',(#4361,#1187,#1186));
#9552=FACE_OUTER_BOUND('',#9551,.T.);
#9553=FACE_SURFACE('',(#9552),#9550,.T.);
#9554=CARTESIAN_POINT('',(104.661367834,451.685994864,7.856929675));
#9555=CARTESIAN_POINT('',(108.23135078,450.388252735,1.314501395));
#9556=DIRECTION('',(-0.635295828,0.613969305,-0.468445197));
#9557=DIRECTION('',(-0.694934327,-0.71907321,0.));
#9558=AXIS2_PLACEMENT_3D('',#9555,#9556,#9557);
#9559=PLANE('',#9558);
#9560=POLY_LOOP('',(#535,#9554,#400));
#9561=FACE_OUTER_BOUND('',#9560,.T.);
#9562=FACE_SURFACE('',(#9561),#9559,.T.);
#9563=CARTESIAN_POINT('',(214.459896088,270.669996738,-8.0153374));
#9564=DIRECTION('',(-0.653238671,0.064604989,-0.75439077));
#9565=DIRECTION('',(-0.755970055,-0.,0.654606199));
#9566=AXIS2_PLACEMENT_3D('',#9563,#9564,#9565);
#9567=PLANE('',#9566);
#9568=POLY_LOOP('',(#3411,#4898,#2075));
#9569=FACE_OUTER_BOUND('',#9568,.T.);
#9570=FACE_SURFACE('',(#9569),#9567,.T.);
#9571=CARTESIAN_POINT('',(80.109901726,436.983585358,3.096655011));
#9572=DIRECTION('',(0.010789546,-0.87527809,0.483499588));
#9573=DIRECTION('',(0.,-0.483527733,-0.875329042));
#9574=AXIS2_PLACEMENT_3D('',#9571,#9572,#9573);
#9575=PLANE('',#9574);
#9576=POLY_LOOP('',(#5842,#9475,#5619));
#9577=FACE_OUTER_BOUND('',#9576,.T.);
#9578=FACE_SURFACE('',(#9577),#9575,.T.);
#9579=CARTESIAN_POINT('',(214.931234717,301.981329918,-9.203453548));
#9580=DIRECTION('',(-0.295711582,-0.734677957,0.610575925));
#9581=DIRECTION('',(0.,-0.639160948,-0.769073002));
#9582=AXIS2_PLACEMENT_3D('',#9579,#9580,#9581);
#9583=PLANE('',#9582);
#9584=POLY_LOOP('',(#2085,#2086,#2272));
#9585=FACE_OUTER_BOUND('',#9584,.T.);
#9586=FACE_SURFACE('',(#9585),#9583,.T.);
#9587=CARTESIAN_POINT('',(42.514905334,298.326581717,10.515534319));
#9588=DIRECTION('',(0.004845972,0.484832502,-0.874593598));
#9589=DIRECTION('',(0.,-0.874603868,-0.484838195));
#9590=AXIS2_PLACEMENT_3D('',#9587,#9588,#9589);
#9591=PLANE('',#9590);
#9592=POLY_LOOP('',(#1801,#5141,#3218));
#9593=FACE_OUTER_BOUND('',#9592,.T.);
#9594=FACE_SURFACE('',(#9593),#9591,.T.);
#9595=CARTESIAN_POINT('',(30.002556741,414.867192507,-10.642791167));
#9596=DIRECTION('',(0.377105741,0.174668124,-0.909550607));
#9597=DIRECTION('',(-0.923751096,0.,-0.382993359));
#9598=AXIS2_PLACEMENT_3D('',#9595,#9596,#9597);
#9599=PLANE('',#9598);
#9600=POLY_LOOP('',(#4107,#8526,#8552));
#9601=FACE_OUTER_BOUND('',#9600,.T.);
#9602=FACE_SURFACE('',(#9601),#9599,.T.);
#9603=CARTESIAN_POINT('',(109.880112112,580.999910831,-10.38401667));
#9604=CARTESIAN_POINT('',(109.880112112,580.999910831,-10.38401667));
#9605=DIRECTION('',(-0.071994687,-0.004013798,0.997396939));
#9606=DIRECTION('',(0.997404974,0.,0.071995267));
#9607=AXIS2_PLACEMENT_3D('',#9604,#9605,#9606);
#9608=PLANE('',#9607);
#9609=POLY_LOOP('',(#9603,#3545,#4073));
#9610=FACE_OUTER_BOUND('',#9609,.T.);
#9611=FACE_SURFACE('',(#9610),#9608,.T.);
#9612=CARTESIAN_POINT('',(35.13514623,324.67725873,2.347741975));
#9613=DIRECTION('',(-0.957165371,-0.289503105,0.004733294));
#9614=DIRECTION('',(0.289506348,-0.957176094,-0.));
#9615=AXIS2_PLACEMENT_3D('',#9612,#9613,#9614);
#9616=PLANE('',#9615);
#9617=POLY_LOOP('',(#5422,#7557,#5423));
#9618=FACE_OUTER_BOUND('',#9617,.T.);
#9619=FACE_SURFACE('',(#9618),#9616,.T.);
#9620=CARTESIAN_POINT('',(25.972262025,397.155344486,9.900327772));
#9621=DIRECTION('',(-0.242433091,-0.268355796,0.932315056));
#9622=DIRECTION('',(-0.,0.960982977,0.276607516));
#9623=AXIS2_PLACEMENT_3D('',#9620,#9621,#9622);
#9624=PLANE('',#9623);
#9625=POLY_LOOP('',(#2961,#3381,#4318));
#9626=FACE_OUTER_BOUND('',#9625,.T.);
#9627=FACE_SURFACE('',(#9626),#9624,.T.);
#9628=CARTESIAN_POINT('',(79.13454622,438.84986639,-3.730743192));
#9629=DIRECTION('',(0.010679106,0.999914755,0.007512563));
#9630=DIRECTION('',(0.999942974,-0.010679407,0.));
#9631=AXIS2_PLACEMENT_3D('',#9628,#9629,#9630);
#9632=PLANE('',#9631);
#9633=POLY_LOOP('',(#6479,#3815,#3535));
#9634=FACE_OUTER_BOUND('',#9633,.T.);
#9635=FACE_SURFACE('',(#9634),#9632,.T.);
#9636=CARTESIAN_POINT('',(9.11496859,414.809644222,4.04174719));
#9637=DIRECTION('',(-0.981757198,-0.101377108,0.160858592));
#9638=DIRECTION('',(-0.161691616,0.,-0.986841336));
#9639=AXIS2_PLACEMENT_3D('',#9636,#9637,#9638);
#9640=PLANE('',#9639);
#9641=POLY_LOOP('',(#8456,#6265,#6274));
#9642=FACE_OUTER_BOUND('',#9641,.T.);
#9643=FACE_SURFACE('',(#9642),#9640,.T.);
#9644=CARTESIAN_POINT('',(44.143740088,408.750474453,-5.292660557));
#9645=DIRECTION('',(0.00439974,-0.954872619,0.296983037));
#9646=DIRECTION('',(-0.,-0.296985911,-0.954881861));
#9647=AXIS2_PLACEMENT_3D('',#9644,#9645,#9646);
#9648=PLANE('',#9647);
#9649=POLY_LOOP('',(#4533,#3199,#3198));
#9650=FACE_OUTER_BOUND('',#9649,.T.);
#9651=FACE_SURFACE('',(#9650),#9648,.T.);
#9652=CARTESIAN_POINT('',(45.595176518,354.900568724,-9.606039152));
#9653=CARTESIAN_POINT('',(44.133909047,347.431361675,-10.613437742));
#9654=DIRECTION('',(0.00111252,-0.133876996,0.990997332));
#9655=DIRECTION('',(0.,0.990997945,0.133877079));
#9656=AXIS2_PLACEMENT_3D('',#9653,#9654,#9655);
#9657=PLANE('',#9656);
#9658=POLY_LOOP('',(#1948,#1947,#9652));
#9659=FACE_OUTER_BOUND('',#9658,.T.);
#9660=FACE_SURFACE('',(#9659),#9657,.T.);
#9661=CARTESIAN_POINT('',(92.824690044,442.137688398,4.551228601));
#9662=DIRECTION('',(-0.399693172,0.700266662,-0.591499763));
#9663=DIRECTION('',(0.,0.645284914,0.763942001));
#9664=AXIS2_PLACEMENT_3D('',#9661,#9662,#9663);
#9665=PLANE('',#9664);
#9666=POLY_LOOP('',(#534,#4783,#9554));
#9667=FACE_OUTER_BOUND('',#9666,.T.);
#9668=FACE_SURFACE('',(#9667),#9665,.T.);
#9669=CARTESIAN_POINT('',(44.005133212,187.678307295,1.907456783));
#9670=DIRECTION('',(-0.015861112,-0.907374885,0.420022908));
#9671=DIRECTION('',(-0.,-0.420075752,-0.907489043));
#9672=AXIS2_PLACEMENT_3D('',#9669,#9670,#9671);
#9673=PLANE('',#9672);
#9674=POLY_LOOP('',(#65,#2425,#905));
#9675=FACE_OUTER_BOUND('',#9674,.T.);
#9676=FACE_SURFACE('',(#9675),#9673,.T.);
#9677=CARTESIAN_POINT('',(228.002652526,400.628000498,1.442107256));
#9678=CARTESIAN_POINT('',(230.77622056,393.559873104,6.811220199));
#9679=CARTESIAN_POINT('',(234.790161252,390.032529831,-0.05707351));
#9680=DIRECTION('',(0.833962867,0.50173922,0.229703489));
#9681=DIRECTION('',(-0.515523992,0.856875145,0.));
#9682=AXIS2_PLACEMENT_3D('',#9679,#9680,#9681);
#9683=PLANE('',#9682);
#9684=POLY_LOOP('',(#1717,#9677,#9678));
#9685=FACE_OUTER_BOUND('',#9684,.T.);
#9686=FACE_SURFACE('',(#9685),#9683,.T.);
#9687=CARTESIAN_POINT('',(34.194298089,438.713878393,7.788890507));
#9688=CARTESIAN_POINT('',(41.052758694,441.932111979,7.854196243));
#9689=DIRECTION('',(-0.160913705,0.361563024,-0.918356662));
#9690=DIRECTION('',(0.,-0.930482261,-0.366336952));
#9691=AXIS2_PLACEMENT_3D('',#9688,#9689,#9690);
#9692=PLANE('',#9691);
#9693=POLY_LOOP('',(#2827,#9687,#9367));
#9694=FACE_OUTER_BOUND('',#9693,.T.);
#9695=FACE_SURFACE('',(#9694),#9692,.T.);
#9696=CARTESIAN_POINT('',(119.614347816,580.999493599,10.989995673));
#9697=CARTESIAN_POINT('',(112.131372094,581.000089645,11.057412252));
#9698=DIRECTION('',(0.000080863,0.999999988,0.000134269));
#9699=DIRECTION('',(-0.,-0.000134269,0.999999991));
#9700=AXIS2_PLACEMENT_3D('',#9697,#9698,#9699);
#9701=PLANE('',#9700);
#9702=POLY_LOOP('',(#923,#9696,#8929));
#9703=FACE_OUTER_BOUND('',#9702,.T.);
#9704=FACE_SURFACE('',(#9703),#9701,.T.);
#9705=CARTESIAN_POINT('',(222.165778279,289.973914623,-10.503521189));
#9706=DIRECTION('',(-0.290443084,-0.274252092,0.916748932));
#9707=DIRECTION('',(0.95330054,0.,0.302023312));
#9708=AXIS2_PLACEMENT_3D('',#9705,#9706,#9707);
#9709=PLANE('',#9708);
#9710=POLY_LOOP('',(#3525,#522,#2085));
#9711=FACE_OUTER_BOUND('',#9710,.T.);
#9712=FACE_SURFACE('',(#9711),#9709,.T.);
#9713=CARTESIAN_POINT('',(208.27011764,341.822504997,6.220178213));
#9714=DIRECTION('',(-0.004257683,0.879609331,-0.475677724));
#9715=DIRECTION('',(0.,0.475682036,0.879617303));
#9716=AXIS2_PLACEMENT_3D('',#9713,#9714,#9715);
#9717=PLANE('',#9716);
#9718=POLY_LOOP('',(#208,#3570,#2889));
#9719=FACE_OUTER_BOUND('',#9718,.T.);
#9720=FACE_SURFACE('',(#9719),#9717,.T.);
#9721=CARTESIAN_POINT('',(138.954505324,143.999993801,11.98038552));
#9722=DIRECTION('',(0.08203441,0.000800852,0.996629176));
#9723=DIRECTION('',(0.996629495,-0.,-0.082034437));
#9724=AXIS2_PLACEMENT_3D('',#9721,#9722,#9723);
#9725=PLANE('',#9724);
#9726=POLY_LOOP('',(#4142,#4144,#8217));
#9727=FACE_OUTER_BOUND('',#9726,.T.);
#9728=FACE_SURFACE('',(#9727),#9725,.T.);
#9729=CARTESIAN_POINT('',(88.947676122,441.205233335,8.432914503));
#9730=DIRECTION('',(0.098925411,-0.849472077,0.518276908));
#9731=DIRECTION('',(0.,-0.520831665,-0.853659403));
#9732=AXIS2_PLACEMENT_3D('',#9729,#9730,#9731);
#9733=PLANE('',#9732);
#9734=POLY_LOOP('',(#7432,#9475,#5843));
#9735=FACE_OUTER_BOUND('',#9734,.T.);
#9736=FACE_SURFACE('',(#9735),#9733,.T.);
#9737=CARTESIAN_POINT('',(77.207535505,440.445810556,9.429080412));
#9738=DIRECTION('',(0.014960442,-0.414527746,0.909913695));
#9739=DIRECTION('',(0.,0.910015539,0.414574143));
#9740=AXIS2_PLACEMENT_3D('',#9737,#9738,#9739);
#9741=PLANE('',#9740);
#9742=POLY_LOOP('',(#9475,#7431,#9476));
#9743=FACE_OUTER_BOUND('',#9742,.T.);
#9744=FACE_SURFACE('',(#9743),#9741,.T.);
#9745=CARTESIAN_POINT('',(204.683765769,339.611589909,-1.956458669));
#9746=DIRECTION('',(-0.001315387,0.999435262,-0.033577166));
#9747=DIRECTION('',(0.,0.033577195,0.999436127));
#9748=AXIS2_PLACEMENT_3D('',#9745,#9746,#9747);
#9749=PLANE('',#9748);
#9750=POLY_LOOP('',(#3753,#147,#3570));
#9751=FACE_OUTER_BOUND('',#9750,.T.);
#9752=FACE_SURFACE('',(#9751),#9749,.T.);
#9753=CARTESIAN_POINT('',(24.887053296,310.943096876,-12.51522731));
#9754=DIRECTION('',(-0.194764994,-0.928213713,-0.316995111));
#9755=DIRECTION('',(-0.,0.323184108,-0.94633611));
#9756=AXIS2_PLACEMENT_3D('',#9753,#9754,#9755);
#9757=PLANE('',#9756);
#9758=POLY_LOOP('',(#317,#2952,#2174));
#9759=FACE_OUTER_BOUND('',#9758,.T.);
#9760=FACE_SURFACE('',(#9759),#9757,.T.);
#9761=CARTESIAN_POINT('',(221.387460828,304.861187935,-5.160578527));
#9762=DIRECTION('',(0.44281655,0.885486456,-0.140809232));
#9763=DIRECTION('',(0.894397565,-0.447272843,0.));
#9764=AXIS2_PLACEMENT_3D('',#9761,#9762,#9763);
#9765=PLANE('',#9764);
#9766=POLY_LOOP('',(#3772,#3104,#3922));
#9767=FACE_OUTER_BOUND('',#9766,.T.);
#9768=FACE_SURFACE('',(#9767),#9765,.T.);
#9769=CARTESIAN_POINT('',(27.731191367,397.7214396,-10.953846388));
#9770=DIRECTION('',(-0.499222882,-0.447178553,-0.742164305));
#9771=DIRECTION('',(-0.829748665,0.,0.558137217));
#9772=AXIS2_PLACEMENT_3D('',#9769,#9770,#9771);
#9773=PLANE('',#9772);
#9774=POLY_LOOP('',(#3825,#3834,#9537));
#9775=FACE_OUTER_BOUND('',#9774,.T.);
#9776=FACE_SURFACE('',(#9775),#9773,.T.);
#9777=CARTESIAN_POINT('',(31.707596034,400.921195745,-12.61402946));
#9778=DIRECTION('',(-0.086692357,-0.033199497,-0.995681791));
#9779=DIRECTION('',(-0.996230968,0.,0.086740173));
#9780=AXIS2_PLACEMENT_3D('',#9777,#9778,#9779);
#9781=PLANE('',#9780);
#9782=POLY_LOOP('',(#8526,#9537,#8552));
#9783=FACE_OUTER_BOUND('',#9782,.T.);
#9784=FACE_SURFACE('',(#9783),#9781,.T.);
#9785=CARTESIAN_POINT('',(104.661367834,451.685994864,7.856929675));
#9786=DIRECTION('',(-0.224619614,0.261185853,-0.9387907));
#9787=DIRECTION('',(0.,-0.963409153,-0.268035081));
#9788=AXIS2_PLACEMENT_3D('',#9785,#9786,#9787);
#9789=PLANE('',#9788);
#9790=POLY_LOOP('',(#9554,#4782,#398));
#9791=FACE_OUTER_BOUND('',#9790,.T.);
#9792=FACE_SURFACE('',(#9791),#9789,.T.);
#9793=CARTESIAN_POINT('',(224.143892527,245.724737644,-2.050220268));
#9794=CARTESIAN_POINT('',(232.094034553,258.374273777,-6.604509894));
#9795=DIRECTION('',(0.758737476,-0.582113287,-0.292338098));
#9796=DIRECTION('',(0.608704526,0.793397,-0.));
#9797=AXIS2_PLACEMENT_3D('',#9794,#9795,#9796);
#9798=PLANE('',#9797);
#9799=POLY_LOOP('',(#633,#4802,#9793));
#9800=FACE_OUTER_BOUND('',#9799,.T.);
#9801=FACE_SURFACE('',(#9800),#9798,.T.);
#9802=CARTESIAN_POINT('',(215.801924467,244.038209319,-8.2989363));
#9803=DIRECTION('',(0.445886812,-0.812276721,-0.376020583));
#9804=DIRECTION('',(-0.876609979,-0.481201564,-0.));
#9805=AXIS2_PLACEMENT_3D('',#9802,#9803,#9804);
#9806=PLANE('',#9805);
#9807=POLY_LOOP('',(#6005,#9793,#5911));
#9808=FACE_OUTER_BOUND('',#9807,.T.);
#9809=FACE_SURFACE('',(#9808),#9806,.T.);
#9810=CARTESIAN_POINT('',(77.207535505,440.445810556,9.429080412));
#9811=DIRECTION('',(0.105835642,-0.545939051,0.831113331));
#9812=DIRECTION('',(0.,0.83580753,0.549022561));
#9813=AXIS2_PLACEMENT_3D('',#9810,#9811,#9812);
#9814=PLANE('',#9813);
#9815=POLY_LOOP('',(#9475,#7432,#7431));
#9816=FACE_OUTER_BOUND('',#9815,.T.);
#9817=FACE_SURFACE('',(#9816),#9814,.T.);
#9818=CARTESIAN_POINT('',(89.199572802,438.665241003,4.221707117));
#9819=DIRECTION('',(0.094881981,-0.854513837,0.510689253));
#9820=DIRECTION('',(-0.,-0.513003654,-0.858386423));
#9821=AXIS2_PLACEMENT_3D('',#9818,#9819,#9820);
#9822=PLANE('',#9821);
#9823=POLY_LOOP('',(#5843,#9475,#5842));
#9824=FACE_OUTER_BOUND('',#9823,.T.);
#9825=FACE_SURFACE('',(#9824),#9822,.T.);
#9826=CARTESIAN_POINT('',(106.785655022,477.60489583,-9.082159959));
#9827=DIRECTION('',(0.273652597,0.003920367,0.961820611));
#9828=DIRECTION('',(0.961828002,0.,-0.2736547));
#9829=AXIS2_PLACEMENT_3D('',#9826,#9827,#9828);
#9830=PLANE('',#9829);
#9831=POLY_LOOP('',(#3255,#3545,#9603));
#9832=FACE_OUTER_BOUND('',#9831,.T.);
#9833=FACE_SURFACE('',(#9832),#9830,.T.);
#9834=CARTESIAN_POINT('',(116.862311959,474.861502647,-9.464870207));
#9835=DIRECTION('',(-0.237835876,0.002947331,0.971300885));
#9836=DIRECTION('',(0.971305104,0.,0.237836909));
#9837=AXIS2_PLACEMENT_3D('',#9834,#9835,#9836);
#9838=PLANE('',#9837);
#9839=POLY_LOOP('',(#1811,#4073,#3545));
#9840=FACE_OUTER_BOUND('',#9839,.T.);
#9841=FACE_SURFACE('',(#9840),#9838,.T.);
#9842=CARTESIAN_POINT('',(28.071951121,297.603040934,4.207808524));
#9843=DIRECTION('',(0.382159313,0.811097132,-0.44280436));
#9844=DIRECTION('',(0.,0.479175477,0.877719125));
#9845=AXIS2_PLACEMENT_3D('',#9842,#9843,#9844);
#9846=PLANE('',#9845);
#9847=POLY_LOOP('',(#3217,#3218,#9285));
#9848=FACE_OUTER_BOUND('',#9847,.T.);
#9849=FACE_SURFACE('',(#9848),#9846,.T.);
#9850=CARTESIAN_POINT('',(105.514198542,459.100276232,-10.43023169));
#9851=DIRECTION('',(0.027434664,-0.086486046,0.995875245));
#9852=DIRECTION('',(0.,0.996250235,0.086518612));
#9853=AXIS2_PLACEMENT_3D('',#9850,#9851,#9852);
#9854=PLANE('',#9853);
#9855=POLY_LOOP('',(#3544,#3257,#8677));
#9856=FACE_OUTER_BOUND('',#9855,.T.);
#9857=FACE_SURFACE('',(#9856),#9854,.T.);
#9858=CARTESIAN_POINT('',(35.7228145,331.861436367,8.655685931));
#9859=DIRECTION('',(0.520376849,-0.289729326,0.803283794));
#9860=DIRECTION('',(0.839281743,0.,-0.54369675));
#9861=AXIS2_PLACEMENT_3D('',#9858,#9859,#9860);
#9862=PLANE('',#9861);
#9863=POLY_LOOP('',(#1357,#360,#5251));
#9864=FACE_OUTER_BOUND('',#9863,.T.);
#9865=FACE_SURFACE('',(#9864),#9862,.T.);
#9866=CARTESIAN_POINT('',(224.143892527,245.724737644,-2.050220268));
#9867=DIRECTION('',(0.682219345,-0.703868962,0.197851583));
#9868=DIRECTION('',(-0.718063653,-0.695977435,0.));
#9869=AXIS2_PLACEMENT_3D('',#9866,#9867,#9868);
#9870=PLANE('',#9869);
#9871=POLY_LOOP('',(#9793,#5332,#420));
#9872=FACE_OUTER_BOUND('',#9871,.T.);
#9873=FACE_SURFACE('',(#9872),#9870,.T.);
#9874=CARTESIAN_POINT('',(12.278611772,409.656763077,-6.488849875));
#9875=CARTESIAN_POINT('',(12.278611772,409.656763077,-6.488849875));
#9876=DIRECTION('',(-0.721726044,-0.514137896,-0.46343688));
#9877=DIRECTION('',(0.580205991,-0.814469771,-0.));
#9878=AXIS2_PLACEMENT_3D('',#9875,#9876,#9877);
#9879=PLANE('',#9878);
#9880=POLY_LOOP('',(#9874,#3834,#9417));
#9881=FACE_OUTER_BOUND('',#9880,.T.);
#9882=FACE_SURFACE('',(#9881),#9879,.T.);
#9883=CARTESIAN_POINT('',(9.11496859,414.809644222,4.04174719));
#9884=DIRECTION('',(-0.745827545,-0.335128823,0.575699527));
#9885=DIRECTION('',(-0.611034221,0.,-0.791604182));
#9886=AXIS2_PLACEMENT_3D('',#9883,#9884,#9885);
#9887=PLANE('',#9886);
#9888=POLY_LOOP('',(#8456,#2962,#8003));
#9889=FACE_OUTER_BOUND('',#9888,.T.);
#9890=FACE_SURFACE('',(#9889),#9887,.T.);
#9891=CARTESIAN_POINT('',(44.501584023,341.79982543,-7.242116611));
#9892=CARTESIAN_POINT('',(44.133909047,347.431361675,-10.613437742));
#9893=DIRECTION('',(-0.344648521,0.46550699,0.815181354));
#9894=DIRECTION('',(0.,0.868385786,-0.495889229));
#9895=AXIS2_PLACEMENT_3D('',#9892,#9893,#9894);
#9896=PLANE('',#9895);
#9897=POLY_LOOP('',(#1948,#9392,#9891));
#9898=FACE_OUTER_BOUND('',#9897,.T.);
#9899=FACE_SURFACE('',(#9898),#9896,.T.);
#9900=CARTESIAN_POINT('',(124.511949718,168.585330248,-2.640296938));
#9901=DIRECTION('',(0.998145347,0.003955061,0.06074721));
#9902=DIRECTION('',(-0.060747685,0.,0.998153154));
#9903=AXIS2_PLACEMENT_3D('',#9900,#9901,#9902);
#9904=PLANE('',#9903);
#9905=POLY_LOOP('',(#3448,#3447,#9102));
#9906=FACE_OUTER_BOUND('',#9905,.T.);
#9907=FACE_SURFACE('',(#9906),#9904,.T.);
#9908=CARTESIAN_POINT('',(136.859282851,189.570769668,7.327271625));
#9909=DIRECTION('',(0.538074972,0.425059416,0.72787349));
#9910=DIRECTION('',(0.804133089,-0.,-0.594449304));
#9911=AXIS2_PLACEMENT_3D('',#9908,#9909,#9910);
#9912=PLANE('',#9911);
#9913=POLY_LOOP('',(#669,#5295,#4442));
#9914=FACE_OUTER_BOUND('',#9913,.T.);
#9915=FACE_SURFACE('',(#9914),#9912,.T.);
#9916=CARTESIAN_POINT('',(81.829048693,453.487485647,9.898851626));
#9917=DIRECTION('',(0.313521289,-0.675318154,-0.667570065));
#9918=DIRECTION('',(0.,0.703015272,-0.711174752));
#9919=AXIS2_PLACEMENT_3D('',#9916,#9917,#9918);
#9920=PLANE('',#9919);
#9921=POLY_LOOP('',(#5027,#6031,#5877));
#9922=FACE_OUTER_BOUND('',#9921,.T.);
#9923=FACE_SURFACE('',(#9922),#9920,.T.);
#9924=CARTESIAN_POINT('',(36.194045097,387.495100498,-1.47612975));
#9925=DIRECTION('',(-0.45325419,-0.883083109,-0.12134604));
#9926=DIRECTION('',(-0.889657442,0.456628554,0.));
#9927=AXIS2_PLACEMENT_3D('',#9924,#9925,#9926);
#9928=PLANE('',#9927);
#9929=POLY_LOOP('',(#1327,#1326,#3824));
#9930=FACE_OUTER_BOUND('',#9929,.T.);
#9931=FACE_SURFACE('',(#9930),#9928,.T.);
#9932=CARTESIAN_POINT('',(10.575470515,418.796271086,-4.052951001));
#9933=CARTESIAN_POINT('',(11.596750468,411.801099777,0.29736507));
#9934=CARTESIAN_POINT('',(15.982320532,404.909968376,-3.803970059));
#9935=DIRECTION('',(0.870504102,0.345233653,0.350765353));
#9936=DIRECTION('',(-0.373744365,0.,0.927531751));
#9937=AXIS2_PLACEMENT_3D('',#9934,#9935,#9936);
#9938=PLANE('',#9937);
#9939=POLY_LOOP('',(#2380,#9932,#9933));
#9940=FACE_OUTER_BOUND('',#9939,.T.);
#9941=FACE_SURFACE('',(#9940),#9938,.T.);
#9942=CARTESIAN_POINT('',(229.985073209,269.597858191,-9.73311998));
#9943=DIRECTION('',(-0.724897204,0.271079621,0.633277097));
#9944=DIRECTION('',(-0.657911318,0.,-0.75309541));
#9945=AXIS2_PLACEMENT_3D('',#9942,#9943,#9944);
#9946=PLANE('',#9945);
#9947=POLY_LOOP('',(#3524,#3501,#5037));
#9948=FACE_OUTER_BOUND('',#9947,.T.);
#9949=FACE_SURFACE('',(#9948),#9946,.T.);
#9950=CARTESIAN_POINT('',(89.754633605,447.852522135,10.357056744));
#9951=DIRECTION('',(-0.00817835,0.358895089,-0.933342075));
#9952=DIRECTION('',(0.,-0.933373291,-0.358907092));
#9953=AXIS2_PLACEMENT_3D('',#9950,#9951,#9952);
#9954=PLANE('',#9953);
#9955=POLY_LOOP('',(#4782,#3534,#9367));
#9956=FACE_OUTER_BOUND('',#9955,.T.);
#9957=FACE_SURFACE('',(#9956),#9954,.T.);
#9958=CARTESIAN_POINT('',(37.379831076,446.471184492,10.284826159));
#9959=DIRECTION('',(0.007189538,0.476570846,-0.879106671));
#9960=DIRECTION('',(0.,-0.879129392,-0.476583163));
#9961=AXIS2_PLACEMENT_3D('',#9958,#9959,#9960);
#9962=PLANE('',#9961);
#9963=POLY_LOOP('',(#9367,#3534,#2827));
#9964=FACE_OUTER_BOUND('',#9963,.T.);
#9965=FACE_SURFACE('',(#9964),#9962,.T.);
#9966=CARTESIAN_POINT('',(47.550458461,339.44028616,1.235938165));
#9967=DIRECTION('',(-0.003237946,0.999300738,0.03724985));
#9968=DIRECTION('',(-0.,-0.037250045,0.999305976));
#9969=AXIS2_PLACEMENT_3D('',#9966,#9967,#9968);
#9970=PLANE('',#9969);
#9971=POLY_LOOP('',(#3293,#6098,#6099));
#9972=FACE_OUTER_BOUND('',#9971,.T.);
#9973=FACE_SURFACE('',(#9972),#9970,.T.);
#9974=CARTESIAN_POINT('',(232.809409499,359.736382961,-7.036384661));
#9975=DIRECTION('',(0.834286549,-0.507067922,-0.216444166));
#9976=DIRECTION('',(0.519379821,0.854543505,0.));
#9977=AXIS2_PLACEMENT_3D('',#9974,#9975,#9976);
#9978=PLANE('',#9977);
#9979=POLY_LOOP('',(#6328,#781,#780));
#9980=FACE_OUTER_BOUND('',#9979,.T.);
#9981=FACE_SURFACE('',(#9980),#9978,.T.);
#9982=CARTESIAN_POINT('',(204.61383462,287.130743265,1.600686344));
#9983=DIRECTION('',(-0.561755856,-0.827289917,0.004663829));
#9984=DIRECTION('',(-0.827298914,0.561761966,0.));
#9985=AXIS2_PLACEMENT_3D('',#9982,#9983,#9984);
#9986=PLANE('',#9985);
#9987=POLY_LOOP('',(#4753,#3852,#3851));
#9988=FACE_OUTER_BOUND('',#9987,.T.);
#9989=FACE_SURFACE('',(#9988),#9986,.T.);
#9990=CARTESIAN_POINT('',(36.454435438,453.57722044,9.847215377));
#9991=CARTESIAN_POINT('',(36.454435438,453.57722044,9.847215377));
#9992=DIRECTION('',(0.012367091,-0.701148098,-0.71290841));
#9993=DIRECTION('',(0.,-0.712962934,0.701201722));
#9994=AXIS2_PLACEMENT_3D('',#9991,#9992,#9993);
#9995=PLANE('',#9994);
#9996=POLY_LOOP('',(#9990,#4889,#6031));
#9997=FACE_OUTER_BOUND('',#9996,.T.);
#9998=FACE_SURFACE('',(#9997),#9995,.T.);
#9999=CARTESIAN_POINT('',(46.115666628,301.475256681,-12.47686334));
#10000=DIRECTION('',(0.127136204,0.281208165,-0.951187864));
#10001=DIRECTION('',(0.,-0.958969646,-0.283508763));
#10002=AXIS2_PLACEMENT_3D('',#9999,#10000,#10001);
#10003=PLANE('',#10002);
#10004=POLY_LOOP('',(#2176,#317,#2174));
#10005=FACE_OUTER_BOUND('',#10004,.T.);
#10006=FACE_SURFACE('',(#10005),#10003,.T.);
#10007=CARTESIAN_POINT('',(32.927814871,423.873662949,0.745992817));
#10008=DIRECTION('',(0.998991138,-0.043192146,0.012294077));
#10009=DIRECTION('',(0.04319541,0.999066643,0.));
#10010=AXIS2_PLACEMENT_3D('',#10007,#10008,#10009);
#10011=PLANE('',#10010);
#10012=POLY_LOOP('',(#7405,#8569,#5665));
#10013=FACE_OUTER_BOUND('',#10012,.T.);
#10014=FACE_SURFACE('',(#10013),#10011,.T.);
#10015=CARTESIAN_POINT('',(221.220776439,264.084517956,10.33317484));
#10016=DIRECTION('',(0.295861217,-0.200152827,-0.934026223));
#10017=DIRECTION('',(-0.953316887,0.,-0.301971708));
#10018=AXIS2_PLACEMENT_3D('',#10015,#10016,#10017);
#10019=PLANE('',#10018);
#10020=POLY_LOOP('',(#4828,#6808,#4300));
#10021=FACE_OUTER_BOUND('',#10020,.T.);
#10022=FACE_SURFACE('',(#10021),#10019,.T.);
#10023=CARTESIAN_POINT('',(216.986060143,252.560645342,10.534051806));
#10024=DIRECTION('',(0.000753805,-0.017705643,-0.999842959));
#10025=DIRECTION('',(-0.,-0.999843243,0.017705648));
#10026=AXIS2_PLACEMENT_3D('',#10023,#10024,#10025);
#10027=PLANE('',#10026);
#10028=POLY_LOOP('',(#874,#4828,#4424));
#10029=FACE_OUTER_BOUND('',#10028,.T.);
#10030=FACE_SURFACE('',(#10029),#10027,.T.);
#10031=CARTESIAN_POINT('',(31.707596034,400.921195745,-12.61402946));
#10032=DIRECTION('',(-0.213352086,-0.227792265,-0.950048194));
#10033=DIRECTION('',(0.,-0.972438217,0.233160703));
#10034=AXIS2_PLACEMENT_3D('',#10031,#10032,#10033);
#10035=PLANE('',#10034);
#10036=POLY_LOOP('',(#8526,#3825,#9537));
#10037=FACE_OUTER_BOUND('',#10036,.T.);
#10038=FACE_SURFACE('',(#10037),#10035,.T.);
#10039=CARTESIAN_POINT('',(104.661367834,451.685994864,7.856929675));
#10040=DIRECTION('',(-0.257040212,0.437550855,-0.861672547));
#10041=DIRECTION('',(0.,-0.891630707,-0.452763384));
#10042=AXIS2_PLACEMENT_3D('',#10039,#10040,#10041);
#10043=PLANE('',#10042);
#10044=POLY_LOOP('',(#9554,#4783,#4782));
#10045=FACE_OUTER_BOUND('',#10044,.T.);
#10046=FACE_SURFACE('',(#10045),#10043,.T.);
#10047=CARTESIAN_POINT('',(16.427746043,307.275533676,-1.059968257));
#10048=CARTESIAN_POINT('',(18.791863695,305.443406105,4.966140725));
#10049=DIRECTION('',(-0.788092847,-0.602524382,0.125992192));
#10050=DIRECTION('',(0.607364327,-0.794423422,0.));
#10051=AXIS2_PLACEMENT_3D('',#10048,#10049,#10050);
#10052=PLANE('',#10051);
#10053=POLY_LOOP('',(#1907,#10047,#2504));
#10054=FACE_OUTER_BOUND('',#10053,.T.);
#10055=FACE_SURFACE('',(#10054),#10052,.T.);
#10056=CARTESIAN_POINT('',(116.125494242,206.437587738,1.223220606));
#10057=DIRECTION('',(-0.436332425,-0.895861576,0.083940764));
#10058=DIRECTION('',(-0.899034497,0.437877807,-0.));
#10059=AXIS2_PLACEMENT_3D('',#10056,#10057,#10058);
#10060=PLANE('',#10059);
#10061=POLY_LOOP('',(#410,#5750,#1858));
#10062=FACE_OUTER_BOUND('',#10061,.T.);
#10063=FACE_SURFACE('',(#10062),#10060,.T.);
#10064=CARTESIAN_POINT('',(105.623006821,480.363249779,7.996987551));
#10065=CARTESIAN_POINT('',(105.623006821,480.363249779,7.996987551));
#10066=DIRECTION('',(0.381570655,-0.163380778,-0.909785995));
#10067=DIRECTION('',(-0.922177211,0.,-0.386767619));
#10068=AXIS2_PLACEMENT_3D('',#10065,#10066,#10067);
#10069=PLANE('',#10068);
#10070=POLY_LOOP('',(#10064,#924,#266));
#10071=FACE_OUTER_BOUND('',#10070,.T.);
#10072=FACE_SURFACE('',(#10071),#10069,.T.);
#10073=CARTESIAN_POINT('',(95.509797335,460.740894079,8.986359462));
#10074=DIRECTION('',(0.561255915,-0.42567797,-0.709781701));
#10075=DIRECTION('',(-0.784397754,-0.,-0.620258142));
#10076=AXIS2_PLACEMENT_3D('',#10073,#10074,#10075);
#10077=PLANE('',#10076);
#10078=POLY_LOOP('',(#5877,#267,#266));
#10079=FACE_OUTER_BOUND('',#10078,.T.);
#10080=FACE_SURFACE('',(#10079),#10077,.T.);
#10081=CARTESIAN_POINT('',(102.459639311,479.121804237,4.106973298));
#10082=DIRECTION('',(0.78649259,-0.281370711,-0.549781711));
#10083=DIRECTION('',(0.572928511,-0.,0.819605345));
#10084=AXIS2_PLACEMENT_3D('',#10081,#10082,#10083);
#10085=PLANE('',#10084);
#10086=POLY_LOOP('',(#1643,#10064,#266));
#10087=FACE_OUTER_BOUND('',#10086,.T.);
#10088=FACE_SURFACE('',(#10087),#10085,.T.);
#10089=CARTESIAN_POINT('',(116.862311959,474.861502647,-9.464870207));
#10090=DIRECTION('',(-0.175539127,0.066227017,0.982242331));
#10091=DIRECTION('',(0.984403509,-0.,0.175925357));
#10092=AXIS2_PLACEMENT_3D('',#10089,#10090,#10091);
#10093=PLANE('',#10092);
#10094=POLY_LOOP('',(#1811,#3545,#3544));
#10095=FACE_OUTER_BOUND('',#10094,.T.);
#10096=FACE_SURFACE('',(#10095),#10093,.T.);
#10097=CARTESIAN_POINT('',(116.862311959,474.861502647,-9.464870207));
#10098=DIRECTION('',(-0.317372533,0.171382642,0.932685727));
#10099=DIRECTION('',(0.946692476,0.,0.322138722));
#10100=AXIS2_PLACEMENT_3D('',#10097,#10098,#10099);
#10101=PLANE('',#10100);
#10102=POLY_LOOP('',(#1811,#3544,#1812));
#10103=FACE_OUTER_BOUND('',#10102,.T.);
#10104=FACE_SURFACE('',(#10103),#10101,.T.);
#10105=CARTESIAN_POINT('',(102.630637586,468.944400549,-9.495888837));
#10106=DIRECTION('',(0.34173639,-0.20773906,0.916548265));
#10107=DIRECTION('',(0.936989364,0.,-0.349357885));
#10108=AXIS2_PLACEMENT_3D('',#10105,#10106,#10107);
#10109=PLANE('',#10108);
#10110=POLY_LOOP('',(#3257,#3545,#3255));
#10111=FACE_OUTER_BOUND('',#10110,.T.);
#10112=FACE_SURFACE('',(#10111),#10109,.T.);
#10113=CARTESIAN_POINT('',(104.538924992,187.709271908,4.260256421));
#10114=DIRECTION('',(-0.003665463,-0.848883159,0.528567826));
#10115=DIRECTION('',(0.,-0.528571377,-0.848888862));
#10116=AXIS2_PLACEMENT_3D('',#10113,#10114,#10115);
#10117=PLANE('',#10116);
#10118=POLY_LOOP('',(#2425,#842,#905));
#10119=FACE_OUTER_BOUND('',#10118,.T.);
#10120=FACE_SURFACE('',(#10119),#10117,.T.);
#10121=CARTESIAN_POINT('',(45.702952892,339.606791735,-3.39149707));
#10122=DIRECTION('',(-0.004502881,0.868340252,0.495948517));
#10123=DIRECTION('',(0.,-0.495953545,0.868349055));
#10124=AXIS2_PLACEMENT_3D('',#10121,#10122,#10123);
#10125=PLANE('',#10124);
#10126=POLY_LOOP('',(#6099,#3753,#9891));
#10127=FACE_OUTER_BOUND('',#10126,.T.);
#10128=FACE_SURFACE('',(#10127),#10125,.T.);
#10129=CARTESIAN_POINT('',(9.407557547,424.853146076,-0.131141336));
#10130=CARTESIAN_POINT('',(10.575470515,418.796271086,-4.052951001));
#10131=DIRECTION('',(0.985376554,0.166468553,0.03634925));
#10132=DIRECTION('',(-0.166578637,0.986028173,0.));
#10133=AXIS2_PLACEMENT_3D('',#10130,#10131,#10132);
#10134=PLANE('',#10133);
#10135=POLY_LOOP('',(#9932,#10129,#9933));
#10136=FACE_OUTER_BOUND('',#10135,.T.);
#10137=FACE_SURFACE('',(#10136),#10134,.T.);
#10138=CARTESIAN_POINT('',(202.290832996,239.620044827,-3.313770751));
#10139=DIRECTION('',(-0.185120114,0.98081225,-0.061138148));
#10140=DIRECTION('',(0.982650481,0.185467064,-0.));
#10141=AXIS2_PLACEMENT_3D('',#10138,#10139,#10140);
#10142=PLANE('',#10141);
#10143=POLY_LOOP('',(#278,#513,#701));
#10144=FACE_OUTER_BOUND('',#10143,.T.);
#10145=FACE_SURFACE('',(#10144),#10142,.T.);
#10146=CARTESIAN_POINT('',(22.690352052,394.295245409,-0.524204632));
#10147=DIRECTION('',(-0.672888334,-0.705905316,-0.221176345));
#10148=DIRECTION('',(-0.723831858,0.689976406,0.));
#10149=AXIS2_PLACEMENT_3D('',#10146,#10147,#10148);
#10150=PLANE('',#10149);
#10151=POLY_LOOP('',(#1326,#9417,#3834));
#10152=FACE_OUTER_BOUND('',#10151,.T.);
#10153=FACE_SURFACE('',(#10152),#10150,.T.);
#10154=CARTESIAN_POINT('',(214.615732431,385.594248772,-7.546433248));
#10155=DIRECTION('',(0.607634092,0.275115244,0.745045242));
#10156=DIRECTION('',(0.774949573,-0.,-0.632023068));
#10157=AXIS2_PLACEMENT_3D('',#10154,#10155,#10156);
#10158=PLANE('',#10157);
#10159=POLY_LOOP('',(#8207,#8208,#3032));
#10160=FACE_OUTER_BOUND('',#10159,.T.);
#10161=FACE_SURFACE('',(#10160),#10158,.T.);
#10162=CARTESIAN_POINT('',(136.859282851,189.570769668,7.327271625));
#10163=DIRECTION('',(0.571650729,0.311256496,0.7591672));
#10164=DIRECTION('',(0.798849287,-0.,-0.601531227));
#10165=AXIS2_PLACEMENT_3D('',#10162,#10163,#10164);
#10166=PLANE('',#10165);
#10167=POLY_LOOP('',(#669,#4442,#4153));
#10168=FACE_OUTER_BOUND('',#10167,.T.);
#10169=FACE_SURFACE('',(#10168),#10166,.T.);
#10170=CARTESIAN_POINT('',(95.123618841,464.727908373,6.289855577));
#10171=DIRECTION('',(0.325593352,-0.507856957,-0.797540144));
#10172=DIRECTION('',(-0.,-0.84350269,0.537124949));
#10173=AXIS2_PLACEMENT_3D('',#10170,#10171,#10172);
#10174=PLANE('',#10173);
#10175=POLY_LOOP('',(#267,#5877,#6031));
#10176=FACE_OUTER_BOUND('',#10175,.T.);
#10177=FACE_SURFACE('',(#10176),#10174,.T.);
#10178=CARTESIAN_POINT('',(36.992996931,327.772289515,3.90503183));
#10179=CARTESIAN_POINT('',(36.992996931,327.772289515,3.90503183));
#10180=DIRECTION('',(0.779870525,-0.355937496,0.514888787));
#10181=DIRECTION('',(-0.550972079,0.,0.834523678));
#10182=AXIS2_PLACEMENT_3D('',#10179,#10180,#10181);
#10183=PLANE('',#10182);
#10184=POLY_LOOP('',(#10178,#1356,#1357));
#10185=FACE_OUTER_BOUND('',#10184,.T.);
#10186=FACE_SURFACE('',(#10185),#10183,.T.);
#10187=CARTESIAN_POINT('',(38.129646331,236.033141613,-8.662595414));
#10188=DIRECTION('',(0.752328713,-0.432604314,-0.496845061));
#10189=DIRECTION('',(0.551080235,0.,0.83445226));
#10190=AXIS2_PLACEMENT_3D('',#10187,#10188,#10189);
#10191=PLANE('',#10190);
#10192=POLY_LOOP('',(#2342,#1375,#1374));
#10193=FACE_OUTER_BOUND('',#10192,.T.);
#10194=FACE_SURFACE('',(#10193),#10191,.T.);
#10195=CARTESIAN_POINT('',(32.986208797,446.601688862,10.487273335));
#10196=DIRECTION('',(-0.015982757,0.645912552,-0.763244081));
#10197=DIRECTION('',(-0.,-0.763341584,-0.645995066));
#10198=AXIS2_PLACEMENT_3D('',#10195,#10196,#10197);
#10199=PLANE('',#10198);
#10200=POLY_LOOP('',(#9366,#4782,#9367));
#10201=FACE_OUTER_BOUND('',#10200,.T.);
#10202=FACE_SURFACE('',(#10201),#10199,.T.);
#10203=CARTESIAN_POINT('',(46.321570873,343.345195055,8.410938084));
#10204=DIRECTION('',(-0.002355501,0.731092986,-0.68227377));
#10205=DIRECTION('',(0.,0.682275663,0.731095014));
#10206=AXIS2_PLACEMENT_3D('',#10203,#10204,#10205);
#10207=PLANE('',#10206);
#10208=POLY_LOOP('',(#2863,#208,#2889));
#10209=FACE_OUTER_BOUND('',#10208,.T.);
#10210=FACE_SURFACE('',(#10209),#10207,.T.);
#10211=CARTESIAN_POINT('',(212.624013424,239.442065358,1.731068478));
#10212=DIRECTION('',(0.239680082,-0.878635544,0.412980675));
#10213=DIRECTION('',(0.,-0.425379675,-0.90501499));
#10214=AXIS2_PLACEMENT_3D('',#10211,#10212,#10213);
#10215=PLANE('',#10214);
#10216=POLY_LOOP('',(#1262,#422,#1581));
#10217=FACE_OUTER_BOUND('',#10216,.T.);
#10218=FACE_SURFACE('',(#10217),#10215,.T.);
#10219=CARTESIAN_POINT('',(20.440777764,242.634922266,5.514020566));
#10220=DIRECTION('',(0.544567083,-0.278710982,-0.791054284));
#10221=DIRECTION('',(-0.823693103,-0.,-0.567035865));
#10222=AXIS2_PLACEMENT_3D('',#10219,#10220,#10221);
#10223=PLANE('',#10222);
#10224=POLY_LOOP('',(#4471,#4370,#4659));
#10225=FACE_OUTER_BOUND('',#10224,.T.);
#10226=FACE_SURFACE('',(#10225),#10223,.T.);
#10227=CARTESIAN_POINT('',(24.513859302,297.647088766,3.473925404));
#10228=DIRECTION('',(-0.765465596,-0.64347545,-0.001329191));
#10229=DIRECTION('',(0.643476018,-0.765466272,0.));
#10230=AXIS2_PLACEMENT_3D('',#10227,#10228,#10229);
#10231=PLANE('',#10230);
#10232=POLY_LOOP('',(#2504,#10047,#4598));
#10233=FACE_OUTER_BOUND('',#10232,.T.);
#10234=FACE_SURFACE('',(#10233),#10231,.T.);
#10235=CARTESIAN_POINT('',(47.049220651,288.057208061,-4.810677841));
#10236=CARTESIAN_POINT('',(203.536897898,287.828862667,-4.280396737));
#10237=DIRECTION('',(-0.001050245,-0.993049994,-0.117688598));
#10238=DIRECTION('',(0.,0.117688663,-0.993050542));
#10239=AXIS2_PLACEMENT_3D('',#10236,#10237,#10238);
#10240=PLANE('',#10239);
#10241=POLY_LOOP('',(#3852,#4753,#10235));
#10242=FACE_OUTER_BOUND('',#10241,.T.);
#10243=FACE_SURFACE('',(#10242),#10240,.T.);
#10244=CARTESIAN_POINT('',(92.824690044,442.137688398,4.551228601));
#10245=DIRECTION('',(-0.151103389,0.785847903,-0.599675612));
#10246=DIRECTION('',(0.,0.606641087,0.794975844));
#10247=AXIS2_PLACEMENT_3D('',#10244,#10245,#10246);
#10248=PLANE('',#10247);
#10249=POLY_LOOP('',(#534,#3534,#4783));
#10250=FACE_OUTER_BOUND('',#10249,.T.);
#10251=FACE_SURFACE('',(#10250),#10248,.T.);
#10252=CARTESIAN_POINT('',(42.113874108,214.285925031,4.080174491));
#10253=DIRECTION('',(0.4935374,0.738260888,0.459773526));
#10254=DIRECTION('',(0.831340978,-0.5557627,0.));
#10255=AXIS2_PLACEMENT_3D('',#10252,#10253,#10254);
#10256=PLANE('',#10255);
#10257=POLY_LOOP('',(#7874,#4245,#4244));
#10258=FACE_OUTER_BOUND('',#10257,.T.);
#10259=FACE_SURFACE('',(#10258),#10256,.T.);
#10260=CARTESIAN_POINT('',(39.068937302,213.183954358,9.118159302));
#10261=DIRECTION('',(0.199546266,0.417821414,0.886344489));
#10262=DIRECTION('',(0.,0.904536153,-0.426396937));
#10263=AXIS2_PLACEMENT_3D('',#10260,#10261,#10262);
#10264=PLANE('',#10263);
#10265=POLY_LOOP('',(#4245,#4264,#4246));
#10266=FACE_OUTER_BOUND('',#10265,.T.);
#10267=FACE_SURFACE('',(#10266),#10264,.T.);
#10268=CARTESIAN_POINT('',(103.394761682,195.013254881,-11.884704232));
#10269=DIRECTION('',(-0.039643812,-0.099944847,-0.994202895));
#10270=DIRECTION('',(0.,-0.994985077,0.100023478));
#10271=AXIS2_PLACEMENT_3D('',#10268,#10269,#10270);
#10272=PLANE('',#10271);
#10273=POLY_LOOP('',(#4907,#1037,#5215));
#10274=FACE_OUTER_BOUND('',#10273,.T.);
#10275=FACE_SURFACE('',(#10274),#10272,.T.);
#10276=CARTESIAN_POINT('',(218.516469002,364.525169134,11.980237439));
#10277=DIRECTION('',(-0.57126168,0.093304061,0.815447389));
#10278=DIRECTION('',(0.819020233,0.,0.573764636));
#10279=AXIS2_PLACEMENT_3D('',#10276,#10277,#10278);
#10280=PLANE('',#10279);
#10281=POLY_LOOP('',(#3598,#3597,#1572));
#10282=FACE_OUTER_BOUND('',#10281,.T.);
#10283=FACE_SURFACE('',(#10282),#10280,.T.);
#10284=CARTESIAN_POINT('',(113.168716431,190.762251616,9.270007722));
#10285=DIRECTION('',(0.476462648,0.566629507,-0.672245749));
#10286=DIRECTION('',(0.,-0.764615322,-0.644486935));
#10287=AXIS2_PLACEMENT_3D('',#10284,#10285,#10286);
#10288=PLANE('',#10287);
#10289=POLY_LOOP('',(#7892,#4963,#4030));
#10290=FACE_OUTER_BOUND('',#10289,.T.);
#10291=FACE_SURFACE('',(#10290),#10288,.T.);
#10292=CARTESIAN_POINT('',(223.179236054,381.282031536,12.476154603));
#10293=DIRECTION('',(-0.206291821,-0.139173591,0.968542408));
#10294=DIRECTION('',(0.978060897,0.,0.208319183));
#10295=AXIS2_PLACEMENT_3D('',#10292,#10293,#10294);
#10296=PLANE('',#10295);
#10297=POLY_LOOP('',(#2854,#3266,#3597));
#10298=FACE_OUTER_BOUND('',#10297,.T.);
#10299=FACE_SURFACE('',(#10298),#10296,.T.);
#10300=CARTESIAN_POINT('',(224.143892527,245.724737644,-2.050220268));
#10301=DIRECTION('',(0.744132536,-0.655035298,0.131131719));
#10302=DIRECTION('',(0.660740825,0.750614123,0.));
#10303=AXIS2_PLACEMENT_3D('',#10300,#10301,#10302);
#10304=PLANE('',#10303);
#10305=POLY_LOOP('',(#9793,#4802,#5332));
#10306=FACE_OUTER_BOUND('',#10305,.T.);
#10307=FACE_SURFACE('',(#10306),#10304,.T.);
#10308=CARTESIAN_POINT('',(119.384169579,580.999910831,8.021191694));
#10309=DIRECTION('',(-0.386153754,-0.003488731,-0.922427833));
#10310=DIRECTION('',(-0.922433447,-0.,0.386156104));
#10311=AXIS2_PLACEMENT_3D('',#10308,#10309,#10310);
#10312=PLANE('',#10311);
#10313=POLY_LOOP('',(#8929,#399,#923));
#10314=FACE_OUTER_BOUND('',#10313,.T.);
#10315=FACE_SURFACE('',(#10314),#10312,.T.);
#10316=CARTESIAN_POINT('',(18.791863695,305.443406105,4.966140725));
#10317=DIRECTION('',(-0.89261626,-0.386049489,0.232813238));
#10318=DIRECTION('',(0.396957295,-0.91783708,0.));
#10319=AXIS2_PLACEMENT_3D('',#10316,#10317,#10318);
#10320=PLANE('',#10319);
#10321=POLY_LOOP('',(#1907,#1634,#10047));
#10322=FACE_OUTER_BOUND('',#10321,.T.);
#10323=FACE_SURFACE('',(#10322),#10320,.T.);
#10324=CARTESIAN_POINT('',(101.735964417,207.793414593,-7.340781856));
#10325=CARTESIAN_POINT('',(99.263012409,203.854948282,-9.930437431));
#10326=DIRECTION('',(-0.001463773,-0.548760742,0.835978173));
#10327=DIRECTION('',(0.,0.835979068,0.54876133));
#10328=AXIS2_PLACEMENT_3D('',#10325,#10326,#10327);
#10329=PLANE('',#10328);
#10330=POLY_LOOP('',(#5378,#10324,#6955));
#10331=FACE_OUTER_BOUND('',#10330,.T.);
#10332=FACE_SURFACE('',(#10331),#10329,.T.);
#10333=CARTESIAN_POINT('',(116.125494242,206.437587738,1.223220606));
#10334=DIRECTION('',(0.567120848,-0.306802521,0.764359965));
#10335=DIRECTION('',(0.803090453,-0.,-0.595857135));
#10336=AXIS2_PLACEMENT_3D('',#10333,#10334,#10335);
#10337=PLANE('',#10336);
#10338=POLY_LOOP('',(#410,#4226,#5750));
#10339=FACE_OUTER_BOUND('',#10338,.T.);
#10340=FACE_SURFACE('',(#10339),#10337,.T.);
#10341=CARTESIAN_POINT('',(214.196503162,273.048758507,-0.01929085));
#10342=CARTESIAN_POINT('',(212.752178311,267.916142941,2.425035229));
#10343=DIRECTION('',(0.967485134,-0.19628649,0.159512158));
#10344=DIRECTION('',(0.198832347,0.980033519,-0.));
#10345=AXIS2_PLACEMENT_3D('',#10342,#10343,#10344);
#10346=PLANE('',#10345);
#10347=POLY_LOOP('',(#9211,#2666,#10341));
#10348=FACE_OUTER_BOUND('',#10347,.T.);
#10349=FACE_SURFACE('',(#10348),#10346,.T.);
#10350=CARTESIAN_POINT('',(126.365303993,339.565783739,-0.866984308));
#10351=DIRECTION('',(-0.00093335,0.999685409,-0.025064154));
#10352=DIRECTION('',(0.,0.025064165,0.999685844));
#10353=AXIS2_PLACEMENT_3D('',#10350,#10351,#10352);
#10354=PLANE('',#10353);
#10355=POLY_LOOP('',(#166,#147,#3753));
#10356=FACE_OUTER_BOUND('',#10355,.T.);
#10357=FACE_SURFACE('',(#10356),#10354,.T.);
#10358=CARTESIAN_POINT('',(23.784829304,219.438478351,12.553010136));
#10359=DIRECTION('',(-0.284637705,-0.120824386,0.950990455));
#10360=DIRECTION('',(0.958008926,0.,0.286738379));
#10361=AXIS2_PLACEMENT_3D('',#10358,#10359,#10360);
#10362=PLANE('',#10361);
#10363=POLY_LOOP('',(#8336,#9029,#1442));
#10364=FACE_OUTER_BOUND('',#10363,.T.);
#10365=FACE_SURFACE('',(#10364),#10362,.T.);
#10366=CARTESIAN_POINT('',(25.972262025,397.155344486,9.900327772));
#10367=DIRECTION('',(-0.209750901,-0.52684007,0.823677182));
#10368=DIRECTION('',(-0.,0.842416866,0.538826339));
#10369=AXIS2_PLACEMENT_3D('',#10366,#10367,#10368);
#10370=PLANE('',#10369);
#10371=POLY_LOOP('',(#2961,#3382,#3381));
#10372=FACE_OUTER_BOUND('',#10371,.T.);
#10373=FACE_SURFACE('',(#10372),#10370,.T.);
#10374=CARTESIAN_POINT('',(112.581394613,198.605746031,10.646774434));
#10375=CARTESIAN_POINT('',(112.581394613,198.605746031,10.646774434));
#10376=DIRECTION('',(-0.000890499,0.311759387,-0.950160666));
#10377=DIRECTION('',(0.,-0.950161043,-0.31175951));
#10378=AXIS2_PLACEMENT_3D('',#10375,#10376,#10377);
#10379=PLANE('',#10378);
#10380=POLY_LOOP('',(#10374,#6163,#5469));
#10381=FACE_OUTER_BOUND('',#10380,.T.);
#10382=FACE_SURFACE('',(#10381),#10379,.T.);
#10383=CARTESIAN_POINT('',(233.842730522,387.321084738,1.350750215));
#10384=DIRECTION('',(-0.975647789,-0.147374283,0.162456804));
#10385=DIRECTION('',(-0.164250286,0.,-0.986418696));
#10386=AXIS2_PLACEMENT_3D('',#10383,#10384,#10385);
#10387=PLANE('',#10386);
#10388=POLY_LOOP('',(#5304,#1186,#4982));
#10389=FACE_OUTER_BOUND('',#10388,.T.);
#10390=FACE_SURFACE('',(#10389),#10387,.T.);
#10391=CARTESIAN_POINT('',(233.060643077,376.413822174,-10.300323367));
#10392=DIRECTION('',(0.628208223,0.210643786,-0.748988401));
#10393=DIRECTION('',(-0.766179252,0.,-0.642626916));
#10394=AXIS2_PLACEMENT_3D('',#10391,#10392,#10393);
#10395=PLANE('',#10394);
#10396=POLY_LOOP('',(#2470,#689,#691));
#10397=FACE_OUTER_BOUND('',#10396,.T.);
#10398=FACE_SURFACE('',(#10397),#10395,.T.);
#10399=CARTESIAN_POINT('',(45.372836292,290.838241577,8.607792668));
#10400=DIRECTION('',(-0.201763533,-0.874602356,0.440865281));
#10401=DIRECTION('',(0.,-0.45012238,-0.892966877));
#10402=AXIS2_PLACEMENT_3D('',#10399,#10400,#10401);
#10403=PLANE('',#10402);
#10404=POLY_LOOP('',(#3044,#4837,#3042));
#10405=FACE_OUTER_BOUND('',#10404,.T.);
#10406=FACE_SURFACE('',(#10405),#10403,.T.);
#10407=CARTESIAN_POINT('',(215.451166034,391.148537397,-10.023994371));
#10408=DIRECTION('',(0.589113824,0.253617276,0.767217817));
#10409=DIRECTION('',(0.793150143,0.,-0.60902615));
#10410=AXIS2_PLACEMENT_3D('',#10407,#10408,#10409);
#10411=PLANE('',#10410);
#10412=POLY_LOOP('',(#4973,#8207,#3032));
#10413=FACE_OUTER_BOUND('',#10412,.T.);
#10414=FACE_SURFACE('',(#10413),#10411,.T.);
#10415=CARTESIAN_POINT('',(225.968644023,382.990092039,-12.572699226));
#10416=DIRECTION('',(0.235823745,0.169933286,-0.956822784));
#10417=DIRECTION('',(-0.970944621,0.,-0.23930429));
#10418=AXIS2_PLACEMENT_3D('',#10415,#10416,#10417);
#10419=PLANE('',#10418);
#10420=POLY_LOOP('',(#2705,#2715,#689));
#10421=FACE_OUTER_BOUND('',#10420,.T.);
#10422=FACE_SURFACE('',(#10421),#10419,.T.);
#10423=CARTESIAN_POINT('',(23.991454393,249.815300107,0.859199848));
#10424=DIRECTION('',(0.575205058,-0.742175624,-0.343968727));
#10425=DIRECTION('',(-0.790405281,-0.612584273,0.));
#10426=AXIS2_PLACEMENT_3D('',#10423,#10424,#10425);
#10427=PLANE('',#10426);
#10428=POLY_LOOP('',(#2125,#1823,#5205));
#10429=FACE_OUTER_BOUND('',#10428,.T.);
#10430=FACE_SURFACE('',(#10429),#10427,.T.);
#10431=CARTESIAN_POINT('',(119.056105614,464.62264657,-1.256132964));
#10432=DIRECTION('',(-0.745550482,0.389046059,0.541107792));
#10433=DIRECTION('',(-0.587382806,0.,-0.809309236));
#10434=AXIS2_PLACEMENT_3D('',#10431,#10432,#10433);
#10435=PLANE('',#10434);
#10436=POLY_LOOP('',(#2407,#1810,#2095));
#10437=FACE_OUTER_BOUND('',#10436,.T.);
#10438=FACE_SURFACE('',(#10437),#10435,.T.);
#10439=CARTESIAN_POINT('',(214.826047421,374.647915363,-2.392211929));
#10440=CARTESIAN_POINT('',(217.222228646,372.590601444,-7.40444893));
#10441=DIRECTION('',(0.811219822,-0.290928427,0.507230766));
#10442=DIRECTION('',(-0.530163065,0.,0.847895704));
#10443=AXIS2_PLACEMENT_3D('',#10440,#10441,#10442);
#10444=PLANE('',#10443);
#10445=POLY_LOOP('',(#5086,#10439,#5368));
#10446=FACE_OUTER_BOUND('',#10445,.T.);
#10447=FACE_SURFACE('',(#10446),#10444,.T.);
#10448=CARTESIAN_POINT('',(214.826047421,374.647915363,-2.392211929));
#10449=DIRECTION('',(0.88113357,-0.227068288,0.414781417));
#10450=DIRECTION('',(-0.425906592,-0.,0.904767139));
#10451=AXIS2_PLACEMENT_3D('',#10448,#10449,#10450);
#10452=PLANE('',#10451);
#10453=POLY_LOOP('',(#10439,#4862,#5368));
#10454=FACE_OUTER_BOUND('',#10453,.T.);
#10455=FACE_SURFACE('',(#10454),#10452,.T.);
#10456=CARTESIAN_POINT('',(210.509777069,364.2834723,-7.386493031));
#10457=CARTESIAN_POINT('',(207.584545016,364.849716425,-1.747549395));
#10458=DIRECTION('',(-0.355887556,0.893358234,-0.274326654));
#10459=DIRECTION('',(0.928997778,0.370085299,0.));
#10460=AXIS2_PLACEMENT_3D('',#10457,#10458,#10459);
#10461=PLANE('',#10460);
#10462=POLY_LOOP('',(#752,#10456,#2837));
#10463=FACE_OUTER_BOUND('',#10462,.T.);
#10464=FACE_SURFACE('',(#10463),#10461,.T.);
#10465=CARTESIAN_POINT('',(37.649922073,227.446988225,2.05274066));
#10466=DIRECTION('',(0.861556807,-0.363592532,0.354288498));
#10467=DIRECTION('',(0.388812392,0.921316951,-0.));
#10468=AXIS2_PLACEMENT_3D('',#10465,#10466,#10467);
#10469=PLANE('',#10468);
#10470=POLY_LOOP('',(#1376,#5387,#7883));
#10471=FACE_OUTER_BOUND('',#10470,.T.);
#10472=FACE_SURFACE('',(#10471),#10469,.T.);
#10473=CARTESIAN_POINT('',(46.9693169,190.352797508,-4.744804464));
#10474=DIRECTION('',(0.003683098,0.698863852,0.715245238));
#10475=DIRECTION('',(0.,0.71525009,-0.698868592));
#10476=AXIS2_PLACEMENT_3D('',#10473,#10474,#10475);
#10477=PLANE('',#10476);
#10478=POLY_LOOP('',(#6462,#3673,#5638));
#10479=FACE_OUTER_BOUND('',#10478,.T.);
#10480=FACE_SURFACE('',(#10479),#10477,.T.);
#10481=CARTESIAN_POINT('',(46.9693169,190.352797508,-4.744804464));
#10482=DIRECTION('',(0.00801596,0.672147271,0.740374088));
#10483=DIRECTION('',(0.,0.740397876,-0.672168866));
#10484=AXIS2_PLACEMENT_3D('',#10481,#10482,#10483);
#10485=PLANE('',#10484);
#10486=POLY_LOOP('',(#6462,#3364,#3673));
#10487=FACE_OUTER_BOUND('',#10486,.T.);
#10488=FACE_SURFACE('',(#10487),#10485,.T.);
#10489=CARTESIAN_POINT('',(18.913336098,308.44643712,-8.003326133));
#10490=CARTESIAN_POINT('',(16.427746043,307.275533676,-1.059968257));
#10491=DIRECTION('',(-0.757354461,-0.543018672,-0.36269125));
#10492=DIRECTION('',(0.582694728,-0.812691118,0.));
#10493=AXIS2_PLACEMENT_3D('',#10490,#10491,#10492);
#10494=PLANE('',#10493);
#10495=POLY_LOOP('',(#10047,#10489,#4598));
#10496=FACE_OUTER_BOUND('',#10495,.T.);
#10497=FACE_SURFACE('',(#10496),#10494,.T.);
#10498=CARTESIAN_POINT('',(77.509768307,459.634870291,1.409325516));
#10499=DIRECTION('',(0.167450007,-0.884301478,-0.435857077));
#10500=DIRECTION('',(-0.,0.442099267,-0.89696613));
#10501=AXIS2_PLACEMENT_3D('',#10498,#10499,#10500);
#10502=PLANE('',#10501);
#10503=POLY_LOOP('',(#6030,#6248,#6031));
#10504=FACE_OUTER_BOUND('',#10503,.T.);
#10505=FACE_SURFACE('',(#10504),#10502,.T.);
#10506=CARTESIAN_POINT('',(140.180930495,178.335681558,-9.854068048));
#10507=DIRECTION('',(0.657739828,0.365206553,-0.658788655));
#10508=DIRECTION('',(-0.707669881,-0.,-0.706543232));
#10509=AXIS2_PLACEMENT_3D('',#10506,#10507,#10508);
#10510=PLANE('',#10509);
#10511=POLY_LOOP('',(#6319,#2694,#9528));
#10512=FACE_OUTER_BOUND('',#10511,.T.);
#10513=FACE_SURFACE('',(#10512),#10510,.T.);
#10514=CARTESIAN_POINT('',(204.845353961,343.816637993,11.101512238));
#10515=DIRECTION('',(0.0035526,-0.742994472,0.669288125));
#10516=DIRECTION('',(-0.,-0.669292348,-0.742999161));
#10517=AXIS2_PLACEMENT_3D('',#10514,#10515,#10516);
#10518=PLANE('',#10517);
#10519=POLY_LOOP('',(#2135,#5250,#197));
#10520=FACE_OUTER_BOUND('',#10519,.T.);
#10521=FACE_SURFACE('',(#10520),#10518,.T.);
#10522=CARTESIAN_POINT('',(42.113874108,214.285925031,4.080174491));
#10523=DIRECTION('',(0.6277988,0.589433238,0.508367117));
#10524=DIRECTION('',(-0.684479794,0.729031832,0.));
#10525=AXIS2_PLACEMENT_3D('',#10522,#10523,#10524);
#10526=PLANE('',#10525);
#10527=POLY_LOOP('',(#7874,#4568,#4245));
#10528=FACE_OUTER_BOUND('',#10527,.T.);
#10529=FACE_SURFACE('',(#10528),#10526,.T.);
#10530=CARTESIAN_POINT('',(220.007494092,378.596574068,11.414715089));
#10531=DIRECTION('',(-0.625439048,0.140375119,0.767542066));
#10532=DIRECTION('',(0.775217971,0.,0.631693833));
#10533=AXIS2_PLACEMENT_3D('',#10530,#10531,#10532);
#10534=PLANE('',#10533);
#10535=POLY_LOOP('',(#3597,#1402,#1572));
#10536=FACE_OUTER_BOUND('',#10535,.T.);
#10537=FACE_SURFACE('',(#10536),#10534,.T.);
#10538=CARTESIAN_POINT('',(234.790161252,359.967470169,0.05707351));
#10539=DIRECTION('',(0.910945035,-0.269208134,0.312579789));
#10540=DIRECTION('',(-0.32456196,0.,0.945864437));
#10541=AXIS2_PLACEMENT_3D('',#10538,#10539,#10540);
#10542=PLANE('',#10541);
#10543=POLY_LOOP('',(#781,#7933,#184));
#10544=FACE_OUTER_BOUND('',#10543,.T.);
#10545=FACE_SURFACE('',(#10544),#10542,.T.);
#10546=CARTESIAN_POINT('',(220.007494092,378.596574068,11.414715089));
#10547=DIRECTION('',(-0.52613617,-0.291755335,0.798786301));
#10548=DIRECTION('',(0.835119877,-0.,0.550067988));
#10549=AXIS2_PLACEMENT_3D('',#10546,#10547,#10548);
#10550=PLANE('',#10549);
#10551=POLY_LOOP('',(#3597,#3266,#1402));
#10552=FACE_OUTER_BOUND('',#10551,.T.);
#10553=FACE_SURFACE('',(#10552),#10550,.T.);
#10554=CARTESIAN_POINT('',(233.59644413,366.216421127,8.917784318));
#10555=DIRECTION('',(0.493175575,-0.012793477,0.86983572));
#10556=DIRECTION('',(0.869906913,0.,-0.49321594));
#10557=AXIS2_PLACEMENT_3D('',#10554,#10555,#10556);
#10558=PLANE('',#10557);
#10559=POLY_LOOP('',(#184,#8190,#471));
#10560=FACE_OUTER_BOUND('',#10559,.T.);
#10561=FACE_SURFACE('',(#10560),#10558,.T.);
#10562=CARTESIAN_POINT('',(133.424282074,143.999993801,-10.524422862));
#10563=DIRECTION('',(-0.000066487,-0.999999884,0.000477743));
#10564=DIRECTION('',(0.,-0.000477743,-0.999999886));
#10565=AXIS2_PLACEMENT_3D('',#10562,#10563,#10564);
#10566=PLANE('',#10565);
#10567=POLY_LOOP('',(#1867,#1514,#1868));
#10568=FACE_OUTER_BOUND('',#10567,.T.);
#10569=FACE_SURFACE('',(#10568),#10566,.T.);
#10570=CARTESIAN_POINT('',(123.846933246,202.762067318,2.132870257));
#10571=DIRECTION('',(-0.449446538,-0.702672354,-0.551588046));
#10572=DIRECTION('',(0.,0.617467346,-0.786596514));
#10573=AXIS2_PLACEMENT_3D('',#10570,#10571,#10572);
#10574=PLANE('',#10573);
#10575=POLY_LOOP('',(#1858,#1772,#2039));
#10576=FACE_OUTER_BOUND('',#10575,.T.);
#10577=FACE_SURFACE('',(#10576),#10574,.T.);
#10578=CARTESIAN_POINT('',(137.040808797,188.70164454,-4.520480521));
#10579=DIRECTION('',(-0.825069448,-0.56392829,0.035288671));
#10580=DIRECTION('',(0.564279745,-0.825583654,0.));
#10581=AXIS2_PLACEMENT_3D('',#10578,#10579,#10580);
#10582=PLANE('',#10581);
#10583=POLY_LOOP('',(#1422,#6998,#1770));
#10584=FACE_OUTER_BOUND('',#10583,.T.);
#10585=FACE_SURFACE('',(#10584),#10582,.T.);
#10586=CARTESIAN_POINT('',(102.557636797,471.033036709,8.386883885));
#10587=DIRECTION('',(0.455022817,-0.269182227,-0.848819866));
#10588=DIRECTION('',(-0.881351188,0.,-0.472461728));
#10589=AXIS2_PLACEMENT_3D('',#10586,#10587,#10588);
#10590=PLANE('',#10589);
#10591=POLY_LOOP('',(#266,#924,#5028));
#10592=FACE_OUTER_BOUND('',#10591,.T.);
#10593=FACE_SURFACE('',(#10592),#10590,.T.);
#10594=CARTESIAN_POINT('',(16.493860632,242.908447981,-1.619473682));
#10595=DIRECTION('',(-0.722270681,0.562926004,-0.401795194));
#10596=DIRECTION('',(-0.614729534,-0.788737979,0.));
#10597=AXIS2_PLACEMENT_3D('',#10594,#10595,#10596);
#10598=PLANE('',#10597);
#10599=POLY_LOOP('',(#6790,#3733,#935));
#10600=FACE_OUTER_BOUND('',#10599,.T.);
#10601=FACE_SURFACE('',(#10600),#10598,.T.);
#10602=CARTESIAN_POINT('',(206.677079201,400.113105774,-12.515819632));
#10603=DIRECTION('',(0.062677511,0.2787026,-0.958330001));
#10604=DIRECTION('',(-0.,-0.960217951,-0.279251655));
#10605=AXIS2_PLACEMENT_3D('',#10602,#10603,#10604);
#10606=PLANE('',#10605);
#10607=POLY_LOOP('',(#2714,#1215,#2715));
#10608=FACE_OUTER_BOUND('',#10607,.T.);
#10609=FACE_SURFACE('',(#10608),#10606,.T.);
#10610=CARTESIAN_POINT('',(28.790457174,205.237925053,12.247031555));
#10611=DIRECTION('',(-0.423371902,-0.229796264,0.876327513));
#10612=DIRECTION('',(0.900423978,0.,0.435013402));
#10613=AXIS2_PLACEMENT_3D('',#10610,#10611,#10612);
#10614=PLANE('',#10613);
#10615=POLY_LOOP('',(#1442,#9029,#1460));
#10616=FACE_OUTER_BOUND('',#10615,.T.);
#10617=FACE_SURFACE('',(#10616),#10614,.T.);
#10618=CARTESIAN_POINT('',(18.202640116,219.635441899,10.907248594));
#10619=DIRECTION('',(-0.743091137,0.03286327,0.6683828));
#10620=DIRECTION('',(-0.668744018,-0.,-0.743492729));
#10621=AXIS2_PLACEMENT_3D('',#10618,#10619,#10620);
#10622=PLANE('',#10621);
#10623=POLY_LOOP('',(#9029,#3512,#7098));
#10624=FACE_OUTER_BOUND('',#10623,.T.);
#10625=FACE_SURFACE('',(#10624),#10622,.T.);
#10626=CARTESIAN_POINT('',(26.718599722,429.327070713,-8.641124703));
#10627=DIRECTION('',(-0.488232458,0.147962501,0.860079162));
#10628=DIRECTION('',(0.86965144,0.,0.493666256));
#10629=AXIS2_PLACEMENT_3D('',#10626,#10627,#10628);
#10630=PLANE('',#10629);
#10631=POLY_LOOP('',(#8369,#4181,#5529));
#10632=FACE_OUTER_BOUND('',#10631,.T.);
#10633=FACE_SURFACE('',(#10632),#10630,.T.);
#10634=CARTESIAN_POINT('',(23.048238829,425.671309233,-10.027064011));
#10635=CARTESIAN_POINT('',(23.048238829,425.671309233,-10.027064011));
#10636=DIRECTION('',(-0.477960665,0.151881305,0.865150664));
#10637=DIRECTION('',(0.875305309,0.,0.483570695));
#10638=AXIS2_PLACEMENT_3D('',#10635,#10636,#10637);
#10639=PLANE('',#10638);
#10640=POLY_LOOP('',(#10634,#4181,#8369));
#10641=FACE_OUTER_BOUND('',#10640,.T.);
#10642=FACE_SURFACE('',(#10641),#10639,.T.);
#10643=CARTESIAN_POINT('',(210.762172937,281.85120225,2.749768319));
#10644=CARTESIAN_POINT('',(210.762172937,281.85120225,2.749768319));
#10645=DIRECTION('',(-0.892003575,-0.451865132,0.012145982));
#10646=DIRECTION('',(0.451898466,-0.892069379,-0.));
#10647=AXIS2_PLACEMENT_3D('',#10644,#10645,#10646);
#10648=PLANE('',#10647);
#10649=POLY_LOOP('',(#10643,#3851,#3410));
#10650=FACE_OUTER_BOUND('',#10649,.T.);
#10651=FACE_SURFACE('',(#10650),#10648,.T.);
#10652=CARTESIAN_POINT('',(225.968644023,382.990092039,-12.572699226));
#10653=DIRECTION('',(0.410972065,0.131482687,-0.902116547));
#10654=DIRECTION('',(-0.910016889,0.,-0.414571179));
#10655=AXIS2_PLACEMENT_3D('',#10652,#10653,#10654);
#10656=PLANE('',#10655);
#10657=POLY_LOOP('',(#2705,#689,#2470));
#10658=FACE_OUTER_BOUND('',#10657,.T.);
#10659=FACE_SURFACE('',(#10658),#10656,.T.);
#10660=CARTESIAN_POINT('',(229.985073209,269.597858191,-9.73311998));
#10661=DIRECTION('',(-0.64359346,-0.077177328,0.761466427));
#10662=DIRECTION('',(0.763744384,0.,0.645518796));
#10663=AXIS2_PLACEMENT_3D('',#10660,#10661,#10662);
#10664=PLANE('',#10663);
#10665=POLY_LOOP('',(#3524,#523,#522));
#10666=FACE_OUTER_BOUND('',#10665,.T.);
#10667=FACE_SURFACE('',(#10666),#10664,.T.);
#10668=CARTESIAN_POINT('',(33.70917961,301.789313555,12.394401245));
#10669=DIRECTION('',(-0.269659811,-0.480502678,0.834506299));
#10670=DIRECTION('',(0.,0.866609275,0.498987339));
#10671=AXIS2_PLACEMENT_3D('',#10668,#10669,#10670);
#10672=PLANE('',#10671);
#10673=POLY_LOOP('',(#2733,#2233,#4837));
#10674=FACE_OUTER_BOUND('',#10673,.T.);
#10675=FACE_SURFACE('',(#10674),#10672,.T.);
#10676=CARTESIAN_POINT('',(104.538924992,187.709271908,4.260256421));
#10677=DIRECTION('',(-0.488660784,-0.806000265,0.334027261));
#10678=DIRECTION('',(-0.85511516,0.518438099,-0.));
#10679=AXIS2_PLACEMENT_3D('',#10676,#10677,#10678);
#10680=PLANE('',#10679);
#10681=POLY_LOOP('',(#2425,#2424,#6885));
#10682=FACE_OUTER_BOUND('',#10681,.T.);
#10683=FACE_SURFACE('',(#10682),#10680,.T.);
#10684=CARTESIAN_POINT('',(36.273892969,256.480038166,-5.677769892));
#10685=DIRECTION('',(0.521535583,-0.810040121,0.268021713));
#10686=DIRECTION('',(-0.840802676,-0.541341722,0.));
#10687=AXIS2_PLACEMENT_3D('',#10684,#10685,#10686);
#10688=PLANE('',#10687);
#10689=POLY_LOOP('',(#1821,#1823,#2124));
#10690=FACE_OUTER_BOUND('',#10689,.T.);
#10691=FACE_SURFACE('',(#10690),#10688,.T.);
#10692=CARTESIAN_POINT('',(34.862622619,308.729052544,-12.161232531));
#10693=DIRECTION('',(0.311294411,0.254625395,-0.915566326));
#10694=DIRECTION('',(-0.946772159,0.,-0.321904457));
#10695=AXIS2_PLACEMENT_3D('',#10692,#10693,#10694);
#10696=PLANE('',#10695);
#10697=POLY_LOOP('',(#2952,#2115,#2934));
#10698=FACE_OUTER_BOUND('',#10697,.T.);
#10699=FACE_SURFACE('',(#10698),#10696,.T.);
#10700=CARTESIAN_POINT('',(215.718775988,378.065854311,-5.666105542));
#10701=DIRECTION('',(0.914232334,0.129099655,0.384073586));
#10702=DIRECTION('',(-0.387314781,0.,0.921947537));
#10703=AXIS2_PLACEMENT_3D('',#10700,#10701,#10702);
#10704=PLANE('',#10703);
#10705=POLY_LOOP('',(#8208,#10439,#5086));
#10706=FACE_OUTER_BOUND('',#10705,.T.);
#10707=FACE_SURFACE('',(#10706),#10704,.T.);
#10708=CARTESIAN_POINT('',(210.509777069,364.2834723,-7.386493031));
#10709=DIRECTION('',(-0.32904403,0.586125674,-0.740396327));
#10710=DIRECTION('',(0.,-0.784056863,-0.620689001));
#10711=AXIS2_PLACEMENT_3D('',#10708,#10709,#10710);
#10712=PLANE('',#10711);
#10713=POLY_LOOP('',(#10456,#622,#546));
#10714=FACE_OUTER_BOUND('',#10713,.T.);
#10715=FACE_SURFACE('',(#10714),#10712,.T.);
#10716=CARTESIAN_POINT('',(102.917850018,208.212256432,-0.279477303));
#10717=DIRECTION('',(0.375592781,-0.470070846,-0.79872615));
#10718=DIRECTION('',(0.,-0.861824828,0.507206038));
#10719=AXIS2_PLACEMENT_3D('',#10716,#10717,#10718);
#10720=PLANE('',#10719);
#10721=POLY_LOOP('',(#6896,#7600,#6894));
#10722=FACE_OUTER_BOUND('',#10721,.T.);
#10723=FACE_SURFACE('',(#10722),#10720,.T.);
#10724=CARTESIAN_POINT('',(28.229409829,322.150915861,-10.051996447));
#10725=CARTESIAN_POINT('',(29.543191195,335.548520088,-10.349411517));
#10726=DIRECTION('',(-0.016103973,0.023769142,0.99958776));
#10727=DIRECTION('',(-0.,0.999717401,-0.023772225));
#10728=AXIS2_PLACEMENT_3D('',#10725,#10726,#10727);
#10729=PLANE('',#10728);
#10730=POLY_LOOP('',(#2164,#7634,#10724));
#10731=FACE_OUTER_BOUND('',#10730,.T.);
#10732=FACE_SURFACE('',(#10731),#10729,.T.);
#10733=CARTESIAN_POINT('',(110.508970916,466.156423092,10.483697057));
#10734=DIRECTION('',(-0.014001424,0.022792151,-0.999642175));
#10735=DIRECTION('',(-0.,-0.999740174,-0.022794386));
#10736=AXIS2_PLACEMENT_3D('',#10733,#10734,#10735);
#10737=PLANE('',#10736);
#10738=POLY_LOOP('',(#398,#4782,#5028));
#10739=FACE_OUTER_BOUND('',#10738,.T.);
#10740=FACE_SURFACE('',(#10739),#10737,.T.);
#10741=CARTESIAN_POINT('',(16.427746043,307.275533676,-1.059968257));
#10742=DIRECTION('',(-0.855901917,-0.363616708,-0.367715649));
#10743=DIRECTION('',(0.39473585,0.,-0.91879465));
#10744=AXIS2_PLACEMENT_3D('',#10741,#10742,#10743);
#10745=PLANE('',#10744);
#10746=POLY_LOOP('',(#10047,#4193,#10489));
#10747=FACE_OUTER_BOUND('',#10746,.T.);
#10748=FACE_SURFACE('',(#10747),#10745,.T.);
#10749=CARTESIAN_POINT('',(99.721215665,189.467862248,-1.791480114));
#10750=DIRECTION('',(-0.00593783,0.923785544,0.38286422));
#10751=DIRECTION('',(0.,-0.38287097,0.92380183));
#10752=AXIS2_PLACEMENT_3D('',#10749,#10750,#10751);
#10753=PLANE('',#10752);
#10754=POLY_LOOP('',(#6461,#3364,#6462));
#10755=FACE_OUTER_BOUND('',#10754,.T.);
#10756=FACE_SURFACE('',(#10755),#10753,.T.);
#10757=CARTESIAN_POINT('',(236.611098051,371.739327908,-5.473745521));
#10758=DIRECTION('',(0.957575188,-0.229817217,-0.173878711));
#10759=DIRECTION('',(0.233372157,0.972387493,0.));
#10760=AXIS2_PLACEMENT_3D('',#10757,#10758,#10759);
#10761=PLANE('',#10760);
#10762=POLY_LOOP('',(#6337,#7933,#781));
#10763=FACE_OUTER_BOUND('',#10762,.T.);
#10764=FACE_SURFACE('',(#10763),#10761,.T.);
#10765=CARTESIAN_POINT('',(44.022981077,194.974496961,-9.245480411));
#10766=DIRECTION('',(0.133735788,0.733842069,0.666025943));
#10767=DIRECTION('',(0.,-0.672063071,0.740493909));
#10768=AXIS2_PLACEMENT_3D('',#10765,#10766,#10767);
#10769=PLANE('',#10768);
#10770=POLY_LOOP('',(#5638,#5639,#6462));
#10771=FACE_OUTER_BOUND('',#10770,.T.);
#10772=FACE_SURFACE('',(#10771),#10769,.T.);
#10773=CARTESIAN_POINT('',(16.996866092,221.499174833,7.314458955));
#10774=DIRECTION('',(0.510452191,0.189156064,-0.838843576));
#10775=DIRECTION('',(-0.854265601,-0.,-0.519836785));
#10776=AXIS2_PLACEMENT_3D('',#10773,#10774,#10775);
#10777=PLANE('',#10776);
#10778=POLY_LOOP('',(#5789,#4461,#1553));
#10779=FACE_OUTER_BOUND('',#10778,.T.);
#10780=FACE_SURFACE('',(#10779),#10777,.T.);
#10781=CARTESIAN_POINT('',(142.899990082,166.315644979,-10.03207732));
#10782=CARTESIAN_POINT('',(146.415054798,167.06776619,-5.281986669));
#10783=CARTESIAN_POINT('',(142.899990082,166.315644979,-10.03207732));
#10784=DIRECTION('',(0.780625133,0.16276344,-0.603433894));
#10785=DIRECTION('',(0.611589363,-0.,0.79117536));
#10786=AXIS2_PLACEMENT_3D('',#10783,#10784,#10785);
#10787=PLANE('',#10786);
#10788=POLY_LOOP('',(#10781,#9528,#10782));
#10789=FACE_OUTER_BOUND('',#10788,.T.);
#10790=FACE_SURFACE('',(#10789),#10787,.T.);
#10791=CARTESIAN_POINT('',(140.180930495,178.335681558,-9.854068048));
#10792=DIRECTION('',(0.739117516,0.176821616,-0.649953393));
#10793=DIRECTION('',(0.660358722,-0.,0.750950304));
#10794=AXIS2_PLACEMENT_3D('',#10791,#10792,#10793);
#10795=PLANE('',#10794);
#10796=POLY_LOOP('',(#6319,#9528,#10781));
#10797=FACE_OUTER_BOUND('',#10796,.T.);
#10798=FACE_SURFACE('',(#10797),#10795,.T.);
#10799=CARTESIAN_POINT('',(211.78804338,350.773483515,12.53745053));
#10800=DIRECTION('',(0.001178394,-0.203273036,0.979121384));
#10801=DIRECTION('',(0.,0.979122064,0.203273177));
#10802=AXIS2_PLACEMENT_3D('',#10799,#10800,#10801);
#10803=PLANE('',#10802);
#10804=POLY_LOOP('',(#810,#5250,#2135));
#10805=FACE_OUTER_BOUND('',#10804,.T.);
#10806=FACE_SURFACE('',(#10805),#10803,.T.);
#10807=CARTESIAN_POINT('',(33.186435699,428.75418067,-3.122527152));
#10808=DIRECTION('',(0.950897446,-0.221631801,-0.216040257));
#10809=DIRECTION('',(0.226992349,0.973896541,-0.));
#10810=AXIS2_PLACEMENT_3D('',#10807,#10808,#10809);
#10811=PLANE('',#10810);
#10812=POLY_LOOP('',(#8569,#7405,#4406));
#10813=FACE_OUTER_BOUND('',#10812,.T.);
#10814=FACE_SURFACE('',(#10813),#10811,.T.);
#10815=CARTESIAN_POINT('',(14.189722948,314.99004364,-3.479219275));
#10816=DIRECTION('',(-0.82212968,-0.234948946,-0.518557405));
#10817=DIRECTION('',(0.53349104,0.,-0.845805717));
#10818=AXIS2_PLACEMENT_3D('',#10815,#10816,#10817);
#10819=PLANE('',#10818);
#10820=POLY_LOOP('',(#4193,#3312,#10489));
#10821=FACE_OUTER_BOUND('',#10820,.T.);
#10822=FACE_SURFACE('',(#10821),#10819,.T.);
#10823=CARTESIAN_POINT('',(91.935940087,449.744492769,-10.636938736));
#10824=DIRECTION('',(0.102376323,-0.098088409,0.989897849));
#10825=DIRECTION('',(0.99469456,0.,-0.102872404));
#10826=AXIS2_PLACEMENT_3D('',#10823,#10824,#10825);
#10827=PLANE('',#10826);
#10828=POLY_LOOP('',(#6723,#8677,#3933));
#10829=FACE_OUTER_BOUND('',#10828,.T.);
#10830=FACE_SURFACE('',(#10829),#10827,.T.);
#10831=CARTESIAN_POINT('',(44.307459146,293.165236712,-10.458403267));
#10832=DIRECTION('',(-0.004079851,-0.742632913,-0.669686278));
#10833=DIRECTION('',(0.,0.669691852,-0.742639094));
#10834=AXIS2_PLACEMENT_3D('',#10831,#10832,#10833);
#10835=PLANE('',#10834);
#10836=POLY_LOOP('',(#2495,#3853,#10235));
#10837=FACE_OUTER_BOUND('',#10836,.T.);
#10838=FACE_SURFACE('',(#10837),#10835,.T.);
#10839=CARTESIAN_POINT('',(144.873350859,180.116087198,0.963798666));
#10840=DIRECTION('',(0.902305281,0.216402024,0.372847614));
#10841=DIRECTION('',(-0.381896913,-0.,0.924204927));
#10842=AXIS2_PLACEMENT_3D('',#10839,#10840,#10841);
#10843=PLANE('',#10842);
#10844=POLY_LOOP('',(#670,#4153,#5459));
#10845=FACE_OUTER_BOUND('',#10844,.T.);
#10846=FACE_SURFACE('',(#10845),#10843,.T.);
#10847=CARTESIAN_POINT('',(204.683765769,339.611589909,-1.956458669));
#10848=DIRECTION('',(-0.006119418,0.844727223,0.535162098));
#10849=DIRECTION('',(0.,-0.535172119,0.84474304));
#10850=AXIS2_PLACEMENT_3D('',#10847,#10848,#10849);
#10851=PLANE('',#10850);
#10852=POLY_LOOP('',(#3753,#3752,#9891));
#10853=FACE_OUTER_BOUND('',#10852,.T.);
#10854=FACE_SURFACE('',(#10853),#10851,.T.);
#10855=CARTESIAN_POINT('',(33.465981483,331.869125366,7.682898082));
#10856=CARTESIAN_POINT('',(30.913364142,334.453552961,9.822661988));
#10857=DIRECTION('',(-0.572669569,0.107280172,-0.812736445));
#10858=DIRECTION('',(-0.817454112,-0.,0.575993728));
#10859=AXIS2_PLACEMENT_3D('',#10856,#10857,#10858);
#10860=PLANE('',#10859);
#10861=POLY_LOOP('',(#128,#10855,#8310));
#10862=FACE_OUTER_BOUND('',#10861,.T.);
#10863=FACE_SURFACE('',(#10862),#10860,.T.);
#10864=CARTESIAN_POINT('',(101.928450167,480.049014091,-0.43573213));
#10865=CARTESIAN_POINT('',(97.469612956,470.025807619,2.162568504));
#10866=DIRECTION('',(0.877118485,-0.440058708,-0.192383724));
#10867=DIRECTION('',(0.448435585,0.893815152,0.));
#10868=AXIS2_PLACEMENT_3D('',#10865,#10866,#10867);
#10869=PLANE('',#10868);
#10870=POLY_LOOP('',(#268,#10864,#1643));
#10871=FACE_OUTER_BOUND('',#10870,.T.);
#10872=FACE_SURFACE('',(#10871),#10869,.T.);
#10873=CARTESIAN_POINT('',(109.226547182,581.000030041,-12.242826633));
#10874=CARTESIAN_POINT('',(103.16362232,581.000030041,-8.574949577));
#10875=DIRECTION('',(-0.517605653,0.006905704,-0.855591432));
#10876=DIRECTION('',(-0.855611834,-0.,0.517617996));
#10877=AXIS2_PLACEMENT_3D('',#10874,#10875,#10876);
#10878=PLANE('',#10877);
#10879=POLY_LOOP('',(#5017,#10873,#8148));
#10880=FACE_OUTER_BOUND('',#10879,.T.);
#10881=FACE_SURFACE('',(#10880),#10878,.T.);
#10882=CARTESIAN_POINT('',(23.689148948,235.749229789,12.529790401));
#10883=DIRECTION('',(-0.529169824,0.095275477,0.843149976));
#10884=DIRECTION('',(0.847003039,0.,0.531588047));
#10885=AXIS2_PLACEMENT_3D('',#10882,#10883,#10884);
#10886=PLANE('',#10885);
#10887=POLY_LOOP('',(#2329,#3512,#9029));
#10888=FACE_OUTER_BOUND('',#10887,.T.);
#10889=FACE_SURFACE('',(#10888),#10886,.T.);
#10890=CARTESIAN_POINT('',(37.649922073,227.446988225,2.05274066));
#10891=DIRECTION('',(0.850542791,0.138825869,0.507251751));
#10892=DIRECTION('',(-0.512211595,0.,0.858859291));
#10893=AXIS2_PLACEMENT_3D('',#10890,#10891,#10892);
#10894=PLANE('',#10893);
#10895=POLY_LOOP('',(#1376,#7883,#4559));
#10896=FACE_OUTER_BOUND('',#10895,.T.);
#10897=FACE_SURFACE('',(#10896),#10894,.T.);
#10898=CARTESIAN_POINT('',(27.569690719,412.688821554,-9.891443886));
#10899=CARTESIAN_POINT('',(27.904704213,424.206793308,-7.086961064));
#10900=DIRECTION('',(-0.548897723,-0.182645312,0.815691106));
#10901=DIRECTION('',(0.829646701,-0.,0.558288771));
#10902=AXIS2_PLACEMENT_3D('',#10899,#10900,#10901);
#10903=PLANE('',#10902);
#10904=POLY_LOOP('',(#4181,#10634,#10898));
#10905=FACE_OUTER_BOUND('',#10904,.T.);
#10906=FACE_SURFACE('',(#10905),#10903,.T.);
#10907=CARTESIAN_POINT('',(210.304349661,382.28225708,-1.750980737));
#10908=DIRECTION('',(-0.539386391,-0.727184387,-0.424576481));
#10909=DIRECTION('',(-0.803170699,0.595748964,0.));
#10910=AXIS2_PLACEMENT_3D('',#10907,#10908,#10909);
#10911=PLANE('',#10910);
#10912=POLY_LOOP('',(#741,#2369,#289));
#10913=FACE_OUTER_BOUND('',#10912,.T.);
#10914=FACE_SURFACE('',(#10913),#10911,.T.);
#10915=CARTESIAN_POINT('',(122.510686517,143.999993801,1.763924141));
#10916=CARTESIAN_POINT('',(125.874593854,143.999993801,8.87206383));
#10917=DIRECTION('',(-0.903638567,-0.023613,0.427644439));
#10918=DIRECTION('',(-0.42776371,-0.,-0.903890595));
#10919=AXIS2_PLACEMENT_3D('',#10916,#10917,#10918);
#10920=PLANE('',#10919);
#10921=POLY_LOOP('',(#6614,#6586,#10915));
#10922=FACE_OUTER_BOUND('',#10921,.T.);
#10923=FACE_SURFACE('',(#10922),#10920,.T.);
#10924=CARTESIAN_POINT('',(89.483201504,450.005620718,-12.586919591));
#10925=DIRECTION('',(-0.069919292,0.125725569,-0.989598087));
#10926=DIRECTION('',(-0.,-0.99202592,-0.126034019));
#10927=AXIS2_PLACEMENT_3D('',#10924,#10925,#10926);
#10928=PLANE('',#10927);
#10929=POLY_LOOP('',(#2351,#2302,#7813));
#10930=FACE_OUTER_BOUND('',#10929,.T.);
#10931=FACE_SURFACE('',(#10930),#10928,.T.);
#10932=CARTESIAN_POINT('',(39.040777832,214.329019189,4.069782328));
#10933=DIRECTION('',(-0.545485099,-0.830395438,-0.113531601));
#10934=DIRECTION('',(-0.835799394,0.549034947,0.));
#10935=AXIS2_PLACEMENT_3D('',#10932,#10933,#10934);
#10936=PLANE('',#10935);
#10937=POLY_LOOP('',(#5518,#76,#679));
#10938=FACE_OUTER_BOUND('',#10937,.T.);
#10939=FACE_SURFACE('',(#10938),#10936,.T.);
#10940=CARTESIAN_POINT('',(27.011251077,300.5669415,9.52622015));
#10941=DIRECTION('',(-0.497911909,-0.682687349,0.534809979));
#10942=DIRECTION('',(-0.,-0.616689289,-0.787206657));
#10943=AXIS2_PLACEMENT_3D('',#10940,#10941,#10942);
#10944=PLANE('',#10943);
#10945=POLY_LOOP('',(#2233,#2504,#4837));
#10946=FACE_OUTER_BOUND('',#10945,.T.);
#10947=FACE_SURFACE('',(#10946),#10944,.T.);
#10948=CARTESIAN_POINT('',(105.559110641,190.614849329,8.933706209));
#10949=DIRECTION('',(-0.43874835,-0.717064137,0.541589244));
#10950=DIRECTION('',(0.,-0.602696675,-0.797970374));
#10951=AXIS2_PLACEMENT_3D('',#10948,#10949,#10950);
#10952=PLANE('',#10951);
#10953=POLY_LOOP('',(#842,#2425,#6885));
#10954=FACE_OUTER_BOUND('',#10953,.T.);
#10955=FACE_SURFACE('',(#10954),#10952,.T.);
#10956=CARTESIAN_POINT('',(211.521700025,369.02141571,-3.447195981));
#10957=DIRECTION('',(-0.818674051,0.460315999,-0.343339452));
#10958=DIRECTION('',(-0.490109051,-0.871661126,0.));
#10959=AXIS2_PLACEMENT_3D('',#10956,#10957,#10958);
#10960=PLANE('',#10959);
#10961=POLY_LOOP('',(#751,#451,#10456));
#10962=FACE_OUTER_BOUND('',#10961,.T.);
#10963=FACE_SURFACE('',(#10962),#10960,.T.);
#10964=CARTESIAN_POINT('',(210.509777069,364.2834723,-7.386493031));
#10965=DIRECTION('',(-0.569251217,0.283665718,-0.77167792));
#10966=DIRECTION('',(-0.804733785,-0.,0.593635861));
#10967=AXIS2_PLACEMENT_3D('',#10964,#10965,#10966);
#10968=PLANE('',#10967);
#10969=POLY_LOOP('',(#10456,#451,#622));
#10970=FACE_OUTER_BOUND('',#10969,.T.);
#10971=FACE_SURFACE('',(#10970),#10968,.T.);
#10972=CARTESIAN_POINT('',(202.93302834,292.931318283,-7.989834063));
#10973=CARTESIAN_POINT('',(38.352362812,297.238647938,-9.929081425));
#10974=CARTESIAN_POINT('',(202.93302834,292.931318283,-7.989834063));
#10975=DIRECTION('',(0.003399842,0.515651182,0.856791865));
#10976=DIRECTION('',(0.,0.856796817,-0.515654162));
#10977=AXIS2_PLACEMENT_3D('',#10974,#10975,#10976);
#10978=PLANE('',#10977);
#10979=POLY_LOOP('',(#10972,#6205,#10973));
#10980=FACE_OUTER_BOUND('',#10979,.T.);
#10981=FACE_SURFACE('',(#10980),#10978,.T.);
#10982=CARTESIAN_POINT('',(102.302342653,545.337021351,0.545373186));
#10983=DIRECTION('',(0.993132207,-0.003930317,-0.116931481));
#10984=DIRECTION('',(0.116932385,0.,0.993139878));
#10985=AXIS2_PLACEMENT_3D('',#10982,#10983,#10984);
#10986=PLANE('',#10985);
#10987=POLY_LOOP('',(#1316,#1643,#10864));
#10988=FACE_OUTER_BOUND('',#10987,.T.);
#10989=FACE_SURFACE('',(#10988),#10986,.T.);
#10990=CARTESIAN_POINT('',(232.094034553,258.374273777,-6.604509894));
#10991=DIRECTION('',(0.906679492,-0.303612639,-0.292833851));
#10992=DIRECTION('',(0.317532189,0.948247494,0.));
#10993=AXIS2_PLACEMENT_3D('',#10990,#10991,#10992);
#10994=PLANE('',#10993);
#10995=POLY_LOOP('',(#633,#632,#2443));
#10996=FACE_OUTER_BOUND('',#10995,.T.);
#10997=FACE_SURFACE('',(#10996),#10994,.T.);
#10998=CARTESIAN_POINT('',(145.801872015,143.997237086,-6.889304146));
#10999=CARTESIAN_POINT('',(147.658780217,143.999993801,0.000001409));
#11000=DIRECTION('',(0.965515379,-0.007531419,-0.260237066));
#11001=DIRECTION('',(0.260244447,-0.,0.965542763));
#11002=AXIS2_PLACEMENT_3D('',#10999,#11000,#11001);
#11003=PLANE('',#11002);
#11004=POLY_LOOP('',(#603,#10998,#10782));
#11005=FACE_OUTER_BOUND('',#11004,.T.);
#11006=FACE_SURFACE('',(#11005),#11003,.T.);
#11007=CARTESIAN_POINT('',(146.415054798,167.06776619,-5.281986669));
#11008=DIRECTION('',(0.802140659,0.020258503,-0.596791385));
#11009=DIRECTION('',(0.596913886,0.,0.802305311));
#11010=AXIS2_PLACEMENT_3D('',#11007,#11008,#11009);
#11011=PLANE('',#11010);
#11012=POLY_LOOP('',(#10782,#10998,#10781));
#11013=FACE_OUTER_BOUND('',#11012,.T.);
#11014=FACE_SURFACE('',(#11013),#11011,.T.);
#11015=CARTESIAN_POINT('',(136.40999794,175.120711327,-12.357030995));
#11016=DIRECTION('',(0.47563051,0.120496856,-0.871353043));
#11017=DIRECTION('',(-0.877748575,0.,-0.479121529));
#11018=AXIS2_PLACEMENT_3D('',#11015,#11016,#11017);
#11019=PLANE('',#11018);
#11020=POLY_LOOP('',(#6310,#6319,#10781));
#11021=FACE_OUTER_BOUND('',#11020,.T.);
#11022=FACE_SURFACE('',(#11021),#11019,.T.);
#11023=CARTESIAN_POINT('',(33.116627485,428.856521845,2.909493167));
#11024=DIRECTION('',(0.863267054,-0.228191861,0.450220466));
#11025=DIRECTION('',(-0.462420893,0.,0.886660542));
#11026=AXIS2_PLACEMENT_3D('',#11023,#11024,#11025);
#11027=PLANE('',#11026);
#11028=POLY_LOOP('',(#5665,#4125,#7405));
#11029=FACE_OUTER_BOUND('',#11028,.T.);
#11030=FACE_SURFACE('',(#11029),#11027,.T.);
#11031=CARTESIAN_POINT('',(203.091979027,237.600520253,-2.602266381));
#11032=DIRECTION('',(0.000724317,-0.999999687,-0.000319123));
#11033=DIRECTION('',(-0.999999738,-0.000724317,0.));
#11034=AXIS2_PLACEMENT_3D('',#11031,#11032,#11033);
#11035=PLANE('',#11034);
#11036=POLY_LOOP('',(#5912,#6443,#2341));
#11037=FACE_OUTER_BOUND('',#11036,.T.);
#11038=FACE_SURFACE('',(#11037),#11035,.T.);
#11039=CARTESIAN_POINT('',(46.023581177,253.62187624,12.458177283));
#11040=DIRECTION('',(0.000810423,0.499034526,0.866581724));
#11041=DIRECTION('',(-0.,0.866582009,-0.49903469));
#11042=AXIS2_PLACEMENT_3D('',#11039,#11040,#11041);
#11043=PLANE('',#11042);
#11044=POLY_LOOP('',(#2330,#6127,#6117));
#11045=FACE_OUTER_BOUND('',#11044,.T.);
#11046=FACE_SURFACE('',(#11045),#11043,.T.);
#11047=CARTESIAN_POINT('',(41.97916761,198.219224811,10.58612112));
#11048=DIRECTION('',(0.007883646,0.512945226,-0.858385137));
#11049=DIRECTION('',(-0.,-0.858411813,-0.512961167));
#11050=AXIS2_PLACEMENT_3D('',#11047,#11048,#11049);
#11051=PLANE('',#11050);
#11052=POLY_LOOP('',(#5469,#6163,#4764));
#11053=FACE_OUTER_BOUND('',#11052,.T.);
#11054=FACE_SURFACE('',(#11053),#11051,.T.);
#11055=CARTESIAN_POINT('',(125.079378486,143.999993801,3.566943342));
#11056=DIRECTION('',(0.,-1.,0.));
#11057=DIRECTION('',(0.,0.,-1.));
#11058=AXIS2_PLACEMENT_3D('',#11055,#11056,#11057);
#11059=PLANE('',#11058);
#11060=POLY_LOOP('',(#3994,#10915,#9102));
#11061=FACE_OUTER_BOUND('',#11060,.T.);
#11062=FACE_SURFACE('',(#11061),#11059,.T.);
#11063=CARTESIAN_POINT('',(47.049220651,288.057208061,-4.810677841));
#11064=DIRECTION('',(-0.174820328,-0.770960913,-0.612419075));
#11065=DIRECTION('',(0.,0.62199762,-0.783019132));
#11066=AXIS2_PLACEMENT_3D('',#11063,#11064,#11065);
#11067=PLANE('',#11066);
#11068=POLY_LOOP('',(#10235,#2724,#2495));
#11069=FACE_OUTER_BOUND('',#11068,.T.);
#11070=FACE_SURFACE('',(#11069),#11067,.T.);
#11071=CARTESIAN_POINT('',(122.327417135,339.621305466,-1.407282311));
#11072=DIRECTION('',(0.000055022,0.99995545,-0.009439059));
#11073=DIRECTION('',(0.,0.009439059,0.999955451));
#11074=AXIS2_PLACEMENT_3D('',#11071,#11072,#11073);
#11075=PLANE('',#11074);
#11076=POLY_LOOP('',(#116,#3753,#6099));
#11077=FACE_OUTER_BOUND('',#11076,.T.);
#11078=FACE_SURFACE('',(#11077),#11075,.T.);
#11079=CARTESIAN_POINT('',(216.07363224,399.502396584,-12.078865431));
#11080=DIRECTION('',(0.16721984,0.4490363,-0.877726567));
#11081=DIRECTION('',(0.,-0.890261778,-0.455449192));
#11082=AXIS2_PLACEMENT_3D('',#11079,#11080,#11081);
#11083=PLANE('',#11082);
#11084=POLY_LOOP('',(#2715,#1215,#1217));
#11085=FACE_OUTER_BOUND('',#11084,.T.);
#11086=FACE_SURFACE('',(#11085),#11083,.T.);
#11087=CARTESIAN_POINT('',(94.572722912,465.859800577,-4.652205855));
#11088=DIRECTION('',(0.794207482,-0.606733596,0.033298929));
#11089=DIRECTION('',(0.607070255,0.794648164,0.));
#11090=AXIS2_PLACEMENT_3D('',#11087,#11088,#11089);
#11091=PLANE('',#11090);
#11092=POLY_LOOP('',(#8413,#3256,#268));
#11093=FACE_OUTER_BOUND('',#11092,.T.);
#11094=FACE_SURFACE('',(#11093),#11091,.T.);
#11095=CARTESIAN_POINT('',(97.469612956,470.025807619,2.162568504));
#11096=DIRECTION('',(0.762569905,-0.295305917,-0.575570634));
#11097=DIRECTION('',(0.602437698,0.,0.79816591));
#11098=AXIS2_PLACEMENT_3D('',#11095,#11096,#11097);
#11099=PLANE('',#11098);
#11100=POLY_LOOP('',(#268,#1643,#266));
#11101=FACE_OUTER_BOUND('',#11100,.T.);
#11102=FACE_SURFACE('',(#11101),#11099,.T.);
#11103=CARTESIAN_POINT('',(32.875102013,221.744552255,7.441701833));
#11104=DIRECTION('',(-0.933800031,0.068511958,-0.35117462));
#11105=DIRECTION('',(0.35200172,-0.,-0.935999353));
#11106=AXIS2_PLACEMENT_3D('',#11103,#11104,#11105);
#11107=PLANE('',#11106);
#11108=POLY_LOOP('',(#4686,#1781,#3579));
#11109=FACE_OUTER_BOUND('',#11108,.T.);
#11110=FACE_SURFACE('',(#11109),#11107,.T.);
#11111=CARTESIAN_POINT('',(125.874593854,143.999993801,8.87206383));
#11112=DIRECTION('',(0.,-1.,0.));
#11113=DIRECTION('',(0.,0.,-1.));
#11114=AXIS2_PLACEMENT_3D('',#11111,#11112,#11113);
#11115=PLANE('',#11114);
#11116=POLY_LOOP('',(#6614,#10915,#3994));
#11117=FACE_OUTER_BOUND('',#11116,.T.);
#11118=FACE_SURFACE('',(#11117),#11115,.T.);
#11119=CARTESIAN_POINT('',(206.784293056,303.123831749,-10.124257766));
#11120=DIRECTION('',(-0.136230313,-0.187405609,0.972790029));
#11121=DIRECTION('',(0.,0.981944507,0.189169196));
#11122=AXIS2_PLACEMENT_3D('',#11119,#11120,#11121);
#11123=PLANE('',#11122);
#11124=POLY_LOOP('',(#2452,#3525,#2085));
#11125=FACE_OUTER_BOUND('',#11124,.T.);
#11126=FACE_SURFACE('',(#11125),#11123,.T.);
#11127=CARTESIAN_POINT('',(41.052758694,441.932111979,7.854196243));
#11128=DIRECTION('',(0.001269569,0.866476658,-0.499215975));
#11129=DIRECTION('',(0.,0.499216378,0.866477356));
#11130=AXIS2_PLACEMENT_3D('',#11127,#11128,#11129);
#11131=PLANE('',#11130);
#11132=POLY_LOOP('',(#2827,#3534,#2825));
#11133=FACE_OUTER_BOUND('',#11132,.T.);
#11134=FACE_SURFACE('',(#11133),#11131,.T.);
#11135=CARTESIAN_POINT('',(26.546990499,325.080007315,12.571698055));
#11136=CARTESIAN_POINT('',(35.7228145,331.861436367,8.655685931));
#11137=DIRECTION('',(0.543920032,-0.278958079,0.791412275));
#11138=DIRECTION('',(0.824127431,-0.,-0.56640443));
#11139=AXIS2_PLACEMENT_3D('',#11136,#11137,#11138);
#11140=PLANE('',#11139);
#11141=POLY_LOOP('',(#1357,#5251,#11135));
#11142=FACE_OUTER_BOUND('',#11141,.T.);
#11143=FACE_SURFACE('',(#11142),#11140,.T.);
#11144=CARTESIAN_POINT('',(207.584545016,364.849716425,-1.747549395));
#11145=DIRECTION('',(-0.736707069,0.518374445,-0.434224169));
#11146=DIRECTION('',(-0.575456989,-0.817832045,-0.));
#11147=AXIS2_PLACEMENT_3D('',#11144,#11145,#11146);
#11148=PLANE('',#11147);
#11149=POLY_LOOP('',(#752,#751,#10456));
#11150=FACE_OUTER_BOUND('',#11149,.T.);
#11151=FACE_SURFACE('',(#11150),#11148,.T.);
#11152=CARTESIAN_POINT('',(202.775105834,362.179547548,-4.203737248));
#11153=DIRECTION('',(-0.434558205,0.641979133,-0.63168185));
#11154=DIRECTION('',(-0.,0.701367049,0.712800297));
#11155=AXIS2_PLACEMENT_3D('',#11152,#11153,#11154);
#11156=PLANE('',#11155);
#11157=POLY_LOOP('',(#2837,#10456,#546));
#11158=FACE_OUTER_BOUND('',#11157,.T.);
#11159=FACE_SURFACE('',(#11158),#11156,.T.);
#11160=CARTESIAN_POINT('',(214.773207903,345.849961042,10.440748185));
#11161=DIRECTION('',(0.223851806,-0.263828406,0.938235014));
#11162=DIRECTION('',(0.,0.962664361,0.270697853));
#11163=AXIS2_PLACEMENT_3D('',#11160,#11161,#11162);
#11164=PLANE('',#11163);
#11165=POLY_LOOP('',(#2134,#186,#810));
#11166=FACE_OUTER_BOUND('',#11165,.T.);
#11167=FACE_SURFACE('',(#11166),#11164,.T.);
#11168=CARTESIAN_POINT('',(45.127782971,246.65042758,12.159702368));
#11169=CARTESIAN_POINT('',(209.609150887,242.397174239,9.767924435));
#11170=DIRECTION('',(0.003028919,-0.398599911,0.917119914));
#11171=DIRECTION('',(0.,0.917124121,0.39860174));
#11172=AXIS2_PLACEMENT_3D('',#11169,#11170,#11171);
#11173=PLANE('',#11172);
#11174=POLY_LOOP('',(#422,#7023,#11168));
#11175=FACE_OUTER_BOUND('',#11174,.T.);
#11176=FACE_SURFACE('',(#11175),#11173,.T.);
#11177=CARTESIAN_POINT('',(23.991454393,249.815300107,0.859199848));
#11178=DIRECTION('',(0.669455552,-0.607859964,-0.427007645));
#11179=DIRECTION('',(0.672227038,0.740345061,0.));
#11180=AXIS2_PLACEMENT_3D('',#11177,#11178,#11179);
#11181=PLANE('',#11180);
#11182=POLY_LOOP('',(#2125,#5205,#4471));
#11183=FACE_OUTER_BOUND('',#11182,.T.);
#11184=FACE_SURFACE('',(#11183),#11181,.T.);
#11185=CARTESIAN_POINT('',(42.496599257,439.009696245,-2.647798043));
#11186=DIRECTION('',(0.001314201,0.999744416,0.022569346));
#11187=DIRECTION('',(0.,-0.022569366,0.999745279));
#11188=AXIS2_PLACEMENT_3D('',#11185,#11186,#11187);
#11189=PLANE('',#11188);
#11190=POLY_LOOP('',(#5815,#2825,#3815));
#11191=FACE_OUTER_BOUND('',#11190,.T.);
#11192=FACE_SURFACE('',(#11191),#11189,.T.);
#11193=CARTESIAN_POINT('',(145.801872015,143.997237086,-6.889304146));
#11194=DIRECTION('',(-0.001092436,-0.999999162,0.000694593));
#11195=DIRECTION('',(-0.999999403,0.001092436,0.));
#11196=AXIS2_PLACEMENT_3D('',#11193,#11194,#11195);
#11197=PLANE('',#11196);
#11198=POLY_LOOP('',(#10998,#603,#602));
#11199=FACE_OUTER_BOUND('',#11198,.T.);
#11200=FACE_SURFACE('',(#11199),#11197,.T.);
#11201=CARTESIAN_POINT('',(139.809861779,143.999993801,-11.751587503));
#11202=DIRECTION('',(0.629862267,-0.027408193,-0.77622311));
#11203=DIRECTION('',(-0.776514827,-0.,-0.630098979));
#11204=AXIS2_PLACEMENT_3D('',#11201,#11202,#11203);
#11205=PLANE('',#11204);
#11206=POLY_LOOP('',(#8431,#10781,#10998));
#11207=FACE_OUTER_BOUND('',#11206,.T.);
#11208=FACE_SURFACE('',(#11207),#11205,.T.);
#11209=CARTESIAN_POINT('',(139.809861779,143.999993801,-11.751587503));
#11210=DIRECTION('',(0.362926207,0.021525441,-0.931569226));
#11211=DIRECTION('',(-0.93178512,0.,-0.363010316));
#11212=AXIS2_PLACEMENT_3D('',#11209,#11210,#11211);
#11213=PLANE('',#11212);
#11214=POLY_LOOP('',(#8431,#6310,#10781));
#11215=FACE_OUTER_BOUND('',#11214,.T.);
#11216=FACE_SURFACE('',(#11215),#11213,.T.);
#11217=CARTESIAN_POINT('',(14.189722948,314.99004364,-3.479219275));
#11218=DIRECTION('',(-0.923943226,-0.088028546,-0.372263199));
#11219=DIRECTION('',(0.373713975,0.,-0.927543996));
#11220=AXIS2_PLACEMENT_3D('',#11217,#11218,#11219);
#11221=PLANE('',#11220);
#11222=POLY_LOOP('',(#4193,#3311,#3312));
#11223=FACE_OUTER_BOUND('',#11222,.T.);
#11224=FACE_SURFACE('',(#11223),#11221,.T.);
#11225=CARTESIAN_POINT('',(205.763027072,241.06657505,-8.823330514));
#11226=DIRECTION('',(0.003502264,-0.874199208,-0.485554815));
#11227=DIRECTION('',(0.,0.485557793,-0.87420457));
#11228=AXIS2_PLACEMENT_3D('',#11225,#11226,#11227);
#11229=PLANE('',#11228);
#11230=POLY_LOOP('',(#5996,#5912,#2341));
#11231=FACE_OUTER_BOUND('',#11230,.T.);
#11232=FACE_SURFACE('',(#11231),#11229,.T.);
#11233=CARTESIAN_POINT('',(47.19734937,237.487897277,-3.523952793));
#11234=DIRECTION('',(0.265090095,-0.964192364,-0.007767074));
#11235=DIRECTION('',(-0.964221449,-0.265098092,-0.));
#11236=AXIS2_PLACEMENT_3D('',#11233,#11234,#11235);
#11237=PLANE('',#11236);
#11238=POLY_LOOP('',(#2341,#6443,#5114));
#11239=FACE_OUTER_BOUND('',#11238,.T.);
#11240=FACE_SURFACE('',(#11239),#11237,.T.);
#11241=CARTESIAN_POINT('',(233.376443386,367.96694994,6.147078704));
#11242=DIRECTION('',(-0.764477849,0.349534582,-0.541663359));
#11243=DIRECTION('',(0.578129784,0.,-0.815944823));
#11244=AXIS2_PLACEMENT_3D('',#11241,#11242,#11243);
#11245=PLANE('',#11244);
#11246=POLY_LOOP('',(#2153,#6981,#3482));
#11247=FACE_OUTER_BOUND('',#11246,.T.);
#11248=FACE_SURFACE('',(#11247),#11245,.T.);
#11249=CARTESIAN_POINT('',(122.510686517,143.999993801,1.763924141));
#11250=DIRECTION('',(0.,-1.,0.));
#11251=DIRECTION('',(0.,0.,-1.));
#11252=AXIS2_PLACEMENT_3D('',#11249,#11250,#11251);
#11253=PLANE('',#11252);
#11254=POLY_LOOP('',(#10915,#6698,#9102));
#11255=FACE_OUTER_BOUND('',#11254,.T.);
#11256=FACE_SURFACE('',(#11255),#11253,.T.);
#11257=CARTESIAN_POINT('',(124.585613608,143.999993801,-2.250003628));
#11258=DIRECTION('',(0.996044222,0.027341005,-0.084548072));
#11259=DIRECTION('',(0.084579691,0.,0.996416718));
#11260=AXIS2_PLACEMENT_3D('',#11257,#11258,#11259);
#11261=PLANE('',#11260);
#11262=POLY_LOOP('',(#9102,#3447,#3994));
#11263=FACE_OUTER_BOUND('',#11262,.T.);
#11264=FACE_SURFACE('',(#11263),#11261,.T.);
#11265=CARTESIAN_POINT('',(210.395157337,365.110367537,6.64514536));
#11266=DIRECTION('',(-0.748010194,0.579888665,0.322815561));
#11267=DIRECTION('',(-0.61269098,-0.790322569,-0.));
#11268=AXIS2_PLACEMENT_3D('',#11265,#11266,#11267);
#11269=PLANE('',#11268);
#11270=POLY_LOOP('',(#4724,#1572,#750));
#11271=FACE_OUTER_BOUND('',#11270,.T.);
#11272=FACE_SURFACE('',(#11271),#11269,.T.);
#11273=CARTESIAN_POINT('',(108.23135078,450.388252735,1.314501395));
#11274=DIRECTION('',(-0.495360491,0.759841072,-0.421022006));
#11275=DIRECTION('',(0.837705438,0.546122331,-0.));
#11276=AXIS2_PLACEMENT_3D('',#11273,#11274,#11275);
#11277=PLANE('',#11276);
#11278=POLY_LOOP('',(#535,#534,#9554));
#11279=FACE_OUTER_BOUND('',#11278,.T.);
#11280=FACE_SURFACE('',(#11279),#11277,.T.);
#11281=CARTESIAN_POINT('',(94.572722912,465.859800577,-4.652205855));
#11282=DIRECTION('',(0.599067662,-0.770851097,0.216579137));
#11283=DIRECTION('',(-0.789592012,-0.613632182,0.));
#11284=AXIS2_PLACEMENT_3D('',#11281,#11282,#11283);
#11285=PLANE('',#11284);
#11286=POLY_LOOP('',(#8413,#268,#6248));
#11287=FACE_OUTER_BOUND('',#11286,.T.);
#11288=FACE_SURFACE('',(#11287),#11285,.T.);
#11289=CARTESIAN_POINT('',(234.790161252,390.032529831,-0.05707351));
#11290=DIRECTION('',(0.870610688,0.378313975,0.314508451));
#11291=DIRECTION('',(-0.398537912,0.917151859,0.));
#11292=AXIS2_PLACEMENT_3D('',#11289,#11290,#11291);
#11293=PLANE('',#11292);
#11294=POLY_LOOP('',(#1717,#9678,#7934));
#11295=FACE_OUTER_BOUND('',#11294,.T.);
#11296=FACE_SURFACE('',(#11295),#11293,.T.);
#11297=CARTESIAN_POINT('',(20.388701931,409.931004047,12.125737034));
#11298=DIRECTION('',(-0.311361893,-0.060249705,0.948379536));
#11299=DIRECTION('',(0.950105558,0.,0.311928562));
#11300=AXIS2_PLACEMENT_3D('',#11297,#11298,#11299);
#11301=PLANE('',#11300);
#11302=POLY_LOOP('',(#4318,#461,#2066));
#11303=FACE_OUTER_BOUND('',#11302,.T.);
#11304=FACE_SURFACE('',(#11303),#11301,.T.);
#11305=CARTESIAN_POINT('',(212.84301579,408.600926399,1.272222842));
#11306=DIRECTION('',(-0.465503421,-0.856010089,0.224840595));
#11307=DIRECTION('',(-0.878503684,0.477735573,-0.));
#11308=AXIS2_PLACEMENT_3D('',#11305,#11306,#11307);
#11309=PLANE('',#11308);
#11310=POLY_LOOP('',(#5224,#5225,#1664));
#11311=FACE_OUTER_BOUND('',#11310,.T.);
#11312=FACE_SURFACE('',(#11311),#11309,.T.);
#11313=CARTESIAN_POINT('',(128.455042839,143.999993801,8.456254378));
#11314=DIRECTION('',(0.,-1.,0.));
#11315=DIRECTION('',(0.,0.,-1.));
#11316=AXIS2_PLACEMENT_3D('',#11313,#11314,#11315);
#11317=PLANE('',#11316);
#11318=POLY_LOOP('',(#3985,#6614,#3994));
#11319=FACE_OUTER_BOUND('',#11318,.T.);
#11320=FACE_SURFACE('',(#11319),#11317,.T.);
#11321=CARTESIAN_POINT('',(132.860958576,143.999993801,12.481956743));
#11322=DIRECTION('',(-0.458913431,-0.024145725,0.888152829));
#11323=DIRECTION('',(0.888411846,0.,0.459047266));
#11324=AXIS2_PLACEMENT_3D('',#11321,#11322,#11323);
#11325=PLANE('',#11324);
#11326=POLY_LOOP('',(#8217,#4163,#6614));
#11327=FACE_OUTER_BOUND('',#11326,.T.);
#11328=FACE_SURFACE('',(#11327),#11325,.T.);
#11329=CARTESIAN_POINT('',(126.004591584,200.025364757,-4.943182692));
#11330=DIRECTION('',(-0.404351463,-0.531211418,0.744522883));
#11331=DIRECTION('',(-0.,0.8140388,0.580810496));
#11332=AXIS2_PLACEMENT_3D('',#11329,#11330,#11331);
#11333=PLANE('',#11332);
#11334=POLY_LOOP('',(#1857,#3674,#1423));
#11335=FACE_OUTER_BOUND('',#11334,.T.);
#11336=FACE_SURFACE('',(#11335),#11333,.T.);
#11337=CARTESIAN_POINT('',(90.866357088,466.207683086,3.122601425));
#11338=DIRECTION('',(-0.517040241,0.829479737,0.211264654));
#11339=DIRECTION('',(0.848634352,0.528979902,0.));
#11340=AXIS2_PLACEMENT_3D('',#11337,#11338,#11339);
#11341=PLANE('',#11340);
#11342=POLY_LOOP('',(#2049,#5268,#7978));
#11343=FACE_OUTER_BOUND('',#11342,.T.);
#11344=FACE_SURFACE('',(#11343),#11341,.T.);
#11345=CARTESIAN_POINT('',(13.094232418,421.90733552,-8.070977405));
#11346=CARTESIAN_POINT('',(10.575470515,418.796271086,-4.052951001));
#11347=DIRECTION('',(0.852926627,-0.016667914,0.52176465));
#11348=DIRECTION('',(-0.521837143,-0.,0.853045131));
#11349=AXIS2_PLACEMENT_3D('',#11346,#11347,#11348);
#11350=PLANE('',#11349);
#11351=POLY_LOOP('',(#9932,#11345,#5342));
#11352=FACE_OUTER_BOUND('',#11351,.T.);
#11353=FACE_SURFACE('',(#11352),#11350,.T.);
#11354=CARTESIAN_POINT('',(232.809409499,359.736382961,-7.036384661));
#11355=DIRECTION('',(0.931607523,-0.262313312,-0.25159322));
#11356=DIRECTION('',(0.271031565,0.96257046,0.));
#11357=AXIS2_PLACEMENT_3D('',#11354,#11355,#11356);
#11358=PLANE('',#11357);
#11359=POLY_LOOP('',(#6328,#6337,#781));
#11360=FACE_OUTER_BOUND('',#11359,.T.);
#11361=FACE_SURFACE('',(#11360),#11358,.T.);
#11362=CARTESIAN_POINT('',(104.585789144,580.999910831,7.240754087));
#11363=DIRECTION('',(0.913803473,-0.006578884,-0.406103351));
#11364=DIRECTION('',(0.406112139,0.,0.913823249));
#11365=AXIS2_PLACEMENT_3D('',#11362,#11363,#11364);
#11366=PLANE('',#11365);
#11367=POLY_LOOP('',(#925,#1643,#1315));
#11368=FACE_OUTER_BOUND('',#11367,.T.);
#11369=FACE_SURFACE('',(#11368),#11366,.T.);
#11370=CARTESIAN_POINT('',(116.936333477,197.129875422,12.521703728));
#11371=CARTESIAN_POINT('',(116.936333477,197.129875422,12.521703728));
#11372=DIRECTION('',(-0.027933224,-0.096421361,0.99494857));
#11373=DIRECTION('',(0.,0.995336959,0.096459));
#11374=AXIS2_PLACEMENT_3D('',#11371,#11372,#11373);
#11375=PLANE('',#11374);
#11376=POLY_LOOP('',(#11370,#904,#841));
#11377=FACE_OUTER_BOUND('',#11376,.T.);
#11378=FACE_SURFACE('',(#11377),#11375,.T.);
#11379=CARTESIAN_POINT('',(38.187362254,459.805011749,-1.033136039));
#11380=DIRECTION('',(0.000894576,-0.99648077,-0.083816911));
#11381=DIRECTION('',(-0.,0.083816944,-0.996481169));
#11382=AXIS2_PLACEMENT_3D('',#11379,#11380,#11381);
#11383=PLANE('',#11382);
#11384=POLY_LOOP('',(#4888,#6030,#4889));
#11385=FACE_OUTER_BOUND('',#11384,.T.);
#11386=FACE_SURFACE('',(#11385),#11383,.T.);
#11387=CARTESIAN_POINT('',(143.520414829,166.929379106,-6.521590054));
#11388=DIRECTION('',(-0.941501705,-0.025465112,0.336044741));
#11389=DIRECTION('',(-0.336153752,0.,-0.941807122));
#11390=AXIS2_PLACEMENT_3D('',#11387,#11388,#11389);
#11391=PLANE('',#11390);
#11392=POLY_LOOP('',(#1877,#602,#379));
#11393=FACE_OUTER_BOUND('',#11392,.T.);
#11394=FACE_SURFACE('',(#11393),#11391,.T.);
#11395=CARTESIAN_POINT('',(139.770925045,143.999993801,-9.641167708));
#11396=DIRECTION('',(-0.000815375,-0.999999359,0.000785203));
#11397=DIRECTION('',(-0.999999668,0.000815375,0.));
#11398=AXIS2_PLACEMENT_3D('',#11395,#11396,#11397);
#11399=PLANE('',#11398);
#11400=POLY_LOOP('',(#1868,#10998,#602));
#11401=FACE_OUTER_BOUND('',#11400,.T.);
#11402=FACE_SURFACE('',(#11401),#11399,.T.);
#11403=CARTESIAN_POINT('',(139.809861779,143.999993801,-11.751587503));
#11404=DIRECTION('',(-0.000453279,-0.999999897,-0.000008363));
#11405=DIRECTION('',(-0.999999897,0.000453279,0.));
#11406=AXIS2_PLACEMENT_3D('',#11403,#11404,#11405);
#11407=PLANE('',#11406);
#11408=POLY_LOOP('',(#8431,#10998,#1868));
#11409=FACE_OUTER_BOUND('',#11408,.T.);
#11410=FACE_SURFACE('',(#11409),#11407,.T.);
#11411=CARTESIAN_POINT('',(36.679618061,328.758269548,-5.957439542));
#11412=DIRECTION('',(0.854462867,-0.465980378,-0.229685646));
#11413=DIRECTION('',(0.478780642,0.877934563,-0.));
#11414=AXIS2_PLACEMENT_3D('',#11411,#11412,#11413);
#11415=PLANE('',#11414);
#11416=POLY_LOOP('',(#2105,#370,#3607));
#11417=FACE_OUTER_BOUND('',#11416,.T.);
#11418=FACE_SURFACE('',(#11417),#11415,.T.);
#11419=CARTESIAN_POINT('',(45.970790088,241.843849421,-9.947450832));
#11420=DIRECTION('',(-0.00007768,-0.827653247,-0.561239785));
#11421=DIRECTION('',(-0.,0.561239787,-0.82765325));
#11422=AXIS2_PLACEMENT_3D('',#11419,#11420,#11421);
#11423=PLANE('',#11422);
#11424=POLY_LOOP('',(#2340,#5996,#2341));
#11425=FACE_OUTER_BOUND('',#11424,.T.);
#11426=FACE_SURFACE('',(#11425),#11423,.T.);
#11427=CARTESIAN_POINT('',(124.585613608,143.999993801,-2.250003628));
#11428=DIRECTION('',(0.,-1.,0.));
#11429=DIRECTION('',(0.,0.,-1.));
#11430=AXIS2_PLACEMENT_3D('',#11427,#11428,#11429);
#11431=PLANE('',#11430);
#11432=POLY_LOOP('',(#9102,#6698,#6946));
#11433=FACE_OUTER_BOUND('',#11432,.T.);
#11434=FACE_SURFACE('',(#11433),#11431,.T.);
#11435=CARTESIAN_POINT('',(110.879994929,204.153746367,11.490460485));
#11436=CARTESIAN_POINT('',(106.828138232,209.099307656,8.265208453));
#11437=DIRECTION('',(0.276368738,0.673516625,0.685562307));
#11438=DIRECTION('',(0.,0.713345937,-0.700812082));
#11439=AXIS2_PLACEMENT_3D('',#11436,#11437,#11438);
#11440=PLANE('',#11439);
#11441=POLY_LOOP('',(#4942,#11435,#4943));
#11442=FACE_OUTER_BOUND('',#11441,.T.);
#11443=FACE_SURFACE('',(#11442),#11440,.T.);
#11444=CARTESIAN_POINT('',(211.170762777,385.511279106,-8.38212017));
#11445=DIRECTION('',(-0.401428602,-0.417290042,-0.815306138));
#11446=DIRECTION('',(-0.,-0.890178792,0.455611368));
#11447=AXIS2_PLACEMENT_3D('',#11444,#11445,#11446);
#11448=PLANE('',#11447);
#11449=POLY_LOOP('',(#289,#2704,#290));
#11450=FACE_OUTER_BOUND('',#11449,.T.);
#11451=FACE_SURFACE('',(#11450),#11448,.T.);
#11452=CARTESIAN_POINT('',(144.873350859,180.116087198,0.963798666));
#11453=DIRECTION('',(0.815800196,0.434957331,0.38115897));
#11454=DIRECTION('',(-0.470473613,0.882414063,0.));
#11455=AXIS2_PLACEMENT_3D('',#11452,#11453,#11454);
#11456=PLANE('',#11455);
#11457=POLY_LOOP('',(#670,#669,#4153));
#11458=FACE_OUTER_BOUND('',#11457,.T.);
#11459=FACE_SURFACE('',(#11458),#11456,.T.);
#11460=CARTESIAN_POINT('',(215.658679605,390.646904707,10.085969232));
#11461=CARTESIAN_POINT('',(215.193867683,382.74499774,7.220766973));
#11462=CARTESIAN_POINT('',(210.964560509,388.858526945,7.651909254));
#11463=DIRECTION('',(0.345714961,0.301821285,-0.888473454));
#11464=DIRECTION('',(-0.931934672,0.,-0.362626208));
#11465=AXIS2_PLACEMENT_3D('',#11462,#11463,#11464);
#11466=PLANE('',#11465);
#11467=POLY_LOOP('',(#328,#11460,#11461));
#11468=FACE_OUTER_BOUND('',#11467,.T.);
#11469=FACE_SURFACE('',(#11468),#11466,.T.);
#11470=CARTESIAN_POINT('',(101.735964417,207.793414593,-7.340781856));
#11471=DIRECTION('',(-0.105619919,-0.499180585,0.860036729));
#11472=DIRECTION('',(0.,0.864874341,0.501988421));
#11473=AXIS2_PLACEMENT_3D('',#11470,#11471,#11472);
#11474=PLANE('',#11473);
#11475=POLY_LOOP('',(#10324,#5378,#3674));
#11476=FACE_OUTER_BOUND('',#11475,.T.);
#11477=FACE_SURFACE('',(#11476),#11474,.T.);
#11478=CARTESIAN_POINT('',(81.829048693,453.487485647,9.898851626));
#11479=DIRECTION('',(-0.000377782,-0.635376282,-0.772202588));
#11480=DIRECTION('',(0.,-0.772202644,0.635376327));
#11481=AXIS2_PLACEMENT_3D('',#11478,#11479,#11480);
#11482=PLANE('',#11481);
#11483=POLY_LOOP('',(#5027,#9990,#6031));
#11484=FACE_OUTER_BOUND('',#11483,.T.);
#11485=FACE_SURFACE('',(#11484),#11482,.T.);
#11486=CARTESIAN_POINT('',(35.950679332,435.980170965,2.530946629));
#11487=DIRECTION('',(-0.358224181,0.774015219,-0.522087997));
#11488=DIRECTION('',(0.,0.559198895,0.829033531));
#11489=AXIS2_PLACEMENT_3D('',#11486,#11487,#11488);
#11490=PLANE('',#11489);
#11491=POLY_LOOP('',(#2826,#9687,#2827));
#11492=FACE_OUTER_BOUND('',#11491,.T.);
#11493=FACE_SURFACE('',(#11492),#11490,.T.);
#11494=CARTESIAN_POINT('',(147.677466273,167.142465711,1.707667718));
#11495=DIRECTION('',(0.983980397,0.012328913,-0.177849868));
#11496=DIRECTION('',(0.177863386,0.,0.984055189));
#11497=AXIS2_PLACEMENT_3D('',#11494,#11495,#11496);
#11498=PLANE('',#11497);
#11499=POLY_LOOP('',(#5459,#603,#10782));
#11500=FACE_OUTER_BOUND('',#11499,.T.);
#11501=FACE_SURFACE('',(#11500),#11498,.T.);
#11502=CARTESIAN_POINT('',(132.860958576,143.999993801,12.481956743));
#11503=DIRECTION('',(0.,-1.,0.));
#11504=DIRECTION('',(0.,0.,-1.));
#11505=AXIS2_PLACEMENT_3D('',#11502,#11503,#11504);
#11506=PLANE('',#11505);
#11507=POLY_LOOP('',(#8217,#6614,#3985));
#11508=FACE_OUTER_BOUND('',#11507,.T.);
#11509=FACE_SURFACE('',(#11508),#11506,.T.);
#11510=CARTESIAN_POINT('',(138.954505324,143.999993801,11.98038552));
#11511=DIRECTION('',(0.,-1.,0.));
#11512=DIRECTION('',(0.,0.,-1.));
#11513=AXIS2_PLACEMENT_3D('',#11510,#11511,#11512);
#11514=PLANE('',#11513);
#11515=POLY_LOOP('',(#4142,#8217,#2581));
#11516=FACE_OUTER_BOUND('',#11515,.T.);
#11517=FACE_SURFACE('',(#11516),#11514,.T.);
#11518=CARTESIAN_POINT('',(88.947676122,441.205233335,8.432914503));
#11519=DIRECTION('',(0.358438254,-0.789765392,0.497787749));
#11520=DIRECTION('',(-0.,-0.533218271,-0.845977704));
#11521=AXIS2_PLACEMENT_3D('',#11518,#11519,#11520);
#11522=PLANE('',#11521);
#11523=POLY_LOOP('',(#7432,#5843,#1983));
#11524=FACE_OUTER_BOUND('',#11523,.T.);
#11525=FACE_SURFACE('',(#11524),#11522,.T.);
#11526=CARTESIAN_POINT('',(14.881329611,412.199795246,-7.313883398));
#11527=DIRECTION('',(0.838231731,0.33410608,0.43097644));
#11528=DIRECTION('',(-0.457252221,0.,0.88933706));
#11529=AXIS2_PLACEMENT_3D('',#11526,#11527,#11528);
#11530=PLANE('',#11529);
#11531=POLY_LOOP('',(#2656,#9932,#2380));
#11532=FACE_OUTER_BOUND('',#11531,.T.);
#11533=FACE_SURFACE('',(#11532),#11530,.T.);
#11534=CARTESIAN_POINT('',(13.467824087,403.339743614,-1.33273541));
#11535=DIRECTION('',(-0.942545728,-0.328016726,-0.063344909));
#11536=DIRECTION('',(0.328676809,-0.944442457,-0.));
#11537=AXIS2_PLACEMENT_3D('',#11534,#11535,#11536);
#11538=PLANE('',#11537);
#11539=POLY_LOOP('',(#9417,#8456,#6274));
#11540=FACE_OUTER_BOUND('',#11539,.T.);
#11541=FACE_SURFACE('',(#11540),#11538,.T.);
#11542=CARTESIAN_POINT('',(208.427399397,263.050466776,-2.215306042));
#11543=CARTESIAN_POINT('',(212.752178311,267.916142941,2.425035229));
#11544=DIRECTION('',(0.634220275,-0.748484671,0.193740395));
#11545=DIRECTION('',(-0.762940227,-0.646469032,-0.));
#11546=AXIS2_PLACEMENT_3D('',#11543,#11544,#11545);
#11547=PLANE('',#11546);
#11548=POLY_LOOP('',(#9211,#11542,#2666));
#11549=FACE_OUTER_BOUND('',#11548,.T.);
#11550=FACE_SURFACE('',(#11549),#11547,.T.);
#11551=CARTESIAN_POINT('',(227.301552892,359.988391399,-11.306012049));
#11552=DIRECTION('',(0.536323492,-0.443587435,-0.718044079));
#11553=DIRECTION('',(-0.801181835,0.,-0.598420978));
#11554=AXIS2_PLACEMENT_3D('',#11551,#11552,#11553);
#11555=PLANE('',#11554);
#11556=POLY_LOOP('',(#990,#6328,#1727));
#11557=FACE_OUTER_BOUND('',#11556,.T.);
#11558=FACE_SURFACE('',(#11557),#11555,.T.);
#11559=CARTESIAN_POINT('',(112.336337566,466.015934944,12.371375225));
#11560=DIRECTION('',(0.296909529,-0.007321588,0.954877545));
#11561=DIRECTION('',(0.954903139,0.,-0.296917488));
#11562=AXIS2_PLACEMENT_3D('',#11559,#11560,#11561);
#11563=PLANE('',#11562);
#11564=POLY_LOOP('',(#7192,#6605,#9696));
#11565=FACE_OUTER_BOUND('',#11564,.T.);
#11566=FACE_SURFACE('',(#11565),#11563,.T.);
#11567=CARTESIAN_POINT('',(46.097029001,202.462643385,12.589906342));
#11568=DIRECTION('',(-0.015556628,-0.219127721,0.975572157));
#11569=DIRECTION('',(0.,0.975690227,0.219154242));
#11570=AXIS2_PLACEMENT_3D('',#11567,#11568,#11569);
#11571=PLANE('',#11570);
#11572=POLY_LOOP('',(#4246,#904,#11370));
#11573=FACE_OUTER_BOUND('',#11572,.T.);
#11574=FACE_SURFACE('',(#11573),#11571,.T.);
#11575=CARTESIAN_POINT('',(23.960707709,445.279479027,9.829388));
#11576=CARTESIAN_POINT('',(23.960707709,445.279479027,9.829388));
#11577=DIRECTION('',(0.531668036,-0.496836687,-0.685917201));
#11578=DIRECTION('',(-0.790369186,0.,-0.612630843));
#11579=AXIS2_PLACEMENT_3D('',#11576,#11577,#11578);
#11580=PLANE('',#11579);
#11581=POLY_LOOP('',(#11575,#2312,#2022));
#11582=FACE_OUTER_BOUND('',#11581,.T.);
#11583=FACE_SURFACE('',(#11582),#11580,.T.);
#11584=CARTESIAN_POINT('',(116.936333477,197.129875422,12.521703728));
#11585=DIRECTION('',(-0.134623239,-0.089531886,0.986843769));
#11586=DIRECTION('',(0.990822957,0.,0.135166072));
#11587=AXIS2_PLACEMENT_3D('',#11584,#11585,#11586);
#11588=PLANE('',#11587);
#11589=POLY_LOOP('',(#11370,#841,#4144));
#11590=FACE_OUTER_BOUND('',#11589,.T.);
#11591=FACE_SURFACE('',(#11590),#11588,.T.);
#11592=CARTESIAN_POINT('',(131.123706698,189.117312431,11.832060292));
#11593=DIRECTION('',(0.077986109,0.052395862,0.995576637));
#11594=DIRECTION('',(0.996946049,0.,-0.078093379));
#11595=AXIS2_PLACEMENT_3D('',#11592,#11593,#11594);
#11596=PLANE('',#11595);
#11597=POLY_LOOP('',(#4442,#11370,#4144));
#11598=FACE_OUTER_BOUND('',#11597,.T.);
#11599=FACE_SURFACE('',(#11598),#11596,.T.);
#11600=CARTESIAN_POINT('',(235.915929079,382.673114538,5.679065362));
#11601=DIRECTION('',(0.667157222,0.241693407,0.704617299));
#11602=DIRECTION('',(0.726145579,0.,-0.687540979));
#11603=AXIS2_PLACEMENT_3D('',#11600,#11601,#11602);
#11604=PLANE('',#11603);
#11605=POLY_LOOP('',(#7934,#9678,#471));
#11606=FACE_OUTER_BOUND('',#11605,.T.);
#11607=FACE_SURFACE('',(#11606),#11604,.T.);
#11608=CARTESIAN_POINT('',(212.368756533,288.174331188,10.37962921));
#11609=DIRECTION('',(-0.562983726,-0.357695833,0.745052358));
#11610=DIRECTION('',(0.797838852,-0.,0.602870771));
#11611=AXIS2_PLACEMENT_3D('',#11608,#11609,#11610);
#11612=PLANE('',#11611);
#11613=POLY_LOOP('',(#1592,#3588,#1593));
#11614=FACE_OUTER_BOUND('',#11613,.T.);
#11615=FACE_SURFACE('',(#11614),#11612,.T.);
#11616=CARTESIAN_POINT('',(139.770925045,143.999993801,-9.641167708));
#11617=DIRECTION('',(-0.72011096,0.023408129,0.693463961));
#11618=DIRECTION('',(-0.693654027,-0.,-0.72030833));
#11619=AXIS2_PLACEMENT_3D('',#11616,#11617,#11618);
#11620=PLANE('',#11619);
#11621=POLY_LOOP('',(#1868,#602,#1877));
#11622=FACE_OUTER_BOUND('',#11621,.T.);
#11623=FACE_SURFACE('',(#11622),#11620,.T.);
#11624=CARTESIAN_POINT('',(37.483904511,327.325224876,-0.058056499));
#11625=DIRECTION('',(0.916262145,-0.378603756,-0.130854414));
#11626=DIRECTION('',(0.381887379,0.924208867,-0.));
#11627=AXIS2_PLACEMENT_3D('',#11624,#11625,#11626);
#11628=PLANE('',#11627);
#11629=POLY_LOOP('',(#3607,#370,#1356));
#11630=FACE_OUTER_BOUND('',#11629,.T.);
#11631=FACE_SURFACE('',(#11630),#11628,.T.);
#11632=CARTESIAN_POINT('',(38.499798626,319.812566042,0.184221819));
#11633=DIRECTION('',(0.966044026,0.137683541,0.218637101));
#11634=DIRECTION('',(-0.220739363,0.,0.975332832));
#11635=AXIS2_PLACEMENT_3D('',#11632,#11633,#11634);
#11636=PLANE('',#11635);
#11637=POLY_LOOP('',(#2531,#3607,#2532));
#11638=FACE_OUTER_BOUND('',#11637,.T.);
#11639=FACE_SURFACE('',(#11638),#11636,.T.);
#11640=CARTESIAN_POINT('',(14.710999094,319.435507059,1.598266535));
#11641=DIRECTION('',(0.952074736,0.29944421,0.062344701));
#11642=DIRECTION('',(-0.300027861,0.953930439,-0.));
#11643=AXIS2_PLACEMENT_3D('',#11640,#11641,#11642);
#11644=PLANE('',#11643);
#11645=POLY_LOOP('',(#5489,#1612,#1611));
#11646=FACE_OUTER_BOUND('',#11645,.T.);
#11647=FACE_SURFACE('',(#11646),#11644,.T.);
#11648=CARTESIAN_POINT('',(35.806275904,219.203844666,4.52045491));
#11649=DIRECTION('',(-0.834339498,-0.548630521,-0.053685696));
#11650=DIRECTION('',(0.549422853,-0.83554445,0.));
#11651=AXIS2_PLACEMENT_3D('',#11648,#11649,#11650);
#11652=PLANE('',#11651);
#11653=POLY_LOOP('',(#5517,#77,#5518));
#11654=FACE_OUTER_BOUND('',#11653,.T.);
#11655=FACE_SURFACE('',(#11654),#11652,.T.);
#11656=CARTESIAN_POINT('',(110.003225505,208.742052317,1.183344633));
#11657=CARTESIAN_POINT('',(110.003225505,208.742052317,1.183344633));
#11658=DIRECTION('',(0.005336413,-0.340156008,0.940353877));
#11659=DIRECTION('',(0.,0.940367266,0.340160851));
#11660=AXIS2_PLACEMENT_3D('',#11657,#11658,#11659);
#11661=PLANE('',#11660);
#11662=POLY_LOOP('',(#11656,#6425,#6424));
#11663=FACE_OUTER_BOUND('',#11662,.T.);
#11664=FACE_SURFACE('',(#11663),#11661,.T.);
#11665=CARTESIAN_POINT('',(45.595176518,354.900568724,-9.606039152));
#11666=DIRECTION('',(0.040033286,-0.141244279,0.989164996));
#11667=DIRECTION('',(0.,0.9899586,0.141357598));
#11668=AXIS2_PLACEMENT_3D('',#11665,#11666,#11667);
#11669=PLANE('',#11668);
#11670=POLY_LOOP('',(#9652,#7633,#1948));
#11671=FACE_OUTER_BOUND('',#11670,.T.);
#11672=FACE_SURFACE('',(#11671),#11669,.T.);
#11673=CARTESIAN_POINT('',(214.931234717,301.981329918,-9.203453548));
#11674=DIRECTION('',(-0.415580274,-0.673478894,0.611325784));
#11675=DIRECTION('',(0.,-0.672114136,-0.740447559));
#11676=AXIS2_PLACEMENT_3D('',#11673,#11674,#11675);
#11677=PLANE('',#11676);
#11678=POLY_LOOP('',(#2085,#5833,#2011));
#11679=FACE_OUTER_BOUND('',#11678,.T.);
#11680=FACE_SURFACE('',(#11679),#11677,.T.);
#11681=CARTESIAN_POINT('',(207.772374153,406.438201666,8.108641021));
#11682=CARTESIAN_POINT('',(203.431785107,410.014867783,3.671732731));
#11683=DIRECTION('',(-0.244222146,-0.85768476,-0.452473641));
#11684=DIRECTION('',(-0.,0.466602692,-0.884467031));
#11685=AXIS2_PLACEMENT_3D('',#11682,#11683,#11684);
#11686=PLANE('',#11685);
#11687=POLY_LOOP('',(#3208,#5224,#11681));
#11688=FACE_OUTER_BOUND('',#11687,.T.);
#11689=FACE_SURFACE('',(#11688),#11686,.T.);
#11690=CARTESIAN_POINT('',(119.614347816,580.999493599,10.989995673));
#11691=DIRECTION('',(0.839359568,0.003545889,0.54356503));
#11692=DIRECTION('',(-0.543568448,0.,0.839364845));
#11693=AXIS2_PLACEMENT_3D('',#11690,#11691,#11692);
#11694=PLANE('',#11693);
#11695=POLY_LOOP('',(#9696,#6605,#3491));
#11696=FACE_OUTER_BOUND('',#11695,.T.);
#11697=FACE_SURFACE('',(#11696),#11694,.T.);
#11698=CARTESIAN_POINT('',(36.054711789,436.646103859,-3.082977608));
#11699=DIRECTION('',(-0.34877315,0.9314164,0.104022973));
#11700=DIRECTION('',(0.936496995,0.350675602,0.));
#11701=AXIS2_PLACEMENT_3D('',#11698,#11699,#11700);
#11702=PLANE('',#11701);
#11703=POLY_LOOP('',(#5527,#2826,#5815));
#11704=FACE_OUTER_BOUND('',#11703,.T.);
#11705=FACE_SURFACE('',(#11704),#11702,.T.);
#11706=CARTESIAN_POINT('',(30.364943668,249.98781085,11.247183196));
#11707=DIRECTION('',(-0.475688546,0.630092397,0.613762151));
#11708=DIRECTION('',(-0.,-0.697763226,0.716328472));
#11709=AXIS2_PLACEMENT_3D('',#11706,#11707,#11708);
#11710=PLANE('',#11709);
#11711=POLY_LOOP('',(#2331,#6623,#6552));
#11712=FACE_OUTER_BOUND('',#11711,.T.);
#11713=FACE_SURFACE('',(#11712),#11710,.T.);
#11714=CARTESIAN_POINT('',(122.837364674,199.818909168,-10.573052801));
#11715=DIRECTION('',(0.512322171,0.499791768,-0.698379683));
#11716=DIRECTION('',(-0.806307494,0.,-0.591496598));
#11717=AXIS2_PLACEMENT_3D('',#11714,#11715,#11716);
#11718=PLANE('',#11717);
#11719=POLY_LOOP('',(#1039,#6569,#6309));
#11720=FACE_OUTER_BOUND('',#11719,.T.);
#11721=FACE_SURFACE('',(#11720),#11718,.T.);
#11722=CARTESIAN_POINT('',(215.718775988,378.065854311,-5.666105542));
#11723=DIRECTION('',(0.941169069,0.070706451,0.330456323));
#11724=DIRECTION('',(-0.331285476,-0.,0.943530568));
#11725=AXIS2_PLACEMENT_3D('',#11722,#11723,#11724);
#11726=PLANE('',#11725);
#11727=POLY_LOOP('',(#8208,#801,#10439));
#11728=FACE_OUTER_BOUND('',#11727,.T.);
#11729=FACE_SURFACE('',(#11728),#11726,.T.);
#11730=CARTESIAN_POINT('',(220.842927694,270.947962999,12.09920831));
#11731=CARTESIAN_POINT('',(210.819289088,261.50277257,9.596612304));
#11732=DIRECTION('',(-0.602701621,0.468450967,0.645991059));
#11733=DIRECTION('',(0.731181368,0.,0.682183119));
#11734=AXIS2_PLACEMENT_3D('',#11731,#11732,#11733);
#11735=PLANE('',#11734);
#11736=POLY_LOOP('',(#6118,#11730,#853));
#11737=FACE_OUTER_BOUND('',#11736,.T.);
#11738=FACE_SURFACE('',(#11737),#11735,.T.);
#11739=CARTESIAN_POINT('',(133.869707584,143.999993801,10.544981807));
#11740=DIRECTION('',(0.,-1.,0.));
#11741=DIRECTION('',(0.,0.,-1.));
#11742=AXIS2_PLACEMENT_3D('',#11739,#11740,#11741);
#11743=PLANE('',#11742);
#11744=POLY_LOOP('',(#2581,#8217,#3985));
#11745=FACE_OUTER_BOUND('',#11744,.T.);
#11746=FACE_SURFACE('',(#11745),#11743,.T.);
#11747=CARTESIAN_POINT('',(139.770925045,143.999993801,9.641167708));
#11748=DIRECTION('',(0.,-1.,0.));
#11749=DIRECTION('',(0.,0.,-1.));
#11750=AXIS2_PLACEMENT_3D('',#11747,#11748,#11749);
#11751=PLANE('',#11750);
#11752=POLY_LOOP('',(#237,#4142,#2581));
#11753=FACE_OUTER_BOUND('',#11752,.T.);
#11754=FACE_SURFACE('',(#11753),#11751,.T.);
#11755=CARTESIAN_POINT('',(31.12334758,403.414189816,12.437355705));
#11756=DIRECTION('',(-0.000819756,0.450724098,0.892662935));
#11757=DIRECTION('',(0.,0.892663235,-0.450724249));
#11758=AXIS2_PLACEMENT_3D('',#11755,#11756,#11757);
#11759=PLANE('',#11758);
#11760=POLY_LOOP('',(#462,#3715,#3400));
#11761=FACE_OUTER_BOUND('',#11760,.T.);
#11762=FACE_SURFACE('',(#11761),#11759,.T.);
#11763=CARTESIAN_POINT('',(215.90308845,397.345215082,12.537623756));
#11764=DIRECTION('',(-0.001077344,-0.016282275,0.999866855));
#11765=DIRECTION('',(0.,0.999867435,0.016282284));
#11766=AXIS2_PLACEMENT_3D('',#11763,#11764,#11765);
#11767=PLANE('',#11766);
#11768=POLY_LOOP('',(#3122,#462,#3381));
#11769=FACE_OUTER_BOUND('',#11768,.T.);
#11770=FACE_SURFACE('',(#11769),#11767,.T.);
#11771=CARTESIAN_POINT('',(37.78533265,402.667313814,-10.551629588));
#11772=DIRECTION('',(-0.068944116,-0.461294151,0.884564534));
#11773=DIRECTION('',(0.,0.886674355,0.462394408));
#11774=AXIS2_PLACEMENT_3D('',#11771,#11772,#11773);
#11775=PLANE('',#11774);
#11776=POLY_LOOP('',(#6434,#7089,#6851));
#11777=FACE_OUTER_BOUND('',#11776,.T.);
#11778=FACE_SURFACE('',(#11777),#11775,.T.);
#11779=CARTESIAN_POINT('',(209.609150887,242.397174239,9.767924435));
#11780=DIRECTION('',(0.26078382,-0.426435394,0.866108916));
#11781=DIRECTION('',(0.,0.897152897,0.441720137));
#11782=AXIS2_PLACEMENT_3D('',#11779,#11780,#11781);
#11783=PLANE('',#11782);
#11784=POLY_LOOP('',(#422,#421,#7023));
#11785=FACE_OUTER_BOUND('',#11784,.T.);
#11786=FACE_SURFACE('',(#11785),#11783,.T.);
#11787=CARTESIAN_POINT('',(231.567591429,289.263665676,-8.356672712));
#11788=DIRECTION('',(0.782665286,0.419847273,-0.4595251));
#11789=DIRECTION('',(0.506310872,-0.,0.862351031));
#11790=AXIS2_PLACEMENT_3D('',#11787,#11788,#11789);
#11791=PLANE('',#11790);
#11792=POLY_LOOP('',(#4328,#502,#5095));
#11793=FACE_OUTER_BOUND('',#11792,.T.);
#11794=FACE_SURFACE('',(#11793),#11791,.T.);
#11795=CARTESIAN_POINT('',(232.809409499,359.736382961,-7.036384661));
#11796=DIRECTION('',(0.769057507,-0.560858459,-0.306575179));
#11797=DIRECTION('',(0.589232077,0.807963835,0.));
#11798=AXIS2_PLACEMENT_3D('',#11795,#11796,#11797);
#11799=PLANE('',#11798);
#11800=POLY_LOOP('',(#6328,#780,#2684));
#11801=FACE_OUTER_BOUND('',#11800,.T.);
#11802=FACE_SURFACE('',(#11801),#11799,.T.);
#11803=CARTESIAN_POINT('',(28.229409829,322.150915861,-10.051996447));
#11804=DIRECTION('',(-0.345294007,-0.145897886,0.9270846));
#11805=DIRECTION('',(0.937112022,0.,0.349028735));
#11806=AXIS2_PLACEMENT_3D('',#11803,#11804,#11805);
#11807=PLANE('',#11806);
#11808=POLY_LOOP('',(#10724,#7634,#6452));
#11809=FACE_OUTER_BOUND('',#11808,.T.);
#11810=FACE_SURFACE('',(#11809),#11807,.T.);
#11811=CARTESIAN_POINT('',(32.986208797,446.601688862,10.487273335));
#11812=DIRECTION('',(0.081112187,-0.05861039,-0.994980219));
#11813=DIRECTION('',(-0.996693601,0.,-0.081251864));
#11814=AXIS2_PLACEMENT_3D('',#11811,#11812,#11813);
#11815=PLANE('',#11814);
#11816=POLY_LOOP('',(#9366,#8243,#11575));
#11817=FACE_OUTER_BOUND('',#11816,.T.);
#11818=FACE_SURFACE('',(#11817),#11815,.T.);
#11819=CARTESIAN_POINT('',(17.11695455,434.408158064,9.734031744));
#11820=CARTESIAN_POINT('',(17.11695455,434.408158064,9.734031744));
#11821=DIRECTION('',(0.516396711,-0.318110052,-0.795072595));
#11822=DIRECTION('',(-0.838636585,-0.,-0.544691361));
#11823=AXIS2_PLACEMENT_3D('',#11820,#11821,#11822);
#11824=PLANE('',#11823);
#11825=POLY_LOOP('',(#11819,#2312,#11575));
#11826=FACE_OUTER_BOUND('',#11825,.T.);
#11827=FACE_SURFACE('',(#11826),#11824,.T.);
#11828=CARTESIAN_POINT('',(11.077665724,428.555250168,5.664000753));
#11829=CARTESIAN_POINT('',(11.077665724,428.555250168,5.664000753));
#11830=DIRECTION('',(0.687995104,-0.231651874,-0.687750061));
#11831=DIRECTION('',(0.706980823,0.,0.707232717));
#11832=AXIS2_PLACEMENT_3D('',#11829,#11830,#11831);
#11833=PLANE('',#11832);
#11834=POLY_LOOP('',(#11828,#2312,#11819));
#11835=FACE_OUTER_BOUND('',#11834,.T.);
#11836=FACE_SURFACE('',(#11835),#11833,.T.);
#11837=CARTESIAN_POINT('',(25.911450386,452.947616577,5.787115078));
#11838=DIRECTION('',(0.342283409,-0.852499103,-0.395078913));
#11839=DIRECTION('',(0.,0.420477093,-0.907303155));
#11840=AXIS2_PLACEMENT_3D('',#11837,#11838,#11839);
#11841=PLANE('',#11840);
#11842=POLY_LOOP('',(#2022,#2021,#4889));
#11843=FACE_OUTER_BOUND('',#11842,.T.);
#11844=FACE_SURFACE('',(#11843),#11841,.T.);
#11845=CARTESIAN_POINT('',(142.473131418,178.918749094,7.467359304));
#11846=DIRECTION('',(0.559845397,0.290992023,0.775820065));
#11847=DIRECTION('',(0.810911889,0.,-0.585168274));
#11848=AXIS2_PLACEMENT_3D('',#11845,#11846,#11847);
#11849=PLANE('',#11848);
#11850=POLY_LOOP('',(#4153,#4442,#4143));
#11851=FACE_OUTER_BOUND('',#11850,.T.);
#11852=FACE_SURFACE('',(#11851),#11849,.T.);
#11853=CARTESIAN_POINT('',(237.159669399,380.74490428,-2.129627625));
#11854=DIRECTION('',(0.969282543,0.225249373,0.098762703));
#11855=DIRECTION('',(-0.226356025,0.974044634,0.));
#11856=AXIS2_PLACEMENT_3D('',#11853,#11854,#11855);
#11857=PLANE('',#11856);
#11858=POLY_LOOP('',(#1718,#1717,#7934));
#11859=FACE_OUTER_BOUND('',#11858,.T.);
#11860=FACE_SURFACE('',(#11859),#11857,.T.);
#11861=CARTESIAN_POINT('',(214.929074049,281.598955393,9.157476947));
#11862=DIRECTION('',(-0.660698498,-0.63217456,0.404762671));
#11863=DIRECTION('',(0.691338044,-0.722531459,-0.));
#11864=AXIS2_PLACEMENT_3D('',#11861,#11862,#11863);
#11865=PLANE('',#11864);
#11866=POLY_LOOP('',(#1593,#3588,#10643));
#11867=FACE_OUTER_BOUND('',#11866,.T.);
#11868=FACE_SURFACE('',(#11867),#11865,.T.);
#11869=CARTESIAN_POINT('',(208.27011764,341.822504997,6.220178213));
#11870=DIRECTION('',(-0.14907118,0.969075449,-0.19664831));
#11871=DIRECTION('',(0.,0.198870395,0.980025799));
#11872=AXIS2_PLACEMENT_3D('',#11869,#11870,#11871);
#11873=PLANE('',#11872);
#11874=POLY_LOOP('',(#208,#3753,#3570));
#11875=FACE_OUTER_BOUND('',#11874,.T.);
#11876=FACE_SURFACE('',(#11875),#11873,.T.);
#11877=CARTESIAN_POINT('',(37.483904511,327.325224876,-0.058056499));
#11878=DIRECTION('',(0.856803615,-0.489739323,0.161378316));
#11879=DIRECTION('',(0.49624378,0.868183224,0.));
#11880=AXIS2_PLACEMENT_3D('',#11877,#11878,#11879);
#11881=PLANE('',#11880);
#11882=POLY_LOOP('',(#3607,#1356,#10178));
#11883=FACE_OUTER_BOUND('',#11882,.T.);
#11884=FACE_SURFACE('',(#11883),#11881,.T.);
#11885=CARTESIAN_POINT('',(221.780762076,305.792540312,1.933134045));
#11886=DIRECTION('',(0.600160786,0.696498238,0.393315695));
#11887=DIRECTION('',(0.757554492,-0.65277193,0.));
#11888=AXIS2_PLACEMENT_3D('',#11885,#11886,#11887);
#11889=PLANE('',#11888);
#11890=POLY_LOOP('',(#3922,#7201,#503));
#11891=FACE_OUTER_BOUND('',#11890,.T.);
#11892=FACE_SURFACE('',(#11891),#11889,.T.);
#11893=CARTESIAN_POINT('',(37.579055876,217.129781842,-1.835170668));
#11894=DIRECTION('',(-0.959674844,-0.192495695,-0.204864834));
#11895=DIRECTION('',(0.208769275,0.,-0.977964923));
#11896=AXIS2_PLACEMENT_3D('',#11893,#11894,#11895);
#11897=PLANE('',#11896);
#11898=POLY_LOOP('',(#77,#5517,#3579));
#11899=FACE_OUTER_BOUND('',#11898,.T.);
#11900=FACE_SURFACE('',(#11899),#11897,.T.);
#11901=CARTESIAN_POINT('',(15.961673111,325.043946505,-5.61206229));
#11902=DIRECTION('',(0.773326987,0.094090638,0.626986701));
#11903=DIRECTION('',(-0.629780638,0.,0.776773035));
#11904=AXIS2_PLACEMENT_3D('',#11901,#11902,#11903);
#11905=PLANE('',#11904);
#11906=POLY_LOOP('',(#6389,#1611,#2215));
#11907=FACE_OUTER_BOUND('',#11906,.T.);
#11908=FACE_SURFACE('',(#11907),#11905,.T.);
#11909=CARTESIAN_POINT('',(215.451166034,391.148537397,-10.023994371));
#11910=DIRECTION('',(0.222492238,0.109818469,0.968729636));
#11911=DIRECTION('',(0.974624496,0.,-0.223846135));
#11912=AXIS2_PLACEMENT_3D('',#11909,#11910,#11911);
#11913=PLANE('',#11912);
#11914=POLY_LOOP('',(#4973,#3032,#1496));
#11915=FACE_OUTER_BOUND('',#11914,.T.);
#11916=FACE_SURFACE('',(#11915),#11913,.T.);
#11917=CARTESIAN_POINT('',(18.456026912,431.445509195,-10.478002019));
#11918=CARTESIAN_POINT('',(18.456026912,431.445509195,-10.478002019));
#11919=DIRECTION('',(0.063101005,-0.055075226,0.996486318));
#11920=DIRECTION('',(0.998001076,-0.,-0.063196925));
#11921=AXIS2_PLACEMENT_3D('',#11918,#11919,#11920);
#11922=PLANE('',#11921);
#11923=POLY_LOOP('',(#11917,#3932,#5170));
#11924=FACE_OUTER_BOUND('',#11923,.T.);
#11925=FACE_SURFACE('',(#11924),#11922,.T.);
#11926=CARTESIAN_POINT('',(35.27533263,450.260639191,-10.503157973));
#11927=DIRECTION('',(-0.0774802,0.07868798,0.993883806));
#11928=DIRECTION('',(0.,0.996880538,-0.078925238));
#11929=AXIS2_PLACEMENT_3D('',#11926,#11927,#11928);
#11930=PLANE('',#11929);
#11931=POLY_LOOP('',(#3932,#8165,#5806));
#11932=FACE_OUTER_BOUND('',#11931,.T.);
#11933=FACE_SURFACE('',(#11932),#11930,.T.);
#11934=CARTESIAN_POINT('',(41.688859463,313.222378492,0.743197917));
#11935=DIRECTION('',(-0.400308398,-0.897131772,0.186836213));
#11936=DIRECTION('',(-0.913212459,0.407483748,0.));
#11937=AXIS2_PLACEMENT_3D('',#11934,#11935,#11936);
#11938=PLANE('',#11937);
#11939=POLY_LOOP('',(#8979,#7713,#3237));
#11940=FACE_OUTER_BOUND('',#11939,.T.);
#11941=FACE_SURFACE('',(#11940),#11938,.T.);
#11942=CARTESIAN_POINT('',(47.080885619,310.223072767,-3.177178325));
#11943=DIRECTION('',(-0.002313831,-0.902615191,0.430442171));
#11944=DIRECTION('',(-0.,-0.430443323,-0.902617608));
#11945=AXIS2_PLACEMENT_3D('',#11942,#11943,#11944);
#11946=PLANE('',#11945);
#11947=POLY_LOOP('',(#3149,#5413,#712));
#11948=FACE_OUTER_BOUND('',#11947,.T.);
#11949=FACE_SURFACE('',(#11948),#11946,.T.);
#11950=CARTESIAN_POINT('',(11.26142405,431.241840124,-4.776699468));
#11951=DIRECTION('',(0.723873258,-0.098844425,0.682815704));
#11952=DIRECTION('',(-0.686175977,0.,0.727435583));
#11953=AXIS2_PLACEMENT_3D('',#11950,#11951,#11952);
#11954=PLANE('',#11953);
#11955=POLY_LOOP('',(#5342,#11345,#5341));
#11956=FACE_OUTER_BOUND('',#11955,.T.);
#11957=FACE_SURFACE('',(#11956),#11954,.T.);
#11958=CARTESIAN_POINT('',(18.456026912,431.445509195,-10.478002019));
#11959=DIRECTION('',(0.375115792,-0.201403897,0.904834025));
#11960=DIRECTION('',(0.923763529,0.,-0.382963371));
#11961=AXIS2_PLACEMENT_3D('',#11958,#11959,#11960);
#11962=PLANE('',#11961);
#11963=POLY_LOOP('',(#11917,#5170,#5341));
#11964=FACE_OUTER_BOUND('',#11963,.T.);
#11965=FACE_SURFACE('',(#11964),#11962,.T.);
#11966=CARTESIAN_POINT('',(15.507540666,428.716540337,-12.014036067));
#11967=DIRECTION('',(-0.097739054,-0.028033417,-0.994817172));
#11968=DIRECTION('',(-0.995208302,0.,0.097777481));
#11969=AXIS2_PLACEMENT_3D('',#11966,#11967,#11968);
#11970=PLANE('',#11969);
#11971=POLY_LOOP('',(#7796,#8552,#9537));
#11972=FACE_OUTER_BOUND('',#11971,.T.);
#11973=FACE_SURFACE('',(#11972),#11970,.T.);
#11974=CARTESIAN_POINT('',(220.741003752,378.041505814,-9.75307636));
#11975=DIRECTION('',(0.62929888,-0.072856216,0.773740843));
#11976=DIRECTION('',(0.775802573,0.,-0.630975726));
#11977=AXIS2_PLACEMENT_3D('',#11974,#11975,#11976);
#11978=PLANE('',#11977);
#11979=POLY_LOOP('',(#3032,#8208,#5086));
#11980=FACE_OUTER_BOUND('',#11979,.T.);
#11981=FACE_SURFACE('',(#11980),#11978,.T.);
#11982=CARTESIAN_POINT('',(235.857382417,274.999976158,-0.000000477));
#11983=DIRECTION('',(-0.941065605,0.075286321,-0.329738528));
#11984=DIRECTION('',(0.330677003,0.,-0.943743991));
#11985=AXIS2_PLACEMENT_3D('',#11982,#11983,#11984);
#11986=PLANE('',#11985);
#11987=POLY_LOOP('',(#1451,#7107,#6868));
#11988=FACE_OUTER_BOUND('',#11987,.T.);
#11989=FACE_SURFACE('',(#11988),#11986,.T.);
#11990=CARTESIAN_POINT('',(104.585789144,580.999910831,7.240754087));
#11991=DIRECTION('',(0.775336049,0.00324534,-0.63154056));
#11992=DIRECTION('',(0.631543886,0.,0.775340132));
#11993=AXIS2_PLACEMENT_3D('',#11990,#11991,#11992);
#11994=PLANE('',#11993);
#11995=POLY_LOOP('',(#925,#10064,#1643));
#11996=FACE_OUTER_BOUND('',#11995,.T.);
#11997=FACE_SURFACE('',(#11996),#11994,.T.);
#11998=CARTESIAN_POINT('',(228.081882,280.76389432,12.536755763));
#11999=DIRECTION('',(-0.111033486,0.03761599,0.993104527));
#12000=DIRECTION('',(0.993807877,0.,0.111112124));
#12001=AXIS2_PLACEMENT_3D('',#11998,#11999,#12000);
#12002=PLANE('',#12001);
#12003=POLY_LOOP('',(#5760,#11730,#6128));
#12004=FACE_OUTER_BOUND('',#12003,.T.);
#12005=FACE_SURFACE('',(#12004),#12002,.T.);
#12006=CARTESIAN_POINT('',(139.770925045,143.999993801,9.641167708));
#12007=DIRECTION('',(-0.151391068,0.003331703,-0.988468332));
#12008=DIRECTION('',(-0.988473819,0.,0.151391909));
#12009=AXIS2_PLACEMENT_3D('',#12006,#12007,#12008);
#12010=PLANE('',#12009);
#12011=POLY_LOOP('',(#237,#2581,#2580));
#12012=FACE_OUTER_BOUND('',#12011,.T.);
#12013=FACE_SURFACE('',(#12012),#12010,.T.);
#12014=CARTESIAN_POINT('',(206.065103412,339.516997337,-7.182390895));
#12015=DIRECTION('',(0.283184816,-0.922956653,-0.260686356));
#12016=DIRECTION('',(-0.956012164,-0.293327024,0.));
#12017=AXIS2_PLACEMENT_3D('',#12014,#12015,#12016);
#12018=PLANE('',#12017);
#12019=POLY_LOOP('',(#1728,#2685,#196));
#12020=FACE_OUTER_BOUND('',#12019,.T.);
#12021=FACE_SURFACE('',(#12020),#12018,.T.);
#12022=CARTESIAN_POINT('',(215.90308845,397.345215082,12.537623756));
#12023=DIRECTION('',(0.004954605,0.167139754,0.985920765));
#12024=DIRECTION('',(-0.,0.985932866,-0.167141805));
#12025=AXIS2_PLACEMENT_3D('',#12022,#12023,#12024);
#12026=PLANE('',#12025);
#12027=POLY_LOOP('',(#3122,#3715,#462));
#12028=FACE_OUTER_BOUND('',#12027,.T.);
#12029=FACE_SURFACE('',(#12028),#12026,.T.);
#12030=CARTESIAN_POINT('',(37.78533265,402.667313814,-10.551629588));
#12031=DIRECTION('',(-0.000102768,-0.547038747,0.83710728));
#12032=DIRECTION('',(0.,0.837107285,0.54703875));
#12033=AXIS2_PLACEMENT_3D('',#12030,#12031,#12032);
#12034=PLANE('',#12033);
#12035=POLY_LOOP('',(#6434,#8268,#7089));
#12036=FACE_OUTER_BOUND('',#12035,.T.);
#12037=FACE_SURFACE('',(#12036),#12034,.T.);
#12038=CARTESIAN_POINT('',(35.206247121,397.296607494,12.342133559));
#12039=DIRECTION('',(-0.064442915,-0.058515708,0.996204308));
#12040=DIRECTION('',(0.997914246,0.,0.064553529));
#12041=AXIS2_PLACEMENT_3D('',#12038,#12039,#12040);
#12042=PLANE('',#12041);
#12043=POLY_LOOP('',(#3381,#462,#4318));
#12044=FACE_OUTER_BOUND('',#12043,.T.);
#12045=FACE_SURFACE('',(#12044),#12042,.T.);
#12046=CARTESIAN_POINT('',(229.761019349,351.742744446,-0.059588743));
#12047=DIRECTION('',(0.731564962,-0.614797166,0.294681441));
#12048=DIRECTION('',(0.643365457,0.7655592,0.));
#12049=AXIS2_PLACEMENT_3D('',#12046,#12047,#12048);
#12050=PLANE('',#12049);
#12051=POLY_LOOP('',(#780,#782,#2290));
#12052=FACE_OUTER_BOUND('',#12051,.T.);
#12053=FACE_SURFACE('',(#12052),#12050,.T.);
#12054=CARTESIAN_POINT('',(207.314446568,404.206395149,-9.525047615));
#12055=DIRECTION('',(-0.004233519,-0.188700291,0.982025599));
#12056=DIRECTION('',(-0.,0.9820344,0.188701982));
#12057=AXIS2_PLACEMENT_3D('',#12054,#12055,#12056);
#12058=PLANE('',#12057);
#12059=POLY_LOOP('',(#8268,#6434,#1495));
#12060=FACE_OUTER_BOUND('',#12059,.T.);
#12061=FACE_SURFACE('',(#12060),#12058,.T.);
#12062=CARTESIAN_POINT('',(32.522592694,321.197807789,-7.465861738));
#12063=DIRECTION('',(-0.632545818,-0.339253929,0.696270465));
#12064=DIRECTION('',(0.74016614,-0.,0.672424037));
#12065=AXIS2_PLACEMENT_3D('',#12062,#12063,#12064);
#12066=PLANE('',#12065);
#12067=POLY_LOOP('',(#2165,#7712,#7713));
#12068=FACE_OUTER_BOUND('',#12067,.T.);
#12069=FACE_SURFACE('',(#12068),#12066,.T.);
#12070=CARTESIAN_POINT('',(220.842927694,270.947962999,12.09920831));
#12071=DIRECTION('',(-0.56640386,-0.088178069,0.81939691));
#12072=DIRECTION('',(0.822601166,0.,0.568618785));
#12073=AXIS2_PLACEMENT_3D('',#12070,#12071,#12072);
#12074=PLANE('',#12073);
#12075=POLY_LOOP('',(#11730,#1591,#1593));
#12076=FACE_OUTER_BOUND('',#12075,.T.);
#12077=FACE_SURFACE('',(#12076),#12074,.T.);
#12078=CARTESIAN_POINT('',(116.952754557,199.112385511,-10.510652326));
#12079=DIRECTION('',(-0.005171357,-0.140417434,0.990078886));
#12080=DIRECTION('',(-0.,0.990092126,0.140419311));
#12081=AXIS2_PLACEMENT_3D('',#12078,#12079,#12080);
#12082=PLANE('',#12081);
#12083=POLY_LOOP('',(#3674,#5378,#3672));
#12084=FACE_OUTER_BOUND('',#12083,.T.);
#12085=FACE_SURFACE('',(#12084),#12082,.T.);
#12086=CARTESIAN_POINT('',(202.864080667,289.515912533,-3.077446716));
#12087=DIRECTION('',(0.008861354,0.999888922,-0.011984157));
#12088=DIRECTION('',(0.,0.011984628,0.999928182));
#12089=AXIS2_PLACEMENT_3D('',#12086,#12087,#12088);
#12090=PLANE('',#12089);
#12091=POLY_LOOP('',(#5007,#5008,#3743));
#12092=FACE_OUTER_BOUND('',#12091,.T.);
#12093=FACE_SURFACE('',(#12092),#12090,.T.);
#12094=CARTESIAN_POINT('',(30.066637322,429.961204529,-8.812262677));
#12095=DIRECTION('',(0.871177276,-0.050395698,-0.488375294));
#12096=DIRECTION('',(0.488996648,0.,0.872285663));
#12097=AXIS2_PLACEMENT_3D('',#12094,#12095,#12096);
#12098=PLANE('',#12097);
#12099=POLY_LOOP('',(#8570,#8569,#4406));
#12100=FACE_OUTER_BOUND('',#12099,.T.);
#12101=FACE_SURFACE('',(#12100),#12098,.T.);
#12102=CARTESIAN_POINT('',(38.276549429,292.16632247,-4.349533003));
#12103=CARTESIAN_POINT('',(27.455193922,296.941906214,-1.432699617));
#12104=DIRECTION('',(0.430447827,0.892308463,0.136015714));
#12105=DIRECTION('',(0.900678759,-0.434485641,-0.));
#12106=AXIS2_PLACEMENT_3D('',#12103,#12104,#12105);
#12107=PLANE('',#12106);
#12108=POLY_LOOP('',(#1622,#9285,#12102));
#12109=FACE_OUTER_BOUND('',#12108,.T.);
#12110=FACE_SURFACE('',(#12109),#12107,.T.);
#12111=CARTESIAN_POINT('',(202.775105834,362.179547548,-4.203737248));
#12112=DIRECTION('',(-0.002054979,0.993803342,-0.111133682));
#12113=DIRECTION('',(0.,0.111133916,0.99380544));
#12114=AXIS2_PLACEMENT_3D('',#12111,#12112,#12113);
#12115=PLANE('',#12114);
#12116=POLY_LOOP('',(#2837,#4397,#2836));
#12117=FACE_OUTER_BOUND('',#12116,.T.);
#12118=FACE_SURFACE('',(#12117),#12115,.T.);
#12119=CARTESIAN_POINT('',(210.395157337,365.110367537,6.64514536));
#12120=DIRECTION('',(-0.601180381,0.700587905,0.384393987));
#12121=DIRECTION('',(0.758894415,0.651213688,0.));
#12122=AXIS2_PLACEMENT_3D('',#12119,#12120,#12121);
#12123=PLANE('',#12122);
#12124=POLY_LOOP('',(#4724,#750,#2836));
#12125=FACE_OUTER_BOUND('',#12124,.T.);
#12126=FACE_SURFACE('',(#12125),#12123,.T.);
#12127=CARTESIAN_POINT('',(26.877878234,392.08099246,4.604955204));
#12128=DIRECTION('',(-0.673285129,-0.724755382,0.1463447));
#12129=DIRECTION('',(-0.73264327,0.68061284,0.));
#12130=AXIS2_PLACEMENT_3D('',#12127,#12128,#12129);
#12131=PLANE('',#12130);
#12132=POLY_LOOP('',(#1328,#2962,#9417));
#12133=FACE_OUTER_BOUND('',#12132,.T.);
#12134=FACE_SURFACE('',(#12133),#12131,.T.);
#12135=CARTESIAN_POINT('',(209.004506469,311.083912849,-4.970523529));
#12136=DIRECTION('',(0.00561315,0.806551386,-0.59113734));
#12137=DIRECTION('',(0.,0.591146652,0.806564092));
#12138=AXIS2_PLACEMENT_3D('',#12135,#12136,#12137);
#12139=PLANE('',#12138);
#12140=POLY_LOOP('',(#3104,#2175,#2601));
#12141=FACE_OUTER_BOUND('',#12140,.T.);
#12142=FACE_SURFACE('',(#12141),#12139,.T.);
#12143=CARTESIAN_POINT('',(33.441212028,229.656368494,-7.030019071));
#12144=DIRECTION('',(-0.522418585,0.307173566,0.795439012));
#12145=DIRECTION('',(0.835849398,0.,0.548958818));
#12146=AXIS2_PLACEMENT_3D('',#12143,#12144,#12145);
#12147=PLANE('',#12146);
#12148=POLY_LOOP('',(#9154,#2242,#2244));
#12149=FACE_OUTER_BOUND('',#12148,.T.);
#12150=FACE_SURFACE('',(#12149),#12147,.T.);
#12151=CARTESIAN_POINT('',(20.465204492,428.940176964,10.506913997));
#12152=DIRECTION('',(0.119740892,-0.066691137,-0.990562674));
#12153=DIRECTION('',(-0.992772916,-0.,-0.120008069));
#12154=AXIS2_PLACEMENT_3D('',#12151,#12152,#12153);
#12155=PLANE('',#12154);
#12156=POLY_LOOP('',(#8243,#11819,#11575));
#12157=FACE_OUTER_BOUND('',#12156,.T.);
#12158=FACE_SURFACE('',(#12157),#12155,.T.);
#12159=CARTESIAN_POINT('',(15.579281375,421.797722578,9.764534421));
#12160=CARTESIAN_POINT('',(11.077665724,428.555250168,5.664000753));
#12161=DIRECTION('',(0.606790845,-0.075903851,-0.791229092));
#12162=DIRECTION('',(-0.79351828,0.,-0.608546415));
#12163=AXIS2_PLACEMENT_3D('',#12160,#12161,#12162);
#12164=PLANE('',#12163);
#12165=POLY_LOOP('',(#11828,#11819,#12159));
#12166=FACE_OUTER_BOUND('',#12165,.T.);
#12167=FACE_SURFACE('',(#12166),#12164,.T.);
#12168=CARTESIAN_POINT('',(11.161306873,417.237341404,4.63425694));
#12169=CARTESIAN_POINT('',(9.407557547,424.853146076,-0.131141336));
#12170=DIRECTION('',(0.954336329,0.034055421,-0.29678679));
#12171=DIRECTION('',(0.296959043,0.,0.954890217));
#12172=AXIS2_PLACEMENT_3D('',#12169,#12170,#12171);
#12173=PLANE('',#12172);
#12174=POLY_LOOP('',(#10129,#11828,#12168));
#12175=FACE_OUTER_BOUND('',#12174,.T.);
#12176=FACE_SURFACE('',(#12175),#12173,.T.);
#12177=CARTESIAN_POINT('',(97.469612956,470.025807619,2.162568504));
#12178=DIRECTION('',(0.914021733,-0.356353119,0.19384717));
#12179=DIRECTION('',(0.363243211,0.931694354,0.));
#12180=AXIS2_PLACEMENT_3D('',#12177,#12178,#12179);
#12181=PLANE('',#12180);
#12182=POLY_LOOP('',(#268,#3256,#10864));
#12183=FACE_OUTER_BOUND('',#12182,.T.);
#12184=FACE_SURFACE('',(#12183),#12181,.T.);
#12185=CARTESIAN_POINT('',(110.426768661,208.731800318,-1.097482163));
#12186=DIRECTION('',(-0.309251188,-0.918932723,0.244798596));
#12187=DIRECTION('',(-0.947769607,0.318955751,0.));
#12188=AXIS2_PLACEMENT_3D('',#12185,#12186,#12187);
#12189=PLANE('',#12188);
#12190=POLY_LOOP('',(#411,#5564,#409));
#12191=FACE_OUTER_BOUND('',#12190,.T.);
#12192=FACE_SURFACE('',(#12191),#12189,.T.);
#12193=CARTESIAN_POINT('',(110.426768661,208.731800318,-1.097482163));
#12194=DIRECTION('',(-0.195949447,-0.934505235,0.297159521));
#12195=DIRECTION('',(0.,-0.303034141,-0.9529797));
#12196=AXIS2_PLACEMENT_3D('',#12193,#12194,#12195);
#12197=PLANE('',#12196);
#12198=POLY_LOOP('',(#411,#6423,#5564));
#12199=FACE_OUTER_BOUND('',#12198,.T.);
#12200=FACE_SURFACE('',(#12199),#12197,.T.);
#12201=CARTESIAN_POINT('',(102.529034019,448.632061481,-6.760464981));
#12202=CARTESIAN_POINT('',(108.23135078,450.388252735,1.314501395));
#12203=DIRECTION('',(-0.614331016,0.740390513,0.272798994));
#12204=DIRECTION('',(0.769579868,0.638550567,0.));
#12205=AXIS2_PLACEMENT_3D('',#12202,#12203,#12204);
#12206=PLANE('',#12205);
#12207=POLY_LOOP('',(#535,#2095,#12201));
#12208=FACE_OUTER_BOUND('',#12207,.T.);
#12209=FACE_SURFACE('',(#12208),#12206,.T.);
#12210=CARTESIAN_POINT('',(127.914488316,143.999993801,-7.899179123));
#12211=DIRECTION('',(0.430091791,0.014695799,0.902665544));
#12212=DIRECTION('',(0.902763033,0.,-0.430138242));
#12213=AXIS2_PLACEMENT_3D('',#12210,#12211,#12212);
#12214=PLANE('',#12213);
#12215=POLY_LOOP('',(#6946,#1867,#2185));
#12216=FACE_OUTER_BOUND('',#12215,.T.);
#12217=FACE_SURFACE('',(#12216),#12214,.T.);
#12218=CARTESIAN_POINT('',(28.290677816,197.435855865,4.248128273));
#12219=DIRECTION('',(0.370796632,0.707809239,-0.601261956));
#12220=DIRECTION('',(-0.,0.647413411,0.762139013));
#12221=AXIS2_PLACEMENT_3D('',#12218,#12219,#12220);
#12222=PLANE('',#12221);
#12223=POLY_LOOP('',(#1554,#4462,#4764));
#12224=FACE_OUTER_BOUND('',#12223,.T.);
#12225=FACE_SURFACE('',(#12224),#12222,.T.);
#12226=CARTESIAN_POINT('',(116.936333477,197.129875422,12.521703728));
#12227=DIRECTION('',(0.012691128,0.155954306,0.987682737));
#12228=DIRECTION('',(0.,0.987762287,-0.155966866));
#12229=AXIS2_PLACEMENT_3D('',#12226,#12227,#12228);
#12230=PLANE('',#12229);
#12231=POLY_LOOP('',(#11370,#11435,#4246));
#12232=FACE_OUTER_BOUND('',#12231,.T.);
#12233=FACE_SURFACE('',(#12232),#12230,.T.);
#12234=CARTESIAN_POINT('',(120.519205928,180.497929454,-6.263490301));
#12235=DIRECTION('',(0.636006301,0.60972701,0.472999957));
#12236=DIRECTION('',(-0.692036087,0.721862906,0.));
#12237=AXIS2_PLACEMENT_3D('',#12234,#12235,#12236);
#12238=PLANE('',#12237);
#12239=POLY_LOOP('',(#1652,#1654,#3781));
#12240=FACE_OUTER_BOUND('',#12239,.T.);
#12241=FACE_SURFACE('',(#12240),#12238,.T.);
#12242=CARTESIAN_POINT('',(33.694449812,239.168584347,-11.869475245));
#12243=CARTESIAN_POINT('',(39.912521839,250.786483288,-12.54935842));
#12244=DIRECTION('',(0.017461764,-0.067722821,-0.997551355));
#12245=DIRECTION('',(-0.,-0.997703473,0.067733148));
#12246=AXIS2_PLACEMENT_3D('',#12243,#12244,#12245);
#12247=PLANE('',#12246);
#12248=POLY_LOOP('',(#3653,#6748,#12242));
#12249=FACE_OUTER_BOUND('',#12248,.T.);
#12250=FACE_SURFACE('',(#12249),#12247,.T.);
#12251=CARTESIAN_POINT('',(33.740799874,220.621049404,-6.636002567));
#12252=DIRECTION('',(-0.507232171,-0.30608154,0.805623743));
#12253=DIRECTION('',(0.846238717,-0.,0.532803936));
#12254=AXIS2_PLACEMENT_3D('',#12251,#12252,#12253);
#12255=PLANE('',#12254);
#12256=POLY_LOOP('',(#1486,#8946,#78));
#12257=FACE_OUTER_BOUND('',#12256,.T.);
#12258=FACE_SURFACE('',(#12257),#12255,.T.);
#12259=CARTESIAN_POINT('',(29.585022479,240.851029754,-10.631363839));
#12260=DIRECTION('',(-0.000712321,0.016204627,0.999868443));
#12261=DIRECTION('',(0.,0.999868696,-0.016204631));
#12262=AXIS2_PLACEMENT_3D('',#12259,#12260,#12261);
#12263=PLANE('',#12262);
#12264=POLY_LOOP('',(#2243,#999,#8946));
#12265=FACE_OUTER_BOUND('',#12264,.T.);
#12266=FACE_SURFACE('',(#12265),#12263,.T.);
#12267=CARTESIAN_POINT('',(27.705619112,437.861442566,-10.111598298));
#12268=DIRECTION('',(-0.10561414,0.095734421,0.989788146));
#12269=DIRECTION('',(0.994355307,0.,0.106101473));
#12270=AXIS2_PLACEMENT_3D('',#12267,#12268,#12269);
#12271=PLANE('',#12270);
#12272=POLY_LOOP('',(#8165,#3932,#11917));
#12273=FACE_OUTER_BOUND('',#12272,.T.);
#12274=FACE_SURFACE('',(#12273),#12271,.T.);
#12275=CARTESIAN_POINT('',(27.705619112,437.861442566,-10.111598298));
#12276=DIRECTION('',(-0.516393762,0.203063283,0.831927152));
#12277=DIRECTION('',(0.849628641,0.,0.527381429));
#12278=AXIS2_PLACEMENT_3D('',#12275,#12276,#12277);
#12279=PLANE('',#12278);
#12280=POLY_LOOP('',(#8165,#10634,#8369));
#12281=FACE_OUTER_BOUND('',#12280,.T.);
#12282=FACE_SURFACE('',(#12281),#12279,.T.);
#12283=CARTESIAN_POINT('',(39.296194911,313.033491373,-5.290216766));
#12284=DIRECTION('',(-0.367616632,-0.920918313,0.129489276));
#12285=DIRECTION('',(-0.928737519,0.370737941,-0.));
#12286=AXIS2_PLACEMENT_3D('',#12283,#12284,#12285);
#12287=PLANE('',#12286);
#12288=POLY_LOOP('',(#7713,#3149,#3237));
#12289=FACE_OUTER_BOUND('',#12288,.T.);
#12290=FACE_SURFACE('',(#12289),#12287,.T.);
#12291=CARTESIAN_POINT('',(27.375511825,221.475809813,-10.318928398));
#12292=DIRECTION('',(-0.024751229,-0.021302987,0.999466637));
#12293=DIRECTION('',(0.999693502,-0.,0.024756848));
#12294=AXIS2_PLACEMENT_3D('',#12291,#12292,#12293);
#12295=PLANE('',#12294);
#12296=POLY_LOOP('',(#8946,#999,#5105));
#12297=FACE_OUTER_BOUND('',#12296,.T.);
#12298=FACE_SURFACE('',(#12297),#12295,.T.);
#12299=CARTESIAN_POINT('',(13.094232418,421.90733552,-8.070977405));
#12300=DIRECTION('',(0.500883289,-0.063741241,0.863164518));
#12301=DIRECTION('',(0.864923374,0.,-0.501903931));
#12302=AXIS2_PLACEMENT_3D('',#12299,#12300,#12301);
#12303=PLANE('',#12302);
#12304=POLY_LOOP('',(#11345,#11917,#5341));
#12305=FACE_OUTER_BOUND('',#12304,.T.);
#12306=FACE_SURFACE('',(#12305),#12303,.T.);
#12307=CARTESIAN_POINT('',(86.488477886,461.300104856,1.480256091));
#12308=DIRECTION('',(0.181431485,-0.981111314,0.067105934));
#12309=DIRECTION('',(-0.983327876,-0.181841381,-0.));
#12310=AXIS2_PLACEMENT_3D('',#12307,#12308,#12309);
#12311=PLANE('',#12310);
#12312=POLY_LOOP('',(#6248,#6030,#5159));
#12313=FACE_OUTER_BOUND('',#12312,.T.);
#12314=FACE_SURFACE('',(#12313),#12311,.T.);
#12315=CARTESIAN_POINT('',(24.129766971,237.117215991,-12.524012476));
#12316=DIRECTION('',(0.067653894,0.002898941,-0.997704639));
#12317=DIRECTION('',(-0.997708831,0.,-0.067654178));
#12318=AXIS2_PLACEMENT_3D('',#12315,#12316,#12317);
#12319=PLANE('',#12318);
#12320=POLY_LOOP('',(#864,#12242,#865));
#12321=FACE_OUTER_BOUND('',#12320,.T.);
#12322=FACE_SURFACE('',(#12321),#12319,.T.);
#12323=CARTESIAN_POINT('',(9.407557547,424.853146076,-0.131141336));
#12324=DIRECTION('',(0.942951498,-0.032704703,0.331319899));
#12325=DIRECTION('',(-0.331497231,-0.,0.943456192));
#12326=AXIS2_PLACEMENT_3D('',#12323,#12324,#12325);
#12327=PLANE('',#12326);
#12328=POLY_LOOP('',(#10129,#9932,#5342));
#12329=FACE_OUTER_BOUND('',#12328,.T.);
#12330=FACE_SURFACE('',(#12329),#12327,.T.);
#12331=CARTESIAN_POINT('',(30.364943668,249.98781085,11.247183196));
#12332=DIRECTION('',(-0.199751789,0.561286693,0.803154077));
#12333=DIRECTION('',(0.,0.819673339,-0.57283123));
#12334=AXIS2_PLACEMENT_3D('',#12331,#12332,#12333);
#12335=PLANE('',#12334);
#12336=POLY_LOOP('',(#2331,#6108,#6623));
#12337=FACE_OUTER_BOUND('',#12336,.T.);
#12338=FACE_SURFACE('',(#12337),#12335,.T.);
#12339=CARTESIAN_POINT('',(34.930724651,318.87358427,9.047390893));
#12340=DIRECTION('',(0.803810734,0.146848999,0.576475216));
#12341=DIRECTION('',(-0.582793325,-0.,0.812620416));
#12342=AXIS2_PLACEMENT_3D('',#12339,#12340,#12341);
#12343=PLANE('',#12342);
#12344=POLY_LOOP('',(#2522,#10178,#2262));
#12345=FACE_OUTER_BOUND('',#12344,.T.);
#12346=FACE_SURFACE('',(#12345),#12343,.T.);
#12347=CARTESIAN_POINT('',(220.842927694,270.947962999,12.09920831));
#12348=DIRECTION('',(-0.65485312,-0.159571568,0.738718015));
#12349=DIRECTION('',(0.748306544,0.,0.663353086));
#12350=AXIS2_PLACEMENT_3D('',#12347,#12348,#12349);
#12351=PLANE('',#12350);
#12352=POLY_LOOP('',(#11730,#1593,#6214));
#12353=FACE_OUTER_BOUND('',#12352,.T.);
#12354=FACE_SURFACE('',(#12353),#12351,.T.);
#12355=CARTESIAN_POINT('',(203.171730042,337.516397238,-0.763878925));
#12356=DIRECTION('',(0.003548462,-0.955146589,-0.296112143));
#12357=DIRECTION('',(0.,0.296114008,-0.955152603));
#12358=AXIS2_PLACEMENT_3D('',#12355,#12356,#12357);
#12359=PLANE('',#12358);
#12360=POLY_LOOP('',(#195,#564,#1728));
#12361=FACE_OUTER_BOUND('',#12360,.T.);
#12362=FACE_SURFACE('',(#12361),#12359,.T.);
#12363=CARTESIAN_POINT('',(206.065103412,339.516997337,-7.182390895));
#12364=DIRECTION('',(0.216712808,-0.955501448,-0.200131312));
#12365=DIRECTION('',(-0.97523127,-0.221187637,0.));
#12366=AXIS2_PLACEMENT_3D('',#12363,#12364,#12365);
#12367=PLANE('',#12366);
#12368=POLY_LOOP('',(#1728,#196,#195));
#12369=FACE_OUTER_BOUND('',#12368,.T.);
#12370=FACE_SURFACE('',(#12369),#12367,.T.);
#12371=CARTESIAN_POINT('',(18.852878362,414.421200752,-10.443861596));
#12372=DIRECTION('',(-0.094213744,-0.160761966,0.982486316));
#12373=DIRECTION('',(0.,0.986875947,0.161480232));
#12374=AXIS2_PLACEMENT_3D('',#12371,#12372,#12373);
#12375=PLANE('',#12374);
#12376=POLY_LOOP('',(#7142,#6434,#10898));
#12377=FACE_OUTER_BOUND('',#12376,.T.);
#12378=FACE_SURFACE('',(#12377),#12375,.T.);
#12379=CARTESIAN_POINT('',(21.56050317,345.36087513,4.428448156));
#12380=DIRECTION('',(0.873848357,-0.451502321,-0.180373788));
#12381=DIRECTION('',(0.459031289,0.888420101,0.));
#12382=AXIS2_PLACEMENT_3D('',#12379,#12380,#12381);
#12383=PLANE('',#12382);
#12384=POLY_LOOP('',(#299,#1691,#300));
#12385=FACE_OUTER_BOUND('',#12384,.T.);
#12386=FACE_SURFACE('',(#12385),#12383,.T.);
#12387=CARTESIAN_POINT('',(227.714881301,266.257852316,-12.482280843));
#12388=DIRECTION('',(0.374670018,0.041818073,-0.926214676));
#12389=DIRECTION('',(-0.927025599,0.,-0.374998051));
#12390=AXIS2_PLACEMENT_3D('',#12387,#12388,#12389);
#12391=PLANE('',#12390);
#12392=POLY_LOOP('',(#631,#4327,#4650));
#12393=FACE_OUTER_BOUND('',#12392,.T.);
#12394=FACE_SURFACE('',(#12393),#12391,.T.);
#12395=CARTESIAN_POINT('',(107.954181731,209.09191668,-1.595434966));
#12396=DIRECTION('',(-0.215117089,-0.967456173,0.133241103));
#12397=DIRECTION('',(-0.976159953,0.217052403,-0.));
#12398=AXIS2_PLACEMENT_3D('',#12395,#12396,#12397);
#12399=PLANE('',#12398);
#12400=POLY_LOOP('',(#6423,#6894,#7600));
#12401=FACE_OUTER_BOUND('',#12400,.T.);
#12402=FACE_SURFACE('',(#12401),#12399,.T.);
#12403=CARTESIAN_POINT('',(32.522592694,321.197807789,-7.465861738));
#12404=DIRECTION('',(-0.269641933,-0.233009456,0.934344595));
#12405=DIRECTION('',(0.960790873,0.,0.277274048));
#12406=AXIS2_PLACEMENT_3D('',#12403,#12404,#12405);
#12407=PLANE('',#12406);
#12408=POLY_LOOP('',(#2165,#6452,#7712));
#12409=FACE_OUTER_BOUND('',#12408,.T.);
#12410=FACE_SURFACE('',(#12409),#12407,.T.);
#12411=CARTESIAN_POINT('',(35.016421229,324.977695942,-3.285112092));
#12412=DIRECTION('',(-0.782988455,-0.150873339,0.603461942));
#12413=DIRECTION('',(-0.610449697,0.,-0.792055028));
#12414=AXIS2_PLACEMENT_3D('',#12411,#12412,#12413);
#12415=PLANE('',#12414);
#12416=POLY_LOOP('',(#7557,#2165,#5423));
#12417=FACE_OUTER_BOUND('',#12416,.T.);
#12418=FACE_SURFACE('',(#12417),#12415,.T.);
#12419=CARTESIAN_POINT('',(216.322496533,261.326700449,11.958230287));
#12420=DIRECTION('',(-0.384278721,0.167244745,0.907942212));
#12421=DIRECTION('',(0.920912893,-0.,0.38976845));
#12422=AXIS2_PLACEMENT_3D('',#12419,#12420,#12421);
#12423=PLANE('',#12422);
#12424=POLY_LOOP('',(#6128,#11730,#6118));
#12425=FACE_OUTER_BOUND('',#12424,.T.);
#12426=FACE_SURFACE('',(#12425),#12423,.T.);
#12427=CARTESIAN_POINT('',(110.426768661,208.731800318,-1.097482163));
#12428=DIRECTION('',(0.821315608,-0.549017944,0.15498377));
#12429=DIRECTION('',(0.555732855,0.831360929,0.));
#12430=AXIS2_PLACEMENT_3D('',#12427,#12428,#12429);
#12431=PLANE('',#12430);
#12432=POLY_LOOP('',(#411,#11656,#6424));
#12433=FACE_OUTER_BOUND('',#12432,.T.);
#12434=FACE_SURFACE('',(#12433),#12431,.T.);
#12435=CARTESIAN_POINT('',(116.952754557,199.112385511,-10.510652326));
#12436=DIRECTION('',(0.069844705,0.009677217,0.997510937));
#12437=DIRECTION('',(0.997557648,0.,-0.069847976));
#12438=AXIS2_PLACEMENT_3D('',#12435,#12436,#12437);
#12439=PLANE('',#12438);
#12440=POLY_LOOP('',(#3674,#3673,#3662));
#12441=FACE_OUTER_BOUND('',#12440,.T.);
#12442=FACE_SURFACE('',(#12441),#12439,.T.);
#12443=CARTESIAN_POINT('',(156.371816993,308.63147974,-0.248943659));
#12444=CARTESIAN_POINT('',(156.371816993,308.63147974,-0.248943659));
#12445=DIRECTION('',(0.510996681,-0.636133785,0.578114348));
#12446=DIRECTION('',(-0.,-0.672552342,-0.740049557));
#12447=AXIS2_PLACEMENT_3D('',#12444,#12445,#12446);
#12448=PLANE('',#12447);
#12449=POLY_LOOP('',(#12443,#1048,#1057));
#12450=FACE_OUTER_BOUND('',#12449,.T.);
#12451=FACE_SURFACE('',(#12450),#12448,.T.);
#12452=CARTESIAN_POINT('',(22.72936888,332.969963551,-10.397871025));
#12453=DIRECTION('',(0.043949037,0.019984425,0.998833873));
#12454=DIRECTION('',(0.999033388,-0.,-0.043957816));
#12455=AXIS2_PLACEMENT_3D('',#12452,#12453,#12454);
#12456=PLANE('',#12455);
#12457=POLY_LOOP('',(#7634,#4433,#6452));
#12458=FACE_OUTER_BOUND('',#12457,.T.);
#12459=FACE_SURFACE('',(#12458),#12456,.T.);
#12460=CARTESIAN_POINT('',(160.883784294,289.917945862,-0.575274869));
#12461=DIRECTION('',(-0.504292883,0.844452159,-0.180524901));
#12462=DIRECTION('',(0.858557909,0.512716604,0.));
#12463=AXIS2_PLACEMENT_3D('',#12460,#12461,#12462);
#12464=PLANE('',#12463);
#12465=POLY_LOOP('',(#5008,#3168,#3167));
#12466=FACE_OUTER_BOUND('',#12465,.T.);
#12467=FACE_SURFACE('',(#12466),#12464,.T.);
#12468=CARTESIAN_POINT('',(28.211457655,321.783065796,10.049737059));
#12469=DIRECTION('',(-0.05452352,-0.01607571,-0.998383071));
#12470=DIRECTION('',(-0.998512102,0.,0.054530566));
#12471=AXIS2_PLACEMENT_3D('',#12468,#12469,#12470);
#12472=PLANE('',#12471);
#12473=POLY_LOOP('',(#8491,#1800,#129));
#12474=FACE_OUTER_BOUND('',#12473,.T.);
#12475=FACE_SURFACE('',(#12474),#12472,.T.);
#12476=CARTESIAN_POINT('',(28.904421255,391.845583916,-5.907966755));
#12477=DIRECTION('',(-0.236315061,-0.858874988,-0.45441055));
#12478=DIRECTION('',(0.,0.467656218,-0.883910438));
#12479=AXIS2_PLACEMENT_3D('',#12476,#12477,#12478);
#12480=PLANE('',#12479);
#12481=POLY_LOOP('',(#3824,#2907,#1327));
#12482=FACE_OUTER_BOUND('',#12481,.T.);
#12483=FACE_SURFACE('',(#12482),#12480,.T.);
#12484=CARTESIAN_POINT('',(30.334843323,297.217041254,-5.61204087));
#12485=DIRECTION('',(0.456639392,0.809992573,0.367957196));
#12486=DIRECTION('',(0.871107067,-0.491093146,-0.));
#12487=AXIS2_PLACEMENT_3D('',#12484,#12485,#12486);
#12488=PLANE('',#12487);
#12489=POLY_LOOP('',(#1623,#1622,#12102));
#12490=FACE_OUTER_BOUND('',#12489,.T.);
#12491=FACE_SURFACE('',(#12490),#12488,.T.);
#12492=CARTESIAN_POINT('',(18.220588565,308.249801397,1.728242612));
#12493=DIRECTION('',(0.742847457,0.650671761,-0.157492585));
#12494=DIRECTION('',(-0.658894655,0.752235225,-0.));
#12495=AXIS2_PLACEMENT_3D('',#12492,#12493,#12494);
#12496=PLANE('',#12495);
#12497=POLY_LOOP('',(#1612,#3217,#1622));
#12498=FACE_OUTER_BOUND('',#12497,.T.);
#12499=FACE_SURFACE('',(#12498),#12496,.T.);
#12500=CARTESIAN_POINT('',(204.721182585,362.862557173,1.868032268));
#12501=DIRECTION('',(-0.653768218,0.749238903,-0.105963126));
#12502=DIRECTION('',(0.753480955,0.657469733,-0.));
#12503=AXIS2_PLACEMENT_3D('',#12500,#12501,#12502);
#12504=PLANE('',#12503);
#12505=POLY_LOOP('',(#2836,#750,#752));
#12506=FACE_OUTER_BOUND('',#12505,.T.);
#12507=FACE_SURFACE('',(#12506),#12504,.T.);
#12508=CARTESIAN_POINT('',(222.628027201,298.087477684,-10.69096569));
#12509=DIRECTION('',(0.631507289,0.478360792,-0.61022086));
#12510=DIRECTION('',(0.694883049,0.,0.719122763));
#12511=AXIS2_PLACEMENT_3D('',#12508,#12509,#12510);
#12512=PLANE('',#12511);
#12513=POLY_LOOP('',(#3771,#502,#4328));
#12514=FACE_OUTER_BOUND('',#12513,.T.);
#12515=FACE_SURFACE('',(#12514),#12512,.T.);
#12516=CARTESIAN_POINT('',(28.290677816,197.435855865,4.248128273));
#12517=DIRECTION('',(0.641138739,0.548021521,-0.537227634));
#12518=DIRECTION('',(-0.649747793,0.760149857,0.));
#12519=AXIS2_PLACEMENT_3D('',#12516,#12517,#12518);
#12520=PLANE('',#12519);
#12521=POLY_LOOP('',(#1554,#1553,#4462));
#12522=FACE_OUTER_BOUND('',#12521,.T.);
#12523=FACE_SURFACE('',(#12522),#12520,.T.);
#12524=CARTESIAN_POINT('',(31.113250181,213.393822312,9.908898734));
#12525=DIRECTION('',(-0.399810281,-0.181114073,-0.898526255));
#12526=DIRECTION('',(-0.913635879,0.,0.406533493));
#12527=AXIS2_PLACEMENT_3D('',#12524,#12525,#12526);
#12528=PLANE('',#12527);
#12529=POLY_LOOP('',(#4687,#4686,#5516));
#12530=FACE_OUTER_BOUND('',#12529,.T.);
#12531=FACE_SURFACE('',(#12530),#12528,.T.);
#12532=CARTESIAN_POINT('',(89.199572802,438.665241003,4.221707117));
#12533=DIRECTION('',(0.387655563,-0.904775041,0.176366917));
#12534=DIRECTION('',(-0.919183711,-0.393829032,-0.));
#12535=AXIS2_PLACEMENT_3D('',#12532,#12533,#12534);
#12536=PLANE('',#12535);
#12537=POLY_LOOP('',(#5843,#7693,#1983));
#12538=FACE_OUTER_BOUND('',#12537,.T.);
#12539=FACE_SURFACE('',(#12538),#12536,.T.);
#12540=CARTESIAN_POINT('',(14.667473733,408.043533564,4.302497953));
#12541=CARTESIAN_POINT('',(21.351171657,399.392515421,4.885434639));
#12542=DIRECTION('',(0.670239369,0.479660985,-0.566307804));
#12543=DIRECTION('',(0.645398928,0.,0.763845681));
#12544=AXIS2_PLACEMENT_3D('',#12541,#12542,#12543);
#12545=PLANE('',#12544);
#12546=POLY_LOOP('',(#5277,#12540,#5278));
#12547=FACE_OUTER_BOUND('',#12546,.T.);
#12548=FACE_SURFACE('',(#12547),#12545,.T.);
#12549=CARTESIAN_POINT('',(15.579281375,421.797722578,9.764534421));
#12550=DIRECTION('',(0.185848055,-0.025037606,-0.982259446));
#12551=DIRECTION('',(-0.982567471,0.,-0.185906335));
#12552=AXIS2_PLACEMENT_3D('',#12549,#12550,#12551);
#12553=PLANE('',#12552);
#12554=POLY_LOOP('',(#12159,#11819,#8243));
#12555=FACE_OUTER_BOUND('',#12554,.T.);
#12556=FACE_SURFACE('',(#12555),#12553,.T.);
#12557=CARTESIAN_POINT('',(11.161306873,417.237341404,4.63425694));
#12558=DIRECTION('',(0.725478171,0.06767693,-0.684909671));
#12559=DIRECTION('',(0.68648358,0.,0.727145305));
#12560=AXIS2_PLACEMENT_3D('',#12557,#12558,#12559);
#12561=PLANE('',#12560);
#12562=POLY_LOOP('',(#12168,#11828,#12159));
#12563=FACE_OUTER_BOUND('',#12562,.T.);
#12564=FACE_SURFACE('',(#12563),#12561,.T.);
#12565=CARTESIAN_POINT('',(17.539856955,409.226983786,8.70441366));
#12566=DIRECTION('',(0.756249287,0.309211449,-0.576606708));
#12567=DIRECTION('',(0.606320465,0.,0.795220405));
#12568=AXIS2_PLACEMENT_3D('',#12565,#12566,#12567);
#12569=PLANE('',#12568);
#12570=POLY_LOOP('',(#5278,#12540,#12168));
#12571=FACE_OUTER_BOUND('',#12570,.T.);
#12572=FACE_SURFACE('',(#12571),#12569,.T.);
#12573=CARTESIAN_POINT('',(86.488477886,461.300104856,1.480256091));
#12574=DIRECTION('',(0.549865636,-0.651083753,-0.523199511));
#12575=DIRECTION('',(-0.763994296,-0.645222996,-0.));
#12576=AXIS2_PLACEMENT_3D('',#12573,#12574,#12575);
#12577=PLANE('',#12576);
#12578=POLY_LOOP('',(#6248,#268,#267));
#12579=FACE_OUTER_BOUND('',#12578,.T.);
#12580=FACE_SURFACE('',(#12579),#12577,.T.);
#12581=CARTESIAN_POINT('',(137.040808797,188.70164454,-4.520480521));
#12582=DIRECTION('',(-0.635311468,-0.601082343,0.484849828));
#12583=DIRECTION('',(0.687267456,-0.726404463,0.));
#12584=AXIS2_PLACEMENT_3D('',#12581,#12582,#12583);
#12585=PLANE('',#12584);
#12586=POLY_LOOP('',(#1422,#1857,#1423));
#12587=FACE_OUTER_BOUND('',#12586,.T.);
#12588=FACE_SURFACE('',(#12587),#12585,.T.);
#12589=CARTESIAN_POINT('',(112.269632518,206.904545426,-5.628621206));
#12590=DIRECTION('',(-0.428441598,-0.816963128,0.386016897));
#12591=DIRECTION('',(-0.885604845,0.46443951,0.));
#12592=AXIS2_PLACEMENT_3D('',#12589,#12590,#12591);
#12593=PLANE('',#12592);
#12594=POLY_LOOP('',(#5564,#1857,#409));
#12595=FACE_OUTER_BOUND('',#12594,.T.);
#12596=FACE_SURFACE('',(#12595),#12593,.T.);
#12597=CARTESIAN_POINT('',(112.269632518,206.904545426,-5.628621206));
#12598=DIRECTION('',(-0.213005992,-0.936132931,0.279792036));
#12599=DIRECTION('',(-0.,-0.28636383,-0.958120951));
#12600=AXIS2_PLACEMENT_3D('',#12597,#12598,#12599);
#12601=PLANE('',#12600);
#12602=POLY_LOOP('',(#5564,#6423,#7600));
#12603=FACE_OUTER_BOUND('',#12602,.T.);
#12604=FACE_SURFACE('',(#12603),#12601,.T.);
#12605=CARTESIAN_POINT('',(122.327417135,339.621305466,-1.407282311));
#12606=DIRECTION('',(0.000761507,0.995323991,0.096589712));
#12607=DIRECTION('',(0.,-0.09658974,0.99532428));
#12608=AXIS2_PLACEMENT_3D('',#12605,#12606,#12607);
#12609=PLANE('',#12608);
#12610=POLY_LOOP('',(#116,#166,#3753));
#12611=FACE_OUTER_BOUND('',#12610,.T.);
#12612=FACE_SURFACE('',(#12611),#12609,.T.);
#12613=CARTESIAN_POINT('',(228.51011157,298.231124878,5.05485246));
#12614=DIRECTION('',(0.562181266,0.451710991,0.692754939));
#12615=DIRECTION('',(0.776488053,0.,-0.630131973));
#12616=AXIS2_PLACEMENT_3D('',#12613,#12614,#12615);
#12617=PLANE('',#12616);
#12618=POLY_LOOP('',(#503,#7201,#5759));
#12619=FACE_OUTER_BOUND('',#12618,.T.);
#12620=FACE_SURFACE('',(#12619),#12617,.T.);
#12621=CARTESIAN_POINT('',(212.23372221,310.682564974,1.823199913));
#12622=DIRECTION('',(0.30866481,0.818798284,0.484040706));
#12623=DIRECTION('',(0.,-0.508889326,0.860831954));
#12624=AXIS2_PLACEMENT_3D('',#12621,#12622,#12623);
#12625=PLANE('',#12624);
#12626=POLY_LOOP('',(#3346,#3086,#7201));
#12627=FACE_OUTER_BOUND('',#12626,.T.);
#12628=FACE_SURFACE('',(#12627),#12625,.T.);
#12629=CARTESIAN_POINT('',(33.694449812,239.168584347,-11.869475245));
#12630=DIRECTION('',(0.228378452,-0.415398624,-0.880503984));
#12631=DIRECTION('',(-0.,-0.904405213,0.426674595));
#12632=AXIS2_PLACEMENT_3D('',#12629,#12630,#12631);
#12633=PLANE('',#12632);
#12634=POLY_LOOP('',(#12242,#6748,#2340));
#12635=FACE_OUTER_BOUND('',#12634,.T.);
#12636=FACE_SURFACE('',(#12635),#12633,.T.);
#12637=CARTESIAN_POINT('',(47.200381756,362.493336201,1.479030936));
#12638=DIRECTION('',(-0.004829787,0.933893221,0.357519405));
#12639=DIRECTION('',(-0.,-0.357523575,0.933904114));
#12640=AXIS2_PLACEMENT_3D('',#12637,#12638,#12639);
#12641=PLANE('',#12640);
#12642=POLY_LOOP('',(#4397,#492,#4725));
#12643=FACE_OUTER_BOUND('',#12642,.T.);
#12644=FACE_SURFACE('',(#12643),#12641,.T.);
#12645=CARTESIAN_POINT('',(34.254793078,434.545606375,7.300585508));
#12646=DIRECTION('',(0.842410951,-0.424597038,0.331754645));
#12647=DIRECTION('',(0.450087422,0.892984498,0.));
#12648=AXIS2_PLACEMENT_3D('',#12645,#12646,#12647);
#12649=PLANE('',#12648);
#12650=POLY_LOOP('',(#5664,#4125,#5665));
#12651=FACE_OUTER_BOUND('',#12650,.T.);
#12652=FACE_SURFACE('',(#12651),#12649,.T.);
#12653=CARTESIAN_POINT('',(16.453688964,322.227627039,6.648172159));
#12654=DIRECTION('',(0.854279134,0.265323332,-0.447001891));
#12655=DIRECTION('',(0.463618202,-0.,0.88603508));
#12656=AXIS2_PLACEMENT_3D('',#12653,#12654,#12655);
#12657=PLANE('',#12656);
#12658=POLY_LOOP('',(#5488,#1936,#1612));
#12659=FACE_OUTER_BOUND('',#12658,.T.);
#12660=FACE_SURFACE('',(#12659),#12657,.T.);
#12661=CARTESIAN_POINT('',(18.456026912,431.445509195,-10.478002019));
#12662=DIRECTION('',(-0.06030371,0.029958634,0.997730396));
#12663=DIRECTION('',(0.998178439,0.,0.06033079));
#12664=AXIS2_PLACEMENT_3D('',#12661,#12662,#12663);
#12665=PLANE('',#12664);
#12666=POLY_LOOP('',(#11917,#10634,#8165));
#12667=FACE_OUTER_BOUND('',#12666,.T.);
#12668=FACE_SURFACE('',(#12667),#12665,.T.);
#12669=CARTESIAN_POINT('',(128.455042839,143.999993801,8.456254378));
#12670=DIRECTION('',(0.822578344,0.028796106,-0.567922223));
#12671=DIRECTION('',(0.568157835,0.,0.822919604));
#12672=AXIS2_PLACEMENT_3D('',#12669,#12670,#12671);
#12673=PLANE('',#12672);
#12674=POLY_LOOP('',(#3985,#3994,#2582));
#12675=FACE_OUTER_BOUND('',#12674,.T.);
#12676=FACE_SURFACE('',(#12675),#12673,.T.);
#12677=CARTESIAN_POINT('',(31.090056524,422.806799412,-6.24839263));
#12678=DIRECTION('',(0.905390048,0.368048986,-0.211680902));
#12679=DIRECTION('',(-0.376582792,0.926382967,0.));
#12680=AXIS2_PLACEMENT_3D('',#12677,#12678,#12679);
#12681=PLANE('',#12680);
#12682=POLY_LOOP('',(#4406,#2195,#2194));
#12683=FACE_OUTER_BOUND('',#12682,.T.);
#12684=FACE_SURFACE('',(#12683),#12681,.T.);
#12685=CARTESIAN_POINT('',(26.684489101,222.156628966,-12.394247577));
#12686=DIRECTION('',(0.513989749,-0.185963672,-0.837395994));
#12687=DIRECTION('',(-0.852262329,0.,-0.523114636));
#12688=AXIS2_PLACEMENT_3D('',#12685,#12686,#12687);
#12689=PLANE('',#12688);
#12690=POLY_LOOP('',(#865,#12242,#592));
#12691=FACE_OUTER_BOUND('',#12690,.T.);
#12692=FACE_SURFACE('',(#12691),#12689,.T.);
#12693=CARTESIAN_POINT('',(13.094232418,421.90733552,-8.070977405));
#12694=DIRECTION('',(0.75984656,0.188408704,0.62220203));
#12695=DIRECTION('',(-0.633548433,-0.,0.773703033));
#12696=AXIS2_PLACEMENT_3D('',#12693,#12694,#12695);
#12697=PLANE('',#12696);
#12698=POLY_LOOP('',(#11345,#9932,#2656));
#12699=FACE_OUTER_BOUND('',#12698,.T.);
#12700=FACE_SURFACE('',(#12699),#12697,.T.);
#12701=CARTESIAN_POINT('',(220.842927694,270.947962999,12.09920831));
#12702=DIRECTION('',(-0.549676487,0.218428354,0.80631558));
#12703=DIRECTION('',(0.82626747,-0.,0.563277967));
#12704=AXIS2_PLACEMENT_3D('',#12701,#12702,#12703);
#12705=PLANE('',#12704);
#12706=POLY_LOOP('',(#11730,#6214,#853));
#12707=FACE_OUTER_BOUND('',#12706,.T.);
#12708=FACE_SURFACE('',(#12707),#12705,.T.);
#12709=CARTESIAN_POINT('',(46.344257891,340.590626001,-8.747301064));
#12710=CARTESIAN_POINT('',(47.39818722,337.490767241,-2.547919517));
#12711=DIRECTION('',(-0.00163322,-0.894527342,-0.447010254));
#12712=DIRECTION('',(-0.,0.44701085,-0.894528535));
#12713=AXIS2_PLACEMENT_3D('',#12710,#12711,#12712);
#12714=PLANE('',#12713);
#12715=POLY_LOOP('',(#564,#12709,#1728));
#12716=FACE_OUTER_BOUND('',#12715,.T.);
#12717=FACE_SURFACE('',(#12716),#12714,.T.);
#12718=CARTESIAN_POINT('',(118.243150413,187.305375934,-9.151297621));
#12719=DIRECTION('',(0.345241505,0.461984213,0.81693261));
#12720=DIRECTION('',(0.,0.870453413,-0.492250805));
#12721=AXIS2_PLACEMENT_3D('',#12718,#12719,#12720);
#12722=PLANE('',#12721);
#12723=POLY_LOOP('',(#3663,#1653,#1652));
#12724=FACE_OUTER_BOUND('',#12723,.T.);
#12725=FACE_SURFACE('',(#12724),#12722,.T.);
#12726=CARTESIAN_POINT('',(45.318763703,209.060788155,9.029962122));
#12727=DIRECTION('',(0.002532673,0.475063345,0.879947955));
#12728=DIRECTION('',(0.,0.879950777,-0.475064869));
#12729=AXIS2_PLACEMENT_3D('',#12726,#12727,#12728);
#12730=PLANE('',#12729);
#12731=POLY_LOOP('',(#4244,#4246,#11435));
#12732=FACE_OUTER_BOUND('',#12731,.T.);
#12733=FACE_SURFACE('',(#12732),#12730,.T.);
#12734=CARTESIAN_POINT('',(38.32187131,358.743995428,-1.526906155));
#12735=DIRECTION('',(0.468779193,-0.875450133,-0.11761434));
#12736=DIRECTION('',(-0.881568796,-0.472055567,0.));
#12737=AXIS2_PLACEMENT_3D('',#12734,#12735,#12736);
#12738=PLANE('',#12737);
#12739=POLY_LOOP('',(#388,#247,#249));
#12740=FACE_OUTER_BOUND('',#12739,.T.);
#12741=FACE_SURFACE('',(#12740),#12738,.T.);
#12742=CARTESIAN_POINT('',(107.800886035,209.29518342,1.395927859));
#12743=DIRECTION('',(-0.241271541,-0.968982974,0.053479344));
#12744=DIRECTION('',(-0.970371618,0.241617306,0.));
#12745=AXIS2_PLACEMENT_3D('',#12742,#12743,#12744);
#12746=PLANE('',#12745);
#12747=POLY_LOOP('',(#6425,#6894,#6423));
#12748=FACE_OUTER_BOUND('',#12747,.T.);
#12749=FACE_SURFACE('',(#12748),#12746,.T.);
#12750=CARTESIAN_POINT('',(157.795935869,310.472071171,0.517587003));
#12751=DIRECTION('',(0.716470756,-0.290145455,-0.634417269));
#12752=DIRECTION('',(0.662935039,0.,0.748676923));
#12753=AXIS2_PLACEMENT_3D('',#12750,#12751,#12752);
#12754=PLANE('',#12753);
#12755=POLY_LOOP('',(#1048,#12443,#2253));
#12756=FACE_OUTER_BOUND('',#12755,.T.);
#12757=FACE_SURFACE('',(#12756),#12754,.T.);
#12758=CARTESIAN_POINT('',(28.229409829,322.150915861,-10.051996447));
#12759=DIRECTION('',(-0.538379237,-0.212176197,0.815554449));
#12760=DIRECTION('',(0.834556101,0.,0.550922967));
#12761=AXIS2_PLACEMENT_3D('',#12758,#12759,#12760);
#12762=PLANE('',#12761);
#12763=POLY_LOOP('',(#10724,#6452,#2165));
#12764=FACE_OUTER_BOUND('',#12763,.T.);
#12765=FACE_SURFACE('',(#12764),#12762,.T.);
#12766=CARTESIAN_POINT('',(29.543191195,335.548520088,-10.349411517));
#12767=DIRECTION('',(-0.50358077,0.068500105,0.861228276));
#12768=DIRECTION('',(0.86325597,0.,0.504766411));
#12769=AXIS2_PLACEMENT_3D('',#12766,#12767,#12768);
#12770=PLANE('',#12769);
#12771=POLY_LOOP('',(#2164,#10724,#2165));
#12772=FACE_OUTER_BOUND('',#12771,.T.);
#12773=FACE_SURFACE('',(#12772),#12770,.T.);
#12774=CARTESIAN_POINT('',(228.081882,280.76389432,12.536755763));
#12775=DIRECTION('',(-0.043850592,-0.01219055,0.998963721));
#12776=DIRECTION('',(0.999037957,0.,0.043853851));
#12777=AXIS2_PLACEMENT_3D('',#12774,#12775,#12776);
#12778=PLANE('',#12777);
#12779=POLY_LOOP('',(#5760,#1591,#11730));
#12780=FACE_OUTER_BOUND('',#12779,.T.);
#12781=FACE_SURFACE('',(#12780),#12778,.T.);
#12782=CARTESIAN_POINT('',(33.694449812,239.168584347,-11.869475245));
#12783=DIRECTION('',(0.240098373,-0.507039384,-0.827806641));
#12784=DIRECTION('',(-0.,-0.852750828,0.522317934));
#12785=AXIS2_PLACEMENT_3D('',#12782,#12783,#12784);
#12786=PLANE('',#12785);
#12787=POLY_LOOP('',(#12242,#2340,#2342));
#12788=FACE_OUTER_BOUND('',#12787,.T.);
#12789=FACE_SURFACE('',(#12788),#12786,.T.);
#12790=CARTESIAN_POINT('',(156.371816993,308.63147974,-0.248943659));
#12791=DIRECTION('',(-0.684166877,-0.728356485,-0.037583443));
#12792=DIRECTION('',(-0.728871438,0.684650587,-0.));
#12793=AXIS2_PLACEMENT_3D('',#12790,#12791,#12792);
#12794=PLANE('',#12793);
#12795=POLY_LOOP('',(#12443,#1057,#711));
#12796=FACE_OUTER_BOUND('',#12795,.T.);
#12797=FACE_SURFACE('',(#12796),#12794,.T.);
#12798=CARTESIAN_POINT('',(155.67304194,310.303330421,-1.802703016));
#12799=DIRECTION('',(-0.743404034,-0.594868475,-0.305748164));
#12800=DIRECTION('',(0.624788063,-0.780794388,0.));
#12801=AXIS2_PLACEMENT_3D('',#12798,#12799,#12800);
#12802=PLANE('',#12801);
#12803=POLY_LOOP('',(#2253,#12443,#711));
#12804=FACE_OUTER_BOUND('',#12803,.T.);
#12805=FACE_SURFACE('',(#12804),#12802,.T.);
#12806=CARTESIAN_POINT('',(201.952382922,389.794200659,3.398188157));
#12807=DIRECTION('',(0.237419182,0.779290677,-0.579946698));
#12808=DIRECTION('',(0.,0.59701703,0.802228562));
#12809=AXIS2_PLACEMENT_3D('',#12806,#12807,#12808);
#12810=PLANE('',#12809);
#12811=POLY_LOOP('',(#87,#89,#329));
#12812=FACE_OUTER_BOUND('',#12811,.T.);
#12813=FACE_SURFACE('',(#12812),#12810,.T.);
#12814=CARTESIAN_POINT('',(33.116627485,428.856521845,2.909493167));
#12815=DIRECTION('',(0.856848659,-0.515230299,0.01865782));
#12816=DIRECTION('',(0.515320002,0.856997839,-0.));
#12817=AXIS2_PLACEMENT_3D('',#12814,#12815,#12816);
#12818=PLANE('',#12817);
#12819=POLY_LOOP('',(#5665,#8569,#5620));
#12820=FACE_OUTER_BOUND('',#12819,.T.);
#12821=FACE_SURFACE('',(#12820),#12818,.T.);
#12822=CARTESIAN_POINT('',(27.455193922,296.941906214,-1.432699617));
#12823=DIRECTION('',(0.488891667,0.858625956,-0.154098685));
#12824=DIRECTION('',(0.86900583,-0.494801847,0.));
#12825=AXIS2_PLACEMENT_3D('',#12822,#12823,#12824);
#12826=PLANE('',#12825);
#12827=POLY_LOOP('',(#1622,#3217,#9285));
#12828=FACE_OUTER_BOUND('',#12827,.T.);
#12829=FACE_SURFACE('',(#12828),#12826,.T.);
#12830=CARTESIAN_POINT('',(32.434649765,451.956391335,-12.173969299));
#12831=DIRECTION('',(-0.006354823,0.025770006,-0.999647699));
#12832=DIRECTION('',(0.,-0.999667885,-0.025770526));
#12833=AXIS2_PLACEMENT_3D('',#12830,#12831,#12832);
#12834=PLANE('',#12833);
#12835=POLY_LOOP('',(#6154,#2351,#5555));
#12836=FACE_OUTER_BOUND('',#12835,.T.);
#12837=FACE_SURFACE('',(#12836),#12834,.T.);
#12838=CARTESIAN_POINT('',(28.516275808,250.459223986,7.036492694));
#12839=DIRECTION('',(0.548996421,-0.426785096,-0.718649714));
#12840=DIRECTION('',(-0.794656131,0.,-0.607059827));
#12841=AXIS2_PLACEMENT_3D('',#12838,#12839,#12840);
#12842=PLANE('',#12841);
#12843=POLY_LOOP('',(#5205,#4370,#4471));
#12844=FACE_OUTER_BOUND('',#12843,.T.);
#12845=FACE_SURFACE('',(#12844),#12842,.T.);
#12846=CARTESIAN_POINT('',(204.002887011,401.766479015,10.548402555));
#12847=CARTESIAN_POINT('',(204.002887011,401.766479015,10.548402555));
#12848=DIRECTION('',(0.632880831,0.678881708,-0.372265336));
#12849=DIRECTION('',(0.731453976,-0.681890813,-0.));
#12850=AXIS2_PLACEMENT_3D('',#12847,#12848,#12849);
#12851=PLANE('',#12850);
#12852=POLY_LOOP('',(#12846,#6347,#11460));
#12853=FACE_OUTER_BOUND('',#12852,.T.);
#12854=FACE_SURFACE('',(#12853),#12851,.T.);
#12855=CARTESIAN_POINT('',(15.579281375,421.797722578,9.764534421));
#12856=DIRECTION('',(0.128864403,0.014908742,-0.991550147));
#12857=DIRECTION('',(-0.991660362,0.,-0.128878727));
#12858=AXIS2_PLACEMENT_3D('',#12855,#12856,#12857);
#12859=PLANE('',#12858);
#12860=POLY_LOOP('',(#12159,#8243,#8242));
#12861=FACE_OUTER_BOUND('',#12860,.T.);
#12862=FACE_SURFACE('',(#12861),#12859,.T.);
#12863=CARTESIAN_POINT('',(15.579281375,421.797722578,9.764534421));
#12864=DIRECTION('',(0.669764893,0.165506564,-0.723894029));
#12865=DIRECTION('',(-0.734017088,-0.,-0.679131));
#12866=AXIS2_PLACEMENT_3D('',#12863,#12864,#12865);
#12867=PLANE('',#12866);
#12868=POLY_LOOP('',(#12159,#5278,#12168));
#12869=FACE_OUTER_BOUND('',#12868,.T.);
#12870=FACE_SURFACE('',(#12869),#12867,.T.);
#12871=CARTESIAN_POINT('',(46.097029001,202.462643385,12.589906342));
#12872=DIRECTION('',(-0.033943345,-0.08868197,0.99548147));
#12873=DIRECTION('',(0.,0.996055439,0.088733102));
#12874=AXIS2_PLACEMENT_3D('',#12871,#12872,#12873);
#12875=PLANE('',#12874);
#12876=POLY_LOOP('',(#4246,#1442,#1432));
#12877=FACE_OUTER_BOUND('',#12876,.T.);
#12878=FACE_SURFACE('',(#12877),#12875,.T.);
#12879=CARTESIAN_POINT('',(207.155644894,305.820345879,8.655780926));
#12880=DIRECTION('',(-0.004141821,-0.377891112,-0.925840782));
#12881=DIRECTION('',(0.,-0.925848723,0.377894353));
#12882=AXIS2_PLACEMENT_3D('',#12879,#12880,#12881);
#12883=PLANE('',#12882);
#12884=POLY_LOOP('',(#1887,#2002,#7848));
#12885=FACE_OUTER_BOUND('',#12884,.T.);
#12886=FACE_SURFACE('',(#12885),#12883,.T.);
#12887=CARTESIAN_POINT('',(105.514198542,459.100276232,-10.43023169));
#12888=DIRECTION('',(-0.366908908,0.399190778,0.840252686));
#12889=DIRECTION('',(-0.,0.903248026,-0.429118869));
#12890=AXIS2_PLACEMENT_3D('',#12887,#12888,#12889);
#12891=PLANE('',#12890);
#12892=POLY_LOOP('',(#3544,#12201,#1812));
#12893=FACE_OUTER_BOUND('',#12892,.T.);
#12894=FACE_SURFACE('',(#12893),#12891,.T.);
#12895=CARTESIAN_POINT('',(42.886756361,258.985906839,5.285914056));
#12896=CARTESIAN_POINT('',(203.736364841,258.966445923,6.374258082));
#12897=CARTESIAN_POINT('',(42.886756361,258.985906839,5.285914056));
#12898=DIRECTION('',(0.00452888,-0.730958362,-0.682407035));
#12899=DIRECTION('',(0.,0.682414034,-0.730965859));
#12900=AXIS2_PLACEMENT_3D('',#12897,#12898,#12899);
#12901=PLANE('',#12900);
#12902=POLY_LOOP('',(#12895,#12896,#4641));
#12903=FACE_OUTER_BOUND('',#12902,.T.);
#12904=FACE_SURFACE('',(#12903),#12901,.T.);
#12905=CARTESIAN_POINT('',(42.886756361,258.985906839,5.285914056));
#12906=DIRECTION('',(0.304836094,-0.655592374,-0.690849907));
#12907=DIRECTION('',(0.,-0.725374218,0.688354737));
#12908=AXIS2_PLACEMENT_3D('',#12905,#12906,#12907);
#12909=PLANE('',#12908);
#12910=POLY_LOOP('',(#12895,#4641,#5205));
#12911=FACE_OUTER_BOUND('',#12910,.T.);
#12912=FACE_SURFACE('',(#12911),#12909,.T.);
#12913=CARTESIAN_POINT('',(101.735964417,207.793414593,-7.340781856));
#12914=DIRECTION('',(-0.144024221,-0.895461241,0.42119614));
#12915=DIRECTION('',(0.,-0.425633728,-0.904895535));
#12916=AXIS2_PLACEMENT_3D('',#12913,#12914,#12915);
#12917=PLANE('',#12916);
#12918=POLY_LOOP('',(#10324,#5564,#7600));
#12919=FACE_OUTER_BOUND('',#12918,.T.);
#12920=FACE_SURFACE('',(#12919),#12917,.T.);
#12921=CARTESIAN_POINT('',(102.529034019,448.632061481,-6.760464981));
#12922=DIRECTION('',(-0.560656685,0.510654362,0.651840628));
#12923=DIRECTION('',(0.758142793,0.,0.652088572));
#12924=AXIS2_PLACEMENT_3D('',#12921,#12922,#12923);
#12925=PLANE('',#12924);
#12926=POLY_LOOP('',(#12201,#2095,#1812));
#12927=FACE_OUTER_BOUND('',#12926,.T.);
#12928=FACE_SURFACE('',(#12927),#12925,.T.);
#12929=CARTESIAN_POINT('',(125.353515148,185.036852956,-10.348017327));
#12930=CARTESIAN_POINT('',(125.353515148,185.036852956,-10.348017327));
#12931=DIRECTION('',(0.389001482,0.178633901,0.903752055));
#12932=DIRECTION('',(0.918525984,0.,-0.395360616));
#12933=AXIS2_PLACEMENT_3D('',#12930,#12931,#12932);
#12934=PLANE('',#12933);
#12935=POLY_LOOP('',(#12929,#8481,#2185));
#12936=FACE_OUTER_BOUND('',#12935,.T.);
#12937=FACE_SURFACE('',(#12936),#12934,.T.);
#12938=CARTESIAN_POINT('',(125.551134348,178.038269281,-9.049751796));
#12939=DIRECTION('',(0.592427884,0.474320552,0.651190614));
#12940=DIRECTION('',(0.73969328,-0.,-0.672944166));
#12941=AXIS2_PLACEMENT_3D('',#12938,#12939,#12940);
#12942=PLANE('',#12941);
#12943=POLY_LOOP('',(#8481,#3663,#1652));
#12944=FACE_OUTER_BOUND('',#12943,.T.);
#12945=FACE_SURFACE('',(#12944),#12942,.T.);
#12946=CARTESIAN_POINT('',(118.030242622,581.00014925,-11.776139028));
#12947=CARTESIAN_POINT('',(118.030242622,581.00014925,-11.776139028));
#12948=DIRECTION('',(0.052935316,0.005177452,-0.998584521));
#12949=DIRECTION('',(-0.998597906,0.,-0.052936026));
#12950=AXIS2_PLACEMENT_3D('',#12947,#12948,#12949);
#12951=PLANE('',#12950);
#12952=POLY_LOOP('',(#12946,#8619,#10873));
#12953=FACE_OUTER_BOUND('',#12952,.T.);
#12954=FACE_SURFACE('',(#12953),#12951,.T.);
#12955=CARTESIAN_POINT('',(33.694449812,239.168584347,-11.869475245));
#12956=DIRECTION('',(0.4865635,-0.185020494,-0.853828658));
#12957=DIRECTION('',(-0.868829289,0.,-0.495111772));
#12958=AXIS2_PLACEMENT_3D('',#12955,#12956,#12957);
#12959=PLANE('',#12958);
#12960=POLY_LOOP('',(#12242,#2342,#592));
#12961=FACE_OUTER_BOUND('',#12960,.T.);
#12962=FACE_SURFACE('',(#12961),#12959,.T.);
#12963=CARTESIAN_POINT('',(103.596664965,480.687916279,-6.059156265));
#12964=CARTESIAN_POINT('',(103.596664965,480.687916279,-6.059156265));
#12965=DIRECTION('',(0.688132413,0.000324717,0.725585059));
#12966=DIRECTION('',(0.725585097,-0.,-0.688132449));
#12967=AXIS2_PLACEMENT_3D('',#12964,#12965,#12966);
#12968=PLANE('',#12967);
#12969=POLY_LOOP('',(#12963,#3255,#1317));
#12970=FACE_OUTER_BOUND('',#12969,.T.);
#12971=FACE_SURFACE('',(#12970),#12968,.T.);
#12972=CARTESIAN_POINT('',(37.483006716,231.171280146,6.280740723));
#12973=DIRECTION('',(0.509810291,-0.450522807,0.732886532));
#12974=DIRECTION('',(0.820917709,0.,-0.571046509));
#12975=AXIS2_PLACEMENT_3D('',#12972,#12973,#12974);
#12976=PLANE('',#12975);
#12977=POLY_LOOP('',(#5387,#8096,#8122));
#12978=FACE_OUTER_BOUND('',#12977,.T.);
#12979=FACE_SURFACE('',(#12978),#12976,.T.);
#12980=CARTESIAN_POINT('',(12.278611772,409.656763077,-6.488849875));
#12981=DIRECTION('',(-0.882145634,-0.193537204,-0.429374464));
#12982=DIRECTION('',(0.437649124,-0.,-0.899145842));
#12983=AXIS2_PLACEMENT_3D('',#12980,#12981,#12982);
#12984=PLANE('',#12983);
#12985=POLY_LOOP('',(#9874,#6274,#6275));
#12986=FACE_OUTER_BOUND('',#12985,.T.);
#12987=FACE_SURFACE('',(#12986),#12984,.T.);
#12988=CARTESIAN_POINT('',(45.780532062,360.125660896,7.644565776));
#12989=DIRECTION('',(-0.005207743,0.571618152,0.82050324));
#12990=DIRECTION('',(0.,0.820514367,-0.571625904));
#12991=AXIS2_PLACEMENT_3D('',#12988,#12989,#12990);
#12992=PLANE('',#12991);
#12993=POLY_LOOP('',(#492,#491,#4380));
#12994=FACE_OUTER_BOUND('',#12993,.T.);
#12995=FACE_SURFACE('',(#12994),#12992,.T.);
#12996=CARTESIAN_POINT('',(46.097029001,202.462643385,12.589906342));
#12997=DIRECTION('',(-0.023777355,-0.024801863,0.999409578));
#12998=DIRECTION('',(0.,0.999692212,0.024808877));
#12999=AXIS2_PLACEMENT_3D('',#12996,#12997,#12998);
#13000=PLANE('',#12999);
#13001=POLY_LOOP('',(#4246,#4264,#1442));
#13002=FACE_OUTER_BOUND('',#13001,.T.);
#13003=FACE_SURFACE('',(#13002),#13000,.T.);
#13004=CARTESIAN_POINT('',(116.125494242,206.437587738,1.223220606));
#13005=DIRECTION('',(-0.407955651,-0.897921487,-0.165254927));
#13006=DIRECTION('',(-0.91043922,0.413642874,-0.));
#13007=AXIS2_PLACEMENT_3D('',#13004,#13005,#13006);
#13008=PLANE('',#13007);
#13009=POLY_LOOP('',(#410,#1858,#2039));
#13010=FACE_OUTER_BOUND('',#13009,.T.);
#13011=FACE_SURFACE('',(#13010),#13008,.T.);
#13012=CARTESIAN_POINT('',(110.003225505,208.742052317,1.183344633));
#13013=DIRECTION('',(-0.351272711,-0.934281924,-0.061030892));
#13014=DIRECTION('',(-0.936026792,0.351928749,0.));
#13015=AXIS2_PLACEMENT_3D('',#13012,#13013,#13014);
#13016=PLANE('',#13015);
#13017=POLY_LOOP('',(#11656,#411,#410));
#13018=FACE_OUTER_BOUND('',#13017,.T.);
#13019=FACE_SURFACE('',(#13018),#13016,.T.);
#13020=CARTESIAN_POINT('',(109.226547182,581.000030041,-12.242826633));
#13021=DIRECTION('',(-0.000072136,0.99999999,-0.00011924));
#13022=DIRECTION('',(0.,0.00011924,0.999999993));
#13023=AXIS2_PLACEMENT_3D('',#13020,#13021,#13022);
#13024=PLANE('',#13023);
#13025=POLY_LOOP('',(#10873,#5017,#1317));
#13026=FACE_OUTER_BOUND('',#13025,.T.);
#13027=FACE_SURFACE('',(#13026),#13024,.T.);
#13028=CARTESIAN_POINT('',(42.756341398,388.865381479,0.494830834));
#13029=DIRECTION('',(-0.033693654,0.973739105,0.225159704));
#13030=DIRECTION('',(0.,-0.225287621,0.974292301));
#13031=AXIS2_PLACEMENT_3D('',#13028,#13029,#13030);
#13032=PLANE('',#13031);
#13033=POLY_LOOP('',(#107,#4697,#3633));
#13034=FACE_OUTER_BOUND('',#13033,.T.);
#13035=FACE_SURFACE('',(#13034),#13032,.T.);
#13036=CARTESIAN_POINT('',(211.991176009,340.998977423,-1.142540481));
#13037=DIRECTION('',(-0.162596447,0.968135665,-0.190461886));
#13038=DIRECTION('',(0.,0.19303061,0.981192735));
#13039=AXIS2_PLACEMENT_3D('',#13036,#13037,#13038);
#13040=PLANE('',#13039);
#13041=POLY_LOOP('',(#207,#3753,#208));
#13042=FACE_OUTER_BOUND('',#13041,.T.);
#13043=FACE_SURFACE('',(#13042),#13040,.T.);
#13044=CARTESIAN_POINT('',(92.262499034,440.668106079,-0.160905474));
#13045=DIRECTION('',(-0.523264733,0.830995906,0.188785122));
#13046=DIRECTION('',(0.846212138,0.532846149,0.));
#13047=AXIS2_PLACEMENT_3D('',#13044,#13045,#13046);
#13048=PLANE('',#13047);
#13049=POLY_LOOP('',(#533,#535,#12201));
#13050=FACE_OUTER_BOUND('',#13049,.T.);
#13051=FACE_SURFACE('',(#13050),#13048,.T.);
#13052=CARTESIAN_POINT('',(19.723422825,450.166761875,-0.049346443));
#13053=DIRECTION('',(0.833396323,-0.527210992,0.165828643));
#13054=DIRECTION('',(0.534612931,0.845097044,0.));
#13055=AXIS2_PLACEMENT_3D('',#13052,#13053,#13054);
#13056=PLANE('',#13055);
#13057=POLY_LOOP('',(#2020,#2311,#5169));
#13058=FACE_OUTER_BOUND('',#13057,.T.);
#13059=FACE_SURFACE('',(#13058),#13056,.T.);
#13060=CARTESIAN_POINT('',(102.846413851,209.899738431,1.984595088));
#13061=DIRECTION('',(-0.135066963,-0.982574669,-0.127686867));
#13062=DIRECTION('',(-0.990683881,0.136181674,-0.));
#13063=AXIS2_PLACEMENT_3D('',#13060,#13061,#13062);
#13064=PLANE('',#13063);
#13065=POLY_LOOP('',(#6895,#6894,#6425));
#13066=FACE_OUTER_BOUND('',#13065,.T.);
#13067=FACE_SURFACE('',(#13066),#13064,.T.);
#13068=CARTESIAN_POINT('',(37.385668606,317.162722349,-2.16487213));
#13069=DIRECTION('',(-0.774404403,-0.568489972,0.277699429));
#13070=DIRECTION('',(0.591765278,-0.806110325,0.));
#13071=AXIS2_PLACEMENT_3D('',#13068,#13069,#13070);
#13072=PLANE('',#13071);
#13073=POLY_LOOP('',(#5423,#2165,#7713));
#13074=FACE_OUTER_BOUND('',#13073,.T.);
#13075=FACE_SURFACE('',(#13074),#13072,.T.);
#13076=CARTESIAN_POINT('',(24.129766971,237.117215991,-12.524012476));
#13077=DIRECTION('',(0.090587373,-0.106429661,-0.990185162));
#13078=DIRECTION('',(0.,-0.994273104,0.106869051));
#13079=AXIS2_PLACEMENT_3D('',#13076,#13077,#13078);
#13080=PLANE('',#13079);
#13081=POLY_LOOP('',(#864,#3653,#12242));
#13082=FACE_OUTER_BOUND('',#13081,.T.);
#13083=FACE_SURFACE('',(#13082),#13080,.T.);
#13084=CARTESIAN_POINT('',(223.230138421,350.208550692,-6.682890002));
#13085=DIRECTION('',(-0.305496838,0.561243266,0.769205875));
#13086=DIRECTION('',(-0.,0.807825516,-0.589421695));
#13087=AXIS2_PLACEMENT_3D('',#13084,#13085,#13086);
#13088=PLANE('',#13087);
#13089=POLY_LOOP('',(#3762,#5359,#3752));
#13090=FACE_OUTER_BOUND('',#13089,.T.);
#13091=FACE_SURFACE('',(#13090),#13088,.T.);
#13092=CARTESIAN_POINT('',(201.837792993,389.688313007,-2.974278061));
#13093=DIRECTION('',(-0.005532368,0.999848322,-0.016514428));
#13094=DIRECTION('',(0.,0.016514681,0.999863623));
#13095=AXIS2_PLACEMENT_3D('',#13092,#13093,#13094);
#13096=PLANE('',#13095);
#13097=POLY_LOOP('',(#4698,#107,#87));
#13098=FACE_OUTER_BOUND('',#13097,.T.);
#13099=FACE_SURFACE('',(#13098),#13096,.T.);
#13100=CARTESIAN_POINT('',(32.895538956,415.823042393,3.543976927));
#13101=CARTESIAN_POINT('',(33.343393356,411.973416805,7.054435555));
#13102=DIRECTION('',(-0.72266418,-0.509752382,-0.466807233));
#13103=DIRECTION('',(0.57640882,-0.817161473,0.));
#13104=AXIS2_PLACEMENT_3D('',#13101,#13102,#13103);
#13105=PLANE('',#13104);
#13106=POLY_LOOP('',(#8013,#8012,#13100));
#13107=FACE_OUTER_BOUND('',#13106,.T.);
#13108=FACE_SURFACE('',(#13107),#13105,.T.);
#13109=CARTESIAN_POINT('',(32.30240941,417.326509953,-2.488386817));
#13110=DIRECTION('',(-0.672209868,-0.731193967,-0.116143341));
#13111=DIRECTION('',(-0.736176067,0.67679007,-0.));
#13112=AXIS2_PLACEMENT_3D('',#13109,#13110,#13111);
#13113=PLANE('',#13112);
#13114=POLY_LOOP('',(#7072,#2971,#13100));
#13115=FACE_OUTER_BOUND('',#13114,.T.);
#13116=FACE_SURFACE('',(#13115),#13113,.T.);
#13117=CARTESIAN_POINT('',(214.209213853,307.159036398,4.142234102));
#13118=DIRECTION('',(-0.325230344,-0.638413921,-0.697605109));
#13119=DIRECTION('',(0.,-0.737710891,0.675116762));
#13120=AXIS2_PLACEMENT_3D('',#13117,#13118,#13119);
#13121=PLANE('',#13120);
#13122=POLY_LOOP('',(#1886,#1253,#1887));
#13123=FACE_OUTER_BOUND('',#13122,.T.);
#13124=FACE_SURFACE('',(#13123),#13121,.T.);
#13125=CARTESIAN_POINT('',(215.658679605,390.646904707,10.085969232));
#13126=DIRECTION('',(0.345246869,0.301904554,-0.888627165));
#13127=DIRECTION('',(-0.932121682,0.,-0.362145234));
#13128=AXIS2_PLACEMENT_3D('',#13125,#13126,#13127);
#13129=PLANE('',#13128);
#13130=POLY_LOOP('',(#11460,#6347,#11461));
#13131=FACE_OUTER_BOUND('',#13130,.T.);
#13132=FACE_SURFACE('',(#13131),#13129,.T.);
#13133=CARTESIAN_POINT('',(36.29880026,340.095669031,-11.563753709));
#13134=CARTESIAN_POINT('',(36.29880026,340.095669031,-11.563753709));
#13135=DIRECTION('',(0.289029462,-0.467778875,-0.835251396));
#13136=DIRECTION('',(0.,-0.872489052,0.488633661));
#13137=AXIS2_PLACEMENT_3D('',#13134,#13135,#13136);
#13138=PLANE('',#13137);
#13139=POLY_LOOP('',(#13133,#9458,#369));
#13140=FACE_OUTER_BOUND('',#13139,.T.);
#13141=FACE_SURFACE('',(#13140),#13138,.T.);
#13142=CARTESIAN_POINT('',(32.895538956,415.823042393,3.543976927));
#13143=DIRECTION('',(-0.966290437,-0.255542215,0.031320389));
#13144=DIRECTION('',(0.255667647,-0.966764736,0.));
#13145=AXIS2_PLACEMENT_3D('',#13142,#13143,#13144);
#13146=PLANE('',#13145);
#13147=POLY_LOOP('',(#13100,#4182,#7072));
#13148=FACE_OUTER_BOUND('',#13147,.T.);
#13149=FACE_SURFACE('',(#13148),#13146,.T.);
#13150=CARTESIAN_POINT('',(17.539856955,409.226983786,8.70441366));
#13151=DIRECTION('',(0.288060641,0.124993776,-0.949419624));
#13152=DIRECTION('',(-0.956924278,-0.,-0.290337606));
#13153=AXIS2_PLACEMENT_3D('',#13150,#13151,#13152);
#13154=PLANE('',#13153);
#13155=POLY_LOOP('',(#5278,#12159,#8242));
#13156=FACE_OUTER_BOUND('',#13155,.T.);
#13157=FACE_SURFACE('',(#13156),#13154,.T.);
#13158=CARTESIAN_POINT('',(110.941231251,188.962414861,-7.002528291));
#13159=DIRECTION('',(0.244883007,0.691691725,0.679407735));
#13160=DIRECTION('',(0.,-0.700743529,0.713413279));
#13161=AXIS2_PLACEMENT_3D('',#13158,#13159,#13160);
#13162=PLANE('',#13161);
#13163=POLY_LOOP('',(#1653,#3673,#3364));
#13164=FACE_OUTER_BOUND('',#13163,.T.);
#13165=FACE_SURFACE('',(#13164),#13162,.T.);
#13166=CARTESIAN_POINT('',(222.488090396,299.427062273,7.358463481));
#13167=DIRECTION('',(-0.265500415,-0.465392542,-0.844345493));
#13168=DIRECTION('',(-0.,-0.875776457,0.482716891));
#13169=AXIS2_PLACEMENT_3D('',#13166,#13167,#13168);
#13170=PLANE('',#13169);
#13171=POLY_LOOP('',(#1253,#2001,#1887));
#13172=FACE_OUTER_BOUND('',#13171,.T.);
#13173=FACE_SURFACE('',(#13172),#13170,.T.);
#13174=CARTESIAN_POINT('',(203.582972288,309.649318457,4.203368444));
#13175=DIRECTION('',(-0.004974073,-0.760154082,-0.64972381));
#13176=DIRECTION('',(0.,0.649731848,-0.760163486));
#13177=AXIS2_PLACEMENT_3D('',#13174,#13175,#13176);
#13178=PLANE('',#13177);
#13179=POLY_LOOP('',(#710,#1887,#3724));
#13180=FACE_OUTER_BOUND('',#13179,.T.);
#13181=FACE_SURFACE('',(#13180),#13178,.T.);
#13182=CARTESIAN_POINT('',(48.614822328,210.160806775,-3.084698692));
#13183=CARTESIAN_POINT('',(48.614822328,210.160806775,-3.084698692));
#13184=DIRECTION('',(0.001470892,-0.998555177,0.053715881));
#13185=DIRECTION('',(0.,-0.053715939,-0.998556257));
#13186=AXIS2_PLACEMENT_3D('',#13183,#13184,#13185);
#13187=PLANE('',#13186);
#13188=POLY_LOOP('',(#13182,#7600,#680));
#13189=FACE_OUTER_BOUND('',#13188,.T.);
#13190=FACE_SURFACE('',(#13189),#13187,.T.);
#13191=CARTESIAN_POINT('',(101.735964417,207.793414593,-7.340781856));
#13192=DIRECTION('',(-0.007520234,-0.91080731,0.412763237));
#13193=DIRECTION('',(0.,-0.41277491,-0.910833066));
#13194=AXIS2_PLACEMENT_3D('',#13191,#13192,#13193);
#13195=PLANE('',#13194);
#13196=POLY_LOOP('',(#10324,#7600,#13182));
#13197=FACE_OUTER_BOUND('',#13196,.T.);
#13198=FACE_SURFACE('',(#13197),#13195,.T.);
#13199=CARTESIAN_POINT('',(33.188838512,256.776154041,1.220295904));
#13200=DIRECTION('',(0.389958721,-0.763044743,-0.515456028));
#13201=DIRECTION('',(-0.,0.559771857,-0.828646769));
#13202=AXIS2_PLACEMENT_3D('',#13199,#13200,#13201);
#13203=PLANE('',#13202);
#13204=POLY_LOOP('',(#1823,#12895,#5205));
#13205=FACE_OUTER_BOUND('',#13204,.T.);
#13206=FACE_SURFACE('',(#13205),#13203,.T.);
#13207=CARTESIAN_POINT('',(32.434649765,451.956391335,-12.173969299));
#13208=DIRECTION('',(-0.000633749,0.189323856,-0.981914495));
#13209=DIRECTION('',(-0.,-0.981914692,-0.189323894));
#13210=AXIS2_PLACEMENT_3D('',#13207,#13208,#13209);
#13211=PLANE('',#13210);
#13212=POLY_LOOP('',(#6154,#2302,#2351));
#13213=FACE_OUTER_BOUND('',#13212,.T.);
#13214=FACE_SURFACE('',(#13213),#13211,.T.);
#13215=CARTESIAN_POINT('',(127.642825246,189.278945327,-10.434349999));
#13216=DIRECTION('',(0.031159918,0.0035255,0.999508194));
#13217=DIRECTION('',(0.999514406,0.,-0.031160112));
#13218=AXIS2_PLACEMENT_3D('',#13215,#13216,#13217);
#13219=PLANE('',#13218);
#13220=POLY_LOOP('',(#1602,#12929,#2185));
#13221=FACE_OUTER_BOUND('',#13220,.T.);
#13222=FACE_SURFACE('',(#13221),#13219,.T.);
#13223=CARTESIAN_POINT('',(125.353515148,185.036852956,-10.348017327));
#13224=DIRECTION('',(0.219921972,0.183926805,0.958021532));
#13225=DIRECTION('',(0.974649102,0.,-0.223738971));
#13226=AXIS2_PLACEMENT_3D('',#13223,#13224,#13225);
#13227=PLANE('',#13226);
#13228=POLY_LOOP('',(#12929,#3663,#8481));
#13229=FACE_OUTER_BOUND('',#13228,.T.);
#13230=FACE_SURFACE('',(#13229),#13227,.T.);
#13231=CARTESIAN_POINT('',(121.355600655,476.817369461,-8.84331204));
#13232=DIRECTION('',(0.528124328,-0.00704696,-0.849137818));
#13233=DIRECTION('',(-0.849158903,0.,-0.528137442));
#13234=AXIS2_PLACEMENT_3D('',#13231,#13232,#13233);
#13235=PLANE('',#13234);
#13236=POLY_LOOP('',(#1297,#8619,#12946));
#13237=FACE_OUTER_BOUND('',#13236,.T.);
#13238=FACE_SURFACE('',(#13237),#13235,.T.);
#13239=CARTESIAN_POINT('',(118.030242622,581.00014925,-11.776139028));
#13240=DIRECTION('',(0.738809765,0.004610934,-0.673898265));
#13241=DIRECTION('',(0.673905429,-0.,0.738817619));
#13242=AXIS2_PLACEMENT_3D('',#13239,#13240,#13241);
#13243=PLANE('',#13242);
#13244=POLY_LOOP('',(#12946,#3492,#1297));
#13245=FACE_OUTER_BOUND('',#13244,.T.);
#13246=FACE_SURFACE('',(#13245),#13243,.T.);
#13247=CARTESIAN_POINT('',(102.242559195,189.750000834,3.124481533));
#13248=DIRECTION('',(0.217646987,0.9616655,-0.166821026));
#13249=DIRECTION('',(0.975332648,-0.220740176,0.));
#13250=AXIS2_PLACEMENT_3D('',#13247,#13248,#13249);
#13251=PLANE('',#13250);
#13252=POLY_LOOP('',(#4763,#3363,#6461));
#13253=FACE_OUTER_BOUND('',#13252,.T.);
#13254=FACE_SURFACE('',(#13253),#13251,.T.);
#13255=CARTESIAN_POINT('',(39.732635021,335.1328969,-2.426033374));
#13256=DIRECTION('',(-0.441231288,0.711076979,0.547434453));
#13257=DIRECTION('',(-0.,-0.610027264,0.792380425));
#13258=AXIS2_PLACEMENT_3D('',#13255,#13256,#13257);
#13259=PLANE('',#13258);
#13260=POLY_LOOP('',(#7960,#9891,#9392));
#13261=FACE_OUTER_BOUND('',#13260,.T.);
#13262=FACE_SURFACE('',(#13261),#13259,.T.);
#13263=CARTESIAN_POINT('',(44.143740088,408.750474453,-5.292660557));
#13264=DIRECTION('',(0.000006435,-0.796226543,0.604998588));
#13265=DIRECTION('',(0.,-0.604998588,-0.796226543));
#13266=AXIS2_PLACEMENT_3D('',#13263,#13264,#13265);
#13267=PLANE('',#13266);
#13268=POLY_LOOP('',(#4533,#7089,#4532));
#13269=FACE_OUTER_BOUND('',#13268,.T.);
#13270=FACE_SURFACE('',(#13269),#13267,.T.);
#13271=CARTESIAN_POINT('',(207.947850227,356.023639441,11.531589553));
#13272=DIRECTION('',(-0.352857212,0.470193999,0.808955741));
#13273=DIRECTION('',(0.,0.864567136,-0.50251733));
#13274=AXIS2_PLACEMENT_3D('',#13271,#13272,#13273);
#13275=PLANE('',#13274);
#13276=POLY_LOOP('',(#4380,#4116,#4725));
#13277=FACE_OUTER_BOUND('',#13276,.T.);
#13278=FACE_SURFACE('',(#13277),#13275,.T.);
#13279=CARTESIAN_POINT('',(47.049220651,288.057208061,-4.810677841));
#13280=DIRECTION('',(-0.003756419,-0.998640542,-0.051989975));
#13281=DIRECTION('',(0.,0.051990341,-0.998647588));
#13282=AXIS2_PLACEMENT_3D('',#13279,#13280,#13281);
#13283=PLANE('',#13282);
#13284=POLY_LOOP('',(#10235,#4753,#3042));
#13285=FACE_OUTER_BOUND('',#13284,.T.);
#13286=FACE_SURFACE('',(#13285),#13283,.T.);
#13287=CARTESIAN_POINT('',(101.928450167,480.049014091,-0.43573213));
#13288=DIRECTION('',(0.958521283,0.005449097,0.284968871));
#13289=DIRECTION('',(-0.284973102,0.,0.958535514));
#13290=AXIS2_PLACEMENT_3D('',#13287,#13288,#13289);
#13291=PLANE('',#13290);
#13292=POLY_LOOP('',(#10864,#12963,#1317));
#13293=FACE_OUTER_BOUND('',#13292,.T.);
#13294=FACE_SURFACE('',(#13293),#13291,.T.);
#13295=CARTESIAN_POINT('',(52.034396678,390.398651361,-4.747640342));
#13296=DIRECTION('',(0.001202183,0.959216345,0.282670406));
#13297=DIRECTION('',(-0.,-0.28267061,0.959217038));
#13298=AXIS2_PLACEMENT_3D('',#13295,#13296,#13297);
#13299=PLANE('',#13298);
#13300=POLY_LOOP('',(#4697,#107,#4698));
#13301=FACE_OUTER_BOUND('',#13300,.T.);
#13302=FACE_SURFACE('',(#13301),#13299,.T.);
#13303=CARTESIAN_POINT('',(230.579987168,287.752181292,10.207913816));
#13304=DIRECTION('',(0.305324463,0.201038971,0.930784779));
#13305=DIRECTION('',(0.950184463,0.,-0.311688123));
#13306=AXIS2_PLACEMENT_3D('',#13303,#13304,#13305);
#13307=PLANE('',#13306);
#13308=POLY_LOOP('',(#5759,#7202,#5760));
#13309=FACE_OUTER_BOUND('',#13308,.T.);
#13310=FACE_SURFACE('',(#13309),#13307,.T.);
#13311=CARTESIAN_POINT('',(18.852878362,414.421200752,-10.443861596));
#13312=DIRECTION('',(0.551760281,0.165328892,0.817451497));
#13313=DIRECTION('',(0.828857833,0.,-0.559459286));
#13314=AXIS2_PLACEMENT_3D('',#13311,#13312,#13313);
#13315=PLANE('',#13314);
#13316=POLY_LOOP('',(#7142,#11345,#2656));
#13317=FACE_OUTER_BOUND('',#13316,.T.);
#13318=FACE_SURFACE('',(#13317),#13315,.T.);
#13319=CARTESIAN_POINT('',(102.477312088,195.946767926,9.783800691));
#13320=DIRECTION('',(0.18808931,0.473166602,-0.860660083));
#13321=DIRECTION('',(0.,-0.876300354,-0.481765181));
#13322=AXIS2_PLACEMENT_3D('',#13319,#13320,#13321);
#13323=PLANE('',#13322);
#13324=POLY_LOOP('',(#6163,#7892,#4762));
#13325=FACE_OUTER_BOUND('',#13324,.T.);
#13326=FACE_SURFACE('',(#13325),#13323,.T.);
#13327=CARTESIAN_POINT('',(45.702952892,339.606791735,-3.39149707));
#13328=DIRECTION('',(-0.445072983,0.711331626,0.543982865));
#13329=DIRECTION('',(-0.,-0.607466586,0.794345231));
#13330=AXIS2_PLACEMENT_3D('',#13327,#13328,#13329);
#13331=PLANE('',#13330);
#13332=POLY_LOOP('',(#6099,#9891,#7960));
#13333=FACE_OUTER_BOUND('',#13332,.T.);
#13334=FACE_SURFACE('',(#13333),#13331,.T.);
#13335=CARTESIAN_POINT('',(17.927780747,233.881339431,6.868193392));
#13336=DIRECTION('',(0.645661905,-0.075927454,-0.759839276));
#13337=DIRECTION('',(-0.76203902,0.,-0.647531105));
#13338=AXIS2_PLACEMENT_3D('',#13335,#13336,#13337);
#13339=PLANE('',#13338);
#13340=POLY_LOOP('',(#4659,#4660,#5789));
#13341=FACE_OUTER_BOUND('',#13340,.T.);
#13342=FACE_SURFACE('',(#13341),#13339,.T.);
#13343=CARTESIAN_POINT('',(102.846413851,209.899738431,1.984595088));
#13344=DIRECTION('',(-0.144186928,-0.963967861,-0.223553332));
#13345=DIRECTION('',(0.,0.225914028,-0.974147243));
#13346=AXIS2_PLACEMENT_3D('',#13343,#13344,#13345);
#13347=PLANE('',#13346);
#13348=POLY_LOOP('',(#6895,#6425,#4004));
#13349=FACE_OUTER_BOUND('',#13348,.T.);
#13350=FACE_SURFACE('',(#13349),#13347,.T.);
#13351=CARTESIAN_POINT('',(107.800886035,209.29518342,1.395927859));
#13352=DIRECTION('',(-0.258843037,-0.929136066,-0.264019795));
#13353=DIRECTION('',(-0.,0.273335224,-0.96191884));
#13354=AXIS2_PLACEMENT_3D('',#13351,#13352,#13353);
#13355=PLANE('',#13354);
#13356=POLY_LOOP('',(#6425,#11656,#2039));
#13357=FACE_OUTER_BOUND('',#13356,.T.);
#13358=FACE_SURFACE('',(#13357),#13355,.T.);
#13359=CARTESIAN_POINT('',(102.846413851,209.899738431,1.984595088));
#13360=DIRECTION('',(-0.176198704,-0.961069956,-0.212834577));
#13361=DIRECTION('',(-0.,0.21621738,-0.976345249));
#13362=AXIS2_PLACEMENT_3D('',#13359,#13360,#13361);
#13363=PLANE('',#13362);
#13364=POLY_LOOP('',(#6895,#4004,#7583));
#13365=FACE_OUTER_BOUND('',#13364,.T.);
#13366=FACE_SURFACE('',(#13365),#13363,.T.);
#13367=CARTESIAN_POINT('',(102.362751961,210.310414433,-1.775326324));
#13368=DIRECTION('',(0.005475811,-0.994061166,0.108684928));
#13369=DIRECTION('',(0.,-0.108686558,-0.99407607));
#13370=AXIS2_PLACEMENT_3D('',#13367,#13368,#13369);
#13371=PLANE('',#13370);
#13372=POLY_LOOP('',(#7600,#7583,#680));
#13373=FACE_OUTER_BOUND('',#13372,.T.);
#13374=FACE_SURFACE('',(#13373),#13371,.T.);
#13375=CARTESIAN_POINT('',(216.733247042,298.026740551,12.530858628));
#13376=DIRECTION('',(-0.060826844,-0.047474171,0.997018705));
#13377=DIRECTION('',(0.998144147,0.,0.060895506));
#13378=AXIS2_PLACEMENT_3D('',#13375,#13376,#13377);
#13379=PLANE('',#13378);
#13380=POLY_LOOP('',(#7202,#2806,#1591));
#13381=FACE_OUTER_BOUND('',#13380,.T.);
#13382=FACE_SURFACE('',(#13381),#13379,.T.);
#13383=CARTESIAN_POINT('',(36.054711789,436.646103859,-3.082977608));
#13384=DIRECTION('',(-0.314284383,0.749232259,0.58298915));
#13385=DIRECTION('',(0.,-0.614106619,0.789223074));
#13386=AXIS2_PLACEMENT_3D('',#13383,#13384,#13385);
#13387=PLANE('',#13386);
#13388=POLY_LOOP('',(#5527,#5815,#5528));
#13389=FACE_OUTER_BOUND('',#13388,.T.);
#13390=FACE_SURFACE('',(#13389),#13387,.T.);
#13391=CARTESIAN_POINT('',(27.395762503,422.215610743,-10.112187825));
#13392=CARTESIAN_POINT('',(30.066637322,429.961204529,-8.812262677));
#13393=DIRECTION('',(0.726343647,-0.137437823,-0.67345063));
#13394=DIRECTION('',(0.679902637,-0.,0.733302396));
#13395=AXIS2_PLACEMENT_3D('',#13392,#13393,#13394);
#13396=PLANE('',#13395);
#13397=POLY_LOOP('',(#8570,#4406,#13391));
#13398=FACE_OUTER_BOUND('',#13397,.T.);
#13399=FACE_SURFACE('',(#13398),#13396,.T.);
#13400=CARTESIAN_POINT('',(206.404075027,346.29586339,-12.041484006));
#13401=DIRECTION('',(0.001438373,-0.044559839,-0.999005682));
#13402=DIRECTION('',(0.,-0.999006715,0.044559885));
#13403=AXIS2_PLACEMENT_3D('',#13400,#13401,#13402);
#13404=PLANE('',#13403);
#13405=POLY_LOOP('',(#613,#9458,#544));
#13406=FACE_OUTER_BOUND('',#13405,.T.);
#13407=FACE_SURFACE('',(#13406),#13404,.T.);
#13408=CARTESIAN_POINT('',(32.895538956,415.823042393,3.543976927));
#13409=DIRECTION('',(-0.54690289,-0.597956631,-0.585956565));
#13410=DIRECTION('',(0.,0.699903642,-0.71423728));
#13411=AXIS2_PLACEMENT_3D('',#13408,#13409,#13410);
#13412=PLANE('',#13411);
#13413=POLY_LOOP('',(#13100,#2971,#8013));
#13414=FACE_OUTER_BOUND('',#13413,.T.);
#13415=FACE_SURFACE('',(#13414),#13412,.T.);
#13416=CARTESIAN_POINT('',(221.780762076,305.792540312,1.933134045));
#13417=DIRECTION('',(0.419825979,0.828003436,0.371694036));
#13418=DIRECTION('',(0.891903612,-0.452225548,0.));
#13419=AXIS2_PLACEMENT_3D('',#13416,#13417,#13418);
#13420=PLANE('',#13419);
#13421=POLY_LOOP('',(#3922,#3346,#7201));
#13422=FACE_OUTER_BOUND('',#13421,.T.);
#13423=FACE_SURFACE('',(#13422),#13420,.T.);
#13424=CARTESIAN_POINT('',(212.659269571,284.057199955,4.068440758));
#13425=DIRECTION('',(0.960052903,0.268757006,-0.077897979));
#13426=DIRECTION('',(-0.269576157,0.962979073,0.));
#13427=AXIS2_PLACEMENT_3D('',#13424,#13425,#13426);
#13428=PLANE('',#13427);
#13429=POLY_LOOP('',(#54,#792,#55));
#13430=FACE_OUTER_BOUND('',#13429,.T.);
#13431=FACE_SURFACE('',(#13430),#13428,.T.);
#13432=CARTESIAN_POINT('',(46.344257891,340.590626001,-8.747301064));
#13433=DIRECTION('',(0.001914506,-0.539769599,-0.841810617));
#13434=DIRECTION('',(0.,-0.841812159,0.539770588));
#13435=AXIS2_PLACEMENT_3D('',#13432,#13433,#13434);
#13436=PLANE('',#13435);
#13437=POLY_LOOP('',(#12709,#9458,#613));
#13438=FACE_OUTER_BOUND('',#13437,.T.);
#13439=FACE_SURFACE('',(#13438),#13436,.T.);
#13440=CARTESIAN_POINT('',(17.539856955,409.226983786,8.70441366));
#13441=DIRECTION('',(0.26309707,0.208695381,-0.941926839));
#13442=DIRECTION('',(-0.96313439,0.,-0.26902072));
#13443=AXIS2_PLACEMENT_3D('',#13440,#13441,#13442);
#13444=PLANE('',#13443);
#13445=POLY_LOOP('',(#5278,#8242,#8422));
#13446=FACE_OUTER_BOUND('',#13445,.T.);
#13447=FACE_SURFACE('',(#13446),#13444,.T.);
#13448=CARTESIAN_POINT('',(222.88672626,302.784413099,0.852067198));
#13449=DIRECTION('',(-0.530067224,-0.739877312,-0.414258737));
#13450=DIRECTION('',(-0.812909811,0.582389594,0.));
#13451=AXIS2_PLACEMENT_3D('',#13448,#13449,#13450);
#13452=PLANE('',#13451);
#13453=POLY_LOOP('',(#1251,#1253,#1886));
#13454=FACE_OUTER_BOUND('',#13453,.T.);
#13455=FACE_SURFACE('',(#13454),#13452,.T.);
#13456=CARTESIAN_POINT('',(9.407557547,424.853146076,-0.131141336));
#13457=DIRECTION('',(0.971406551,-0.149481367,-0.184457676));
#13458=DIRECTION('',(0.186553692,-0.,0.982444767));
#13459=AXIS2_PLACEMENT_3D('',#13456,#13457,#13458);
#13460=PLANE('',#13459);
#13461=POLY_LOOP('',(#10129,#2311,#11828));
#13462=FACE_OUTER_BOUND('',#13461,.T.);
#13463=FACE_SURFACE('',(#13462),#13460,.T.);
#13464=CARTESIAN_POINT('',(110.941231251,188.962414861,-7.002528291));
#13465=DIRECTION('',(0.381281938,0.769255729,0.512708209));
#13466=DIRECTION('',(-0.,-0.55460363,0.832114664));
#13467=AXIS2_PLACEMENT_3D('',#13464,#13465,#13466);
#13468=PLANE('',#13467);
#13469=POLY_LOOP('',(#1653,#3363,#1654));
#13470=FACE_OUTER_BOUND('',#13469,.T.);
#13471=FACE_SURFACE('',(#13470),#13468,.T.);
#13472=CARTESIAN_POINT('',(46.328429133,309.456557035,5.632781889));
#13473=DIRECTION('',(-0.001210815,-0.670412257,-0.74198783));
#13474=DIRECTION('',(-0.,-0.741988374,0.670412748));
#13475=AXIS2_PLACEMENT_3D('',#13472,#13473,#13474);
#13476=PLANE('',#13475);
#13477=POLY_LOOP('',(#3724,#1887,#7848));
#13478=FACE_OUTER_BOUND('',#13477,.T.);
#13479=FACE_SURFACE('',(#13478),#13476,.T.);
#13480=CARTESIAN_POINT('',(90.742640197,440.868884325,-7.549084723));
#13481=DIRECTION('',(0.36031586,-0.666111248,-0.653045394));
#13482=DIRECTION('',(0.,0.700068761,-0.714075438));
#13483=AXIS2_PLACEMENT_3D('',#13480,#13481,#13482);
#13484=PLANE('',#13483);
#13485=POLY_LOOP('',(#2205,#2206,#1306));
#13486=FACE_OUTER_BOUND('',#13485,.T.);
#13487=FACE_SURFACE('',(#13486),#13484,.T.);
#13488=CARTESIAN_POINT('',(203.934952617,260.994911194,-0.75388368));
#13489=CARTESIAN_POINT('',(203.736364841,258.966445923,6.374258082));
#13490=DIRECTION('',(0.001735272,-0.961825055,-0.273659557));
#13491=DIRECTION('',(-0.,0.273659969,-0.961826503));
#13492=AXIS2_PLACEMENT_3D('',#13489,#13490,#13491);
#13493=PLANE('',#13492);
#13494=POLY_LOOP('',(#12896,#12895,#13488));
#13495=FACE_OUTER_BOUND('',#13494,.T.);
#13496=FACE_SURFACE('',(#13495),#13493,.T.);
#13497=CARTESIAN_POINT('',(43.750550598,260.348170996,-0.216015003));
#13498=DIRECTION('',(0.291914051,-0.938097079,-0.18644049));
#13499=DIRECTION('',(-0.954838982,-0.297123743,-0.));
#13500=AXIS2_PLACEMENT_3D('',#13497,#13498,#13499);
#13501=PLANE('',#13500);
#13502=POLY_LOOP('',(#1822,#12895,#1823));
#13503=FACE_OUTER_BOUND('',#13502,.T.);
#13504=FACE_SURFACE('',(#13503),#13501,.T.);
#13505=CARTESIAN_POINT('',(125.353515148,185.036852956,-10.348017327));
#13506=DIRECTION('',(0.276485836,0.407461221,0.870362532));
#13507=DIRECTION('',(0.,0.905667259,-0.42398917));
#13508=AXIS2_PLACEMENT_3D('',#13505,#13506,#13507);
#13509=PLANE('',#13508);
#13510=POLY_LOOP('',(#12929,#3662,#3663));
#13511=FACE_OUTER_BOUND('',#13510,.T.);
#13512=FACE_SURFACE('',(#13511),#13509,.T.);
#13513=CARTESIAN_POINT('',(116.323255002,580.999970436,-9.918933734));
#13514=DIRECTION('',(-0.000015193,0.999999996,0.000082317));
#13515=DIRECTION('',(0.,-0.000082317,0.999999997));
#13516=AXIS2_PLACEMENT_3D('',#13513,#13514,#13515);
#13517=PLANE('',#13516);
#13518=POLY_LOOP('',(#4073,#12946,#9603));
#13519=FACE_OUTER_BOUND('',#13518,.T.);
#13520=FACE_SURFACE('',(#13519),#13517,.T.);
#13521=CARTESIAN_POINT('',(123.909473419,580.999910831,-5.330608226));
#13522=DIRECTION('',(-0.000040236,0.999999996,0.000073691));
#13523=DIRECTION('',(0.,-0.000073691,0.999999997));
#13524=AXIS2_PLACEMENT_3D('',#13521,#13522,#13523);
#13525=PLANE('',#13524);
#13526=POLY_LOOP('',(#3492,#12946,#1974));
#13527=FACE_OUTER_BOUND('',#13526,.T.);
#13528=FACE_SURFACE('',(#13527),#13525,.T.);
#13529=CARTESIAN_POINT('',(18.456026912,431.445509195,-10.478002019));
#13530=DIRECTION('',(-0.098088372,-0.000290803,0.995177666));
#13531=DIRECTION('',(0.995177708,0.,0.098088376));
#13532=AXIS2_PLACEMENT_3D('',#13529,#13530,#13531);
#13533=PLANE('',#13532);
#13534=POLY_LOOP('',(#11917,#7142,#10634));
#13535=FACE_OUTER_BOUND('',#13534,.T.);
#13536=FACE_SURFACE('',(#13535),#13533,.T.);
#13537=CARTESIAN_POINT('',(107.315473258,187.653541565,-2.342383843));
#13538=DIRECTION('',(0.236598348,0.844391593,0.480649623));
#13539=DIRECTION('',(-0.,-0.494695235,0.869066525));
#13540=AXIS2_PLACEMENT_3D('',#13537,#13538,#13539);
#13541=PLANE('',#13540);
#13542=POLY_LOOP('',(#3363,#3364,#6461));
#13543=FACE_OUTER_BOUND('',#13542,.T.);
#13544=FACE_SURFACE('',(#13543),#13541,.T.);
#13545=CARTESIAN_POINT('',(44.032905251,209.36486125,-9.068235755));
#13546=CARTESIAN_POINT('',(44.377002865,205.114483833,-11.743010953));
#13547=DIRECTION('',(0.313488237,0.523817394,-0.79204827));
#13548=DIRECTION('',(0.,-0.834093169,-0.55162359));
#13549=AXIS2_PLACEMENT_3D('',#13546,#13547,#13548);
#13550=PLANE('',#13549);
#13551=POLY_LOOP('',(#8394,#9004,#13545));
#13552=FACE_OUTER_BOUND('',#13551,.T.);
#13553=FACE_SURFACE('',(#13552),#13550,.T.);
#13554=CARTESIAN_POINT('',(86.271606386,460.687726736,-4.408444278));
#13555=CARTESIAN_POINT('',(83.916649222,454.518526793,-9.334518574));
#13556=DIRECTION('',(0.072131945,-0.639021528,0.765799236));
#13557=DIRECTION('',(0.,0.767799277,0.640690463));
#13558=AXIS2_PLACEMENT_3D('',#13555,#13556,#13557);
#13559=PLANE('',#13558);
#13560=POLY_LOOP('',(#3933,#13554,#5158));
#13561=FACE_OUTER_BOUND('',#13560,.T.);
#13562=FACE_SURFACE('',(#13561),#13559,.T.);
#13563=CARTESIAN_POINT('',(102.821059525,581.000387669,-5.368477665));
#13564=DIRECTION('',(0.579184386,-0.007070283,0.815165908));
#13565=DIRECTION('',(0.815186284,0.,-0.579198863));
#13566=AXIS2_PLACEMENT_3D('',#13563,#13564,#13565);
#13567=PLANE('',#13566);
#13568=POLY_LOOP('',(#1317,#3255,#9603));
#13569=FACE_OUTER_BOUND('',#13568,.T.);
#13570=FACE_SURFACE('',(#13569),#13567,.T.);
#13571=CARTESIAN_POINT('',(209.187537432,286.252081394,7.05294311));
#13572=DIRECTION('',(-0.633583962,-0.64478403,0.427580305));
#13573=DIRECTION('',(-0.713274527,0.700884762,0.));
#13574=AXIS2_PLACEMENT_3D('',#13571,#13572,#13573);
#13575=PLANE('',#13574);
#13576=POLY_LOOP('',(#3588,#4753,#10643));
#13577=FACE_OUTER_BOUND('',#13576,.T.);
#13578=FACE_SURFACE('',(#13577),#13575,.T.);
#13579=CARTESIAN_POINT('',(113.708198071,184.023305774,-1.649691258));
#13580=DIRECTION('',(0.500424567,0.853454244,-0.145571653));
#13581=DIRECTION('',(0.86264337,-0.505812629,-0.));
#13582=AXIS2_PLACEMENT_3D('',#13579,#13580,#13581);
#13583=PLANE('',#13582);
#13584=POLY_LOOP('',(#1654,#3363,#4030));
#13585=FACE_OUTER_BOUND('',#13584,.T.);
#13586=FACE_SURFACE('',(#13585),#13583,.T.);
#13587=CARTESIAN_POINT('',(42.521055788,297.411441803,12.511163019));
#13588=CARTESIAN_POINT('',(216.733247042,298.026740551,12.530858628));
#13589=DIRECTION('',(-0.000408527,0.083770686,0.996484975));
#13590=DIRECTION('',(0.,0.996485058,-0.083770693));
#13591=AXIS2_PLACEMENT_3D('',#13588,#13589,#13590);
#13592=PLANE('',#13591);
#13593=POLY_LOOP('',(#7202,#3616,#13587));
#13594=FACE_OUTER_BOUND('',#13593,.T.);
#13595=FACE_SURFACE('',(#13594),#13592,.T.);
#13596=CARTESIAN_POINT('',(18.852878362,414.421200752,-10.443861596));
#13597=DIRECTION('',(0.393157389,0.01100861,0.919405285));
#13598=DIRECTION('',(0.919461001,0.,-0.393181214));
#13599=AXIS2_PLACEMENT_3D('',#13596,#13597,#13598);
#13600=PLANE('',#13599);
#13601=POLY_LOOP('',(#7142,#11917,#11345));
#13602=FACE_OUTER_BOUND('',#13601,.T.);
#13603=FACE_SURFACE('',(#13602),#13600,.T.);
#13604=CARTESIAN_POINT('',(212.617143989,339.498668909,0.000013177));
#13605=DIRECTION('',(0.465587629,-0.881445098,0.079263481));
#13606=DIRECTION('',(-0.884227141,-0.467057131,0.));
#13607=AXIS2_PLACEMENT_3D('',#13604,#13605,#13606);
#13608=PLANE('',#13607);
#13609=POLY_LOOP('',(#196,#2290,#2224));
#13610=FACE_OUTER_BOUND('',#13609,.T.);
#13611=FACE_SURFACE('',(#13610),#13608,.T.);
#13612=CARTESIAN_POINT('',(107.800886035,209.29518342,1.395927859));
#13613=DIRECTION('',(-0.234980859,-0.922405317,-0.3065166));
#13614=DIRECTION('',(0.,0.315346297,-0.948976666));
#13615=AXIS2_PLACEMENT_3D('',#13612,#13613,#13614);
#13616=PLANE('',#13615);
#13617=POLY_LOOP('',(#6425,#2039,#4004));
#13618=FACE_OUTER_BOUND('',#13617,.T.);
#13619=FACE_SURFACE('',(#13618),#13616,.T.);
#13620=CARTESIAN_POINT('',(103.922314942,208.933025599,5.459154025));
#13621=DIRECTION('',(-0.008062396,-0.954719036,-0.297399664));
#13622=DIRECTION('',(0.,0.29740933,-0.954750067));
#13623=AXIS2_PLACEMENT_3D('',#13620,#13621,#13622);
#13624=PLANE('',#13623);
#13625=POLY_LOOP('',(#4004,#680,#7583));
#13626=FACE_OUTER_BOUND('',#13625,.T.);
#13627=FACE_SURFACE('',(#13626),#13624,.T.);
#13628=CARTESIAN_POINT('',(111.74749583,193.726584315,-10.093935765));
#13629=DIRECTION('',(0.110189374,0.527827564,0.842173595));
#13630=DIRECTION('',(-0.,0.847333338,-0.531061404));
#13631=AXIS2_PLACEMENT_3D('',#13628,#13629,#13630);
#13632=PLANE('',#13631);
#13633=POLY_LOOP('',(#3662,#3673,#1653));
#13634=FACE_OUTER_BOUND('',#13633,.T.);
#13635=FACE_SURFACE('',(#13634),#13632,.T.);
#13636=CARTESIAN_POINT('',(33.314049244,210.784643888,-12.371731922));
#13637=DIRECTION('',(0.317608605,0.326242429,-0.890331765));
#13638=DIRECTION('',(0.,-0.938948746,-0.344057048));
#13639=AXIS2_PLACEMENT_3D('',#13636,#13637,#13638);
#13640=PLANE('',#13639);
#13641=POLY_LOOP('',(#9004,#591,#13545));
#13642=FACE_OUTER_BOUND('',#13641,.T.);
#13643=FACE_SURFACE('',(#13642),#13640,.T.);
#13644=CARTESIAN_POINT('',(30.002556741,414.867192507,-10.642791167));
#13645=DIRECTION('',(0.670026731,0.287116739,-0.684564211));
#13646=DIRECTION('',(-0.714654302,0.,-0.699477826));
#13647=AXIS2_PLACEMENT_3D('',#13644,#13645,#13646);
#13648=PLANE('',#13647);
#13649=POLY_LOOP('',(#4107,#13391,#4406));
#13650=FACE_OUTER_BOUND('',#13649,.T.);
#13651=FACE_SURFACE('',(#13650),#13648,.T.);
#13652=CARTESIAN_POINT('',(75.026057661,440.889298916,-6.757313386));
#13653=DIRECTION('',(-0.00093124,0.635196918,0.772349667));
#13654=DIRECTION('',(0.,0.772350002,-0.635197193));
#13655=AXIS2_PLACEMENT_3D('',#13652,#13653,#13654);
#13656=PLANE('',#13655);
#13657=POLY_LOOP('',(#5816,#6081,#5528));
#13658=FACE_OUTER_BOUND('',#13657,.T.);
#13659=FACE_SURFACE('',(#13658),#13656,.T.);
#13660=CARTESIAN_POINT('',(117.175370455,177.706465125,2.373714));
#13661=DIRECTION('',(-0.667510468,-0.732514309,-0.13361348));
#13662=DIRECTION('',(-0.739141809,0.673549839,0.));
#13663=AXIS2_PLACEMENT_3D('',#13660,#13661,#13662);
#13664=PLANE('',#13663);
#13665=POLY_LOOP('',(#4281,#7183,#433));
#13666=FACE_OUTER_BOUND('',#13665,.T.);
#13667=FACE_SURFACE('',(#13666),#13664,.T.);
#13668=CARTESIAN_POINT('',(37.559308112,411.531239748,3.570741741));
#13669=DIRECTION('',(-0.451293543,-0.771651849,-0.448204822));
#13670=DIRECTION('',(-0.863211974,0.504841647,0.));
#13671=AXIS2_PLACEMENT_3D('',#13668,#13669,#13670);
#13672=PLANE('',#13671);
#13673=POLY_LOOP('',(#2971,#2973,#8013));
#13674=FACE_OUTER_BOUND('',#13673,.T.);
#13675=FACE_SURFACE('',(#13674),#13672,.T.);
#13676=CARTESIAN_POINT('',(46.187333763,190.954580903,9.06759128));
#13677=DIRECTION('',(-0.006411241,-0.46040741,0.887684579));
#13678=DIRECTION('',(0.,0.887702824,0.460416873));
#13679=AXIS2_PLACEMENT_3D('',#13676,#13677,#13678);
#13680=PLANE('',#13679);
#13681=POLY_LOOP('',(#905,#904,#1432));
#13682=FACE_OUTER_BOUND('',#13681,.T.);
#13683=FACE_SURFACE('',(#13682),#13680,.T.);
#13684=CARTESIAN_POINT('',(41.806541383,400.841891766,10.489347391));
#13685=CARTESIAN_POINT('',(23.040441796,410.70073843,10.567354038));
#13686=DIRECTION('',(0.028467745,0.062081606,-0.997665005));
#13687=DIRECTION('',(0.,-0.998069511,-0.062106777));
#13688=AXIS2_PLACEMENT_3D('',#13685,#13686,#13687);
#13689=PLANE('',#13688);
#13690=POLY_LOOP('',(#8242,#13684,#8422));
#13691=FACE_OUTER_BOUND('',#13690,.T.);
#13692=FACE_SURFACE('',(#13691),#13689,.T.);
#13693=CARTESIAN_POINT('',(79.231612384,457.256883383,-6.608203985));
#13694=DIRECTION('',(0.189836326,-0.775559291,0.602054777));
#13695=DIRECTION('',(0.,-0.613205458,-0.789923456));
#13696=AXIS2_PLACEMENT_3D('',#13693,#13694,#13695);
#13697=PLANE('',#13696);
#13698=POLY_LOOP('',(#5158,#13554,#5159));
#13699=FACE_OUTER_BOUND('',#13698,.T.);
#13700=FACE_SURFACE('',(#13699),#13697,.T.);
#13701=CARTESIAN_POINT('',(220.815464854,404.106140137,0.665659434));
#13702=DIRECTION('',(-0.675741811,-0.705368439,0.214075618));
#13703=DIRECTION('',(-0.722109027,0.691779266,-0.));
#13704=AXIS2_PLACEMENT_3D('',#13701,#13702,#13703);
#13705=PLANE('',#13704);
#13706=POLY_LOOP('',(#1664,#5225,#4361));
#13707=FACE_OUTER_BOUND('',#13706,.T.);
#13708=FACE_SURFACE('',(#13707),#13705,.T.);
#13709=CARTESIAN_POINT('',(219.613552094,303.91189456,8.570400067));
#13710=DIRECTION('',(0.203719536,0.552794366,0.808032635));
#13711=DIRECTION('',(0.,0.825340614,-0.564635167));
#13712=AXIS2_PLACEMENT_3D('',#13709,#13710,#13711);
#13713=PLANE('',#13712);
#13714=POLY_LOOP('',(#7201,#3086,#3616));
#13715=FACE_OUTER_BOUND('',#13714,.T.);
#13716=FACE_SURFACE('',(#13715),#13713,.T.);
#13717=CARTESIAN_POINT('',(21.392798051,328.719496727,12.450538576));
#13718=CARTESIAN_POINT('',(21.392798051,328.719496727,12.450538576));
#13719=DIRECTION('',(-0.546021998,-0.05722036,0.835814458));
#13720=DIRECTION('',(0.837186126,0.,0.546918084));
#13721=AXIS2_PLACEMENT_3D('',#13718,#13719,#13720);
#13722=PLANE('',#13721);
#13723=POLY_LOOP('',(#13717,#1633,#1632));
#13724=FACE_OUTER_BOUND('',#13723,.T.);
#13725=FACE_SURFACE('',(#13724),#13722,.T.);
#13726=CARTESIAN_POINT('',(215.957760811,366.560965776,7.864592597));
#13727=DIRECTION('',(0.364488668,-0.298824465,-0.881959154));
#13728=DIRECTION('',(-0.92418702,-0.,-0.381940246));
#13729=AXIS2_PLACEMENT_3D('',#13726,#13727,#13728);
#13730=PLANE('',#13729);
#13731=POLY_LOOP('',(#7117,#2816,#5179));
#13732=FACE_OUTER_BOUND('',#13731,.T.);
#13733=FACE_SURFACE('',(#13732),#13730,.T.);
#13734=CARTESIAN_POINT('',(42.886756361,258.985906839,5.285914056));
#13735=DIRECTION('',(0.003114105,-0.970797975,-0.239878291));
#13736=DIRECTION('',(0.,0.239879454,-0.970802682));
#13737=AXIS2_PLACEMENT_3D('',#13734,#13735,#13736);
#13738=PLANE('',#13737);
#13739=POLY_LOOP('',(#12895,#1822,#13488));
#13740=FACE_OUTER_BOUND('',#13739,.T.);
#13741=FACE_SURFACE('',(#13740),#13738,.T.);
#13742=CARTESIAN_POINT('',(118.030242622,581.00014925,-11.776139028));
#13743=DIRECTION('',(-0.000017262,0.999999997,0.000070202));
#13744=DIRECTION('',(0.,-0.000070202,0.999999998));
#13745=AXIS2_PLACEMENT_3D('',#13742,#13743,#13744);
#13746=PLANE('',#13745);
#13747=POLY_LOOP('',(#12946,#10873,#9603));
#13748=FACE_OUTER_BOUND('',#13747,.T.);
#13749=FACE_SURFACE('',(#13748),#13746,.T.);
#13750=CARTESIAN_POINT('',(121.99613452,580.999851227,-5.566464271));
#13751=DIRECTION('',(-0.000030998,0.999999997,0.000067791));
#13752=DIRECTION('',(0.,-0.000067791,0.999999998));
#13753=AXIS2_PLACEMENT_3D('',#13750,#13751,#13752);
#13754=PLANE('',#13753);
#13755=POLY_LOOP('',(#1974,#12946,#4073));
#13756=FACE_OUTER_BOUND('',#13755,.T.);
#13757=FACE_SURFACE('',(#13756),#13754,.T.);
#13758=CARTESIAN_POINT('',(18.852878362,414.421200752,-10.443861596));
#13759=DIRECTION('',(-0.065708532,-0.012461517,0.997761043));
#13760=DIRECTION('',(0.997838523,0.,0.065713635));
#13761=AXIS2_PLACEMENT_3D('',#13758,#13759,#13760);
#13762=PLANE('',#13761);
#13763=POLY_LOOP('',(#7142,#10898,#10634));
#13764=FACE_OUTER_BOUND('',#13763,.T.);
#13765=FACE_SURFACE('',(#13764),#13762,.T.);
#13766=CARTESIAN_POINT('',(102.821059525,581.000387669,-5.368477665));
#13767=DIRECTION('',(-0.000081255,0.999999995,0.000060273));
#13768=DIRECTION('',(0.999999997,0.000081255,-0.));
#13769=AXIS2_PLACEMENT_3D('',#13766,#13767,#13768);
#13770=PLANE('',#13769);
#13771=POLY_LOOP('',(#1317,#5018,#1315));
#13772=FACE_OUTER_BOUND('',#13771,.T.);
#13773=FACE_SURFACE('',(#13772),#13770,.T.);
#13774=CARTESIAN_POINT('',(214.459896088,270.669996738,-8.0153374));
#13775=DIRECTION('',(-0.351923446,0.29141485,-0.889509569));
#13776=DIRECTION('',(-0.929868879,0.,0.367891108));
#13777=AXIS2_PLACEMENT_3D('',#13774,#13775,#13776);
#13778=PLANE('',#13777);
#13779=POLY_LOOP('',(#3411,#2075,#8285));
#13780=FACE_OUTER_BOUND('',#13779,.T.);
#13781=FACE_SURFACE('',(#13780),#13778,.T.);
#13782=CARTESIAN_POINT('',(203.105211258,262.724906206,1.588676474));
#13783=DIRECTION('',(-0.000767976,0.993158672,-0.116770124));
#13784=DIRECTION('',(-0.,0.116770159,0.993158965));
#13785=AXIS2_PLACEMENT_3D('',#13782,#13783,#13784);
#13786=PLANE('',#13785);
#13787=POLY_LOOP('',(#854,#6048,#5313));
#13788=FACE_OUTER_BOUND('',#13787,.T.);
#13789=FACE_SURFACE('',(#13788),#13786,.T.);
#13790=CARTESIAN_POINT('',(112.581394613,198.605746031,10.646774434));
#13791=DIRECTION('',(0.03783345,0.175510436,-0.983750333));
#13792=DIRECTION('',(-0.,-0.984455145,-0.175636181));
#13793=AXIS2_PLACEMENT_3D('',#13790,#13791,#13792);
#13794=PLANE('',#13793);
#13795=POLY_LOOP('',(#10374,#7892,#6163));
#13796=FACE_OUTER_BOUND('',#13795,.T.);
#13797=FACE_SURFACE('',(#13796),#13794,.T.);
#13798=CARTESIAN_POINT('',(206.732735038,362.019896507,2.21528532));
#13799=DIRECTION('',(0.417532455,-0.903751608,-0.094338113));
#13800=DIRECTION('',(-0.907800201,-0.419402902,0.));
#13801=AXIS2_PLACEMENT_3D('',#13798,#13799,#13800);
#13802=PLANE('',#13801);
#13803=POLY_LOOP('',(#4579,#5180,#4871));
#13804=FACE_OUTER_BOUND('',#13803,.T.);
#13805=FACE_SURFACE('',(#13804),#13802,.T.);
#13806=CARTESIAN_POINT('',(110.394187272,185.378223658,-5.80781186));
#13807=DIRECTION('',(-0.402909725,-0.626553585,-0.667153924));
#13808=DIRECTION('',(0.,-0.728938994,0.684578661));
#13809=AXIS2_PLACEMENT_3D('',#13806,#13807,#13808);
#13810=PLANE('',#13809);
#13811=POLY_LOOP('',(#7183,#5214,#433));
#13812=FACE_OUTER_BOUND('',#13811,.T.);
#13813=FACE_SURFACE('',(#13812),#13810,.T.);
#13814=CARTESIAN_POINT('',(11.596750468,411.801099777,0.29736507));
#13815=DIRECTION('',(0.981471583,0.161220798,-0.103544131));
#13816=DIRECTION('',(-0.162092065,0.986775639,0.));
#13817=AXIS2_PLACEMENT_3D('',#13814,#13815,#13816);
#13818=PLANE('',#13817);
#13819=POLY_LOOP('',(#9933,#10129,#12168));
#13820=FACE_OUTER_BOUND('',#13819,.T.);
#13821=FACE_SURFACE('',(#13820),#13818,.T.);
#13822=CARTESIAN_POINT('',(44.029805809,205.456227064,9.490648285));
#13823=DIRECTION('',(-0.526983376,-0.638792983,-0.560564043));
#13824=DIRECTION('',(0.,0.659583648,-0.751631167));
#13825=AXIS2_PLACEMENT_3D('',#13822,#13823,#13824);
#13826=PLANE('',#13825);
#13827=POLY_LOOP('',(#4003,#5516,#5518));
#13828=FACE_OUTER_BOUND('',#13827,.T.);
#13829=FACE_SURFACE('',(#13828),#13826,.T.);
#13830=CARTESIAN_POINT('',(46.023581177,253.62187624,12.458177283));
#13831=DIRECTION('',(-0.003172636,0.60003719,0.799965815));
#13832=DIRECTION('',(-0.,0.799969841,-0.60004021));
#13833=AXIS2_PLACEMENT_3D('',#13830,#13831,#13832);
#13834=PLANE('',#13833);
#13835=POLY_LOOP('',(#2330,#6117,#6108));
#13836=FACE_OUTER_BOUND('',#13835,.T.);
#13837=FACE_SURFACE('',(#13836),#13834,.T.);
#13838=CARTESIAN_POINT('',(13.467824087,403.339743614,-1.33273541));
#13839=DIRECTION('',(-0.927444725,-0.325242163,-0.184563859));
#13840=DIRECTION('',(0.330927321,-0.943656245,0.));
#13841=AXIS2_PLACEMENT_3D('',#13838,#13839,#13840);
#13842=PLANE('',#13841);
#13843=POLY_LOOP('',(#9417,#6274,#9874));
#13844=FACE_OUTER_BOUND('',#13843,.T.);
#13845=FACE_SURFACE('',(#13844),#13842,.T.);
#13846=CARTESIAN_POINT('',(22.690352052,394.295245409,-0.524204632));
#13847=DIRECTION('',(-0.686354644,-0.675854601,0.268584923));
#13848=DIRECTION('',(0.701635489,-0.712536063,-0.));
#13849=AXIS2_PLACEMENT_3D('',#13846,#13847,#13848);
#13850=PLANE('',#13849);
#13851=POLY_LOOP('',(#1326,#1328,#9417));
#13852=FACE_OUTER_BOUND('',#13851,.T.);
#13853=FACE_SURFACE('',(#13852),#13850,.T.);
#13854=CARTESIAN_POINT('',(45.817255974,209.743991494,5.046763457));
#13855=DIRECTION('',(-0.011817691,-0.970067644,-0.242547127));
#13856=DIRECTION('',(0.,0.242564065,-0.97013539));
#13857=AXIS2_PLACEMENT_3D('',#13854,#13855,#13856);
#13858=PLANE('',#13857);
#13859=POLY_LOOP('',(#679,#680,#4004));
#13860=FACE_OUTER_BOUND('',#13859,.T.);
#13861=FACE_SURFACE('',(#13860),#13858,.T.);
#13862=CARTESIAN_POINT('',(226.670250297,372.652769089,-12.749184854));
#13863=DIRECTION('',(0.337486438,0.038962845,-0.940523684));
#13864=DIRECTION('',(-0.941238404,0.,-0.3377429));
#13865=AXIS2_PLACEMENT_3D('',#13862,#13863,#13864);
#13866=PLANE('',#13865);
#13867=POLY_LOOP('',(#989,#2705,#2470));
#13868=FACE_OUTER_BOUND('',#13867,.T.);
#13869=FACE_SURFACE('',(#13868),#13866,.T.);
#13870=CARTESIAN_POINT('',(17.454512417,410.415261984,-11.689602397));
#13871=DIRECTION('',(-0.682469824,-0.187258243,-0.706519136));
#13872=DIRECTION('',(-0.719242009,-0.,0.694759622));
#13873=AXIS2_PLACEMENT_3D('',#13870,#13871,#13872);
#13874=PLANE('',#13873);
#13875=POLY_LOOP('',(#9537,#9874,#6275));
#13876=FACE_OUTER_BOUND('',#13875,.T.);
#13877=FACE_SURFACE('',(#13876),#13874,.T.);
#13878=CARTESIAN_POINT('',(29.441870749,455.023407936,-5.2922084));
#13879=DIRECTION('',(0.377507065,-0.896614873,0.231452341));
#13880=DIRECTION('',(-0.921640885,-0.388043914,-0.));
#13881=AXIS2_PLACEMENT_3D('',#13878,#13879,#13880);
#13882=PLANE('',#13881);
#13883=POLY_LOOP('',(#5478,#4888,#2021));
#13884=FACE_OUTER_BOUND('',#13883,.T.);
#13885=FACE_SURFACE('',(#13884),#13882,.T.);
#13886=CARTESIAN_POINT('',(36.929186434,332.874417305,3.4498733));
#13887=DIRECTION('',(-0.864685997,0.247979844,-0.436834205));
#13888=DIRECTION('',(0.45091856,-0.,-0.892565097));
#13889=AXIS2_PLACEMENT_3D('',#13886,#13887,#13888);
#13890=PLANE('',#13889);
#13891=POLY_LOOP('',(#7961,#5422,#8310));
#13892=FACE_OUTER_BOUND('',#13891,.T.);
#13893=FACE_SURFACE('',(#13892),#13890,.T.);
#13894=CARTESIAN_POINT('',(33.465981483,331.869125366,7.682898082));
#13895=DIRECTION('',(-0.782292354,0.128271061,-0.609561489));
#13896=DIRECTION('',(0.614638931,0.,-0.788808586));
#13897=AXIS2_PLACEMENT_3D('',#13894,#13895,#13896);
#13898=PLANE('',#13897);
#13899=POLY_LOOP('',(#10855,#7961,#8310));
#13900=FACE_OUTER_BOUND('',#13899,.T.);
#13901=FACE_SURFACE('',(#13900),#13898,.T.);
#13902=CARTESIAN_POINT('',(30.002556741,414.867192507,-10.642791167));
#13903=DIRECTION('',(0.400678634,0.206590828,-0.892623584));
#13904=DIRECTION('',(-0.912304336,-0.,-0.409512881));
#13905=AXIS2_PLACEMENT_3D('',#13902,#13903,#13904);
#13906=PLANE('',#13905);
#13907=POLY_LOOP('',(#4107,#8552,#13391));
#13908=FACE_OUTER_BOUND('',#13907,.T.);
#13909=FACE_SURFACE('',(#13908),#13906,.T.);
#13910=CARTESIAN_POINT('',(35.889044404,227.873519063,-6.639332511));
#13911=DIRECTION('',(0.863718039,-0.331335914,-0.379746839));
#13912=DIRECTION('',(0.402481891,-0.,0.915427948));
#13913=AXIS2_PLACEMENT_3D('',#13910,#13911,#13912);
#13914=PLANE('',#13913);
#13915=POLY_LOOP('',(#4481,#2342,#1374));
#13916=FACE_OUTER_BOUND('',#13915,.T.);
#13917=FACE_SURFACE('',(#13916),#13914,.T.);
#13918=CARTESIAN_POINT('',(41.806541383,400.841891766,10.489347391));
#13919=DIRECTION('',(0.029695118,0.097782951,-0.994764643));
#13920=DIRECTION('',(-0.,-0.995203525,-0.097826092));
#13921=AXIS2_PLACEMENT_3D('',#13918,#13919,#13920);
#13922=PLANE('',#13921);
#13923=POLY_LOOP('',(#13684,#98,#8422));
#13924=FACE_OUTER_BOUND('',#13923,.T.);
#13925=FACE_SURFACE('',(#13924),#13922,.T.);
#13926=CARTESIAN_POINT('',(202.854394913,310.624986887,-1.497028279));
#13927=DIRECTION('',(-0.226789864,-0.964390724,-0.136076778));
#13928=DIRECTION('',(-0.973445427,0.228919203,-0.));
#13929=AXIS2_PLACEMENT_3D('',#13926,#13927,#13928);
#13930=PLANE('',#13929);
#13931=POLY_LOOP('',(#712,#1886,#710));
#13932=FACE_OUTER_BOUND('',#13931,.T.);
#13933=FACE_SURFACE('',(#13932),#13930,.T.);
#13934=CARTESIAN_POINT('',(32.474856824,431.448221207,-1.29744783));
#13935=DIRECTION('',(-0.711077639,0.683761287,-0.163826414));
#13936=DIRECTION('',(-0.693125986,-0.720816459,-0.));
#13937=AXIS2_PLACEMENT_3D('',#13934,#13935,#13936);
#13938=PLANE('',#13937);
#13939=POLY_LOOP('',(#4183,#4954,#2826));
#13940=FACE_OUTER_BOUND('',#13939,.T.);
#13941=FACE_SURFACE('',(#13940),#13938,.T.);
#13942=CARTESIAN_POINT('',(31.021378934,431.590944529,5.606959574));
#13943=DIRECTION('',(-0.582468187,0.101159635,-0.806534276));
#13944=DIRECTION('',(-0.810692964,-0.,0.585471535));
#13945=AXIS2_PLACEMENT_3D('',#13942,#13943,#13944);
#13946=PLANE('',#13945);
#13947=POLY_LOOP('',(#4954,#4953,#7779));
#13948=FACE_OUTER_BOUND('',#13947,.T.);
#13949=FACE_SURFACE('',(#13948),#13946,.T.);
#13950=CARTESIAN_POINT('',(90.715952218,443.05691123,-6.942511071));
#13951=CARTESIAN_POINT('',(90.715952218,443.05691123,-6.942511071));
#13952=DIRECTION('',(-0.398872939,0.832617439,0.384250671));
#13953=DIRECTION('',(0.901853838,0.432041264,-0.));
#13954=AXIS2_PLACEMENT_3D('',#13951,#13952,#13953);
#13955=PLANE('',#13954);
#13956=POLY_LOOP('',(#13950,#533,#12201));
#13957=FACE_OUTER_BOUND('',#13956,.T.);
#13958=FACE_SURFACE('',(#13957),#13955,.T.);
#13959=CARTESIAN_POINT('',(217.268064618,361.631423235,10.076326318));
#13960=DIRECTION('',(0.366876972,-0.450374885,-0.81398019));
#13961=DIRECTION('',(0.,-0.874993984,0.484133791));
#13962=AXIS2_PLACEMENT_3D('',#13959,#13960,#13961);
#13963=PLANE('',#13962);
#13964=POLY_LOOP('',(#2816,#2610,#5179));
#13965=FACE_OUTER_BOUND('',#13964,.T.);
#13966=FACE_SURFACE('',(#13965),#13963,.T.);
#13967=CARTESIAN_POINT('',(14.881329611,412.199795246,-7.313883398));
#13968=DIRECTION('',(0.494097665,0.277533914,0.823918943));
#13969=DIRECTION('',(0.857609407,0.,-0.51430157));
#13970=AXIS2_PLACEMENT_3D('',#13967,#13968,#13969);
#13971=PLANE('',#13970);
#13972=POLY_LOOP('',(#2656,#2379,#7142));
#13973=FACE_OUTER_BOUND('',#13972,.T.);
#13974=FACE_SURFACE('',(#13973),#13971,.T.);
#13975=CARTESIAN_POINT('',(44.005133212,187.678307295,1.907456783));
#13976=DIRECTION('',(-0.012104339,-0.991697054,-0.128025148));
#13977=DIRECTION('',(-0.,0.128034527,-0.991769711));
#13978=AXIS2_PLACEMENT_3D('',#13975,#13976,#13977);
#13979=PLANE('',#13978);
#13980=POLY_LOOP('',(#65,#67,#2424));
#13981=FACE_OUTER_BOUND('',#13980,.T.);
#13982=FACE_SURFACE('',(#13981),#13979,.T.);
#13983=CARTESIAN_POINT('',(11.161306873,417.237341404,4.63425694));
#13984=DIRECTION('',(0.87271838,0.345277114,-0.345175817));
#13985=DIRECTION('',(-0.367888246,0.929870011,0.));
#13986=AXIS2_PLACEMENT_3D('',#13983,#13984,#13985);
#13987=PLANE('',#13986);
#13988=POLY_LOOP('',(#12168,#12540,#9933));
#13989=FACE_OUTER_BOUND('',#13988,.T.);
#13990=FACE_SURFACE('',(#13989),#13987,.T.);
#13991=CARTESIAN_POINT('',(32.474856824,431.448221207,-1.29744783));
#13992=DIRECTION('',(-0.813699091,0.578811615,0.053580805));
#13993=DIRECTION('',(-0.579644265,-0.814869638,0.));
#13994=AXIS2_PLACEMENT_3D('',#13991,#13992,#13993);
#13995=PLANE('',#13994);
#13996=POLY_LOOP('',(#4183,#2826,#5527));
#13997=FACE_OUTER_BOUND('',#13996,.T.);
#13998=FACE_SURFACE('',(#13997),#13995,.T.);
#13999=CARTESIAN_POINT('',(115.430079401,461.209088564,-8.775843307));
#14000=DIRECTION('',(0.416807076,-0.420240918,-0.806020739));
#14001=DIRECTION('',(0.,-0.886716388,0.462313798));
#14002=AXIS2_PLACEMENT_3D('',#13999,#14000,#14001);
#14003=PLANE('',#14002);
#14004=POLY_LOOP('',(#1020,#2206,#2352));
#14005=FACE_OUTER_BOUND('',#14004,.T.);
#14006=FACE_SURFACE('',(#14005),#14003,.T.);
#14007=CARTESIAN_POINT('',(202.964797616,388.76375556,5.789274815));
#14008=DIRECTION('',(0.003462886,-0.970183724,0.242345932));
#14009=DIRECTION('',(-0.,-0.242347385,-0.970189541));
#14010=AXIS2_PLACEMENT_3D('',#14007,#14008,#14009);
#14011=PLANE('',#14010);
#14012=POLY_LOOP('',(#3158,#4235,#2647));
#14013=FACE_OUTER_BOUND('',#14012,.T.);
#14014=FACE_SURFACE('',(#14013),#14011,.T.);
#14015=CARTESIAN_POINT('',(37.483904511,327.325224876,-0.058056499));
#14016=DIRECTION('',(0.990785407,0.072216646,0.114581993));
#14017=DIRECTION('',(-0.114881953,0.,0.993379151));
#14018=AXIS2_PLACEMENT_3D('',#14015,#14016,#14017);
#14019=PLANE('',#14018);
#14020=POLY_LOOP('',(#3607,#10178,#2532));
#14021=FACE_OUTER_BOUND('',#14020,.T.);
#14022=FACE_SURFACE('',(#14021),#14019,.T.);
#14023=CARTESIAN_POINT('',(207.314446568,404.206395149,-9.525047615));
#14024=DIRECTION('',(-0.221006642,-0.393690682,0.892280063));
#14025=DIRECTION('',(-0.,0.91490352,0.403672576));
#14026=AXIS2_PLACEMENT_3D('',#14023,#14024,#14025);
#14027=PLANE('',#14026);
#14028=POLY_LOOP('',(#8268,#1495,#1916));
#14029=FACE_OUTER_BOUND('',#14028,.T.);
#14030=FACE_SURFACE('',(#14029),#14027,.T.);
#14031=CARTESIAN_POINT('',(109.880112112,580.999910831,-10.38401667));
#14032=DIRECTION('',(0.000090506,0.999999995,0.00003231));
#14033=DIRECTION('',(0.999999996,-0.000090506,-0.));
#14034=AXIS2_PLACEMENT_3D('',#14031,#14032,#14033);
#14035=PLANE('',#14034);
#14036=POLY_LOOP('',(#9603,#10873,#1317));
#14037=FACE_OUTER_BOUND('',#14036,.T.);
#14038=FACE_SURFACE('',(#14037),#14035,.T.);
#14039=CARTESIAN_POINT('',(203.105211258,262.724906206,1.588676474));
#14040=DIRECTION('',(-0.490049689,0.869032277,-0.068074987));
#14041=DIRECTION('',(0.871052939,0.491189146,0.));
#14042=AXIS2_PLACEMENT_3D('',#14039,#14040,#14041);
#14043=PLANE('',#14042);
#14044=POLY_LOOP('',(#854,#3950,#6048));
#14045=FACE_OUTER_BOUND('',#14044,.T.);
#14046=FACE_SURFACE('',(#14045),#14043,.T.);
#14047=CARTESIAN_POINT('',(44.148370624,262.541085482,1.070666476));
#14048=DIRECTION('',(-0.002069499,0.955154056,0.296102088));
#14049=DIRECTION('',(0.,-0.296102722,0.955156101));
#14050=AXIS2_PLACEMENT_3D('',#14047,#14048,#14049);
#14051=PLANE('',#14050);
#14052=POLY_LOOP('',(#5313,#852,#854));
#14053=FACE_OUTER_BOUND('',#14052,.T.);
#14054=FACE_SURFACE('',(#14053),#14051,.T.);
#14055=CARTESIAN_POINT('',(24.65784736,241.548851132,-9.476577863));
#14056=DIRECTION('',(0.61193061,-0.431370017,0.662918424));
#14057=DIRECTION('',(0.734800179,0.,-0.67828364));
#14058=AXIS2_PLACEMENT_3D('',#14055,#14056,#14057);
#14059=PLANE('',#14058);
#14060=POLY_LOOP('',(#5780,#2124,#5591));
#14061=FACE_OUTER_BOUND('',#14060,.T.);
#14062=FACE_SURFACE('',(#14061),#14059,.T.);
#14063=CARTESIAN_POINT('',(214.929074049,281.598955393,9.157476947));
#14064=DIRECTION('',(-0.819375736,-0.233260627,0.5236534));
#14065=DIRECTION('',(-0.53850856,0.,-0.842620039));
#14066=AXIS2_PLACEMENT_3D('',#14063,#14064,#14065);
#14067=PLANE('',#14066);
#14068=POLY_LOOP('',(#1593,#10643,#4811));
#14069=FACE_OUTER_BOUND('',#14068,.T.);
#14070=FACE_SURFACE('',(#14069),#14067,.T.);
#14071=CARTESIAN_POINT('',(222.590714693,358.027845621,10.732213035));
#14072=DIRECTION('',(0.073470145,-0.076930361,-0.994325831));
#14073=DIRECTION('',(0.,-0.997020361,0.077138835));
#14074=AXIS2_PLACEMENT_3D('',#14071,#14072,#14073);
#14075=PLANE('',#14074);
#14076=POLY_LOOP('',(#2154,#2611,#2610));
#14077=FACE_OUTER_BOUND('',#14076,.T.);
#14078=FACE_SURFACE('',(#14077),#14075,.T.);
#14079=CARTESIAN_POINT('',(236.611098051,371.739327908,-5.473745521));
#14080=DIRECTION('',(0.889068824,0.11077916,-0.444167315));
#14081=DIRECTION('',(0.446918074,0.,0.894574891));
#14082=AXIS2_PLACEMENT_3D('',#14079,#14080,#14081);
#14083=PLANE('',#14082);
#14084=POLY_LOOP('',(#6337,#691,#1718));
#14085=FACE_OUTER_BOUND('',#14084,.T.);
#14086=FACE_SURFACE('',(#14085),#14083,.T.);
#14087=CARTESIAN_POINT('',(42.496599257,439.009696245,-2.647798043));
#14088=DIRECTION('',(-0.46931134,0.879519028,-0.078696546));
#14089=DIRECTION('',(0.882255239,0.470771382,0.));
#14090=AXIS2_PLACEMENT_3D('',#14087,#14088,#14089);
#14091=PLANE('',#14090);
#14092=POLY_LOOP('',(#5815,#2826,#2825));
#14093=FACE_OUTER_BOUND('',#14092,.T.);
#14094=FACE_SURFACE('',(#14093),#14091,.T.);
#14095=CARTESIAN_POINT('',(110.394187272,185.378223658,-5.80781186));
#14096=DIRECTION('',(-0.275340161,-0.763288053,-0.584447725));
#14097=DIRECTION('',(0.,0.607946774,-0.793977783));
#14098=AXIS2_PLACEMENT_3D('',#14095,#14096,#14097);
#14099=PLANE('',#14098);
#14100=POLY_LOOP('',(#7183,#7651,#5214));
#14101=FACE_OUTER_BOUND('',#14100,.T.);
#14102=FACE_SURFACE('',(#14101),#14099,.T.);
#14103=CARTESIAN_POINT('',(210.710972548,248.080208898,12.234253809));
#14104=DIRECTION('',(0.001159636,-0.005944405,0.999981659));
#14105=DIRECTION('',(-0.,0.999982332,0.005944409));
#14106=AXIS2_PLACEMENT_3D('',#14103,#14104,#14105);
#14107=PLANE('',#14106);
#14108=POLY_LOOP('',(#7023,#6127,#2330));
#14109=FACE_OUTER_BOUND('',#14108,.T.);
#14110=FACE_SURFACE('',(#14109),#14107,.T.);
#14111=CARTESIAN_POINT('',(16.065746546,215.470030904,2.924791537));
#14112=DIRECTION('',(0.817447135,0.25116179,-0.518360817));
#14113=DIRECTION('',(0.535527073,-0.,0.84451806));
#14114=AXIS2_PLACEMENT_3D('',#14111,#14112,#14113);
#14115=PLANE('',#14114);
#14116=POLY_LOOP('',(#7323,#5789,#1553));
#14117=FACE_OUTER_BOUND('',#14116,.T.);
#14118=FACE_SURFACE('',(#14117),#14115,.T.);
#14119=CARTESIAN_POINT('',(45.817255974,209.743991494,5.046763457));
#14120=DIRECTION('',(-0.005093922,-0.718600789,-0.695404169));
#14121=DIRECTION('',(0.,0.695413191,-0.718610112));
#14122=AXIS2_PLACEMENT_3D('',#14119,#14120,#14121);
#14123=PLANE('',#14122);
#14124=POLY_LOOP('',(#679,#4004,#4003));
#14125=FACE_OUTER_BOUND('',#14124,.T.);
#14126=FACE_SURFACE('',(#14125),#14123,.T.);
#14127=CARTESIAN_POINT('',(28.87099795,417.92589426,7.478058804));
#14128=DIRECTION('',(-0.742062364,-0.285920856,-0.606294246));
#14129=DIRECTION('',(0.632707747,-0.,-0.774390668));
#14130=AXIS2_PLACEMENT_3D('',#14127,#14128,#14129);
#14131=PLANE('',#14130);
#14132=POLY_LOOP('',(#8012,#4952,#13100));
#14133=FACE_OUTER_BOUND('',#14132,.T.);
#14134=FACE_SURFACE('',(#14133),#14131,.T.);
#14135=CARTESIAN_POINT('',(110.938809812,580.999970436,12.51091063));
#14136=DIRECTION('',(0.000080991,0.999999986,0.000148467));
#14137=DIRECTION('',(0.,-0.000148467,0.999999989));
#14138=AXIS2_PLACEMENT_3D('',#14135,#14136,#14137);
#14139=PLANE('',#14138);
#14140=POLY_LOOP('',(#1206,#9696,#923));
#14141=FACE_OUTER_BOUND('',#14140,.T.);
#14142=FACE_SURFACE('',(#14141),#14139,.T.);
#14143=CARTESIAN_POINT('',(145.245790482,143.997952342,3.866694635));
#14144=DIRECTION('',(-0.000108452,-0.999999963,0.000250707));
#14145=DIRECTION('',(0.,-0.000250707,-0.999999969));
#14146=AXIS2_PLACEMENT_3D('',#14143,#14144,#14145);
#14147=PLANE('',#14146);
#14148=POLY_LOOP('',(#236,#5460,#237));
#14149=FACE_OUTER_BOUND('',#14148,.T.);
#14150=FACE_SURFACE('',(#14149),#14147,.T.);
#14151=CARTESIAN_POINT('',(46.491056681,287.662118673,2.818658017));
#14152=DIRECTION('',(-0.203359115,-0.976913015,-0.065467782));
#14153=DIRECTION('',(-0.979013309,0.203796323,-0.));
#14154=AXIS2_PLACEMENT_3D('',#14151,#14152,#14153);
#14155=PLANE('',#14154);
#14156=POLY_LOOP('',(#3042,#4597,#10235));
#14157=FACE_OUTER_BOUND('',#14156,.T.);
#14158=FACE_SURFACE('',(#14157),#14155,.T.);
#14159=CARTESIAN_POINT('',(41.137907654,337.268918753,3.946199082));
#14160=DIRECTION('',(-0.648635448,0.663356787,-0.373135133));
#14161=DIRECTION('',(0.714995935,0.69912861,0.));
#14162=AXIS2_PLACEMENT_3D('',#14159,#14160,#14161);
#14163=PLANE('',#14162);
#14164=POLY_LOOP('',(#3294,#7961,#10855));
#14165=FACE_OUTER_BOUND('',#14164,.T.);
#14166=FACE_SURFACE('',(#14165),#14163,.T.);
#14167=CARTESIAN_POINT('',(48.614822328,210.160806775,-3.084698692));
#14168=DIRECTION('',(-0.008970774,-0.917239009,0.398236269));
#14169=DIRECTION('',(0.,-0.398252294,-0.917275919));
#14170=AXIS2_PLACEMENT_3D('',#14167,#14168,#14169);
#14171=PLANE('',#14170);
#14172=POLY_LOOP('',(#13182,#6955,#10324));
#14173=FACE_OUTER_BOUND('',#14172,.T.);
#14174=FACE_SURFACE('',(#14173),#14171,.T.);
#14175=CARTESIAN_POINT('',(47.200381756,362.493336201,1.479030936));
#14176=DIRECTION('',(-0.207503599,0.977407627,-0.040206799));
#14177=DIRECTION('',(0.978198618,0.207671527,0.));
#14178=AXIS2_PLACEMENT_3D('',#14175,#14176,#14177);
#14179=PLANE('',#14178);
#14180=POLY_LOOP('',(#4397,#2990,#4098));
#14181=FACE_OUTER_BOUND('',#14180,.T.);
#14182=FACE_SURFACE('',(#14181),#14179,.T.);
#14183=CARTESIAN_POINT('',(204.194650054,395.668566227,9.774042293));
#14184=CARTESIAN_POINT('',(203.719392419,391.91275835,6.968333852));
#14185=DIRECTION('',(-0.002691946,0.598693541,-0.800973656));
#14186=DIRECTION('',(0.,-0.800976558,-0.59869571));
#14187=AXIS2_PLACEMENT_3D('',#14184,#14185,#14186);
#14188=PLANE('',#14187);
#14189=POLY_LOOP('',(#89,#98,#14183));
#14190=FACE_OUTER_BOUND('',#14189,.T.);
#14191=FACE_SURFACE('',(#14190),#14188,.T.);
#14192=CARTESIAN_POINT('',(207.772374153,406.438201666,8.108641021));
#14193=DIRECTION('',(-0.002075099,-0.779529665,-0.626361873));
#14194=DIRECTION('',(0.,0.626363221,-0.779531343));
#14195=AXIS2_PLACEMENT_3D('',#14192,#14193,#14194);
#14196=PLANE('',#14195);
#14197=POLY_LOOP('',(#11681,#2973,#3208));
#14198=FACE_OUTER_BOUND('',#14197,.T.);
#14199=FACE_SURFACE('',(#14198),#14196,.T.);
#14200=CARTESIAN_POINT('',(42.316585779,395.172476768,9.947283193));
#14201=DIRECTION('',(-0.000180018,0.095161913,-0.995461791));
#14202=DIRECTION('',(0.,-0.995461807,-0.095161915));
#14203=AXIS2_PLACEMENT_3D('',#14200,#14201,#14202);
#14204=PLANE('',#14203);
#14205=POLY_LOOP('',(#98,#13684,#12846));
#14206=FACE_OUTER_BOUND('',#14205,.T.);
#14207=FACE_SURFACE('',(#14206),#14204,.T.);
#14208=CARTESIAN_POINT('',(207.470029593,343.482404947,-8.03449098));
#14209=DIRECTION('',(-0.003354293,0.44583076,0.895110989));
#14210=DIRECTION('',(0.,0.895116025,-0.445833268));
#14211=AXIS2_PLACEMENT_3D('',#14208,#14209,#14210);
#14212=PLANE('',#14211);
#14213=POLY_LOOP('',(#3752,#1946,#1948));
#14214=FACE_OUTER_BOUND('',#14213,.T.);
#14215=FACE_SURFACE('',(#14214),#14212,.T.);
#14216=CARTESIAN_POINT('',(34.194298089,438.713878393,7.788890507));
#14217=DIRECTION('',(-0.466948339,0.442522799,-0.765593117));
#14218=DIRECTION('',(-0.85373507,0.,0.520707624));
#14219=AXIS2_PLACEMENT_3D('',#14216,#14217,#14218);
#14220=PLANE('',#14219);
#14221=POLY_LOOP('',(#9687,#4954,#7779));
#14222=FACE_OUTER_BOUND('',#14221,.T.);
#14223=FACE_SURFACE('',(#14222),#14220,.T.);
#14224=CARTESIAN_POINT('',(35.950679332,435.980170965,2.530946629));
#14225=DIRECTION('',(-0.729875999,0.475546801,-0.491056276));
#14226=DIRECTION('',(0.558214871,0.,-0.829696425));
#14227=AXIS2_PLACEMENT_3D('',#14224,#14225,#14226);
#14228=PLANE('',#14227);
#14229=POLY_LOOP('',(#2826,#4954,#9687));
#14230=FACE_OUTER_BOUND('',#14229,.T.);
#14231=FACE_SURFACE('',(#14230),#14228,.T.);
#14232=CARTESIAN_POINT('',(24.451216683,297.736078501,-3.531792434));
#14233=DIRECTION('',(-0.515094714,-0.704745116,-0.487864487));
#14234=DIRECTION('',(-0.807342731,0.590082803,0.));
#14235=AXIS2_PLACEMENT_3D('',#14232,#14233,#14234);
#14236=PLANE('',#14235);
#14237=POLY_LOOP('',(#4598,#1167,#2724));
#14238=FACE_OUTER_BOUND('',#14237,.T.);
#14239=FACE_SURFACE('',(#14238),#14236,.T.);
#14240=CARTESIAN_POINT('',(26.546990499,325.080007315,12.571698055));
#14241=DIRECTION('',(0.023624992,0.066664247,0.997495733));
#14242=DIRECTION('',(0.,0.997774221,-0.066682859));
#14243=AXIS2_PLACEMENT_3D('',#14240,#14241,#14242);
#14244=PLANE('',#14243);
#14245=POLY_LOOP('',(#11135,#5251,#13717));
#14246=FACE_OUTER_BOUND('',#14245,.T.);
#14247=FACE_SURFACE('',(#14246),#14244,.T.);
#14248=CARTESIAN_POINT('',(25.07664822,311.76802516,12.268615887));
#14249=DIRECTION('',(-0.036688666,-0.018695954,0.999151842));
#14250=DIRECTION('',(0.999326509,-0.,0.03669508));
#14251=AXIS2_PLACEMENT_3D('',#14248,#14249,#14250);
#14252=PLANE('',#14251);
#14253=POLY_LOOP('',(#2513,#11135,#13717));
#14254=FACE_OUTER_BOUND('',#14253,.T.);
#14255=FACE_SURFACE('',(#14254),#14252,.T.);
#14256=CARTESIAN_POINT('',(20.535770804,403.05736661,-7.625215221));
#14257=DIRECTION('',(0.399373648,0.275992248,0.874259097));
#14258=DIRECTION('',(0.909587606,0.,-0.415512199));
#14259=AXIS2_PLACEMENT_3D('',#14256,#14257,#14258);
#14260=PLANE('',#14259);
#14261=POLY_LOOP('',(#2379,#6680,#7142));
#14262=FACE_OUTER_BOUND('',#14261,.T.);
#14263=FACE_SURFACE('',(#14262),#14260,.T.);
#14264=CARTESIAN_POINT('',(231.269404292,356.025010347,5.129890982));
#14265=DIRECTION('',(0.64412583,-0.481055956,0.594715968));
#14266=DIRECTION('',(-0.678365261,-0.,0.734724827));
#14267=AXIS2_PLACEMENT_3D('',#14264,#14265,#14266);
#14268=PLANE('',#14267);
#14269=POLY_LOOP('',(#782,#186,#2291));
#14270=FACE_OUTER_BOUND('',#14269,.T.);
#14271=FACE_SURFACE('',(#14270),#14268,.T.);
#14272=CARTESIAN_POINT('',(122.680038214,168.980270624,-4.178524483));
#14273=DIRECTION('',(-0.829300708,0.003972555,-0.55878847));
#14274=DIRECTION('',(0.558792879,0.,-0.829307252));
#14275=AXIS2_PLACEMENT_3D('',#14272,#14273,#14274);
#14276=PLANE('',#14275);
#14277=POLY_LOOP('',(#771,#1412,#6698));
#14278=FACE_OUTER_BOUND('',#14277,.T.);
#14279=FACE_SURFACE('',(#14278),#14276,.T.);
#14280=CARTESIAN_POINT('',(121.355600655,476.817369461,-8.84331204));
#14281=DIRECTION('',(0.496275236,-0.174805908,-0.850384492));
#14282=DIRECTION('',(-0.863682691,0.,-0.504035921));
#14283=AXIS2_PLACEMENT_3D('',#14280,#14281,#14282);
#14284=PLANE('',#14283);
#14285=POLY_LOOP('',(#1297,#2352,#8619));
#14286=FACE_OUTER_BOUND('',#14285,.T.);
#14287=FACE_SURFACE('',(#14286),#14284,.T.);
#14288=CARTESIAN_POINT('',(36.194045097,387.495100498,-1.47612975));
#14289=DIRECTION('',(-0.296801372,-0.92378036,0.241947913));
#14290=DIRECTION('',(-0.952066994,0.305889585,0.));
#14291=AXIS2_PLACEMENT_3D('',#14288,#14289,#14290);
#14292=PLANE('',#14291);
#14293=POLY_LOOP('',(#1327,#4235,#1328));
#14294=FACE_OUTER_BOUND('',#14293,.T.);
#14295=FACE_SURFACE('',(#14294),#14292,.T.);
#14296=CARTESIAN_POINT('',(202.964797616,388.76375556,5.789274815));
#14297=DIRECTION('',(-0.319652472,-0.888225277,0.329966898));
#14298=DIRECTION('',(-0.,-0.348237215,-0.937406445));
#14299=AXIS2_PLACEMENT_3D('',#14296,#14297,#14298);
#14300=PLANE('',#14299);
#14301=POLY_LOOP('',(#3158,#2647,#2461));
#14302=FACE_OUTER_BOUND('',#14301,.T.);
#14303=FACE_SURFACE('',(#14302),#14300,.T.);
#14304=CARTESIAN_POINT('',(118.841342628,179.811492562,1.953585772));
#14305=DIRECTION('',(0.569813987,0.766565391,-0.296124165));
#14306=DIRECTION('',(0.802560676,-0.5965705,0.));
#14307=AXIS2_PLACEMENT_3D('',#14304,#14305,#14306);
#14308=PLANE('',#14307);
#14309=POLY_LOOP('',(#3449,#4030,#3790));
#14310=FACE_OUTER_BOUND('',#14309,.T.);
#14311=FACE_SURFACE('',(#14310),#14308,.T.);
#14312=CARTESIAN_POINT('',(44.377002865,205.114483833,-11.743010953));
#14313=DIRECTION('',(0.021224225,0.533725559,-0.845391365));
#14314=DIRECTION('',(0.,-0.84558184,-0.533845812));
#14315=AXIS2_PLACEMENT_3D('',#14312,#14313,#14314);
#14316=PLANE('',#14315);
#14317=POLY_LOOP('',(#8394,#13545,#820));
#14318=FACE_OUTER_BOUND('',#14317,.T.);
#14319=FACE_SURFACE('',(#14318),#14316,.T.);
#14320=CARTESIAN_POINT('',(211.773231626,270.189851522,-0.377096439));
#14321=DIRECTION('',(-0.846846857,0.458773695,-0.269029921));
#14322=DIRECTION('',(-0.476335311,-0.87926371,0.));
#14323=AXIS2_PLACEMENT_3D('',#14320,#14321,#14322);
#14324=PLANE('',#14323);
#14325=POLY_LOOP('',(#3140,#3411,#8285));
#14326=FACE_OUTER_BOUND('',#14325,.T.);
#14327=FACE_SURFACE('',(#14326),#14324,.T.);
#14328=CARTESIAN_POINT('',(205.933958292,411.255091429,5.399405491));
#14329=DIRECTION('',(0.002591002,0.764503235,0.644614684));
#14330=DIRECTION('',(-0.,-0.644616847,0.764505801));
#14331=AXIS2_PLACEMENT_3D('',#14328,#14329,#14330);
#14332=PLANE('',#14331);
#14333=POLY_LOOP('',(#1524,#3401,#3715));
#14334=FACE_OUTER_BOUND('',#14333,.T.);
#14335=FACE_SURFACE('',(#14334),#14332,.T.);
#14336=CARTESIAN_POINT('',(214.826047421,375.352084637,2.392211929));
#14337=CARTESIAN_POINT('',(214.826047421,375.352084637,2.392211929));
#14338=DIRECTION('',(0.94115634,-0.070738025,-0.330485816));
#14339=DIRECTION('',(0.331315786,0.,0.943519926));
#14340=AXIS2_PLACEMENT_3D('',#14337,#14338,#14339);
#14341=PLANE('',#14340);
#14342=POLY_LOOP('',(#14336,#7116,#4862));
#14343=FACE_OUTER_BOUND('',#14342,.T.);
#14344=FACE_SURFACE('',(#14343),#14341,.T.);
#14345=CARTESIAN_POINT('',(38.163416088,312.457352877,-10.002089664));
#14346=DIRECTION('',(0.710145582,0.451177099,-0.54049281));
#14347=DIRECTION('',(0.605638675,-0.,0.795739779));
#14348=AXIS2_PLACEMENT_3D('',#14345,#14346,#14347);
#14349=PLANE('',#14348);
#14350=POLY_LOOP('',(#2934,#2115,#8319));
#14351=FACE_OUTER_BOUND('',#14350,.T.);
#14352=FACE_SURFACE('',(#14351),#14349,.T.);
#14353=CARTESIAN_POINT('',(145.461916924,143.998906016,7.764129899));
#14354=DIRECTION('',(-0.000216007,-0.999999974,-0.000075389));
#14355=DIRECTION('',(-0.999999977,0.000216007,0.));
#14356=AXIS2_PLACEMENT_3D('',#14353,#14354,#14355);
#14357=PLANE('',#14356);
#14358=POLY_LOOP('',(#5460,#4142,#237));
#14359=FACE_OUTER_BOUND('',#14358,.T.);
#14360=FACE_SURFACE('',(#14359),#14357,.T.);
#14361=CARTESIAN_POINT('',(47.371882945,237.486049533,2.662251005));
#14362=DIRECTION('',(0.454943245,-0.75195218,0.47706872));
#14363=DIRECTION('',(0.,-0.535719004,-0.844396322));
#14364=AXIS2_PLACEMENT_3D('',#14361,#14362,#14363);
#14365=PLANE('',#14364);
#14366=POLY_LOOP('',(#6443,#1582,#5114));
#14367=FACE_OUTER_BOUND('',#14366,.T.);
#14368=FACE_SURFACE('',(#14367),#14365,.T.);
#14369=CARTESIAN_POINT('',(45.127782971,246.65042758,12.159702368));
#14370=DIRECTION('',(-0.000080561,-0.042764383,0.999085182));
#14371=DIRECTION('',(-0.,0.999085185,0.042764383));
#14372=AXIS2_PLACEMENT_3D('',#14369,#14370,#14371);
#14373=PLANE('',#14372);
#14374=POLY_LOOP('',(#11168,#7023,#2330));
#14375=FACE_OUTER_BOUND('',#14374,.T.);
#14376=FACE_SURFACE('',(#14375),#14373,.T.);
#14377=CARTESIAN_POINT('',(227.701127529,397.560358047,1.498978701));
#14378=DIRECTION('',(-0.817527245,-0.551442757,0.166012319));
#14379=DIRECTION('',(0.55920243,-0.829031147,0.));
#14380=AXIS2_PLACEMENT_3D('',#14377,#14378,#14379);
#14381=PLANE('',#14380);
#14382=POLY_LOOP('',(#1665,#4361,#7490));
#14383=FACE_OUTER_BOUND('',#14382,.T.);
#14384=FACE_SURFACE('',(#14383),#14381,.T.);
#14385=CARTESIAN_POINT('',(119.384169579,580.999910831,8.021191694));
#14386=DIRECTION('',(0.000133013,0.999999983,0.000130226));
#14387=DIRECTION('',(0.999999991,-0.000133013,0.));
#14388=AXIS2_PLACEMENT_3D('',#14385,#14386,#14387);
#14389=PLANE('',#14388);
#14390=POLY_LOOP('',(#8929,#9696,#3227));
#14391=FACE_OUTER_BOUND('',#14390,.T.);
#14392=FACE_SURFACE('',(#14391),#14389,.T.);
#14393=CARTESIAN_POINT('',(123.033151031,477.522462606,-0.760269177));
#14394=DIRECTION('',(-0.950855758,0.296571784,-0.088985979));
#14395=DIRECTION('',(-0.297753007,-0.954642942,-0.));
#14396=AXIS2_PLACEMENT_3D('',#14393,#14394,#14395);
#14397=PLANE('',#14396);
#14398=POLY_LOOP('',(#1973,#2407,#582));
#14399=FACE_OUTER_BOUND('',#14398,.T.);
#14400=FACE_SURFACE('',(#14399),#14397,.T.);
#14401=CARTESIAN_POINT('',(36.992996931,327.772289515,3.90503183));
#14402=DIRECTION('',(0.853966129,-0.259019269,0.451276931));
#14403=DIRECTION('',(-0.467222219,0.,0.88413992));
#14404=AXIS2_PLACEMENT_3D('',#14401,#14402,#14403);
#14405=PLANE('',#14404);
#14406=POLY_LOOP('',(#10178,#1357,#2262));
#14407=FACE_OUTER_BOUND('',#14406,.T.);
#14408=FACE_SURFACE('',(#14407),#14405,.T.);
#14409=CARTESIAN_POINT('',(204.194650054,395.668566227,9.774042293));
#14410=DIRECTION('',(-0.0014476,0.125931147,-0.992037928));
#14411=DIRECTION('',(-0.,-0.992038967,-0.125931279));
#14412=AXIS2_PLACEMENT_3D('',#14409,#14410,#14411);
#14413=PLANE('',#14412);
#14414=POLY_LOOP('',(#14183,#98,#12846));
#14415=FACE_OUTER_BOUND('',#14414,.T.);
#14416=FACE_SURFACE('',(#14415),#14413,.T.);
#14417=CARTESIAN_POINT('',(79.338513315,436.622142792,-3.109754995));
#14418=DIRECTION('',(0.214379422,-0.9766163,-0.016188478));
#14419=DIRECTION('',(-0.976744294,-0.214407518,-0.));
#14420=AXIS2_PLACEMENT_3D('',#14417,#14418,#14419);
#14421=PLANE('',#14420);
#14422=POLY_LOOP('',(#1898,#7693,#5843));
#14423=FACE_OUTER_BOUND('',#14422,.T.);
#14424=FACE_SURFACE('',(#14423),#14421,.T.);
#14425=CARTESIAN_POINT('',(95.977522433,440.264075994,-2.474128501));
#14426=DIRECTION('',(0.405928122,-0.758928788,-0.50916545));
#14427=DIRECTION('',(0.,0.5571317,-0.83042415));
#14428=AXIS2_PLACEMENT_3D('',#14425,#14426,#14427);
#14429=PLANE('',#14428);
#14430=POLY_LOOP('',(#7693,#2205,#1306));
#14431=FACE_OUTER_BOUND('',#14430,.T.);
#14432=FACE_SURFACE('',(#14431),#14429,.T.);
#14433=CARTESIAN_POINT('',(220.142617822,402.679383755,-6.15931116));
#14434=DIRECTION('',(-0.449062314,-0.454116228,0.769494308));
#14435=DIRECTION('',(0.,0.861213126,0.508243988));
#14436=AXIS2_PLACEMENT_3D('',#14433,#14434,#14435);
#14437=PLANE('',#14436);
#14438=POLY_LOOP('',(#5225,#1916,#4361));
#14439=FACE_OUTER_BOUND('',#14438,.T.);
#14440=FACE_SURFACE('',(#14439),#14437,.T.);
#14441=CARTESIAN_POINT('',(36.549855024,330.803781748,-3.424985567));
#14442=CARTESIAN_POINT('',(36.929186434,332.874417305,3.4498733));
#14443=DIRECTION('',(-0.976510942,0.215190291,-0.0109325));
#14444=DIRECTION('',(-0.215203152,-0.976569303,0.));
#14445=AXIS2_PLACEMENT_3D('',#14442,#14443,#14444);
#14446=PLANE('',#14445);
#14447=POLY_LOOP('',(#7961,#14441,#5422));
#14448=FACE_OUTER_BOUND('',#14447,.T.);
#14449=FACE_SURFACE('',(#14448),#14446,.T.);
#14450=CARTESIAN_POINT('',(97.307875752,473.156869411,-2.136081923));
#14451=DIRECTION('',(-0.862380839,0.359729,-0.356222312));
#14452=DIRECTION('',(-0.384983439,-0.922923481,0.));
#14453=AXIS2_PLACEMENT_3D('',#14450,#14451,#14452);
#14454=PLANE('',#14453);
#14455=POLY_LOOP('',(#3188,#3968,#3246));
#14456=FACE_OUTER_BOUND('',#14455,.T.);
#14457=FACE_SURFACE('',(#14456),#14454,.T.);
#14458=CARTESIAN_POINT('',(206.065103412,339.516997337,-7.182390895));
#14459=DIRECTION('',(0.004045312,-0.582719538,-0.812663261));
#14460=DIRECTION('',(-0.,-0.81266991,0.582724306));
#14461=AXIS2_PLACEMENT_3D('',#14458,#14459,#14460);
#14462=PLANE('',#14461);
#14463=POLY_LOOP('',(#1728,#12709,#613));
#14464=FACE_OUTER_BOUND('',#14463,.T.);
#14465=FACE_SURFACE('',(#14464),#14462,.T.);
#14466=CARTESIAN_POINT('',(130.73387742,193.448916078,7.173999213));
#14467=DIRECTION('',(-0.690259818,-0.556004913,-0.46303339));
#14468=DIRECTION('',(0.62730373,-0.778774698,0.));
#14469=AXIS2_PLACEMENT_3D('',#14466,#14467,#14468);
#14470=PLANE('',#14469);
#14471=POLY_LOOP('',(#1771,#1770,#6998));
#14472=FACE_OUTER_BOUND('',#14471,.T.);
#14473=FACE_SURFACE('',(#14472),#14470,.T.);
#14474=CARTESIAN_POINT('',(44.022981077,194.974496961,-9.245480411));
#14475=DIRECTION('',(0.002708397,0.266758727,0.963759537));
#14476=DIRECTION('',(0.,0.963763072,-0.266759706));
#14477=AXIS2_PLACEMENT_3D('',#14474,#14475,#14476);
#14478=PLANE('',#14477);
#14479=POLY_LOOP('',(#5638,#3673,#3672));
#14480=FACE_OUTER_BOUND('',#14479,.T.);
#14481=FACE_SURFACE('',(#14480),#14478,.T.);
#14482=CARTESIAN_POINT('',(29.934544116,204.080566764,-10.047451593));
#14483=DIRECTION('',(0.258997509,0.474785697,0.841129498));
#14484=DIRECTION('',(0.,0.870844462,-0.491558667));
#14485=AXIS2_PLACEMENT_3D('',#14482,#14483,#14484);
#14486=PLANE('',#14485);
#14487=POLY_LOOP('',(#1101,#1102,#5638));
#14488=FACE_OUTER_BOUND('',#14487,.T.);
#14489=FACE_SURFACE('',(#14488),#14486,.T.);
#14490=CARTESIAN_POINT('',(18.511638045,333.78854394,-8.070492186));
#14491=DIRECTION('',(0.480483239,-0.017314761,0.876832969));
#14492=DIRECTION('',(0.876964436,0.,-0.48055528));
#14493=AXIS2_PLACEMENT_3D('',#14490,#14491,#14492);
#14494=PLANE('',#14493);
#14495=POLY_LOOP('',(#6398,#2215,#7634));
#14496=FACE_OUTER_BOUND('',#14495,.T.);
#14497=FACE_SURFACE('',(#14496),#14494,.T.);
#14498=CARTESIAN_POINT('',(46.260017902,311.237126589,-6.306819618));
#14499=DIRECTION('',(0.459816818,0.819948432,-0.340959034));
#14500=DIRECTION('',(0.872213047,-0.48912616,0.));
#14501=AXIS2_PLACEMENT_3D('',#14498,#14499,#14500);
#14502=PLANE('',#14501);
#14503=POLY_LOOP('',(#2601,#8319,#2551));
#14504=FACE_OUTER_BOUND('',#14503,.T.);
#14505=FACE_SURFACE('',(#14504),#14502,.T.);
#14506=CARTESIAN_POINT('',(19.764179364,398.989439011,0.827603042));
#14507=CARTESIAN_POINT('',(21.351171657,399.392515421,4.885434639));
#14508=DIRECTION('',(0.556855948,0.776490329,-0.294913923));
#14509=DIRECTION('',(0.812633144,-0.582775577,0.));
#14510=AXIS2_PLACEMENT_3D('',#14507,#14508,#14509);
#14511=PLANE('',#14510);
#14512=POLY_LOOP('',(#5277,#573,#14506));
#14513=FACE_OUTER_BOUND('',#14512,.T.);
#14514=FACE_SURFACE('',(#14513),#14511,.T.);
#14515=CARTESIAN_POINT('',(30.438056216,391.712874174,1.823248109));
#14516=DIRECTION('',(0.554262553,0.826503991,0.098408203));
#14517=DIRECTION('',(0.830535299,-0.556965992,-0.));
#14518=AXIS2_PLACEMENT_3D('',#14515,#14516,#14517);
#14519=PLANE('',#14518);
#14520=POLY_LOOP('',(#573,#2381,#14506));
#14521=FACE_OUTER_BOUND('',#14520,.T.);
#14522=FACE_SURFACE('',(#14521),#14519,.T.);
#14523=CARTESIAN_POINT('',(216.90261364,280.039459467,7.320810575));
#14524=DIRECTION('',(0.914033542,-0.050916905,-0.402430307));
#14525=DIRECTION('',(0.40295298,-0.,0.915220681));
#14526=AXIS2_PLACEMENT_3D('',#14523,#14524,#14525);
#14527=PLANE('',#14526);
#14528=POLY_LOOP('',(#791,#4301,#792));
#14529=FACE_OUTER_BOUND('',#14528,.T.);
#14530=FACE_SURFACE('',(#14529),#14527,.T.);
#14531=CARTESIAN_POINT('',(203.349933028,397.435218096,-10.243842378));
#14532=DIRECTION('',(0.017126417,0.067851355,0.997548435));
#14533=DIRECTION('',(0.,0.997694764,-0.067861308));
#14534=AXIS2_PLACEMENT_3D('',#14531,#14532,#14533);
#14535=PLANE('',#14534);
#14536=POLY_LOOP('',(#4972,#4973,#1495));
#14537=FACE_OUTER_BOUND('',#14536,.T.);
#14538=FACE_SURFACE('',(#14537),#14535,.T.);
#14539=CARTESIAN_POINT('',(222.86465764,399.71396327,9.844641201));
#14540=CARTESIAN_POINT('',(230.77622056,393.559873104,6.811220199));
#14541=DIRECTION('',(0.541113385,0.310399796,0.781567829));
#14542=DIRECTION('',(0.822178423,-0.,-0.569229866));
#14543=AXIS2_PLACEMENT_3D('',#14540,#14541,#14542);
#14544=PLANE('',#14543);
#14545=POLY_LOOP('',(#9678,#14539,#471));
#14546=FACE_OUTER_BOUND('',#14545,.T.);
#14547=FACE_SURFACE('',(#14546),#14544,.T.);
#14548=CARTESIAN_POINT('',(214.826047421,374.647915363,-2.392211929));
#14549=DIRECTION('',(0.956341288,-0.289137346,0.0425551));
#14550=DIRECTION('',(0.289399507,0.957208402,0.));
#14551=AXIS2_PLACEMENT_3D('',#14548,#14549,#14550);
#14552=PLANE('',#14551);
#14553=POLY_LOOP('',(#10439,#14336,#4862));
#14554=FACE_OUTER_BOUND('',#14553,.T.);
#14555=FACE_SURFACE('',(#14554),#14552,.T.);
#14556=CARTESIAN_POINT('',(144.649788737,167.02285409,8.06165766));
#14557=DIRECTION('',(0.577230409,0.009809221,0.816522402));
#14558=DIRECTION('',(0.816561688,0.,-0.577258182));
#14559=AXIS2_PLACEMENT_3D('',#14556,#14557,#14558);
#14560=PLANE('',#14559);
#14561=POLY_LOOP('',(#4154,#4143,#5460));
#14562=FACE_OUTER_BOUND('',#14561,.T.);
#14563=FACE_SURFACE('',(#14562),#14560,.T.);
#14564=CARTESIAN_POINT('',(28.583833948,228.88186574,-9.921099059));
#14565=DIRECTION('',(-0.813719985,0.102022532,0.572233509));
#14566=DIRECTION('',(-0.575235035,-0.,-0.817988175));
#14567=AXIS2_PLACEMENT_3D('',#14564,#14565,#14566);
#14568=PLANE('',#14567);
#14569=POLY_LOOP('',(#2244,#2243,#8946));
#14570=FACE_OUTER_BOUND('',#14569,.T.);
#14571=FACE_SURFACE('',(#14570),#14568,.T.);
#14572=CARTESIAN_POINT('',(119.614347816,580.999493599,10.989995673));
#14573=DIRECTION('',(0.172677276,0.000903447,0.984978042));
#14574=DIRECTION('',(0.984978444,0.,-0.172677346));
#14575=AXIS2_PLACEMENT_3D('',#14572,#14573,#14574);
#14576=PLANE('',#14575);
#14577=POLY_LOOP('',(#9696,#1206,#7192));
#14578=FACE_OUTER_BOUND('',#14577,.T.);
#14579=FACE_SURFACE('',(#14578),#14576,.T.);
#14580=CARTESIAN_POINT('',(29.856584966,423.35036397,3.713655518));
#14581=DIRECTION('',(-0.896060567,-0.131450783,-0.424023764));
#14582=DIRECTION('',(0.427735352,0.,-0.903904015));
#14583=AXIS2_PLACEMENT_3D('',#14580,#14581,#14582);
#14584=PLANE('',#14583);
#14585=POLY_LOOP('',(#4952,#8012,#4953));
#14586=FACE_OUTER_BOUND('',#14585,.T.);
#14587=FACE_SURFACE('',(#14586),#14584,.T.);
#14588=CARTESIAN_POINT('',(206.088602543,392.78486371,-8.310441859));
#14589=DIRECTION('',(0.494283188,0.647753252,0.579741196));
#14590=DIRECTION('',(-0.,-0.666905058,0.7451427));
#14591=AXIS2_PLACEMENT_3D('',#14588,#14589,#14590);
#14592=PLANE('',#14591);
#14593=POLY_LOOP('',(#4696,#8856,#8207));
#14594=FACE_OUTER_BOUND('',#14593,.T.);
#14595=FACE_SURFACE('',(#14594),#14592,.T.);
#14596=CARTESIAN_POINT('',(223.932087421,345.623135567,1.643688418));
#14597=DIRECTION('',(0.695565331,-0.615082067,0.371298966));
#14598=DIRECTION('',(0.662437491,0.749117194,-0.));
#14599=AXIS2_PLACEMENT_3D('',#14596,#14597,#14598);
#14600=PLANE('',#14599);
#14601=POLY_LOOP('',(#2290,#782,#2291));
#14602=FACE_OUTER_BOUND('',#14601,.T.);
#14603=FACE_SURFACE('',(#14602),#14600,.T.);
#14604=CARTESIAN_POINT('',(37.484835833,319.842040539,4.6502552));
#14605=DIRECTION('',(0.850416725,0.101258727,0.516273246));
#14606=DIRECTION('',(-0.518940535,-0.,0.854810342));
#14607=AXIS2_PLACEMENT_3D('',#14604,#14605,#14606);
#14608=PLANE('',#14607);
#14609=POLY_LOOP('',(#2532,#10178,#2522));
#14610=FACE_OUTER_BOUND('',#14609,.T.);
#14611=FACE_SURFACE('',(#14610),#14608,.T.);
#14612=CARTESIAN_POINT('',(38.129646331,236.033141613,-8.662595414));
#14613=DIRECTION('',(0.37286151,-0.825167787,-0.424349405));
#14614=DIRECTION('',(0.,0.457328751,-0.889297708));
#14615=AXIS2_PLACEMENT_3D('',#14612,#14613,#14614);
#14616=PLANE('',#14615);
#14617=POLY_LOOP('',(#2342,#2341,#1375));
#14618=FACE_OUTER_BOUND('',#14617,.T.);
#14619=FACE_SURFACE('',(#14618),#14616,.T.);
#14620=CARTESIAN_POINT('',(43.999306858,261.105775833,-5.841500591));
#14621=DIRECTION('',(-0.005565903,0.720894777,-0.69302218));
#14622=DIRECTION('',(0.,0.693032914,0.720905944));
#14623=AXIS2_PLACEMENT_3D('',#14620,#14621,#14622);
#14624=PLANE('',#14623);
#14625=POLY_LOOP('',(#5314,#3951,#3652));
#14626=FACE_OUTER_BOUND('',#14625,.T.);
#14627=FACE_SURFACE('',(#14626),#14624,.T.);
#14628=CARTESIAN_POINT('',(204.194650054,395.668566227,9.774042293));
#14629=DIRECTION('',(0.083007063,0.128109832,-0.988280172));
#14630=DIRECTION('',(0.,-0.991702578,-0.128553475));
#14631=AXIS2_PLACEMENT_3D('',#14628,#14629,#14630);
#14632=PLANE('',#14631);
#14633=POLY_LOOP('',(#14183,#12846,#11460));
#14634=FACE_OUTER_BOUND('',#14633,.T.);
#14635=FACE_SURFACE('',(#14634),#14632,.T.);
#14636=CARTESIAN_POINT('',(44.501584023,341.79982543,-7.242116611));
#14637=DIRECTION('',(-0.001130708,0.513589351,0.858035372));
#14638=DIRECTION('',(0.,0.858035921,-0.51358968));
#14639=AXIS2_PLACEMENT_3D('',#14636,#14637,#14638);
#14640=PLANE('',#14639);
#14641=POLY_LOOP('',(#9891,#3752,#1948));
#14642=FACE_OUTER_BOUND('',#14641,.T.);
#14643=FACE_SURFACE('',(#14642),#14640,.T.);
#14644=CARTESIAN_POINT('',(103.410303593,195.845216513,12.017462403));
#14645=DIRECTION('',(-0.224500393,-0.561714028,0.796289472));
#14646=DIRECTION('',(0.,0.817147993,0.576427928));
#14647=AXIS2_PLACEMENT_3D('',#14644,#14645,#14646);
#14648=PLANE('',#14647);
#14649=POLY_LOOP('',(#904,#842,#841));
#14650=FACE_OUTER_BOUND('',#14649,.T.);
#14651=FACE_SURFACE('',(#14650),#14648,.T.);
#14652=CARTESIAN_POINT('',(36.723643541,337.704926729,-8.192152716));
#14653=DIRECTION('',(-0.65934148,0.43848722,0.610735434));
#14654=DIRECTION('',(-0.67954824,0.,-0.733630827));
#14655=AXIS2_PLACEMENT_3D('',#14652,#14653,#14654);
#14656=PLANE('',#14655);
#14657=POLY_LOOP('',(#9392,#2163,#14441));
#14658=FACE_OUTER_BOUND('',#14657,.T.);
#14659=FACE_SURFACE('',(#14658),#14656,.T.);
#14660=CARTESIAN_POINT('',(39.732635021,335.1328969,-2.426033374));
#14661=DIRECTION('',(-0.724647486,0.403928409,0.558325945));
#14662=DIRECTION('',(-0.610331966,-0.,-0.792145751));
#14663=AXIS2_PLACEMENT_3D('',#14660,#14661,#14662);
#14664=PLANE('',#14663);
#14665=POLY_LOOP('',(#7960,#9392,#14441));
#14666=FACE_OUTER_BOUND('',#14665,.T.);
#14667=FACE_SURFACE('',(#14666),#14664,.T.);
#14668=CARTESIAN_POINT('',(216.487154365,398.664563894,10.183867067));
#14669=DIRECTION('',(-0.191348444,-0.104553339,-0.975937689));
#14670=DIRECTION('',(-0.981316006,0.,0.192402951));
#14671=AXIS2_PLACEMENT_3D('',#14668,#14669,#14670);
#14672=PLANE('',#14671);
#14673=POLY_LOOP('',(#6346,#893,#895));
#14674=FACE_OUTER_BOUND('',#14673,.T.);
#14675=FACE_SURFACE('',(#14674),#14672,.T.);
#14676=CARTESIAN_POINT('',(41.97916761,198.219224811,10.58612112));
#14677=DIRECTION('',(-0.105439162,-0.119558727,-0.987212385));
#14678=DIRECTION('',(0.,-0.992746195,0.120228912));
#14679=AXIS2_PLACEMENT_3D('',#14676,#14677,#14678);
#14680=PLANE('',#14679);
#14681=POLY_LOOP('',(#5469,#4687,#4003));
#14682=FACE_OUTER_BOUND('',#14681,.T.);
#14683=FACE_SURFACE('',(#14682),#14680,.T.);
#14684=CARTESIAN_POINT('',(218.458786607,347.644388676,-10.285098106));
#14685=DIRECTION('',(0.298548274,-0.702072248,-0.646500956));
#14686=DIRECTION('',(-0.,0.677393817,-0.735620566));
#14687=AXIS2_PLACEMENT_3D('',#14684,#14685,#14686);
#14688=PLANE('',#14687);
#14689=POLY_LOOP('',(#1727,#2685,#1728));
#14690=FACE_OUTER_BOUND('',#14689,.T.);
#14691=FACE_SURFACE('',(#14690),#14688,.T.);
#14692=CARTESIAN_POINT('',(44.826447964,200.29322803,-10.719908401));
#14693=DIRECTION('',(0.107163727,0.25053535,0.962157978));
#14694=DIRECTION('',(0.,0.967730765,-0.251986442));
#14695=AXIS2_PLACEMENT_3D('',#14692,#14693,#14694);
#14696=PLANE('',#14695);
#14697=POLY_LOOP('',(#3672,#1101,#5638));
#14698=FACE_OUTER_BOUND('',#14697,.T.);
#14699=FACE_SURFACE('',(#14698),#14696,.T.);
#14700=CARTESIAN_POINT('',(25.779515505,347.835719585,-7.081673015));
#14701=DIRECTION('',(0.421874418,-0.278998857,0.862659616));
#14702=DIRECTION('',(0.898331054,-0.,-0.439319152));
#14703=AXIS2_PLACEMENT_3D('',#14700,#14701,#14702);
#14704=PLANE('',#14703);
#14705=POLY_LOOP('',(#2925,#6398,#7634));
#14706=FACE_OUTER_BOUND('',#14705,.T.);
#14707=FACE_SURFACE('',(#14706),#14704,.T.);
#14708=CARTESIAN_POINT('',(18.511638045,333.78854394,-8.070492186));
#14709=DIRECTION('',(0.691838548,0.001251983,0.722051145));
#14710=DIRECTION('',(0.722051711,0.,-0.69183909));
#14711=AXIS2_PLACEMENT_3D('',#14708,#14709,#14710);
#14712=PLANE('',#14711);
#14713=POLY_LOOP('',(#6398,#6389,#2215));
#14714=FACE_OUTER_BOUND('',#14713,.T.);
#14715=FACE_SURFACE('',(#14714),#14712,.T.);
#14716=CARTESIAN_POINT('',(216.515406966,342.175900936,-5.24399057));
#14717=DIRECTION('',(0.56279738,-0.800699746,-0.205277923));
#14718=DIRECTION('',(-0.818122715,-0.57504367,-0.));
#14719=AXIS2_PLACEMENT_3D('',#14716,#14717,#14718);
#14720=PLANE('',#14719);
#14721=POLY_LOOP('',(#2685,#2684,#2290));
#14722=FACE_OUTER_BOUND('',#14721,.T.);
#14723=FACE_SURFACE('',(#14722),#14720,.T.);
#14724=CARTESIAN_POINT('',(94.369493425,463.44730258,9.901603684));
#14725=DIRECTION('',(-0.299211309,0.371259556,0.878998825));
#14726=DIRECTION('',(0.,0.921201966,-0.389084744));
#14727=AXIS2_PLACEMENT_3D('',#14724,#14725,#14726);
#14728=PLANE('',#14727);
#14729=POLY_LOOP('',(#1083,#2592,#7702));
#14730=FACE_OUTER_BOUND('',#14729,.T.);
#14731=FACE_SURFACE('',(#14730),#14728,.T.);
#14732=CARTESIAN_POINT('',(37.720091641,405.392318964,9.296524338));
#14733=DIRECTION('',(-0.000785963,-0.692056689,-0.721842726));
#14734=DIRECTION('',(-0.,-0.721842949,0.692056903));
#14735=AXIS2_PLACEMENT_3D('',#14732,#14733,#14734);
#14736=PLANE('',#14735);
#14737=POLY_LOOP('',(#8508,#2973,#11681));
#14738=FACE_OUTER_BOUND('',#14737,.T.);
#14739=FACE_SURFACE('',(#14738),#14736,.T.);
#14740=CARTESIAN_POINT('',(19.991319627,338.154762983,10.423146188));
#14741=DIRECTION('',(-0.563368901,0.432100901,0.704204724));
#14742=DIRECTION('',(0.780866039,-0.,0.62469851));
#14743=AXIS2_PLACEMENT_3D('',#14740,#14741,#14742);
#14744=PLANE('',#14743);
#14745=POLY_LOOP('',(#9493,#651,#9502));
#14746=FACE_OUTER_BOUND('',#14745,.T.);
#14747=FACE_SURFACE('',(#14746),#14744,.T.);
#14748=CARTESIAN_POINT('',(40.078401566,315.146952868,-5.240871105));
#14749=DIRECTION('',(0.907746088,0.410073009,-0.088527772));
#14750=DIRECTION('',(-0.411689421,0.911324213,0.));
#14751=AXIS2_PLACEMENT_3D('',#14748,#14749,#14750);
#14752=PLANE('',#14751);
#14753=POLY_LOOP('',(#8319,#2106,#2531));
#14754=FACE_OUTER_BOUND('',#14753,.T.);
#14755=FACE_SURFACE('',(#14754),#14752,.T.);
#14756=CARTESIAN_POINT('',(223.935320973,266.21723175,-10.641572997));
#14757=DIRECTION('',(-0.208289316,0.144498895,0.967334291));
#14758=DIRECTION('',(0.977594179,-0.,0.210498505));
#14759=AXIS2_PLACEMENT_3D('',#14756,#14757,#14758);
#14760=PLANE('',#14759);
#14761=POLY_LOOP('',(#3523,#4607,#3501));
#14762=FACE_OUTER_BOUND('',#14761,.T.);
#14763=FACE_SURFACE('',(#14762),#14760,.T.);
#14764=CARTESIAN_POINT('',(212.673917413,398.969322443,-10.50826814));
#14765=DIRECTION('',(0.325631887,0.173191405,0.929499118));
#14766=DIRECTION('',(0.943761061,-0.,-0.330628281));
#14767=AXIS2_PLACEMENT_3D('',#14764,#14765,#14766);
#14768=PLANE('',#14767);
#14769=POLY_LOOP('',(#1495,#4973,#1496));
#14770=FACE_OUTER_BOUND('',#14769,.T.);
#14771=FACE_SURFACE('',(#14770),#14768,.T.);
#14772=CARTESIAN_POINT('',(116.952754557,199.112385511,-10.510652326));
#14773=DIRECTION('',(0.042036611,0.036625366,0.998444543));
#14774=DIRECTION('',(0.999114883,0.,-0.042064834));
#14775=AXIS2_PLACEMENT_3D('',#14772,#14773,#14774);
#14776=PLANE('',#14775);
#14777=POLY_LOOP('',(#3674,#3662,#12929));
#14778=FACE_OUTER_BOUND('',#14777,.T.);
#14779=FACE_SURFACE('',(#14778),#14776,.T.);
#14780=CARTESIAN_POINT('',(76.858200133,459.187269211,-3.373135347));
#14781=DIRECTION('',(-0.010180386,-0.995467585,0.094554999));
#14782=DIRECTION('',(-0.,-0.094559899,-0.995519174));
#14783=AXIS2_PLACEMENT_3D('',#14780,#14781,#14782);
#14784=PLANE('',#14783);
#14785=POLY_LOOP('',(#5159,#6030,#4888));
#14786=FACE_OUTER_BOUND('',#14785,.T.);
#14787=FACE_SURFACE('',(#14786),#14784,.T.);
#14788=CARTESIAN_POINT('',(33.740799874,220.621049404,-6.636002567));
#14789=DIRECTION('',(-0.513745654,0.020368543,0.85770072));
#14790=DIRECTION('',(0.857878696,0.,0.513852258));
#14791=AXIS2_PLACEMENT_3D('',#14788,#14789,#14790);
#14792=PLANE('',#14791);
#14793=POLY_LOOP('',(#1486,#9154,#2244));
#14794=FACE_OUTER_BOUND('',#14793,.T.);
#14795=FACE_SURFACE('',(#14794),#14792,.T.);
#14796=CARTESIAN_POINT('',(107.315473258,187.653541565,-2.342383843));
#14797=DIRECTION('',(0.324576499,0.94390422,-0.060785851));
#14798=DIRECTION('',(0.945652893,-0.325177808,-0.));
#14799=AXIS2_PLACEMENT_3D('',#14796,#14797,#14798);
#14800=PLANE('',#14799);
#14801=POLY_LOOP('',(#3363,#4763,#4030));
#14802=FACE_OUTER_BOUND('',#14801,.T.);
#14803=FACE_SURFACE('',(#14802),#14800,.T.);
#14804=CARTESIAN_POINT('',(90.715952218,443.05691123,-6.942511071));
#14805=DIRECTION('',(-0.111488964,0.496042794,0.861110769));
#14806=DIRECTION('',(0.,0.866512895,-0.499154688));
#14807=AXIS2_PLACEMENT_3D('',#14804,#14805,#14806);
#14808=PLANE('',#14807);
#14809=POLY_LOOP('',(#13950,#6723,#6081));
#14810=FACE_OUTER_BOUND('',#14809,.T.);
#14811=FACE_SURFACE('',(#14810),#14808,.T.);
#14812=CARTESIAN_POINT('',(35.607628524,213.877737522,7.811528165));
#14813=DIRECTION('',(-0.791163865,-0.299868618,-0.533046481));
#14814=DIRECTION('',(0.558760347,0.,-0.829329171));
#14815=AXIS2_PLACEMENT_3D('',#14812,#14813,#14814);
#14816=PLANE('',#14815);
#14817=POLY_LOOP('',(#5516,#4686,#5517));
#14818=FACE_OUTER_BOUND('',#14817,.T.);
#14819=FACE_SURFACE('',(#14818),#14816,.T.);
#14820=CARTESIAN_POINT('',(206.572905183,388.068884611,-3.454122925));
#14821=DIRECTION('',(0.488599338,0.67622471,0.551353633));
#14822=DIRECTION('',(0.,-0.631917943,0.775035298));
#14823=AXIS2_PLACEMENT_3D('',#14820,#14821,#14822);
#14824=PLANE('',#14823);
#14825=POLY_LOOP('',(#8856,#1122,#8207));
#14826=FACE_OUTER_BOUND('',#14825,.T.);
#14827=FACE_SURFACE('',(#14826),#14824,.T.);
#14828=CARTESIAN_POINT('',(201.952382922,389.794200659,3.398188157));
#14829=DIRECTION('',(0.405460804,0.91307669,0.043502813));
#14830=DIRECTION('',(0.913941914,-0.405845016,0.));
#14831=AXIS2_PLACEMENT_3D('',#14828,#14829,#14830);
#14832=PLANE('',#14831);
#14833=POLY_LOOP('',(#87,#329,#8856));
#14834=FACE_OUTER_BOUND('',#14833,.T.);
#14835=FACE_SURFACE('',(#14834),#14832,.T.);
#14836=CARTESIAN_POINT('',(38.746461272,219.009056687,-2.429688815));
#14837=DIRECTION('',(0.720501551,0.692960438,0.02614091));
#14838=DIRECTION('',(-0.693197325,0.720747853,0.));
#14839=AXIS2_PLACEMENT_3D('',#14836,#14837,#14838);
#14840=PLANE('',#14839);
#14841=POLY_LOOP('',(#953,#4568,#1139));
#14842=FACE_OUTER_BOUND('',#14841,.T.);
#14843=FACE_SURFACE('',(#14842),#14840,.T.);
#14844=CARTESIAN_POINT('',(36.452412605,221.171811223,-5.795512348));
#14845=DIRECTION('',(0.867336605,0.285451998,-0.407730757));
#14846=DIRECTION('',(0.42543169,0.,0.90499054));
#14847=AXIS2_PLACEMENT_3D('',#14844,#14845,#14846);
#14848=PLANE('',#14847);
#14849=POLY_LOOP('',(#593,#8814,#953));
#14850=FACE_OUTER_BOUND('',#14849,.T.);
#14851=FACE_SURFACE('',(#14850),#14848,.T.);
#14852=CARTESIAN_POINT('',(210.960865021,361.146569252,-7.644786965));
#14853=CARTESIAN_POINT('',(212.845414877,368.196278811,-1.716579543));
#14854=DIRECTION('',(0.641647641,-0.586834783,0.493875737));
#14855=DIRECTION('',(0.674885398,0.737922557,0.));
#14856=AXIS2_PLACEMENT_3D('',#14853,#14854,#14855);
#14857=PLANE('',#14856);
#14858=POLY_LOOP('',(#4862,#4577,#14852));
#14859=FACE_OUTER_BOUND('',#14858,.T.);
#14860=FACE_SURFACE('',(#14859),#14857,.T.);
#14861=CARTESIAN_POINT('',(31.512130052,417.540162802,8.244928904));
#14862=DIRECTION('',(0.585843,0.181547478,0.789828141));
#14863=DIRECTION('',(0.803175161,-0.,-0.595742948));
#14864=AXIS2_PLACEMENT_3D('',#14861,#14862,#14863);
#14865=PLANE('',#14864);
#14866=POLY_LOOP('',(#2744,#4125,#460));
#14867=FACE_OUTER_BOUND('',#14866,.T.);
#14868=FACE_SURFACE('',(#14867),#14865,.T.);
#14869=CARTESIAN_POINT('',(215.193867683,382.74499774,7.220766973));
#14870=DIRECTION('',(0.811219822,0.290928427,-0.507230766));
#14871=DIRECTION('',(0.530163065,0.,0.847895704));
#14872=AXIS2_PLACEMENT_3D('',#14869,#14870,#14871);
#14873=PLANE('',#14872);
#14874=POLY_LOOP('',(#11461,#7364,#14336));
#14875=FACE_OUTER_BOUND('',#14874,.T.);
#14876=FACE_SURFACE('',(#14875),#14873,.T.);
#14877=CARTESIAN_POINT('',(24.510748684,444.156050682,-10.158903897));
#14878=DIRECTION('',(0.256247407,-0.402291697,0.878919028));
#14879=DIRECTION('',(0.,0.909278728,0.416187693));
#14880=AXIS2_PLACEMENT_3D('',#14877,#14878,#14879);
#14881=PLANE('',#14880);
#14882=POLY_LOOP('',(#5170,#3932,#5168));
#14883=FACE_OUTER_BOUND('',#14882,.T.);
#14884=FACE_SURFACE('',(#14883),#14881,.T.);
#14885=CARTESIAN_POINT('',(28.72443758,199.147447944,-6.890281569));
#14886=DIRECTION('',(0.460338441,0.774374345,0.434088578));
#14887=DIRECTION('',(0.859584821,-0.510993087,0.));
#14888=AXIS2_PLACEMENT_3D('',#14885,#14886,#14887);
#14889=PLANE('',#14888);
#14890=POLY_LOOP('',(#1102,#1563,#5639));
#14891=FACE_OUTER_BOUND('',#14890,.T.);
#14892=FACE_SURFACE('',(#14891),#14889,.T.);
#14893=CARTESIAN_POINT('',(43.999306858,261.105775833,-5.841500591));
#14894=DIRECTION('',(-0.001484245,0.908828605,-0.417167069));
#14895=DIRECTION('',(-0.,0.417167528,0.908829606));
#14896=AXIS2_PLACEMENT_3D('',#14893,#14894,#14895);
#14897=PLANE('',#14896);
#14898=POLY_LOOP('',(#5314,#6048,#3951));
#14899=FACE_OUTER_BOUND('',#14898,.T.);
#14900=FACE_SURFACE('',(#14899),#14897,.T.);
#14901=CARTESIAN_POINT('',(206.732735038,362.019896507,2.21528532));
#14902=DIRECTION('',(0.190736936,-0.893274316,-0.407038595));
#14903=DIRECTION('',(0.,0.414651096,-0.909980477));
#14904=AXIS2_PLACEMENT_3D('',#14901,#14902,#14903);
#14905=PLANE('',#14904);
#14906=POLY_LOOP('',(#4579,#5179,#5180));
#14907=FACE_OUTER_BOUND('',#14906,.T.);
#14908=FACE_SURFACE('',(#14907),#14905,.T.);
#14909=CARTESIAN_POINT('',(204.002887011,401.766479015,10.548402555));
#14910=DIRECTION('',(-0.121377635,-0.380782311,-0.916663679));
#14911=DIRECTION('',(0.,-0.923491605,0.383618633));
#14912=AXIS2_PLACEMENT_3D('',#14909,#14910,#14911);
#14913=PLANE('',#14912);
#14914=POLY_LOOP('',(#12846,#11681,#6346));
#14915=FACE_OUTER_BOUND('',#14914,.T.);
#14916=FACE_SURFACE('',(#14915),#14913,.T.);
#14917=CARTESIAN_POINT('',(19.526092336,244.448617101,6.827204023));
#14918=DIRECTION('',(-0.780712618,0.601136781,0.170652805));
#14919=DIRECTION('',(-0.610085996,-0.792335206,-0.));
#14920=AXIS2_PLACEMENT_3D('',#14917,#14918,#14919);
#14921=PLANE('',#14920);
#14922=POLY_LOOP('',(#3513,#6552,#6790));
#14923=FACE_OUTER_BOUND('',#14922,.T.);
#14924=FACE_SURFACE('',(#14923),#14921,.T.);
#14925=CARTESIAN_POINT('',(36.549855024,330.803781748,-3.424985567));
#14926=DIRECTION('',(-0.747699742,0.211904363,0.629318391));
#14927=DIRECTION('',(-0.643942052,0.,-0.765074266));
#14928=AXIS2_PLACEMENT_3D('',#14925,#14926,#14927);
#14929=PLANE('',#14928);
#14930=POLY_LOOP('',(#14441,#2163,#7557));
#14931=FACE_OUTER_BOUND('',#14930,.T.);
#14932=FACE_SURFACE('',(#14931),#14929,.T.);
#14933=CARTESIAN_POINT('',(36.549855024,330.803781748,-3.424985567));
#14934=DIRECTION('',(-0.966304776,0.255148441,0.033975782));
#14935=DIRECTION('',(-0.255295834,-0.966862988,0.));
#14936=AXIS2_PLACEMENT_3D('',#14933,#14934,#14935);
#14937=PLANE('',#14936);
#14938=POLY_LOOP('',(#14441,#7557,#5422));
#14939=FACE_OUTER_BOUND('',#14938,.T.);
#14940=FACE_SURFACE('',(#14939),#14937,.T.);
#14941=CARTESIAN_POINT('',(119.975484908,339.721411467,-0.010251187));
#14942=DIRECTION('',(-0.447701522,0.429156101,-0.784466945));
#14943=DIRECTION('',(-0.868512619,-0.,0.495667056));
#14944=AXIS2_PLACEMENT_3D('',#14941,#14942,#14943);
#14945=PLANE('',#14944);
#14946=POLY_LOOP('',(#6098,#217,#116));
#14947=FACE_OUTER_BOUND('',#14946,.T.);
#14948=FACE_SURFACE('',(#14947),#14945,.T.);
#14949=CARTESIAN_POINT('',(23.689148948,235.749229789,12.529790401));
#14950=DIRECTION('',(-0.488445052,0.302729794,0.818398499));
#14951=DIRECTION('',(0.858691368,0.,0.512493059));
#14952=AXIS2_PLACEMENT_3D('',#14949,#14950,#14951);
#14953=PLANE('',#14952);
#14954=POLY_LOOP('',(#2329,#2331,#3513));
#14955=FACE_OUTER_BOUND('',#14954,.T.);
#14956=FACE_SURFACE('',(#14955),#14953,.T.);
#14957=CARTESIAN_POINT('',(122.588790953,339.609652758,1.560174744));
#14958=CARTESIAN_POINT('',(122.588790953,339.609652758,1.560174744));
#14959=DIRECTION('',(-0.002575807,0.997161454,0.075248917));
#14960=DIRECTION('',(0.,-0.075249166,0.997164762));
#14961=AXIS2_PLACEMENT_3D('',#14958,#14959,#14960);
#14962=PLANE('',#14961);
#14963=POLY_LOOP('',(#14957,#6098,#3293));
#14964=FACE_OUTER_BOUND('',#14963,.T.);
#14965=FACE_SURFACE('',(#14964),#14962,.T.);
#14966=CARTESIAN_POINT('',(27.338918298,337.366878986,-12.735468335));
#14967=DIRECTION('',(0.240019558,-0.410323903,-0.879786853));
#14968=DIRECTION('',(0.,-0.906279158,0.422679652));
#14969=AXIS2_PLACEMENT_3D('',#14966,#14967,#14968);
#14970=PLANE('',#14969);
#14971=POLY_LOOP('',(#318,#9458,#13133));
#14972=FACE_OUTER_BOUND('',#14971,.T.);
#14973=FACE_SURFACE('',(#14972),#14970,.T.);
#14974=CARTESIAN_POINT('',(32.900121063,210.018917918,-10.426310822));
#14975=DIRECTION('',(0.054347104,0.036521194,0.997853995));
#14976=DIRECTION('',(0.998520129,0.,-0.054383384));
#14977=AXIS2_PLACEMENT_3D('',#14974,#14975,#14976);
#14978=PLANE('',#14977);
#14979=POLY_LOOP('',(#5105,#1101,#3672));
#14980=FACE_OUTER_BOUND('',#14979,.T.);
#14981=FACE_SURFACE('',(#14980),#14978,.T.);
#14982=CARTESIAN_POINT('',(25.779515505,347.835719585,-7.081673015));
#14983=DIRECTION('',(0.697289519,-0.402520821,0.593097222));
#14984=DIRECTION('',(-0.647902781,-0.,0.761723038));
#14985=AXIS2_PLACEMENT_3D('',#14982,#14983,#14984);
#14986=PLANE('',#14985);
#14987=POLY_LOOP('',(#2925,#300,#6398));
#14988=FACE_OUTER_BOUND('',#14987,.T.);
#14989=FACE_SURFACE('',(#14988),#14986,.T.);
#14990=CARTESIAN_POINT('',(118.106655777,207.437083125,5.351550877));
#14991=DIRECTION('',(0.338186793,0.604379416,0.72135651));
#14992=DIRECTION('',(-0.,0.766520671,-0.642219637));
#14993=AXIS2_PLACEMENT_3D('',#14990,#14991,#14992);
#14994=PLANE('',#14993);
#14995=POLY_LOOP('',(#4943,#11435,#5295));
#14996=FACE_OUTER_BOUND('',#14995,.T.);
#14997=FACE_SURFACE('',(#14996),#14994,.T.);
#14998=CARTESIAN_POINT('',(88.639140129,453.476637602,12.162264436));
#14999=DIRECTION('',(-0.023183981,0.034092114,0.999149754));
#15000=DIRECTION('',(-0.,0.999418382,-0.03410128));
#15001=AXIS2_PLACEMENT_3D('',#14998,#14999,#15000);
#15002=PLANE('',#15001);
#15003=POLY_LOOP('',(#2592,#7431,#7668));
#15004=FACE_OUTER_BOUND('',#15003,.T.);
#15005=FACE_SURFACE('',(#15004),#15002,.T.);
#15006=CARTESIAN_POINT('',(38.529489189,192.479670048,-5.393550266));
#15007=DIRECTION('',(0.219126499,0.944357444,0.245301031));
#15008=DIRECTION('',(-0.,-0.251411214,0.967880365));
#15009=AXIS2_PLACEMENT_3D('',#15006,#15007,#15008);
#15010=PLANE('',#15009);
#15011=POLY_LOOP('',(#5639,#5971,#6462));
#15012=FACE_OUTER_BOUND('',#15011,.T.);
#15013=FACE_SURFACE('',(#15012),#15010,.T.);
#15014=CARTESIAN_POINT('',(43.938439339,346.068620682,-12.265266851));
#15015=DIRECTION('',(0.225078956,-0.454592456,-0.861791833));
#15016=DIRECTION('',(0.,-0.88448731,0.466564248));
#15017=AXIS2_PLACEMENT_3D('',#15014,#15015,#15016);
#15018=PLANE('',#15017);
#15019=POLY_LOOP('',(#9458,#12709,#369));
#15020=FACE_OUTER_BOUND('',#15019,.T.);
#15021=FACE_SURFACE('',(#15020),#15018,.T.);
#15022=CARTESIAN_POINT('',(211.791262031,384.650409222,-3.885838902));
#15023=DIRECTION('',(0.865762158,0.492747103,0.08749959));
#15024=DIRECTION('',(-0.494644284,0.869095526,0.));
#15025=AXIS2_PLACEMENT_3D('',#15022,#15023,#15024);
#15026=PLANE('',#15025);
#15027=POLY_LOOP('',(#1122,#801,#8208));
#15028=FACE_OUTER_BOUND('',#15027,.T.);
#15029=FACE_SURFACE('',(#15028),#15026,.T.);
#15030=CARTESIAN_POINT('',(229.164913297,387.584298849,8.885228075));
#15031=DIRECTION('',(-0.823532454,-0.264045879,-0.502069787));
#15032=DIRECTION('',(0.520543825,0.,-0.853834953));
#15033=AXIS2_PLACEMENT_3D('',#15030,#15031,#15032);
#15034=PLANE('',#15033);
#15035=POLY_LOOP('',(#893,#5304,#894));
#15036=FACE_OUTER_BOUND('',#15035,.T.);
#15037=FACE_SURFACE('',(#15036),#15034,.T.);
#15038=CARTESIAN_POINT('',(114.876113832,206.328749657,4.898874089));
#15039=DIRECTION('',(-0.347692251,-0.926233248,-0.145609302));
#15040=DIRECTION('',(-0.936211227,0.351437815,-0.));
#15041=AXIS2_PLACEMENT_3D('',#15038,#15039,#15040);
#15042=PLANE('',#15041);
#15043=POLY_LOOP('',(#2039,#11656,#410));
#15044=FACE_OUTER_BOUND('',#15043,.T.);
#15045=FACE_SURFACE('',(#15044),#15042,.T.);
#15046=CARTESIAN_POINT('',(212.845847011,381.802618504,1.716711442));
#15047=DIRECTION('',(0.737549489,0.538929233,-0.406910351));
#15048=DIRECTION('',(-0.589981449,0.8074168,0.));
#15049=AXIS2_PLACEMENT_3D('',#15046,#15047,#15048);
#15050=PLANE('',#15049);
#15051=POLY_LOOP('',(#801,#328,#11461));
#15052=FACE_OUTER_BOUND('',#15051,.T.);
#15053=FACE_SURFACE('',(#15052),#15050,.T.);
#15054=CARTESIAN_POINT('',(76.215423644,444.198846817,-9.477722459));
#15055=DIRECTION('',(-0.008793473,0.228424324,0.973521958));
#15056=DIRECTION('',(0.,0.973559599,-0.228433156));
#15057=AXIS2_PLACEMENT_3D('',#15054,#15055,#15056);
#15058=PLANE('',#15057);
#15059=POLY_LOOP('',(#6081,#6723,#5806));
#15060=FACE_OUTER_BOUND('',#15059,.T.);
#15061=FACE_SURFACE('',(#15060),#15058,.T.);
#15062=CARTESIAN_POINT('',(102.529034019,448.632061481,-6.760464981));
#15063=DIRECTION('',(-0.280573677,0.387804278,0.878001283));
#15064=DIRECTION('',(0.,0.914744282,-0.404033289));
#15065=AXIS2_PLACEMENT_3D('',#15062,#15063,#15064);
#15066=PLANE('',#15065);
#15067=POLY_LOOP('',(#12201,#3544,#6723));
#15068=FACE_OUTER_BOUND('',#15067,.T.);
#15069=FACE_SURFACE('',(#15068),#15066,.T.);
#15070=CARTESIAN_POINT('',(206.088602543,392.78486371,-8.310441859));
#15071=DIRECTION('',(0.304477343,0.698331269,0.64778622));
#15072=DIRECTION('',(0.,-0.680076541,0.733141118));
#15073=AXIS2_PLACEMENT_3D('',#15070,#15071,#15072);
#15074=PLANE('',#15073);
#15075=POLY_LOOP('',(#4696,#4698,#8856));
#15076=FACE_OUTER_BOUND('',#15075,.T.);
#15077=FACE_SURFACE('',(#15076),#15074,.T.);
#15078=CARTESIAN_POINT('',(212.845847011,381.802618504,1.716711442));
#15079=DIRECTION('',(0.956345119,0.289124943,-0.042553274));
#15080=DIRECTION('',(-0.28938707,0.957212162,-0.));
#15081=AXIS2_PLACEMENT_3D('',#15078,#15079,#15080);
#15082=PLANE('',#15081);
#15083=POLY_LOOP('',(#801,#14336,#10439));
#15084=FACE_OUTER_BOUND('',#15083,.T.);
#15085=FACE_SURFACE('',(#15084),#15082,.T.);
#15086=CARTESIAN_POINT('',(233.557194471,284.455388784,4.349536728));
#15087=DIRECTION('',(-0.704055432,-0.200829492,-0.681155976));
#15088=DIRECTION('',(0.695322326,0.,-0.718698033));
#15089=AXIS2_PLACEMENT_3D('',#15086,#15087,#15088);
#15090=PLANE('',#15089);
#15091=POLY_LOOP('',(#1708,#6868,#7414));
#15092=FACE_OUTER_BOUND('',#15091,.T.);
#15093=FACE_SURFACE('',(#15092),#15090,.T.);
#15094=CARTESIAN_POINT('',(38.746461272,219.009056687,-2.429688815));
#15095=DIRECTION('',(0.980680841,0.193741461,0.027006181));
#15096=DIRECTION('',(-0.19381215,0.981038659,0.));
#15097=AXIS2_PLACEMENT_3D('',#15094,#15095,#15096);
#15098=PLANE('',#15097);
#15099=POLY_LOOP('',(#953,#8814,#4568));
#15100=FACE_OUTER_BOUND('',#15099,.T.);
#15101=FACE_SURFACE('',(#15100),#15098,.T.);
#15102=CARTESIAN_POINT('',(78.753165901,462.197989225,-1.061456162));
#15103=DIRECTION('',(-0.150610785,0.968516777,0.1982212));
#15104=DIRECTION('',(0.,-0.200508372,0.979691989));
#15105=AXIS2_PLACEMENT_3D('',#15102,#15103,#15104);
#15106=PLANE('',#15105);
#15107=POLY_LOOP('',(#5608,#7978,#5268));
#15108=FACE_OUTER_BOUND('',#15107,.T.);
#15109=FACE_SURFACE('',(#15108),#15106,.T.);
#15110=CARTESIAN_POINT('',(210.960865021,361.146569252,-7.644786965));
#15111=DIRECTION('',(0.383503424,-0.80319537,0.455853398));
#15112=DIRECTION('',(-0.,-0.493593854,-0.869692536));
#15113=AXIS2_PLACEMENT_3D('',#15110,#15111,#15112);
#15114=PLANE('',#15113);
#15115=POLY_LOOP('',(#14852,#4577,#5132));
#15116=FACE_OUTER_BOUND('',#15115,.T.);
#15117=FACE_SURFACE('',(#15116),#15114,.T.);
#15118=CARTESIAN_POINT('',(220.649451017,386.235773563,10.526319966));
#15119=DIRECTION('',(0.08458224,0.054425861,-0.994928977));
#15120=DIRECTION('',(-0.996405836,-0.,-0.084707793));
#15121=AXIS2_PLACEMENT_3D('',#15118,#15119,#15120);
#15122=PLANE('',#15121);
#15123=POLY_LOOP('',(#6347,#895,#2815));
#15124=FACE_OUTER_BOUND('',#15123,.T.);
#15125=FACE_SURFACE('',(#15124),#15122,.T.);
#15126=CARTESIAN_POINT('',(37.649922073,227.446988225,2.05274066));
#15127=DIRECTION('',(0.909074867,-0.294183025,0.295024125));
#15128=DIRECTION('',(-0.308683654,0.,0.951164761));
#15129=AXIS2_PLACEMENT_3D('',#15126,#15127,#15128);
#15130=PLANE('',#15129);
#15131=POLY_LOOP('',(#1376,#1375,#5387));
#15132=FACE_OUTER_BOUND('',#15131,.T.);
#15133=FACE_SURFACE('',(#15132),#15130,.T.);
#15134=CARTESIAN_POINT('',(46.57124728,359.421253204,4.915019963));
#15135=DIRECTION('',(0.003018372,-0.703240007,-0.710946118));
#15136=DIRECTION('',(0.,-0.710949356,0.70324321));
#15137=AXIS2_PLACEMENT_3D('',#15134,#15135,#15136);
#15138=PLANE('',#15137);
#15139=POLY_LOOP('',(#1385,#5180,#226));
#15140=FACE_OUTER_BOUND('',#15139,.T.);
#15141=FACE_SURFACE('',(#15140),#15138,.T.);
#15142=CARTESIAN_POINT('',(203.082457185,410.332918167,-2.559362678));
#15143=DIRECTION('',(-0.256205855,-0.939335999,0.228049208));
#15144=DIRECTION('',(-0.964757744,0.263139689,-0.));
#15145=AXIS2_PLACEMENT_3D('',#15142,#15143,#15144);
#15146=PLANE('',#15145);
#15147=POLY_LOOP('',(#3199,#4532,#5224));
#15148=FACE_OUTER_BOUND('',#15147,.T.);
#15149=FACE_SURFACE('',(#15148),#15146,.T.);
#15150=CARTESIAN_POINT('',(117.921054363,208.344861865,-1.414817059));
#15151=DIRECTION('',(0.507573512,0.855682859,0.100876032));
#15152=DIRECTION('',(0.860070074,-0.510175918,0.));
#15153=AXIS2_PLACEMENT_3D('',#15150,#15151,#15152);
#15154=PLANE('',#15153);
#15155=POLY_LOOP('',(#5706,#4943,#2695));
#15156=FACE_OUTER_BOUND('',#15155,.T.);
#15157=FACE_SURFACE('',(#15156),#15154,.T.);
#15158=CARTESIAN_POINT('',(129.377841949,199.331745505,-6.123680621));
#15159=DIRECTION('',(0.726860083,0.639469021,-0.250507068));
#15160=DIRECTION('',(-0.660530178,0.750799497,0.));
#15161=AXIS2_PLACEMENT_3D('',#15158,#15159,#15160);
#15162=PLANE('',#15161);
#15163=POLY_LOOP('',(#6569,#2695,#2694));
#15164=FACE_OUTER_BOUND('',#15163,.T.);
#15165=FACE_SURFACE('',(#15164),#15162,.T.);
#15166=CARTESIAN_POINT('',(39.732635021,335.1328969,-2.426033374));
#15167=DIRECTION('',(-0.782115854,0.607260908,-0.13974613));
#15168=DIRECTION('',(-0.613278788,-0.789866525,-0.));
#15169=AXIS2_PLACEMENT_3D('',#15166,#15167,#15168);
#15170=PLANE('',#15169);
#15171=POLY_LOOP('',(#7960,#14441,#7961));
#15172=FACE_OUTER_BOUND('',#15171,.T.);
#15173=FACE_SURFACE('',(#15172),#15170,.T.);
#15174=CARTESIAN_POINT('',(123.691953719,197.398170829,9.092261083));
#15175=DIRECTION('',(-0.1528661,-0.148812079,-0.976978465));
#15176=DIRECTION('',(-0.987979124,0.,0.154587354));
#15177=AXIS2_PLACEMENT_3D('',#15174,#15175,#15176);
#15178=PLANE('',#15177);
#15179=POLY_LOOP('',(#1772,#2580,#10374));
#15180=FACE_OUTER_BOUND('',#15179,.T.);
#15181=FACE_SURFACE('',(#15180),#15178,.T.);
#15182=CARTESIAN_POINT('',(122.656442225,341.380447149,-0.632690906));
#15183=DIRECTION('',(-0.532815772,0.845177625,-0.04221534));
#15184=DIRECTION('',(0.845931744,0.533291182,0.));
#15185=AXIS2_PLACEMENT_3D('',#15182,#15183,#15184);
#15186=PLANE('',#15185);
#15187=POLY_LOOP('',(#217,#6098,#157));
#15188=FACE_OUTER_BOUND('',#15187,.T.);
#15189=FACE_SURFACE('',(#15188),#15186,.T.);
#15190=CARTESIAN_POINT('',(107.296705246,205.203980207,9.093604051));
#15191=DIRECTION('',(-0.167042048,-0.350695007,-0.921471631));
#15192=DIRECTION('',(0.,-0.934603016,0.355692568));
#15193=AXIS2_PLACEMENT_3D('',#15190,#15191,#15192);
#15194=PLANE('',#15193);
#15195=POLY_LOOP('',(#2040,#1772,#10374));
#15196=FACE_OUTER_BOUND('',#15195,.T.);
#15197=FACE_SURFACE('',(#15196),#15194,.T.);
#15198=CARTESIAN_POINT('',(43.815478683,410.12647748,-0.863613386));
#15199=DIRECTION('',(-0.338619486,-0.905376845,0.25618277));
#15200=DIRECTION('',(-0.936633852,0.350309902,0.));
#15201=AXIS2_PLACEMENT_3D('',#15198,#15199,#15200);
#15202=PLANE('',#15201);
#15203=POLY_LOOP('',(#3198,#6849,#4533));
#15204=FACE_OUTER_BOUND('',#15203,.T.);
#15205=FACE_SURFACE('',(#15204),#15202,.T.);
#15206=CARTESIAN_POINT('',(28.72443758,199.147447944,-6.890281569));
#15207=DIRECTION('',(0.703482908,0.5762714,0.415960421));
#15208=DIRECTION('',(-0.63369513,0.773582886,0.));
#15209=AXIS2_PLACEMENT_3D('',#15206,#15207,#15208);
#15210=PLANE('',#15209);
#15211=POLY_LOOP('',(#1102,#1552,#1563));
#15212=FACE_OUTER_BOUND('',#15211,.T.);
#15213=FACE_SURFACE('',(#15212),#15210,.T.);
#15214=CARTESIAN_POINT('',(34.225545824,418.927848339,0.418230484));
#15215=DIRECTION('',(0.936045166,0.227837535,0.268159478));
#15216=DIRECTION('',(-0.275402802,-0.,0.961328922));
#15217=AXIS2_PLACEMENT_3D('',#15214,#15215,#15216);
#15218=PLANE('',#15217);
#15219=POLY_LOOP('',(#2195,#7405,#4125));
#15220=FACE_OUTER_BOUND('',#15219,.T.);
#15221=FACE_SURFACE('',(#15220),#15218,.T.);
#15222=CARTESIAN_POINT('',(37.720091641,405.392318964,9.296524338));
#15223=DIRECTION('',(-0.233289341,-0.437188613,-0.868586323));
#15224=DIRECTION('',(0.,-0.893232974,0.449594099));
#15225=AXIS2_PLACEMENT_3D('',#15222,#15223,#15224);
#15226=PLANE('',#15225);
#15227=POLY_LOOP('',(#8508,#13684,#8242));
#15228=FACE_OUTER_BOUND('',#15227,.T.);
#15229=FACE_SURFACE('',(#15228),#15226,.T.);
#15230=CARTESIAN_POINT('',(32.900121063,210.018917918,-10.426310822));
#15231=DIRECTION('',(0.053490811,0.036950765,0.997884449));
#15232=DIRECTION('',(0.998566383,0.,-0.053527365));
#15233=AXIS2_PLACEMENT_3D('',#15230,#15231,#15232);
#15234=PLANE('',#15233);
#15235=POLY_LOOP('',(#5105,#999,#1101));
#15236=FACE_OUTER_BOUND('',#15235,.T.);
#15237=FACE_SURFACE('',(#15236),#15234,.T.);
#15238=CARTESIAN_POINT('',(106.828138232,209.099307656,8.265208453));
#15239=DIRECTION('',(0.010021084,0.551974205,0.833800968));
#15240=DIRECTION('',(0.,0.833842837,-0.552001922));
#15241=AXIS2_PLACEMENT_3D('',#15238,#15239,#15240);
#15242=PLANE('',#15241);
#15243=POLY_LOOP('',(#4942,#4244,#11435));
#15244=FACE_OUTER_BOUND('',#15243,.T.);
#15245=FACE_SURFACE('',(#15244),#15242,.T.);
#15246=CARTESIAN_POINT('',(41.572615504,236.949548125,-2.215293003));
#15247=DIRECTION('',(-0.488823789,0.859812968,0.147556645));
#15248=DIRECTION('',(0.869328985,0.494233868,-0.));
#15249=AXIS2_PLACEMENT_3D('',#15246,#15247,#15248);
#15250=PLANE('',#15249);
#15251=POLY_LOOP('',(#1112,#277,#279));
#15252=FACE_OUTER_BOUND('',#15251,.T.);
#15253=FACE_SURFACE('',(#15252),#15250,.T.);
#15254=CARTESIAN_POINT('',(33.343393356,411.973416805,7.054435555));
#15255=DIRECTION('',(-0.275094374,-0.468894298,-0.839321882));
#15256=DIRECTION('',(-0.,-0.873004829,0.487711562));
#15257=AXIS2_PLACEMENT_3D('',#15254,#15255,#15256);
#15258=PLANE('',#15257);
#15259=POLY_LOOP('',(#8013,#2973,#8508));
#15260=FACE_OUTER_BOUND('',#15259,.T.);
#15261=FACE_SURFACE('',(#15260),#15258,.T.);
#15262=CARTESIAN_POINT('',(41.572615504,236.949548125,-2.215293003));
#15263=DIRECTION('',(-0.388661566,0.865107906,0.317065449));
#15264=DIRECTION('',(0.912172678,0.409806059,0.));
#15265=AXIS2_PLACEMENT_3D('',#15262,#15263,#15264);
#15266=PLANE('',#15265);
#15267=POLY_LOOP('',(#1112,#279,#1113));
#15268=FACE_OUTER_BOUND('',#15267,.T.);
#15269=FACE_SURFACE('',(#15268),#15266,.T.);
#15270=CARTESIAN_POINT('',(102.630637586,468.944400549,-9.495888837));
#15271=DIRECTION('',(0.57931996,-0.487035238,0.653593957));
#15272=DIRECTION('',(0.748348051,-0.,-0.66330626));
#15273=AXIS2_PLACEMENT_3D('',#15270,#15271,#15272);
#15274=PLANE('',#15273);
#15275=POLY_LOOP('',(#3257,#3256,#8413));
#15276=FACE_OUTER_BOUND('',#15275,.T.);
#15277=FACE_SURFACE('',(#15276),#15274,.T.);
#15278=CARTESIAN_POINT('',(26.899917051,325.981616974,-12.104265392));
#15279=DIRECTION('',(0.542076901,-0.331409052,-0.772218022));
#15280=DIRECTION('',(-0.818472203,-0.,-0.574546128));
#15281=AXIS2_PLACEMENT_3D('',#15278,#15279,#15280);
#15282=PLANE('',#15281);
#15283=POLY_LOOP('',(#319,#13133,#2398));
#15284=FACE_OUTER_BOUND('',#15283,.T.);
#15285=FACE_SURFACE('',(#15284),#15282,.T.);
#15286=CARTESIAN_POINT('',(205.933958292,411.255091429,5.399405491));
#15287=DIRECTION('',(0.236497138,0.731683117,0.639303464));
#15288=DIRECTION('',(0.,-0.657968595,0.753045369));
#15289=AXIS2_PLACEMENT_3D('',#15286,#15287,#15288);
#15290=PLANE('',#15289);
#15291=POLY_LOOP('',(#1524,#3715,#2898));
#15292=FACE_OUTER_BOUND('',#15291,.T.);
#15293=FACE_SURFACE('',(#15292),#15290,.T.);
#15294=CARTESIAN_POINT('',(18.913336098,308.44643712,-8.003326133));
#15295=DIRECTION('',(-0.532319787,-0.20887789,-0.820369229));
#15296=DIRECTION('',(-0.838873323,0.,0.544326692));
#15297=AXIS2_PLACEMENT_3D('',#15294,#15295,#15296);
#15298=PLANE('',#15297);
#15299=POLY_LOOP('',(#10489,#3312,#317));
#15300=FACE_OUTER_BOUND('',#15299,.T.);
#15301=FACE_SURFACE('',(#15300),#15298,.T.);
#15302=CARTESIAN_POINT('',(204.562619328,291.777938604,-9.896295145));
#15303=DIRECTION('',(0.000755172,-0.818066585,-0.575123023));
#15304=DIRECTION('',(0.,0.575123187,-0.818066818));
#15305=AXIS2_PLACEMENT_3D('',#15302,#15303,#15304);
#15306=PLANE('',#15305);
#15307=POLY_LOOP('',(#3853,#3852,#10235));
#15308=FACE_OUTER_BOUND('',#15307,.T.);
#15309=FACE_SURFACE('',(#15308),#15306,.T.);
#15310=CARTESIAN_POINT('',(214.826047421,375.352084637,2.392211929));
#15311=DIRECTION('',(0.914232334,-0.129099655,-0.384073586));
#15312=DIRECTION('',(0.387314781,0.,0.921947537));
#15313=AXIS2_PLACEMENT_3D('',#15310,#15311,#15312);
#15314=PLANE('',#15313);
#15315=POLY_LOOP('',(#14336,#7364,#7116));
#15316=FACE_OUTER_BOUND('',#15315,.T.);
#15317=FACE_SURFACE('',(#15316),#15314,.T.);
#15318=CARTESIAN_POINT('',(122.510686517,143.999993801,1.763924141));
#15319=DIRECTION('',(-0.964875373,-0.000963357,0.262706273));
#15320=DIRECTION('',(-0.262706395,0.,-0.964875821));
#15321=AXIS2_PLACEMENT_3D('',#15318,#15319,#15320);
#15322=PLANE('',#15321);
#15323=POLY_LOOP('',(#10915,#6586,#431));
#15324=FACE_OUTER_BOUND('',#15323,.T.);
#15325=FACE_SURFACE('',(#15324),#15322,.T.);
#15326=CARTESIAN_POINT('',(36.53813526,444.769233465,-9.969946928));
#15327=DIRECTION('',(0.003236946,0.097381545,0.995241858));
#15328=DIRECTION('',(0.,0.995247072,-0.097382056));
#15329=AXIS2_PLACEMENT_3D('',#15326,#15327,#15328);
#15330=PLANE('',#15329);
#15331=POLY_LOOP('',(#5806,#6723,#3932));
#15332=FACE_OUTER_BOUND('',#15331,.T.);
#15333=FACE_SURFACE('',(#15332),#15330,.T.);
#15334=CARTESIAN_POINT('',(91.935940087,449.744492769,-10.636938736));
#15335=DIRECTION('',(-0.250019577,0.502741653,0.827490811));
#15336=DIRECTION('',(-0.,0.854633296,-0.519232057));
#15337=AXIS2_PLACEMENT_3D('',#15334,#15335,#15336);
#15338=PLANE('',#15337);
#15339=POLY_LOOP('',(#6723,#13950,#12201));
#15340=FACE_OUTER_BOUND('',#15339,.T.);
#15341=FACE_SURFACE('',(#15340),#15338,.T.);
#15342=CARTESIAN_POINT('',(28.744423762,227.266937494,9.84500628));
#15343=DIRECTION('',(-0.582749869,-0.084129785,-0.80828508));
#15344=DIRECTION('',(-0.811160803,0.,0.58482318));
#15345=AXIS2_PLACEMENT_3D('',#15342,#15343,#15344);
#15346=PLANE('',#15345);
#15347=POLY_LOOP('',(#4685,#1781,#4686));
#15348=FACE_OUTER_BOUND('',#15347,.T.);
#15349=FACE_SURFACE('',(#15348),#15346,.T.);
#15350=CARTESIAN_POINT('',(212.845847011,381.802618504,1.716711442));
#15351=DIRECTION('',(0.881141251,0.227060157,-0.414769552));
#15352=DIRECTION('',(0.42589358,0.,0.904773264));
#15353=AXIS2_PLACEMENT_3D('',#15350,#15351,#15352);
#15354=PLANE('',#15353);
#15355=POLY_LOOP('',(#801,#11461,#14336));
#15356=FACE_OUTER_BOUND('',#15355,.T.);
#15357=FACE_SURFACE('',(#15356),#15354,.T.);
#15358=CARTESIAN_POINT('',(213.719055057,241.870760918,-1.810026355));
#15359=DIRECTION('',(-0.233991871,0.960500002,-0.150623868));
#15360=DIRECTION('',(0.971584672,0.236692259,0.));
#15361=AXIS2_PLACEMENT_3D('',#15358,#15359,#15360);
#15362=PLANE('',#15361);
#15363=POLY_LOOP('',(#701,#513,#1926));
#15364=FACE_OUTER_BOUND('',#15363,.T.);
#15365=FACE_SURFACE('',(#15364),#15362,.T.);
#15366=CARTESIAN_POINT('',(42.733758688,213.01099658,-5.85211115));
#15367=DIRECTION('',(0.747024261,0.625336761,-0.225629539));
#15368=DIRECTION('',(-0.641889041,0.766797535,-0.));
#15369=AXIS2_PLACEMENT_3D('',#15366,#15367,#15368);
#15370=PLANE('',#15369);
#15371=POLY_LOOP('',(#954,#953,#1139));
#15372=FACE_OUTER_BOUND('',#15371,.T.);
#15373=FACE_SURFACE('',(#15372),#15370,.T.);
#15374=CARTESIAN_POINT('',(226.338654757,287.873804569,-12.063040398));
#15375=DIRECTION('',(0.528390635,0.207484739,-0.823257809));
#15376=DIRECTION('',(-0.841571882,0.,-0.540145136));
#15377=AXIS2_PLACEMENT_3D('',#15374,#15375,#15376);
#15378=PLANE('',#15377);
#15379=POLY_LOOP('',(#4327,#4328,#4650));
#15380=FACE_OUTER_BOUND('',#15379,.T.);
#15381=FACE_SURFACE('',(#15380),#15378,.T.);
#15382=CARTESIAN_POINT('',(39.421610534,461.402952671,4.197394475));
#15383=DIRECTION('',(-0.010114703,0.997124936,0.075096972));
#15384=DIRECTION('',(0.,-0.075100814,0.997175946));
#15385=AXIS2_PLACEMENT_3D('',#15382,#15383,#15384);
#15386=PLANE('',#15385);
#15387=POLY_LOOP('',(#5715,#5608,#5725));
#15388=FACE_OUTER_BOUND('',#15387,.T.);
#15389=FACE_SURFACE('',(#15388),#15386,.T.);
#15390=CARTESIAN_POINT('',(43.670695275,211.912319064,-0.499291054));
#15391=DIRECTION('',(-0.086554303,-0.893814425,0.440004688));
#15392=DIRECTION('',(0.,-0.441662187,-0.897181427));
#15393=AXIS2_PLACEMENT_3D('',#15390,#15391,#15392);
#15394=PLANE('',#15393);
#15395=POLY_LOOP('',(#76,#6955,#13182));
#15396=FACE_OUTER_BOUND('',#15395,.T.);
#15397=FACE_SURFACE('',(#15396),#15394,.T.);
#15398=CARTESIAN_POINT('',(224.143892527,245.724737644,-2.050220268));
#15399=DIRECTION('',(0.50684048,-0.852544076,0.127598301));
#15400=DIRECTION('',(-0.859570264,-0.511017574,0.));
#15401=AXIS2_PLACEMENT_3D('',#15398,#15399,#15400);
#15402=PLANE('',#15401);
#15403=POLY_LOOP('',(#9793,#420,#1262));
#15404=FACE_OUTER_BOUND('',#15403,.T.);
#15405=FACE_SURFACE('',(#15404),#15402,.T.);
#15406=CARTESIAN_POINT('',(20.553141832,210.533291101,-7.859028876));
#15407=DIRECTION('',(0.706758456,0.545543432,0.450416306));
#15408=DIRECTION('',(-0.611034983,0.791603594,0.));
#15409=AXIS2_PLACEMENT_3D('',#15406,#15407,#15408);
#15410=PLANE('',#15409);
#15411=POLY_LOOP('',(#1001,#1552,#1102));
#15412=FACE_OUTER_BOUND('',#15411,.T.);
#15413=FACE_SURFACE('',(#15412),#15410,.T.);
#15414=CARTESIAN_POINT('',(36.857459694,412.334024906,-2.258939436));
#15415=DIRECTION('',(-0.158965771,-0.80595737,0.570230305));
#15416=DIRECTION('',(0.,-0.57757469,-0.816337845));
#15417=AXIS2_PLACEMENT_3D('',#15414,#15415,#15416);
#15418=PLANE('',#15417);
#15419=POLY_LOOP('',(#6849,#7089,#4533));
#15420=FACE_OUTER_BOUND('',#15419,.T.);
#15421=FACE_SURFACE('',(#15420),#15418,.T.);
#15422=CARTESIAN_POINT('',(37.559308112,411.531239748,3.570741741));
#15423=DIRECTION('',(-0.738634094,-0.674095285,-0.003901503));
#15424=DIRECTION('',(0.674100415,-0.738639716,0.));
#15425=AXIS2_PLACEMENT_3D('',#15422,#15423,#15424);
#15426=PLANE('',#15425);
#15427=POLY_LOOP('',(#2971,#7072,#6849));
#15428=FACE_OUTER_BOUND('',#15427,.T.);
#15429=FACE_SURFACE('',(#15428),#15426,.T.);
#15430=CARTESIAN_POINT('',(38.135584444,240.503489971,11.563526466));
#15431=DIRECTION('',(0.271227288,-0.39370866,0.878310452));
#15432=DIRECTION('',(0.,0.912515807,0.409041443));
#15433=AXIS2_PLACEMENT_3D('',#15430,#15431,#15432);
#15434=PLANE('',#15433);
#15435=POLY_LOOP('',(#8096,#1582,#11168));
#15436=FACE_OUTER_BOUND('',#15435,.T.);
#15437=FACE_SURFACE('',(#15436),#15434,.T.);
#15438=CARTESIAN_POINT('',(31.495239586,233.239412308,11.717279442));
#15439=DIRECTION('',(0.104171971,0.002026919,0.994557234));
#15440=DIRECTION('',(0.994559277,-0.,-0.104172185));
#15441=AXIS2_PLACEMENT_3D('',#15438,#15439,#15440);
#15442=PLANE('',#15441);
#15443=POLY_LOOP('',(#8122,#2329,#8336));
#15444=FACE_OUTER_BOUND('',#15443,.T.);
#15445=FACE_SURFACE('',(#15444),#15442,.T.);
#15446=CARTESIAN_POINT('',(34.862622619,308.729052544,-12.161232531));
#15447=DIRECTION('',(0.512054192,0.23905638,-0.825016698));
#15448=DIRECTION('',(-0.849651766,0.,-0.527344173));
#15449=AXIS2_PLACEMENT_3D('',#15446,#15447,#15448);
#15450=PLANE('',#15449);
#15451=POLY_LOOP('',(#2952,#319,#2115));
#15452=FACE_OUTER_BOUND('',#15451,.T.);
#15453=FACE_SURFACE('',(#15452),#15450,.T.);
#15454=CARTESIAN_POINT('',(213.071733713,277.099609375,-4.408374429));
#15455=DIRECTION('',(-0.796963707,0.155384968,-0.583698862));
#15456=DIRECTION('',(0.590875642,0.,-0.806762651));
#15457=AXIS2_PLACEMENT_3D('',#15454,#15455,#15456);
#15458=PLANE('',#15457);
#15459=POLY_LOOP('',(#3410,#4898,#3411));
#15460=FACE_OUTER_BOUND('',#15459,.T.);
#15461=FACE_SURFACE('',(#15460),#15458,.T.);
#15462=CARTESIAN_POINT('',(34.718524665,290.209382772,1.37666997));
#15463=DIRECTION('',(-0.251953962,-0.95254987,-0.170786257));
#15464=DIRECTION('',(-0.966753312,0.25571084,0.));
#15465=AXIS2_PLACEMENT_3D('',#15462,#15463,#15464);
#15466=PLANE('',#15465);
#15467=POLY_LOOP('',(#4597,#2724,#10235));
#15468=FACE_OUTER_BOUND('',#15467,.T.);
#15469=FACE_SURFACE('',(#15468),#15466,.T.);
#15470=CARTESIAN_POINT('',(146.415054798,167.06776619,-5.281986669));
#15471=DIRECTION('',(0.964165295,0.198288318,-0.176258411));
#15472=DIRECTION('',(-0.20144211,0.979500422,0.));
#15473=AXIS2_PLACEMENT_3D('',#15470,#15471,#15472);
#15474=PLANE('',#15473);
#15475=POLY_LOOP('',(#10782,#670,#5459));
#15476=FACE_OUTER_BOUND('',#15475,.T.);
#15477=FACE_SURFACE('',(#15476),#15474,.T.);
#15478=CARTESIAN_POINT('',(122.073873878,341.086983681,0.844801543));
#15479=DIRECTION('',(-0.49346069,0.233690547,0.837785937));
#15480=DIRECTION('',(0.861643976,-0.,0.507513211));
#15481=AXIS2_PLACEMENT_3D('',#15478,#15479,#15480);
#15482=PLANE('',#15481);
#15483=POLY_LOOP('',(#157,#6098,#14957));
#15484=FACE_OUTER_BOUND('',#15483,.T.);
#15485=FACE_SURFACE('',(#15484),#15482,.T.);
#15486=CARTESIAN_POINT('',(232.124105096,360.351294279,3.000197699));
#15487=DIRECTION('',(-0.862560547,0.504441435,-0.039091445));
#15488=DIRECTION('',(-0.504827307,-0.86322036,0.));
#15489=AXIS2_PLACEMENT_3D('',#15486,#15487,#15488);
#15490=PLANE('',#15489);
#15491=POLY_LOOP('',(#6981,#6980,#7532));
#15492=FACE_OUTER_BOUND('',#15491,.T.);
#15493=FACE_SURFACE('',(#15492),#15490,.T.);
#15494=CARTESIAN_POINT('',(46.023581177,253.62187624,12.458177283));
#15495=DIRECTION('',(-0.190841977,0.551766467,0.811870129));
#15496=DIRECTION('',(-0.,0.827071056,-0.562097383));
#15497=AXIS2_PLACEMENT_3D('',#15494,#15495,#15496);
#15498=PLANE('',#15497);
#15499=POLY_LOOP('',(#2330,#6108,#2331));
#15500=FACE_OUTER_BOUND('',#15499,.T.);
#15501=FACE_SURFACE('',(#15500),#15498,.T.);
#15502=CARTESIAN_POINT('',(38.135584444,240.503489971,11.563526466));
#15503=DIRECTION('',(-0.053577947,-0.035840347,0.997920274));
#15504=DIRECTION('',(0.998561822,0.,0.053612391));
#15505=AXIS2_PLACEMENT_3D('',#15502,#15503,#15504);
#15506=PLANE('',#15505);
#15507=POLY_LOOP('',(#8096,#11168,#2330));
#15508=FACE_OUTER_BOUND('',#15507,.T.);
#15509=FACE_SURFACE('',(#15508),#15506,.T.);
#15510=CARTESIAN_POINT('',(88.639140129,453.476637602,12.162264436));
#15511=DIRECTION('',(-0.022759012,0.022287582,0.999492517));
#15512=DIRECTION('',(0.999740851,0.,0.022764666));
#15513=AXIS2_PLACEMENT_3D('',#15510,#15511,#15512);
#15514=PLANE('',#15513);
#15515=POLY_LOOP('',(#2592,#7668,#7702));
#15516=FACE_OUTER_BOUND('',#15515,.T.);
#15517=FACE_SURFACE('',(#15516),#15514,.T.);
#15518=CARTESIAN_POINT('',(38.529489189,192.479670048,-5.393550266));
#15519=DIRECTION('',(0.413953147,0.900360993,0.134137522));
#15520=DIRECTION('',(0.908572007,-0.417728271,-0.));
#15521=AXIS2_PLACEMENT_3D('',#15518,#15519,#15520);
#15522=PLANE('',#15521);
#15523=POLY_LOOP('',(#5639,#1563,#5971));
#15524=FACE_OUTER_BOUND('',#15523,.T.);
#15525=FACE_SURFACE('',(#15524),#15522,.T.);
#15526=CARTESIAN_POINT('',(17.079420388,406.240403652,9.371451102));
#15527=DIRECTION('',(-0.572155339,-0.523287097,0.631513169));
#15528=DIRECTION('',(0.741076559,0.,0.671420535));
#15529=AXIS2_PLACEMENT_3D('',#15526,#15527,#15528);
#15530=PLANE('',#15529);
#15531=POLY_LOOP('',(#8003,#2962,#2961));
#15532=FACE_OUTER_BOUND('',#15531,.T.);
#15533=FACE_SURFACE('',(#15532),#15530,.T.);
#15534=CARTESIAN_POINT('',(35.889044404,227.873519063,-6.639332511));
#15535=DIRECTION('',(0.863962158,-0.295392649,-0.407814384));
#15536=DIRECTION('',(0.426862733,-0.,0.904316431));
#15537=AXIS2_PLACEMENT_3D('',#15534,#15535,#15536);
#15538=PLANE('',#15537);
#15539=POLY_LOOP('',(#4481,#1374,#8814));
#15540=FACE_OUTER_BOUND('',#15539,.T.);
#15541=FACE_SURFACE('',(#15540),#15538,.T.);
#15542=CARTESIAN_POINT('',(27.338918298,337.366878986,-12.735468335));
#15543=DIRECTION('',(0.147502454,-0.06041903,-0.98721455));
#15544=DIRECTION('',(-0.989021391,-0.,-0.147772419));
#15545=AXIS2_PLACEMENT_3D('',#15542,#15543,#15544);
#15546=PLANE('',#15545);
#15547=POLY_LOOP('',(#318,#13133,#319));
#15548=FACE_OUTER_BOUND('',#15547,.T.);
#15549=FACE_SURFACE('',(#15548),#15546,.T.);
#15550=CARTESIAN_POINT('',(211.11600101,242.401301861,5.616937764));
#15551=DIRECTION('',(-0.22843369,0.527903611,-0.818007229));
#15552=DIRECTION('',(0.,-0.840223172,-0.542240741));
#15553=AXIS2_PLACEMENT_3D('',#15550,#15551,#15552);
#15554=PLANE('',#15553);
#15555=POLY_LOOP('',(#1926,#874,#1927));
#15556=FACE_OUTER_BOUND('',#15555,.T.);
#15557=FACE_SURFACE('',(#15556),#15554,.T.);
#15558=CARTESIAN_POINT('',(34.225545824,418.927848339,0.418230484));
#15559=DIRECTION('',(0.693464314,0.62871502,0.351887296));
#15560=DIRECTION('',(-0.671673672,0.740847136,0.));
#15561=AXIS2_PLACEMENT_3D('',#15558,#15559,#15560);
#15562=PLANE('',#15561);
#15563=POLY_LOOP('',(#2195,#2744,#3437));
#15564=FACE_OUTER_BOUND('',#15563,.T.);
#15565=FACE_SURFACE('',(#15564),#15562,.T.);
#15566=CARTESIAN_POINT('',(122.837364674,199.818909168,-10.573052801));
#15567=DIRECTION('',(0.270220897,0.673148785,-0.688368636));
#15568=DIRECTION('',(0.,-0.714966571,-0.699158639));
#15569=AXIS2_PLACEMENT_3D('',#15566,#15567,#15568);
#15570=PLANE('',#15569);
#15571=POLY_LOOP('',(#1039,#820,#9511));
#15572=FACE_OUTER_BOUND('',#15571,.T.);
#15573=FACE_SURFACE('',(#15572),#15570,.T.);
#15574=CARTESIAN_POINT('',(44.82344538,192.393496633,-10.178664699));
#15575=CARTESIAN_POINT('',(103.394761682,195.013254881,-11.884704232));
#15576=DIRECTION('',(0.005901729,-0.635005796,-0.772484828));
#15577=DIRECTION('',(0.,-0.772498281,0.635016855));
#15578=AXIS2_PLACEMENT_3D('',#15575,#15576,#15577);
#15579=PLANE('',#15578);
#15580=POLY_LOOP('',(#4907,#7651,#15574));
#15581=FACE_OUTER_BOUND('',#15580,.T.);
#15582=FACE_SURFACE('',(#15581),#15579,.T.);
#15583=CARTESIAN_POINT('',(122.510686517,143.999993801,1.763924141));
#15584=DIRECTION('',(-0.986233996,-0.033348956,-0.161957869));
#15585=DIRECTION('',(0.162048005,0.,-0.986782876));
#15586=AXIS2_PLACEMENT_3D('',#15583,#15584,#15585);
#15587=PLANE('',#15586);
#15588=POLY_LOOP('',(#10915,#431,#6698));
#15589=FACE_OUTER_BOUND('',#15588,.T.);
#15590=FACE_SURFACE('',(#15589),#15587,.T.);
#15591=CARTESIAN_POINT('',(91.935940087,449.744492769,-10.636938736));
#15592=DIRECTION('',(0.010027137,-0.036630709,0.999278564));
#15593=DIRECTION('',(0.,0.999328803,0.036632551));
#15594=AXIS2_PLACEMENT_3D('',#15591,#15592,#15593);
#15595=PLANE('',#15594);
#15596=POLY_LOOP('',(#6723,#3544,#8677));
#15597=FACE_OUTER_BOUND('',#15596,.T.);
#15598=FACE_SURFACE('',(#15597),#15595,.T.);
#15599=CARTESIAN_POINT('',(28.744423762,227.266937494,9.84500628));
#15600=DIRECTION('',(-0.564936886,0.24253857,-0.788683306));
#15601=DIRECTION('',(-0.812956761,0.,0.582324055));
#15602=AXIS2_PLACEMENT_3D('',#15599,#15600,#15601);
#15603=PLANE('',#15602);
#15604=POLY_LOOP('',(#4685,#1477,#1781));
#15605=FACE_OUTER_BOUND('',#15604,.T.);
#15606=FACE_SURFACE('',(#15605),#15603,.T.);
#15607=CARTESIAN_POINT('',(215.193867683,367.25500226,-7.220766973));
#15608=DIRECTION('',(0.737377929,-0.539226014,0.406828092));
#15609=DIRECTION('',(0.590282669,0.807196612,0.));
#15610=AXIS2_PLACEMENT_3D('',#15607,#15608,#15609);
#15611=PLANE('',#15610);
#15612=POLY_LOOP('',(#5368,#4862,#14852));
#15613=FACE_OUTER_BOUND('',#15612,.T.);
#15614=FACE_SURFACE('',(#15613),#15611,.T.);
#15615=CARTESIAN_POINT('',(41.572615504,236.949548125,-2.215293003));
#15616=DIRECTION('',(-0.372399372,0.925620121,-0.067424771));
#15617=DIRECTION('',(0.927731302,0.373248752,0.));
#15618=AXIS2_PLACEMENT_3D('',#15615,#15616,#15617);
#15619=PLANE('',#15618);
#15620=POLY_LOOP('',(#1112,#1149,#277));
#15621=FACE_OUTER_BOUND('',#15620,.T.);
#15622=FACE_SURFACE('',(#15621),#15619,.T.);
#15623=CARTESIAN_POINT('',(233.953744173,279.138535261,-9.376996197));
#15624=DIRECTION('',(0.900112081,0.191700607,-0.391214927));
#15625=DIRECTION('',(0.398607724,0.,0.91712152));
#15626=AXIS2_PLACEMENT_3D('',#15623,#15624,#15625);
#15627=PLANE('',#15626);
#15628=POLY_LOOP('',(#4650,#5095,#2442));
#15629=FACE_OUTER_BOUND('',#15628,.T.);
#15630=FACE_SURFACE('',(#15629),#15627,.T.);
#15631=CARTESIAN_POINT('',(43.670695275,211.912319064,-0.499291054));
#15632=DIRECTION('',(-0.608464417,-0.764715001,-0.212089651));
#15633=DIRECTION('',(-0.782517098,0.622629096,0.));
#15634=AXIS2_PLACEMENT_3D('',#15631,#15632,#15633);
#15635=PLANE('',#15634);
#15636=POLY_LOOP('',(#76,#5518,#77));
#15637=FACE_OUTER_BOUND('',#15636,.T.);
#15638=FACE_SURFACE('',(#15637),#15635,.T.);
#15639=CARTESIAN_POINT('',(212.430402637,239.956304431,-3.479202278));
#15640=DIRECTION('',(0.449594612,-0.887126703,-0.104263599));
#15641=DIRECTION('',(-0.891988308,-0.452058467,0.));
#15642=AXIS2_PLACEMENT_3D('',#15639,#15640,#15641);
#15643=PLANE('',#15642);
#15644=POLY_LOOP('',(#5911,#9793,#1262));
#15645=FACE_OUTER_BOUND('',#15644,.T.);
#15646=FACE_SURFACE('',(#15645),#15643,.T.);
#15647=CARTESIAN_POINT('',(229.060381651,254.453361034,3.047111211));
#15648=CARTESIAN_POINT('',(234.199091792,264.739185572,-2.829637378));
#15649=DIRECTION('',(-0.914408419,0.38446969,-0.126650312));
#15650=DIRECTION('',(-0.387590793,-0.921831534,0.));
#15651=AXIS2_PLACEMENT_3D('',#15648,#15649,#15650);
#15652=PLANE('',#15651);
#15653=POLY_LOOP('',(#5037,#15647,#7107));
#15654=FACE_OUTER_BOUND('',#15653,.T.);
#15655=FACE_SURFACE('',(#15654),#15652,.T.);
#15656=CARTESIAN_POINT('',(33.70917961,301.789313555,12.394401245));
#15657=DIRECTION('',(-0.036229456,-0.018747035,0.999167641));
#15658=DIRECTION('',(0.999343267,0.,0.036235824));
#15659=AXIS2_PLACEMENT_3D('',#15656,#15657,#15658);
#15660=PLANE('',#15659);
#15661=POLY_LOOP('',(#2733,#11135,#2513));
#15662=FACE_OUTER_BOUND('',#15661,.T.);
#15663=FACE_SURFACE('',(#15662),#15660,.T.);
#15664=CARTESIAN_POINT('',(15.431054868,216.012850404,-1.609481871));
#15665=DIRECTION('',(0.928059051,0.362238922,-0.086541099));
#15666=DIRECTION('',(-0.363603058,0.931553979,0.));
#15667=AXIS2_PLACEMENT_3D('',#15664,#15665,#15666);
#15668=PLANE('',#15667);
#15669=POLY_LOOP('',(#1279,#7323,#1552));
#15670=FACE_OUTER_BOUND('',#15669,.T.);
#15671=FACE_SURFACE('',(#15670),#15668,.T.);
#15672=CARTESIAN_POINT('',(92.262499034,440.668106079,-0.160905474));
#15673=DIRECTION('',(-0.17354044,0.945860798,-0.274282822));
#15674=DIRECTION('',(0.,0.278508706,0.960433705));
#15675=AXIS2_PLACEMENT_3D('',#15672,#15673,#15674);
#15676=PLANE('',#15675);
#15677=POLY_LOOP('',(#533,#3535,#534));
#15678=FACE_OUTER_BOUND('',#15677,.T.);
#15679=FACE_SURFACE('',(#15678),#15676,.T.);
#15680=CARTESIAN_POINT('',(129.377841949,199.331745505,-6.123680621));
#15681=DIRECTION('',(0.539485444,0.808532984,-0.235010362));
#15682=DIRECTION('',(0.831830163,-0.555030251,0.));
#15683=AXIS2_PLACEMENT_3D('',#15680,#15681,#15682);
#15684=PLANE('',#15683);
#15685=POLY_LOOP('',(#6569,#5706,#2695));
#15686=FACE_OUTER_BOUND('',#15685,.T.);
#15687=FACE_SURFACE('',(#15686),#15684,.T.);
#15688=CARTESIAN_POINT('',(41.995473206,235.985636711,5.424374249));
#15689=DIRECTION('',(0.228238901,-0.710106629,0.666074756));
#15690=DIRECTION('',(-0.,-0.68413232,-0.729357915));
#15691=AXIS2_PLACEMENT_3D('',#15688,#15689,#15690);
#15692=PLANE('',#15691);
#15693=POLY_LOOP('',(#5114,#1582,#8096));
#15694=FACE_OUTER_BOUND('',#15693,.T.);
#15695=FACE_SURFACE('',(#15694),#15692,.T.);
#15696=CARTESIAN_POINT('',(227.076530457,353.03747654,4.349494353));
#15697=DIRECTION('',(-0.69082829,0.708091536,-0.146159678));
#15698=DIRECTION('',(0.71577827,0.698327622,-0.));
#15699=AXIS2_PLACEMENT_3D('',#15696,#15697,#15698);
#15700=PLANE('',#15699);
#15701=POLY_LOOP('',(#6188,#7532,#4515));
#15702=FACE_OUTER_BOUND('',#15701,.T.);
#15703=FACE_SURFACE('',(#15702),#15700,.T.);
#15704=CARTESIAN_POINT('',(41.846226901,207.50258863,-8.695204742));
#15705=DIRECTION('',(-0.039814987,-0.820050345,0.570904719));
#15706=DIRECTION('',(0.,-0.571357766,-0.820701104));
#15707=AXIS2_PLACEMENT_3D('',#15704,#15705,#15706);
#15708=PLANE('',#15707);
#15709=POLY_LOOP('',(#5104,#5378,#6955));
#15710=FACE_OUTER_BOUND('',#15709,.T.);
#15711=FACE_SURFACE('',(#15710),#15708,.T.);
#15712=CARTESIAN_POINT('',(112.269632518,206.904545426,-5.628621206));
#15713=DIRECTION('',(-0.177544741,-0.596912563,0.782415016));
#15714=DIRECTION('',(-0.,0.795046129,0.60654897));
#15715=AXIS2_PLACEMENT_3D('',#15712,#15713,#15714);
#15716=PLANE('',#15715);
#15717=POLY_LOOP('',(#5564,#10324,#3674));
#15718=FACE_OUTER_BOUND('',#15717,.T.);
#15719=FACE_SURFACE('',(#15718),#15716,.T.);
#15720=CARTESIAN_POINT('',(143.099859357,179.770573974,-6.144338287));
#15721=DIRECTION('',(0.941781224,0.229079634,-0.246111049));
#15722=DIRECTION('',(0.252834503,0.,0.967509542));
#15723=AXIS2_PLACEMENT_3D('',#15720,#15721,#15722);
#15724=PLANE('',#15723);
#15725=POLY_LOOP('',(#9528,#670,#10782));
#15726=FACE_OUTER_BOUND('',#15725,.T.);
#15727=FACE_SURFACE('',(#15726),#15724,.T.);
#15728=CARTESIAN_POINT('',(232.124105096,360.351294279,3.000197699));
#15729=DIRECTION('',(-0.826671801,0.543975226,-0.143891232));
#15730=DIRECTION('',(-0.549695629,-0.835365019,-0.));
#15731=AXIS2_PLACEMENT_3D('',#15728,#15729,#15730);
#15732=PLANE('',#15731);
#15733=POLY_LOOP('',(#6981,#7532,#6188));
#15734=FACE_OUTER_BOUND('',#15733,.T.);
#15735=FACE_SURFACE('',(#15734),#15732,.T.);
#15736=CARTESIAN_POINT('',(207.314446568,404.206395149,-9.525047615));
#15737=DIRECTION('',(-0.275619771,-0.480988297,0.832276396));
#15738=DIRECTION('',(0.,0.865812124,0.500369229));
#15739=AXIS2_PLACEMENT_3D('',#15736,#15737,#15738);
#15740=PLANE('',#15739);
#15741=POLY_LOOP('',(#8268,#1916,#5225));
#15742=FACE_OUTER_BOUND('',#15741,.T.);
#15743=FACE_SURFACE('',(#15742),#15740,.T.);
#15744=CARTESIAN_POINT('',(79.338513315,436.622142792,-3.109754995));
#15745=DIRECTION('',(0.213846421,-0.919384927,-0.330153093));
#15746=DIRECTION('',(-0.,0.337971283,-0.941156423));
#15747=AXIS2_PLACEMENT_3D('',#15744,#15745,#15746);
#15748=PLANE('',#15747);
#15749=POLY_LOOP('',(#1898,#2205,#7693));
#15750=FACE_OUTER_BOUND('',#15749,.T.);
#15751=FACE_SURFACE('',(#15750),#15748,.T.);
#15752=CARTESIAN_POINT('',(213.507950306,285.795748234,-9.900089353));
#15753=DIRECTION('',(-0.236171455,-0.352579254,-0.905489323));
#15754=DIRECTION('',(0.,-0.931850057,0.362843591));
#15755=AXIS2_PLACEMENT_3D('',#15752,#15753,#15754);
#15756=PLANE('',#15755);
#15757=POLY_LOOP('',(#4506,#3853,#4056));
#15758=FACE_OUTER_BOUND('',#15757,.T.);
#15759=FACE_SURFACE('',(#15758),#15756,.T.);
#15760=CARTESIAN_POINT('',(41.806541383,400.841891766,10.489347391));
#15761=DIRECTION('',(0.001789205,-0.252062997,-0.967709174));
#15762=DIRECTION('',(0.,-0.967710722,0.2520634));
#15763=AXIS2_PLACEMENT_3D('',#15760,#15761,#15762);
#15764=PLANE('',#15763);
#15765=POLY_LOOP('',(#13684,#8508,#12846));
#15766=FACE_OUTER_BOUND('',#15765,.T.);
#15767=FACE_SURFACE('',(#15766),#15764,.T.);
#15768=CARTESIAN_POINT('',(102.242559195,189.750000834,3.124481533));
#15769=DIRECTION('',(0.00471287,0.99820485,-0.059706501));
#15770=DIRECTION('',(0.,0.059707164,0.998215936));
#15771=AXIS2_PLACEMENT_3D('',#15768,#15769,#15770);
#15772=PLANE('',#15771);
#15773=POLY_LOOP('',(#4763,#6461,#5971));
#15774=FACE_OUTER_BOUND('',#15773,.T.);
#15775=FACE_SURFACE('',(#15774),#15772,.T.);
#15776=CARTESIAN_POINT('',(37.556484342,224.818408489,-0.893919147));
#15777=DIRECTION('',(0.991573048,-0.110694289,0.067302791));
#15778=DIRECTION('',(0.110945848,0.993826453,0.));
#15779=AXIS2_PLACEMENT_3D('',#15776,#15777,#15778);
#15780=PLANE('',#15779);
#15781=POLY_LOOP('',(#8814,#1376,#4559));
#15782=FACE_OUTER_BOUND('',#15781,.T.);
#15783=FACE_SURFACE('',(#15782),#15780,.T.);
#15784=CARTESIAN_POINT('',(222.86465764,399.71396327,9.844641201));
#15785=DIRECTION('',(0.213191676,0.391241984,0.895253606));
#15786=DIRECTION('',(-0.,0.916319429,-0.400448129));
#15787=AXIS2_PLACEMENT_3D('',#15784,#15785,#15786);
#15788=PLANE('',#15787);
#15789=POLY_LOOP('',(#14539,#3715,#3122));
#15790=FACE_OUTER_BOUND('',#15789,.T.);
#15791=FACE_SURFACE('',(#15790),#15788,.T.);
#15792=CARTESIAN_POINT('',(204.002887011,401.766479015,10.548402555));
#15793=DIRECTION('',(-0.003365661,-0.460777427,-0.887509344));
#15794=DIRECTION('',(-0.,-0.887514371,0.460780036));
#15795=AXIS2_PLACEMENT_3D('',#15792,#15793,#15794);
#15796=PLANE('',#15795);
#15797=POLY_LOOP('',(#12846,#8508,#11681));
#15798=FACE_OUTER_BOUND('',#15797,.T.);
#15799=FACE_SURFACE('',(#15798),#15796,.T.);
#15800=CARTESIAN_POINT('',(29.424535111,195.769816637,6.677223369));
#15801=DIRECTION('',(-0.625213392,-0.657712457,0.420145853));
#15802=DIRECTION('',(-0.724786689,0.688973334,0.));
#15803=AXIS2_PLACEMENT_3D('',#15800,#15801,#15802);
#15804=PLANE('',#15803);
#15805=POLY_LOOP('',(#1761,#1460,#4588));
#15806=FACE_OUTER_BOUND('',#15805,.T.);
#15807=FACE_SURFACE('',(#15806),#15804,.T.);
#15808=CARTESIAN_POINT('',(37.556484342,224.818408489,-0.893919147));
#15809=DIRECTION('',(0.99575058,-0.082119254,0.041679848));
#15810=DIRECTION('',(0.082190677,0.996616623,-0.));
#15811=AXIS2_PLACEMENT_3D('',#15808,#15809,#15810);
#15812=PLANE('',#15811);
#15813=POLY_LOOP('',(#8814,#1374,#1376));
#15814=FACE_OUTER_BOUND('',#15813,.T.);
#15815=FACE_SURFACE('',(#15814),#15812,.T.);
#15816=CARTESIAN_POINT('',(110.097415745,187.106102705,4.011451732));
#15817=DIRECTION('',(0.333688454,0.868004721,-0.367722477));
#15818=DIRECTION('',(0.,0.390080564,0.92078073));
#15819=AXIS2_PLACEMENT_3D('',#15816,#15817,#15818);
#15820=PLANE('',#15819);
#15821=POLY_LOOP('',(#4030,#4763,#4762));
#15822=FACE_OUTER_BOUND('',#15821,.T.);
#15823=FACE_SURFACE('',(#15822),#15820,.T.);
#15824=CARTESIAN_POINT('',(32.866075635,258.204966784,3.507982008));
#15825=DIRECTION('',(-0.366213211,0.929611077,-0.041365796));
#15826=DIRECTION('',(0.930407442,0.366526932,-0.));
#15827=AXIS2_PLACEMENT_3D('',#15824,#15825,#15826);
#15828=PLANE('',#15827);
#15829=POLY_LOOP('',(#6364,#5313,#5315));
#15830=FACE_OUTER_BOUND('',#15829,.T.);
#15831=FACE_SURFACE('',(#15830),#15828,.T.);
#15832=CARTESIAN_POINT('',(26.899917051,325.981616974,-12.104265392));
#15833=DIRECTION('',(0.360315198,0.035278898,-0.932163268));
#15834=DIRECTION('',(-0.932743895,-0.,-0.360539632));
#15835=AXIS2_PLACEMENT_3D('',#15832,#15833,#15834);
#15836=PLANE('',#15835);
#15837=POLY_LOOP('',(#319,#2104,#2115));
#15838=FACE_OUTER_BOUND('',#15837,.T.);
#15839=FACE_SURFACE('',(#15838),#15836,.T.);
#15840=CARTESIAN_POINT('',(44.82344538,192.393496633,-10.178664699));
#15841=DIRECTION('',(-0.012804335,-0.328704054,-0.944346173));
#15842=DIRECTION('',(0.,-0.944423596,0.328731003));
#15843=AXIS2_PLACEMENT_3D('',#15840,#15841,#15842);
#15844=PLANE('',#15843);
#15845=POLY_LOOP('',(#15574,#4908,#4907));
#15846=FACE_OUTER_BOUND('',#15845,.T.);
#15847=FACE_SURFACE('',(#15846),#15844,.T.);
#15848=CARTESIAN_POINT('',(119.011946023,195.091322064,-12.515286915));
#15849=DIRECTION('',(0.198078663,0.231061945,-0.95256245));
#15850=DIRECTION('',(0.,-0.971817927,-0.235732724));
#15851=AXIS2_PLACEMENT_3D('',#15848,#15849,#15850);
#15852=PLANE('',#15851);
#15853=POLY_LOOP('',(#1037,#1039,#6309));
#15854=FACE_OUTER_BOUND('',#15853,.T.);
#15855=FACE_SURFACE('',(#15854),#15852,.T.);
#15856=CARTESIAN_POINT('',(19.989317283,398.688733578,-6.32903818));
#15857=DIRECTION('',(-0.605535421,-0.435407548,-0.666143469));
#15858=DIRECTION('',(-0.739967469,0.,0.672642657));
#15859=AXIS2_PLACEMENT_3D('',#15856,#15857,#15858);
#15860=PLANE('',#15859);
#15861=POLY_LOOP('',(#3834,#9874,#9537));
#15862=FACE_OUTER_BOUND('',#15861,.T.);
#15863=FACE_SURFACE('',(#15862),#15860,.T.);
#15864=CARTESIAN_POINT('',(38.158152252,414.40436244,0.750329171));
#15865=DIRECTION('',(0.389039396,0.86402704,0.319539704));
#15866=DIRECTION('',(0.911831745,-0.410564086,0.));
#15867=AXIS2_PLACEMENT_3D('',#15864,#15865,#15866);
#15868=PLANE('',#15867);
#15869=POLY_LOOP('',(#3437,#2743,#1523));
#15870=FACE_OUTER_BOUND('',#15869,.T.);
#15871=FACE_SURFACE('',(#15870),#15868,.T.);
#15872=CARTESIAN_POINT('',(46.744696796,359.579354525,-4.476133268));
#15873=CARTESIAN_POINT('',(46.744696796,359.579354525,-4.476133268));
#15874=DIRECTION('',(0.003446338,-0.983325863,0.181819606));
#15875=DIRECTION('',(0.,-0.181820685,-0.983331703));
#15876=AXIS2_PLACEMENT_3D('',#15873,#15874,#15875);
#15877=PLANE('',#15876);
#15878=POLY_LOOP('',(#15872,#4871,#5538));
#15879=FACE_OUTER_BOUND('',#15878,.T.);
#15880=FACE_SURFACE('',(#15879),#15877,.T.);
#15881=CARTESIAN_POINT('',(32.845973969,239.157408476,10.104547255));
#15882=CARTESIAN_POINT('',(32.845973969,239.157408476,10.104547255));
#15883=DIRECTION('',(-0.504002426,0.192232474,-0.842038141));
#15884=DIRECTION('',(-0.858041108,0.,0.513581012));
#15885=AXIS2_PLACEMENT_3D('',#15882,#15883,#15884);
#15886=PLANE('',#15885);
#15887=POLY_LOOP('',(#15881,#1477,#4685));
#15888=FACE_OUTER_BOUND('',#15887,.T.);
#15889=FACE_SURFACE('',(#15888),#15886,.T.);
#15890=CARTESIAN_POINT('',(233.128875494,274.604231119,7.69673381));
#15891=DIRECTION('',(-0.375183926,0.016847101,-0.926797279));
#15892=DIRECTION('',(-0.926928831,0.,0.375237181));
#15893=AXIS2_PLACEMENT_3D('',#15890,#15891,#15892);
#15894=PLANE('',#15893);
#15895=POLY_LOOP('',(#6868,#4424,#7414));
#15896=FACE_OUTER_BOUND('',#15895,.T.);
#15897=FACE_SURFACE('',(#15896),#15894,.T.);
#15898=CARTESIAN_POINT('',(46.962969005,241.344943643,6.476943381));
#15899=DIRECTION('',(-0.440872641,0.836915231,-0.324351986));
#15900=DIRECTION('',(0.884747829,0.466070036,0.));
#15901=AXIS2_PLACEMENT_3D('',#15898,#15899,#15900);
#15902=PLANE('',#15901);
#15903=POLY_LOOP('',(#338,#277,#1149));
#15904=FACE_OUTER_BOUND('',#15903,.T.);
#15905=FACE_SURFACE('',(#15904),#15902,.T.);
#15906=CARTESIAN_POINT('',(120.855689049,172.588095069,2.977564698));
#15907=DIRECTION('',(-0.961149887,-0.274223561,0.031501333));
#15908=DIRECTION('',(0.274359723,-0.961627133,0.));
#15909=AXIS2_PLACEMENT_3D('',#15906,#15907,#15908);
#15910=PLANE('',#15909);
#15911=POLY_LOOP('',(#432,#431,#6586));
#15912=FACE_OUTER_BOUND('',#15911,.T.);
#15913=FACE_SURFACE('',(#15912),#15910,.T.);
#15914=CARTESIAN_POINT('',(30.301112682,321.940600872,11.542154476));
#15915=DIRECTION('',(0.333340191,0.090863576,0.938417886));
#15916=DIRECTION('',(0.942315917,0.,-0.33472483));
#15917=AXIS2_PLACEMENT_3D('',#15914,#15915,#15916);
#15918=PLANE('',#15917);
#15919=POLY_LOOP('',(#2263,#1357,#11135));
#15920=FACE_OUTER_BOUND('',#15919,.T.);
#15921=FACE_SURFACE('',(#15920),#15918,.T.);
#15922=CARTESIAN_POINT('',(30.301112682,321.940600872,11.542154476));
#15923=DIRECTION('',(0.337639725,0.096701175,0.936294985));
#15924=DIRECTION('',(0.940703631,0.,-0.339229538));
#15925=AXIS2_PLACEMENT_3D('',#15922,#15923,#15924);
#15926=PLANE('',#15925);
#15927=POLY_LOOP('',(#2263,#11135,#2733));
#15928=FACE_OUTER_BOUND('',#15927,.T.);
#15929=FACE_SURFACE('',(#15928),#15926,.T.);
#15930=CARTESIAN_POINT('',(18.913336098,308.44643712,-8.003326133));
#15931=DIRECTION('',(-0.463567077,-0.356653362,-0.811112782));
#15932=DIRECTION('',(-0.868208992,0.,0.496198696));
#15933=AXIS2_PLACEMENT_3D('',#15930,#15931,#15932);
#15934=PLANE('',#15933);
#15935=POLY_LOOP('',(#10489,#317,#1167));
#15936=FACE_OUTER_BOUND('',#15935,.T.);
#15937=FACE_SURFACE('',(#15936),#15934,.T.);
#15938=CARTESIAN_POINT('',(122.588790953,339.609652758,1.560174744));
#15939=DIRECTION('',(0.620108273,0.506316472,0.599257341));
#15940=DIRECTION('',(-0.694913793,-0.,0.719093054));
#15941=AXIS2_PLACEMENT_3D('',#15938,#15939,#15940);
#15942=PLANE('',#15941);
#15943=POLY_LOOP('',(#14957,#148,#157));
#15944=FACE_OUTER_BOUND('',#15943,.T.);
#15945=FACE_SURFACE('',(#15944),#15942,.T.);
#15946=CARTESIAN_POINT('',(127.642825246,189.278945327,-10.434349999));
#15947=DIRECTION('',(0.00773918,0.016171598,0.999839279));
#15948=DIRECTION('',(0.,0.999869223,-0.016172083));
#15949=AXIS2_PLACEMENT_3D('',#15946,#15947,#15948);
#15950=PLANE('',#15949);
#15951=POLY_LOOP('',(#1602,#3674,#12929));
#15952=FACE_OUTER_BOUND('',#15951,.T.);
#15953=FACE_SURFACE('',(#15952),#15950,.T.);
#15954=CARTESIAN_POINT('',(21.392798051,328.719496727,12.450538576));
#15955=DIRECTION('',(-0.226518944,0.159789174,0.960810381));
#15956=DIRECTION('',(0.973316363,-0.,0.229467332));
#15957=AXIS2_PLACEMENT_3D('',#15954,#15955,#15956);
#15958=PLANE('',#15957);
#15959=POLY_LOOP('',(#13717,#811,#650));
#15960=FACE_OUTER_BOUND('',#15959,.T.);
#15961=FACE_SURFACE('',(#15960),#15958,.T.);
#15962=CARTESIAN_POINT('',(21.392798051,328.719496727,12.450538576));
#15963=DIRECTION('',(-0.603378137,0.080845977,0.793346552));
#15964=DIRECTION('',(0.795952017,0.,0.605359717));
#15965=AXIS2_PLACEMENT_3D('',#15962,#15963,#15964);
#15966=PLANE('',#15965);
#15967=POLY_LOOP('',(#13717,#9493,#1633));
#15968=FACE_OUTER_BOUND('',#15967,.T.);
#15969=FACE_SURFACE('',(#15968),#15966,.T.);
#15970=CARTESIAN_POINT('',(27.569690719,412.688821554,-9.891443886));
#15971=DIRECTION('',(-0.429209268,-0.487608328,0.760274636));
#15972=DIRECTION('',(0.,0.841751955,0.53986447));
#15973=AXIS2_PLACEMENT_3D('',#15970,#15971,#15972);
#15974=PLANE('',#15973);
#15975=POLY_LOOP('',(#10898,#6434,#6850));
#15976=FACE_OUTER_BOUND('',#15975,.T.);
#15977=FACE_SURFACE('',(#15976),#15974,.T.);
#15978=CARTESIAN_POINT('',(112.756960094,456.005573273,-3.739727894));
#15979=DIRECTION('',(-0.799328857,0.598791144,-0.050224933));
#15980=DIRECTION('',(-0.599547814,-0.80033894,0.));
#15981=AXIS2_PLACEMENT_3D('',#15978,#15979,#15980);
#15982=PLANE('',#15981);
#15983=POLY_LOOP('',(#2095,#535,#2407));
#15984=FACE_OUTER_BOUND('',#15983,.T.);
#15985=FACE_SURFACE('',(#15984),#15982,.T.);
#15986=CARTESIAN_POINT('',(38.187362254,459.805011749,-1.033136039));
#15987=DIRECTION('',(0.009483234,-0.916989569,0.398798443));
#15988=DIRECTION('',(0.,-0.398816377,-0.917030805));
#15989=AXIS2_PLACEMENT_3D('',#15986,#15987,#15988);
#15990=PLANE('',#15989);
#15991=POLY_LOOP('',(#4888,#3931,#5159));
#15992=FACE_OUTER_BOUND('',#15991,.T.);
#15993=FACE_SURFACE('',(#15992),#15990,.T.);
#15994=CARTESIAN_POINT('',(228.087753057,358.487516642,7.494219579));
#15995=DIRECTION('',(-0.753436593,0.427872335,-0.499258014));
#15996=DIRECTION('',(0.55237483,0.,-0.833595853));
#15997=AXIS2_PLACEMENT_3D('',#15994,#15995,#15996);
#15998=PLANE('',#15997);
#15999=POLY_LOOP('',(#3482,#6981,#6188));
#16000=FACE_OUTER_BOUND('',#15999,.T.);
#16001=FACE_SURFACE('',(#16000),#15998,.T.);
#16002=CARTESIAN_POINT('',(231.269404292,356.025010347,5.129890982));
#16003=DIRECTION('',(0.690965291,-0.385141228,0.611746027));
#16004=DIRECTION('',(-0.662882331,0.,0.748723591));
#16005=AXIS2_PLACEMENT_3D('',#16002,#16003,#16004);
#16006=PLANE('',#16005);
#16007=POLY_LOOP('',(#782,#184,#186));
#16008=FACE_OUTER_BOUND('',#16007,.T.);
#16009=FACE_SURFACE('',(#16008),#16006,.T.);
#16010=CARTESIAN_POINT('',(216.726481915,276.939362288,-9.441109374));
#16011=DIRECTION('',(-0.456819554,-0.210802509,-0.864221151));
#16012=DIRECTION('',(-0.884087778,0.,0.467320875));
#16013=AXIS2_PLACEMENT_3D('',#16010,#16011,#16012);
#16014=PLANE('',#16013);
#16015=POLY_LOOP('',(#4898,#4506,#2638));
#16016=FACE_OUTER_BOUND('',#16015,.T.);
#16017=FACE_SURFACE('',(#16016),#16014,.T.);
#16018=CARTESIAN_POINT('',(213.507950306,285.795748234,-9.900089353));
#16019=DIRECTION('',(-0.246897666,-0.358783321,-0.900175578));
#16020=DIRECTION('',(0.,-0.928933924,0.370245546));
#16021=AXIS2_PLACEMENT_3D('',#16018,#16019,#16020);
#16022=PLANE('',#16021);
#16023=POLY_LOOP('',(#4506,#4056,#4632));
#16024=FACE_OUTER_BOUND('',#16023,.T.);
#16025=FACE_SURFACE('',(#16024),#16022,.T.);
#16026=CARTESIAN_POINT('',(29.585022479,240.851029754,-10.631363839));
#16027=DIRECTION('',(0.214625877,-0.093437694,0.972216607));
#16028=DIRECTION('',(0.976488618,0.,-0.215568964));
#16029=AXIS2_PLACEMENT_3D('',#16026,#16027,#16028);
#16030=PLANE('',#16029);
#16031=POLY_LOOP('',(#2243,#5780,#999));
#16032=FACE_OUTER_BOUND('',#16031,.T.);
#16033=FACE_SURFACE('',(#16032),#16030,.T.);
#16034=CARTESIAN_POINT('',(100.784406066,453.921616077,12.428896502));
#16035=DIRECTION('',(0.396898687,-0.375114984,0.837711275));
#16036=DIRECTION('',(0.903701074,0.,-0.428163952));
#16037=AXIS2_PLACEMENT_3D('',#16034,#16035,#16036);
#16038=PLANE('',#16037);
#16039=POLY_LOOP('',(#7668,#2281,#7192));
#16040=FACE_OUTER_BOUND('',#16039,.T.);
#16041=FACE_SURFACE('',(#16040),#16038,.T.);
#16042=CARTESIAN_POINT('',(37.556484342,224.818408489,-0.893919147));
#16043=DIRECTION('',(0.884408504,0.357631827,0.299868427));
#16044=DIRECTION('',(-0.374883765,0.927071822,0.));
#16045=AXIS2_PLACEMENT_3D('',#16042,#16043,#16044);
#16046=PLANE('',#16045);
#16047=POLY_LOOP('',(#8814,#4559,#4568));
#16048=FACE_OUTER_BOUND('',#16047,.T.);
#16049=FACE_SURFACE('',(#16048),#16046,.T.);
#16050=CARTESIAN_POINT('',(29.856584966,423.35036397,3.713655518));
#16051=DIRECTION('',(-0.915664779,-0.365926372,-0.166300637));
#16052=DIRECTION('',(0.371093817,-0.928595379,0.));
#16053=AXIS2_PLACEMENT_3D('',#16050,#16051,#16052);
#16054=PLANE('',#16053);
#16055=POLY_LOOP('',(#4952,#4182,#13100));
#16056=FACE_OUTER_BOUND('',#16055,.T.);
#16057=FACE_SURFACE('',(#16056),#16054,.T.);
#16058=CARTESIAN_POINT('',(112.581394613,198.605746031,10.646774434));
#16059=DIRECTION('',(0.145344462,0.181598795,-0.972572293));
#16060=DIRECTION('',(0.,-0.983010773,-0.183547869));
#16061=AXIS2_PLACEMENT_3D('',#16058,#16059,#16060);
#16062=PLANE('',#16061);
#16063=POLY_LOOP('',(#10374,#4963,#7892));
#16064=FACE_OUTER_BOUND('',#16063,.T.);
#16065=FACE_SURFACE('',(#16064),#16062,.T.);
#16066=CARTESIAN_POINT('',(25.45610629,232.72664845,10.512772016));
#16067=DIRECTION('',(-0.235819419,-0.023206632,-0.971519765));
#16068=DIRECTION('',(-0.971781476,-0.,0.235882945));
#16069=AXIS2_PLACEMENT_3D('',#16066,#16067,#16068);
#16070=PLANE('',#16069);
#16071=POLY_LOOP('',(#4371,#4685,#4461));
#16072=FACE_OUTER_BOUND('',#16071,.T.);
#16073=FACE_SURFACE('',(#16072),#16070,.T.);
#16074=CARTESIAN_POINT('',(24.076215923,396.639347076,-3.721205052));
#16075=DIRECTION('',(0.680409924,0.668867419,0.299430644));
#16076=DIRECTION('',(-0.701032127,0.713129691,0.));
#16077=AXIS2_PLACEMENT_3D('',#16074,#16075,#16076);
#16078=PLANE('',#16077);
#16079=POLY_LOOP('',(#2381,#2380,#14506));
#16080=FACE_OUTER_BOUND('',#16079,.T.);
#16081=FACE_SURFACE('',(#16080),#16078,.T.);
#16082=CARTESIAN_POINT('',(216.35478735,351.321607828,-10.22562664));
#16083=DIRECTION('',(-0.113375115,0.384558909,0.916111635));
#16084=DIRECTION('',(0.,0.922056823,-0.387054538));
#16085=AXIS2_PLACEMENT_3D('',#16082,#16083,#16084);
#16086=PLANE('',#16085);
#16087=POLY_LOOP('',(#5359,#1946,#3752));
#16088=FACE_OUTER_BOUND('',#16087,.T.);
#16089=FACE_SURFACE('',(#16088),#16086,.T.);
#16090=CARTESIAN_POINT('',(44.82344538,192.393496633,-10.178664699));
#16091=DIRECTION('',(-0.122317901,-0.3501794,-0.928661789));
#16092=DIRECTION('',(0.,-0.935687895,0.352828801));
#16093=AXIS2_PLACEMENT_3D('',#16090,#16091,#16092);
#16094=PLANE('',#16093);
#16095=POLY_LOOP('',(#15574,#4735,#4908));
#16096=FACE_OUTER_BOUND('',#16095,.T.);
#16097=FACE_SURFACE('',(#16096),#16094,.T.);
#16098=CARTESIAN_POINT('',(122.837364674,199.818909168,-10.573052801));
#16099=DIRECTION('',(0.445779781,0.68122658,-0.580698487));
#16100=DIRECTION('',(0.,0.648721719,0.76102571));
#16101=AXIS2_PLACEMENT_3D('',#16098,#16099,#16100);
#16102=PLANE('',#16101);
#16103=POLY_LOOP('',(#1039,#9511,#6569));
#16104=FACE_OUTER_BOUND('',#16103,.T.);
#16105=FACE_SURFACE('',(#16104),#16102,.T.);
#16106=CARTESIAN_POINT('',(17.686530948,239.878937602,-8.007855155));
#16107=DIRECTION('',(-0.464292012,0.286976201,-0.837900703));
#16108=DIRECTION('',(-0.87469226,-0.,0.484678708));
#16109=AXIS2_PLACEMENT_3D('',#16106,#16107,#16108);
#16110=PLANE('',#16109);
#16111=POLY_LOOP('',(#935,#3651,#864));
#16112=FACE_OUTER_BOUND('',#16111,.T.);
#16113=FACE_SURFACE('',(#16112),#16110,.T.);
#16114=CARTESIAN_POINT('',(203.673303127,358.026266098,-7.011706475));
#16115=DIRECTION('',(-0.000399395,-0.863567443,0.504233192));
#16116=DIRECTION('',(0.,-0.504233232,-0.863567512));
#16117=AXIS2_PLACEMENT_3D('',#16114,#16115,#16116);
#16118=PLANE('',#16117);
#16119=POLY_LOOP('',(#5132,#4871,#15872));
#16120=FACE_OUTER_BOUND('',#16119,.T.);
#16121=FACE_SURFACE('',(#16120),#16118,.T.);
#16122=CARTESIAN_POINT('',(46.744696796,359.579354525,-4.476133268));
#16123=DIRECTION('',(0.156951483,-0.972367145,0.172824672));
#16124=DIRECTION('',(0.,-0.174993486,-0.984569591));
#16125=AXIS2_PLACEMENT_3D('',#16122,#16123,#16124);
#16126=PLANE('',#16125);
#16127=POLY_LOOP('',(#15872,#5538,#388));
#16128=FACE_OUTER_BOUND('',#16127,.T.);
#16129=FACE_SURFACE('',(#16128),#16126,.T.);
#16130=CARTESIAN_POINT('',(25.45610629,232.72664845,10.512772016));
#16131=DIRECTION('',(-0.105308369,0.057994852,-0.99274707));
#16132=DIRECTION('',(-0.994420797,0.,0.105485914));
#16133=AXIS2_PLACEMENT_3D('',#16130,#16131,#16132);
#16134=PLANE('',#16133);
#16135=POLY_LOOP('',(#4371,#15881,#4685));
#16136=FACE_OUTER_BOUND('',#16135,.T.);
#16137=FACE_SURFACE('',(#16136),#16134,.T.);
#16138=CARTESIAN_POINT('',(32.845973969,239.157408476,10.104547255));
#16139=DIRECTION('',(-0.320393971,0.263384565,-0.909932016));
#16140=DIRECTION('',(-0.943236841,-0.,0.332120853));
#16141=AXIS2_PLACEMENT_3D('',#16138,#16139,#16140);
#16142=PLANE('',#16141);
#16143=POLY_LOOP('',(#15881,#1148,#1477));
#16144=FACE_OUTER_BOUND('',#16143,.T.);
#16145=FACE_SURFACE('',(#16144),#16142,.T.);
#16146=CARTESIAN_POINT('',(46.962969005,241.344943643,6.476943381));
#16147=DIRECTION('',(0.000763388,0.931321073,-0.364198403));
#16148=DIRECTION('',(0.,0.36419851,0.931321344));
#16149=AXIS2_PLACEMENT_3D('',#16146,#16147,#16148);
#16150=PLANE('',#16149);
#16151=POLY_LOOP('',(#338,#513,#277));
#16152=FACE_OUTER_BOUND('',#16151,.T.);
#16153=FACE_SURFACE('',(#16152),#16150,.T.);
#16154=CARTESIAN_POINT('',(39.629351348,239.676058292,7.866194472));
#16155=DIRECTION('',(-0.283194727,0.780497,-0.557337581));
#16156=DIRECTION('',(-0.,0.581127529,0.813812506));
#16157=AXIS2_PLACEMENT_3D('',#16154,#16155,#16156);
#16158=PLANE('',#16157);
#16159=POLY_LOOP('',(#1148,#338,#1149));
#16160=FACE_OUTER_BOUND('',#16159,.T.);
#16161=FACE_SURFACE('',(#16160),#16158,.T.);
#16162=CARTESIAN_POINT('',(38.410693407,213.034033775,-6.578314584));
#16163=DIRECTION('',(-0.467591843,-0.233467481,0.852555455));
#16164=DIRECTION('',(0.876785771,0.,0.480881182));
#16165=AXIS2_PLACEMENT_3D('',#16162,#16163,#16164);
#16166=PLANE('',#16165);
#16167=POLY_LOOP('',(#78,#8946,#5105));
#16168=FACE_OUTER_BOUND('',#16167,.T.);
#16169=FACE_SURFACE('',(#16168),#16166,.T.);
#16170=CARTESIAN_POINT('',(207.772374153,406.438201666,8.108641021));
#16171=DIRECTION('',(-0.377737558,-0.764685511,-0.522082758));
#16172=DIRECTION('',(0.,0.56385743,-0.825872144));
#16173=AXIS2_PLACEMENT_3D('',#16170,#16171,#16172);
#16174=PLANE('',#16173);
#16175=POLY_LOOP('',(#11681,#5224,#1663));
#16176=FACE_OUTER_BOUND('',#16175,.T.);
#16177=FACE_SURFACE('',(#16176),#16174,.T.);
#16178=CARTESIAN_POINT('',(11.596750468,411.801099777,0.29736507));
#16179=DIRECTION('',(0.843253592,0.537513988,-0.001446311));
#16180=DIRECTION('',(-0.53751455,0.843254474,0.));
#16181=AXIS2_PLACEMENT_3D('',#16178,#16179,#16180);
#16182=PLANE('',#16181);
#16183=POLY_LOOP('',(#9933,#14506,#2380));
#16184=FACE_OUTER_BOUND('',#16183,.T.);
#16185=FACE_SURFACE('',(#16184),#16182,.T.);
#16186=CARTESIAN_POINT('',(234.183937311,371.94365263,-5.663538817));
#16187=DIRECTION('',(-0.826617739,0.267997893,0.494853759));
#16188=DIRECTION('',(-0.513643081,0.,-0.858003954));
#16189=AXIS2_PLACEMENT_3D('',#16186,#16187,#16188);
#16190=PLANE('',#16189);
#16191=POLY_LOOP('',(#1188,#5929,#6980));
#16192=FACE_OUTER_BOUND('',#16191,.T.);
#16193=FACE_SURFACE('',(#16192),#16190,.T.);
#16194=CARTESIAN_POINT('',(125.884205103,339.626669884,1.579378848));
#16195=DIRECTION('',(-0.005200382,0.999966675,0.006293168));
#16196=DIRECTION('',(-0.,-0.006293253,0.999980197));
#16197=AXIS2_PLACEMENT_3D('',#16194,#16195,#16196);
#16198=PLANE('',#16197);
#16199=POLY_LOOP('',(#147,#148,#14957));
#16200=FACE_OUTER_BOUND('',#16199,.T.);
#16201=FACE_SURFACE('',(#16200),#16198,.T.);
#16202=CARTESIAN_POINT('',(46.968135983,360.490441322,0.447016588));
#16203=DIRECTION('',(0.238695752,-0.949016044,-0.20589533));
#16204=DIRECTION('',(-0.969794848,-0.24392202,0.));
#16205=AXIS2_PLACEMENT_3D('',#16202,#16203,#16204);
#16206=PLANE('',#16205);
#16207=POLY_LOOP('',(#5538,#1385,#388));
#16208=FACE_OUTER_BOUND('',#16207,.T.);
#16209=FACE_SURFACE('',(#16208),#16206,.T.);
#16210=CARTESIAN_POINT('',(21.392798051,328.719496727,12.450538576));
#16211=DIRECTION('',(-0.248637981,0.168038389,0.953908934));
#16212=DIRECTION('',(0.967668746,0.,0.2522245));
#16213=AXIS2_PLACEMENT_3D('',#16210,#16211,#16212);
#16214=PLANE('',#16213);
#16215=POLY_LOOP('',(#13717,#650,#9493));
#16216=FACE_OUTER_BOUND('',#16215,.T.);
#16217=FACE_SURFACE('',(#16216),#16214,.T.);
#16218=CARTESIAN_POINT('',(27.863249183,397.406846285,8.349206299));
#16219=DIRECTION('',(0.181537477,0.640772455,-0.745958984));
#16220=DIRECTION('',(0.,-0.75856325,-0.651599413));
#16221=AXIS2_PLACEMENT_3D('',#16218,#16219,#16220);
#16222=PLANE('',#16221);
#16223=POLY_LOOP('',(#3887,#98,#88));
#16224=FACE_OUTER_BOUND('',#16223,.T.);
#16225=FACE_SURFACE('',(#16224),#16222,.T.);
#16226=CARTESIAN_POINT('',(213.071733713,277.099609375,-4.408374429));
#16227=DIRECTION('',(-0.77398167,-0.309892852,-0.552194526));
#16228=DIRECTION('',(0.580785745,-0.,-0.814056459));
#16229=AXIS2_PLACEMENT_3D('',#16226,#16227,#16228);
#16230=PLANE('',#16229);
#16231=POLY_LOOP('',(#3410,#4506,#4898));
#16232=FACE_OUTER_BOUND('',#16231,.T.);
#16233=FACE_SURFACE('',(#16232),#16230,.T.);
#16234=CARTESIAN_POINT('',(25.995155796,432.837754488,9.393211454));
#16235=DIRECTION('',(-0.359935098,0.254175168,-0.897686866));
#16236=DIRECTION('',(-0.928169627,0.,0.372157418));
#16237=AXIS2_PLACEMENT_3D('',#16234,#16235,#16236);
#16238=PLANE('',#16237);
#16239=POLY_LOOP('',(#7779,#8243,#9366));
#16240=FACE_OUTER_BOUND('',#16239,.T.);
#16241=FACE_SURFACE('',(#16240),#16238,.T.);
#16242=CARTESIAN_POINT('',(234.159722924,274.926930666,-5.664574448));
#16243=DIRECTION('',(-0.955424338,0.075715432,0.285362065));
#16244=DIRECTION('',(-0.286183564,0.,-0.95817481));
#16245=AXIS2_PLACEMENT_3D('',#16242,#16243,#16244);
#16246=PLANE('',#16245);
#16247=POLY_LOOP('',(#523,#5037,#1451));
#16248=FACE_OUTER_BOUND('',#16247,.T.);
#16249=FACE_SURFACE('',(#16248),#16246,.T.);
#16250=CARTESIAN_POINT('',(31.113250181,213.393822312,9.908898734));
#16251=DIRECTION('',(-0.325662701,-0.487243875,-0.810269839));
#16252=DIRECTION('',(-0.,-0.85698765,0.515336946));
#16253=AXIS2_PLACEMENT_3D('',#16250,#16251,#16252);
#16254=PLANE('',#16253);
#16255=POLY_LOOP('',(#4687,#5516,#4003));
#16256=FACE_OUTER_BOUND('',#16255,.T.);
#16257=FACE_SURFACE('',(#16256),#16254,.T.);
#16258=CARTESIAN_POINT('',(20.066607744,449.404448271,7.830685936));
#16259=DIRECTION('',(-0.394373177,0.542113218,0.742012841));
#16260=DIRECTION('',(0.,0.807456919,-0.589926542));
#16261=AXIS2_PLACEMENT_3D('',#16258,#16259,#16260);
#16262=PLANE('',#16261);
#16263=POLY_LOOP('',(#481,#723,#5716));
#16264=FACE_OUTER_BOUND('',#16263,.T.);
#16265=FACE_SURFACE('',(#16264),#16262,.T.);
#16266=CARTESIAN_POINT('',(38.411490619,456.902563572,-7.712299936));
#16267=DIRECTION('',(0.288387506,-0.874606031,0.389739575));
#16268=DIRECTION('',(0.,-0.407032862,-0.913413515));
#16269=AXIS2_PLACEMENT_3D('',#16266,#16267,#16268);
#16270=PLANE('',#16269);
#16271=POLY_LOOP('',(#3931,#4888,#5478));
#16272=FACE_OUTER_BOUND('',#16271,.T.);
#16273=FACE_SURFACE('',(#16272),#16270,.T.);
#16274=CARTESIAN_POINT('',(27.338918298,337.366878986,-12.735468335));
#16275=DIRECTION('',(0.015217781,0.024982628,-0.999572052));
#16276=DIRECTION('',(0.,-0.999687813,-0.024985522));
#16277=AXIS2_PLACEMENT_3D('',#16274,#16275,#16276);
#16278=PLANE('',#16277);
#16279=POLY_LOOP('',(#318,#545,#9458));
#16280=FACE_OUTER_BOUND('',#16279,.T.);
#16281=FACE_SURFACE('',(#16280),#16278,.T.);
#16282=CARTESIAN_POINT('',(237.704113126,371.208935976,1.246670727));
#16283=DIRECTION('',(0.900139468,-0.083790866,0.427466991));
#16284=DIRECTION('',(-0.428975543,0.,0.903316104));
#16285=AXIS2_PLACEMENT_3D('',#16282,#16283,#16284);
#16286=PLANE('',#16285);
#16287=POLY_LOOP('',(#7933,#8190,#184));
#16288=FACE_OUTER_BOUND('',#16287,.T.);
#16289=FACE_SURFACE('',(#16288),#16286,.T.);
#16290=CARTESIAN_POINT('',(24.076215923,396.639347076,-3.721205052));
#16291=DIRECTION('',(0.518246195,0.63462058,0.573304108));
#16292=DIRECTION('',(-0.,-0.670349634,0.742045395));
#16293=AXIS2_PLACEMENT_3D('',#16290,#16291,#16292);
#16294=PLANE('',#16293);
#16295=POLY_LOOP('',(#2381,#3896,#2379));
#16296=FACE_OUTER_BOUND('',#16295,.T.);
#16297=FACE_SURFACE('',(#16296),#16294,.T.);
#16298=CARTESIAN_POINT('',(26.399677619,402.532100677,-10.138109326));
#16299=DIRECTION('',(0.274929803,0.497312338,0.822857243));
#16300=DIRECTION('',(0.,0.85583754,-0.517244724));
#16301=AXIS2_PLACEMENT_3D('',#16298,#16299,#16300);
#16302=PLANE('',#16301);
#16303=POLY_LOOP('',(#6680,#3896,#7523));
#16304=FACE_OUTER_BOUND('',#16303,.T.);
#16305=FACE_SURFACE('',(#16304),#16302,.T.);
#16306=CARTESIAN_POINT('',(207.947850227,356.023639441,11.531589553));
#16307=DIRECTION('',(-0.000862603,0.187555943,0.982253544));
#16308=DIRECTION('',(0.,0.982253909,-0.187556013));
#16309=AXIS2_PLACEMENT_3D('',#16306,#16307,#16308);
#16310=PLANE('',#16309);
#16311=POLY_LOOP('',(#4380,#491,#810));
#16312=FACE_OUTER_BOUND('',#16311,.T.);
#16313=FACE_SURFACE('',(#16312),#16310,.T.);
#16314=CARTESIAN_POINT('',(223.030045629,275.547534227,-12.433619238));
#16315=DIRECTION('',(-0.338083419,-0.082362156,-0.937505241));
#16316=DIRECTION('',(-0.940701306,0.,0.339235985));
#16317=AXIS2_PLACEMENT_3D('',#16314,#16315,#16316);
#16318=PLANE('',#16317);
#16319=POLY_LOOP('',(#2638,#4506,#4632));
#16320=FACE_OUTER_BOUND('',#16319,.T.);
#16321=FACE_SURFACE('',(#16320),#16318,.T.);
#16322=CARTESIAN_POINT('',(112.336337566,466.015934944,12.371375225));
#16323=DIRECTION('',(0.39990045,-0.376366983,0.835719764));
#16324=DIRECTION('',(0.902046654,-0.,-0.431638545));
#16325=AXIS2_PLACEMENT_3D('',#16322,#16323,#16324);
#16326=PLANE('',#16325);
#16327=POLY_LOOP('',(#7192,#2281,#6603));
#16328=FACE_OUTER_BOUND('',#16327,.T.);
#16329=FACE_SURFACE('',(#16328),#16326,.T.);
#16330=CARTESIAN_POINT('',(35.421553999,239.309936762,-9.457299486));
#16331=DIRECTION('',(-0.129512433,0.242068081,0.961576608));
#16332=DIRECTION('',(0.,0.969743988,-0.244124144));
#16333=AXIS2_PLACEMENT_3D('',#16330,#16331,#16332);
#16334=PLANE('',#16333);
#16335=POLY_LOOP('',(#2242,#5450,#2243));
#16336=FACE_OUTER_BOUND('',#16335,.T.);
#16337=FACE_SURFACE('',(#16336),#16334,.T.);
#16338=CARTESIAN_POINT('',(43.750550598,260.348170996,-0.216015003));
#16339=DIRECTION('',(0.213054023,-0.910869963,0.353445744));
#16340=DIRECTION('',(0.,-0.361751404,-0.932274596));
#16341=AXIS2_PLACEMENT_3D('',#16338,#16339,#16340);
#16342=PLANE('',#16341);
#16343=POLY_LOOP('',(#1822,#1821,#9111));
#16344=FACE_OUTER_BOUND('',#16343,.T.);
#16345=FACE_SURFACE('',(#16344),#16342,.T.);
#16346=CARTESIAN_POINT('',(43.750550598,260.348170996,-0.216015003));
#16347=DIRECTION('',(0.004789851,-0.963378535,0.268102322));
#16348=DIRECTION('',(-0.,-0.268105397,-0.963389587));
#16349=AXIS2_PLACEMENT_3D('',#16346,#16347,#16348);
#16350=PLANE('',#16349);
#16351=POLY_LOOP('',(#1822,#9111,#13488));
#16352=FACE_OUTER_BOUND('',#16351,.T.);
#16353=FACE_SURFACE('',(#16352),#16350,.T.);
#16354=CARTESIAN_POINT('',(29.122529551,200.489357114,8.355729282));
#16355=DIRECTION('',(0.214157578,0.299328315,-0.929805943));
#16356=DIRECTION('',(-0.,-0.951890638,-0.306437943));
#16357=AXIS2_PLACEMENT_3D('',#16354,#16355,#16356);
#16358=PLANE('',#16357);
#16359=POLY_LOOP('',(#4462,#4461,#5469));
#16360=FACE_OUTER_BOUND('',#16359,.T.);
#16361=FACE_SURFACE('',(#16360),#16358,.T.);
#16362=CARTESIAN_POINT('',(32.434649765,451.956391335,-12.173969299));
#16363=DIRECTION('',(-0.022288916,0.500124811,-0.865666436));
#16364=DIRECTION('',(-0.,-0.865881546,-0.500249087));
#16365=AXIS2_PLACEMENT_3D('',#16362,#16363,#16364);
#16366=PLANE('',#16365);
#16367=POLY_LOOP('',(#6154,#5609,#2302));
#16368=FACE_OUTER_BOUND('',#16367,.T.);
#16369=FACE_SURFACE('',(#16368),#16366,.T.);
#16370=CARTESIAN_POINT('',(19.764179364,398.989439011,0.827603042));
#16371=DIRECTION('',(0.752611642,0.557892903,-0.349758809));
#16372=DIRECTION('',(-0.595505138,0.803351499,-0.));
#16373=AXIS2_PLACEMENT_3D('',#16370,#16371,#16372);
#16374=PLANE('',#16373);
#16375=POLY_LOOP('',(#14506,#12540,#5277));
#16376=FACE_OUTER_BOUND('',#16375,.T.);
#16377=FACE_SURFACE('',(#16376),#16374,.T.);
#16378=CARTESIAN_POINT('',(32.866075635,258.204966784,3.507982008));
#16379=DIRECTION('',(-0.528249459,0.847575707,-0.050674749));
#16380=DIRECTION('',(0.848666065,0.528929022,0.));
#16381=AXIS2_PLACEMENT_3D('',#16378,#16379,#16380);
#16382=PLANE('',#16381);
#16383=POLY_LOOP('',(#6364,#5315,#3733));
#16384=FACE_OUTER_BOUND('',#16383,.T.);
#16385=FACE_SURFACE('',(#16384),#16382,.T.);
#16386=CARTESIAN_POINT('',(215.658679605,359.353095293,-10.085969232));
#16387=DIRECTION('',(0.07019396,-0.112730461,0.991143103));
#16388=DIRECTION('',(0.,0.99359394,0.113009214));
#16389=AXIS2_PLACEMENT_3D('',#16386,#16387,#16388);
#16390=PLANE('',#16389);
#16391=POLY_LOOP('',(#5369,#1947,#1946));
#16392=FACE_OUTER_BOUND('',#16391,.T.);
#16393=FACE_SURFACE('',(#16392),#16390,.T.);
#16394=CARTESIAN_POINT('',(45.595176518,354.900568724,-9.606039152));
#16395=DIRECTION('',(0.003564891,-0.739239839,0.673432812));
#16396=DIRECTION('',(0.,-0.673437091,-0.739244536));
#16397=AXIS2_PLACEMENT_3D('',#16394,#16395,#16396);
#16398=PLANE('',#16397);
#16399=POLY_LOOP('',(#9652,#5132,#15872));
#16400=FACE_OUTER_BOUND('',#16399,.T.);
#16401=FACE_SURFACE('',(#16400),#16398,.T.);
#16402=CARTESIAN_POINT('',(46.744696796,359.579354525,-4.476133268));
#16403=DIRECTION('',(0.22954913,-0.885086588,0.404881377));
#16404=DIRECTION('',(-0.,-0.415989513,-0.90936941));
#16405=AXIS2_PLACEMENT_3D('',#16402,#16403,#16404);
#16406=PLANE('',#16405);
#16407=POLY_LOOP('',(#15872,#388,#389));
#16408=FACE_OUTER_BOUND('',#16407,.T.);
#16409=FACE_SURFACE('',(#16408),#16406,.T.);
#16410=CARTESIAN_POINT('',(215.687394142,290.300518274,10.027316399));
#16411=DIRECTION('',(0.380893306,0.277729282,-0.881922182));
#16412=DIRECTION('',(-0.91803838,0.,-0.396491528));
#16413=AXIS2_PLACEMENT_3D('',#16410,#16411,#16412);
#16414=PLANE('',#16413);
#16415=POLY_LOOP('',(#2629,#791,#5396));
#16416=FACE_OUTER_BOUND('',#16415,.T.);
#16417=FACE_SURFACE('',(#16416),#16414,.T.);
#16418=CARTESIAN_POINT('',(234.37179625,284.461826086,-2.669237321));
#16419=DIRECTION('',(-0.976116763,-0.185265354,-0.113458427));
#16420=DIRECTION('',(0.186469434,-0.982460763,-0.));
#16421=AXIS2_PLACEMENT_3D('',#16418,#16419,#16420);
#16422=PLANE('',#16421);
#16423=POLY_LOOP('',(#524,#1451,#1708));
#16424=FACE_OUTER_BOUND('',#16423,.T.);
#16425=FACE_SURFACE('',(#16424),#16422,.T.);
#16426=CARTESIAN_POINT('',(43.211076409,249.908536673,10.661797598));
#16427=DIRECTION('',(-0.46264189,0.48451222,-0.742435446));
#16428=DIRECTION('',(0.,-0.837447885,-0.54651719));
#16429=AXIS2_PLACEMENT_3D('',#16426,#16427,#16428);
#16430=PLANE('',#16429);
#16431=POLY_LOOP('',(#875,#15881,#4371));
#16432=FACE_OUTER_BOUND('',#16431,.T.);
#16433=FACE_SURFACE('',(#16432),#16430,.T.);
#16434=CARTESIAN_POINT('',(43.669007719,245.154350996,9.572901763));
#16435=DIRECTION('',(-0.307537021,0.4823135,-0.820240616));
#16436=DIRECTION('',(0.,-0.862017323,-0.506878816));
#16437=AXIS2_PLACEMENT_3D('',#16434,#16435,#16436);
#16438=PLANE('',#16437);
#16439=POLY_LOOP('',(#339,#1148,#15881));
#16440=FACE_OUTER_BOUND('',#16439,.T.);
#16441=FACE_SURFACE('',(#16440),#16438,.T.);
#16442=CARTESIAN_POINT('',(138.950020075,191.087722778,0.896011421));
#16443=DIRECTION('',(0.690845932,0.620578472,0.370963959));
#16444=DIRECTION('',(-0.668260701,0.743927171,0.));
#16445=AXIS2_PLACEMENT_3D('',#16442,#16443,#16444);
#16446=PLANE('',#16445);
#16447=POLY_LOOP('',(#668,#5295,#669));
#16448=FACE_OUTER_BOUND('',#16447,.T.);
#16449=FACE_SURFACE('',(#16448),#16446,.T.);
#16450=CARTESIAN_POINT('',(89.483201504,450.005620718,-12.586919591));
#16451=DIRECTION('',(-0.314135454,0.298308626,-0.901294003));
#16452=DIRECTION('',(-0.944287936,0.,0.329120485));
#16453=AXIS2_PLACEMENT_3D('',#16450,#16451,#16452);
#16454=PLANE('',#16453);
#16455=POLY_LOOP('',(#2351,#7813,#8619));
#16456=FACE_OUTER_BOUND('',#16455,.T.);
#16457=FACE_SURFACE('',(#16456),#16454,.T.);
#16458=CARTESIAN_POINT('',(43.669007719,245.154350996,9.572901763));
#16459=DIRECTION('',(-0.265158479,0.459594409,-0.847622534));
#16460=DIRECTION('',(0.,-0.879089686,-0.4766564));
#16461=AXIS2_PLACEMENT_3D('',#16458,#16459,#16460);
#16462=PLANE('',#16461);
#16463=POLY_LOOP('',(#339,#338,#1148));
#16464=FACE_OUTER_BOUND('',#16463,.T.);
#16465=FACE_SURFACE('',(#16464),#16462,.T.);
#16466=CARTESIAN_POINT('',(209.80040729,283.579707146,-3.57720512));
#16467=DIRECTION('',(-0.766377531,-0.315083803,-0.559810394));
#16468=DIRECTION('',(0.589855353,0.,-0.807508924));
#16469=AXIS2_PLACEMENT_3D('',#16466,#16467,#16468);
#16470=PLANE('',#16469);
#16471=POLY_LOOP('',(#3851,#4506,#3410));
#16472=FACE_OUTER_BOUND('',#16471,.T.);
#16473=FACE_SURFACE('',(#16472),#16470,.T.);
#16474=CARTESIAN_POINT('',(222.88672626,302.784413099,0.852067198));
#16475=DIRECTION('',(-0.463456022,-0.884940647,-0.045700845));
#16476=DIRECTION('',(-0.885866226,0.463940761,-0.));
#16477=AXIS2_PLACEMENT_3D('',#16474,#16475,#16476);
#16478=PLANE('',#16477);
#16479=POLY_LOOP('',(#1251,#1886,#2086));
#16480=FACE_OUTER_BOUND('',#16479,.T.);
#16481=FACE_SURFACE('',(#16480),#16478,.T.);
#16482=CARTESIAN_POINT('',(36.194045097,387.495100498,-1.47612975));
#16483=DIRECTION('',(-0.002399929,-0.99693981,0.078136139));
#16484=DIRECTION('',(-0.,-0.078136364,-0.996942681));
#16485=AXIS2_PLACEMENT_3D('',#16482,#16483,#16484);
#16486=PLANE('',#16485);
#16487=POLY_LOOP('',(#1327,#2647,#4235));
#16488=FACE_OUTER_BOUND('',#16487,.T.);
#16489=FACE_SURFACE('',(#16488),#16486,.T.);
#16490=CARTESIAN_POINT('',(28.340591118,434.367865324,11.116977781));
#16491=DIRECTION('',(0.457029451,-0.571394336,0.681639637));
#16492=DIRECTION('',(-0.,0.76635948,0.642411976));
#16493=AXIS2_PLACEMENT_3D('',#16490,#16491,#16492);
#16494=PLANE('',#16493);
#16495=POLY_LOOP('',(#4013,#5664,#9476));
#16496=FACE_OUTER_BOUND('',#16495,.T.);
#16497=FACE_SURFACE('',(#16496),#16494,.T.);
#16498=CARTESIAN_POINT('',(227.701127529,397.560358047,1.498978701));
#16499=DIRECTION('',(-0.855464063,-0.514025475,0.062920957));
#16500=DIRECTION('',(0.515046032,-0.857162519,0.));
#16501=AXIS2_PLACEMENT_3D('',#16498,#16499,#16500);
#16502=PLANE('',#16501);
#16503=POLY_LOOP('',(#1665,#7490,#5304));
#16504=FACE_OUTER_BOUND('',#16503,.T.);
#16505=FACE_SURFACE('',(#16504),#16502,.T.);
#16506=CARTESIAN_POINT('',(199.768140912,339.753866196,2.471011132));
#16507=DIRECTION('',(-0.007336096,0.87559666,0.482987237));
#16508=DIRECTION('',(0.,-0.483000234,0.875620222));
#16509=AXIS2_PLACEMENT_3D('',#16506,#16507,#16508);
#16510=PLANE('',#16509);
#16511=POLY_LOOP('',(#3570,#147,#14957));
#16512=FACE_OUTER_BOUND('',#16511,.T.);
#16513=FACE_SURFACE('',(#16512),#16510,.T.);
#16514=CARTESIAN_POINT('',(11.596750468,411.801099777,0.29736507));
#16515=DIRECTION('',(0.83683557,0.527407037,-0.146792531));
#16516=DIRECTION('',(-0.533182845,0.846000032,0.));
#16517=AXIS2_PLACEMENT_3D('',#16514,#16515,#16516);
#16518=PLANE('',#16517);
#16519=POLY_LOOP('',(#9933,#12540,#14506));
#16520=FACE_OUTER_BOUND('',#16519,.T.);
#16521=FACE_SURFACE('',(#16520),#16518,.T.);
#16522=CARTESIAN_POINT('',(37.356328219,317.263424397,2.179055009));
#16523=DIRECTION('',(-0.699677928,-0.631243877,-0.334637064));
#16524=DIRECTION('',(0.669863455,-0.74248431,0.));
#16525=AXIS2_PLACEMENT_3D('',#16522,#16523,#16524);
#16526=PLANE('',#16525);
#16527=POLY_LOOP('',(#5424,#8979,#8087));
#16528=FACE_OUTER_BOUND('',#16527,.T.);
#16529=FACE_SURFACE('',(#16528),#16526,.T.);
#16530=CARTESIAN_POINT('',(29.845742509,457.823336124,5.026795436));
#16531=DIRECTION('',(-0.446081168,0.70273931,0.554228341));
#16532=DIRECTION('',(-0.,-0.619254726,0.785190158));
#16533=AXIS2_PLACEMENT_3D('',#16530,#16531,#16532);
#16534=PLANE('',#16533);
#16535=POLY_LOOP('',(#482,#481,#5716));
#16536=FACE_OUTER_BOUND('',#16535,.T.);
#16537=FACE_SURFACE('',(#16536),#16534,.T.);
#16538=CARTESIAN_POINT('',(25.07664822,311.76802516,12.268615887));
#16539=DIRECTION('',(-0.367706375,-0.089842428,0.925591897));
#16540=DIRECTION('',(0.929350197,0.,0.36919942));
#16541=AXIS2_PLACEMENT_3D('',#16538,#16539,#16540);
#16542=PLANE('',#16541);
#16543=POLY_LOOP('',(#2513,#13717,#1632));
#16544=FACE_OUTER_BOUND('',#16543,.T.);
#16545=FACE_SURFACE('',(#16544),#16542,.T.);
#16546=CARTESIAN_POINT('',(90.866357088,466.207683086,3.122601425));
#16547=DIRECTION('',(-0.37849984,0.772359825,0.510096238));
#16548=DIRECTION('',(0.,-0.551097116,0.834441112));
#16549=AXIS2_PLACEMENT_3D('',#16546,#16547,#16548);
#16550=PLANE('',#16549);
#16551=POLY_LOOP('',(#2049,#7978,#1083));
#16552=FACE_OUTER_BOUND('',#16551,.T.);
#16553=FACE_SURFACE('',(#16552),#16550,.T.);
#16554=CARTESIAN_POINT('',(38.423344493,237.027570605,-6.288579665));
#16555=DIRECTION('',(-0.36710016,0.554282286,0.746999746));
#16556=DIRECTION('',(0.,0.803068875,-0.595886216));
#16557=AXIS2_PLACEMENT_3D('',#16554,#16555,#16556);
#16558=PLANE('',#16557);
#16559=POLY_LOOP('',(#1113,#5450,#2242));
#16560=FACE_OUTER_BOUND('',#16559,.T.);
#16561=FACE_SURFACE('',(#16560),#16558,.T.);
#16562=CARTESIAN_POINT('',(210.819289088,261.50277257,9.596612304));
#16563=DIRECTION('',(-0.323722491,0.646906261,0.69044626));
#16564=DIRECTION('',(-0.,0.729741316,-0.683723344));
#16565=AXIS2_PLACEMENT_3D('',#16562,#16563,#16564);
#16566=PLANE('',#16565);
#16567=POLY_LOOP('',(#6118,#853,#852));
#16568=FACE_OUTER_BOUND('',#16567,.T.);
#16569=FACE_SURFACE('',(#16568),#16566,.T.);
#16570=CARTESIAN_POINT('',(15.410485677,435.313731432,10.827127844));
#16571=DIRECTION('',(-0.502145856,0.335430434,0.797079647));
#16572=DIRECTION('',(0.846098374,-0.,0.533026773));
#16573=AXIS2_PLACEMENT_3D('',#16570,#16571,#16572);
#16574=PLANE('',#16573);
#16575=POLY_LOOP('',(#1338,#723,#481));
#16576=FACE_OUTER_BOUND('',#16575,.T.);
#16577=FACE_SURFACE('',(#16576),#16574,.T.);
#16578=CARTESIAN_POINT('',(40.240477771,458.412259817,8.918480016));
#16579=DIRECTION('',(-0.127975531,0.427331192,0.894991797));
#16580=DIRECTION('',(0.,0.902412037,-0.43087413));
#16581=AXIS2_PLACEMENT_3D('',#16578,#16579,#16580);
#16582=PLANE('',#16581);
#16583=POLY_LOOP('',(#722,#5716,#723));
#16584=FACE_OUTER_BOUND('',#16583,.T.);
#16585=FACE_SURFACE('',(#16584),#16582,.T.);
#16586=CARTESIAN_POINT('',(34.194298089,438.713878393,7.788890507));
#16587=DIRECTION('',(-0.464703656,0.43836769,-0.769340159));
#16588=DIRECTION('',(-0.855967748,0.,0.517029219));
#16589=AXIS2_PLACEMENT_3D('',#16586,#16587,#16588);
#16590=PLANE('',#16589);
#16591=POLY_LOOP('',(#9687,#7779,#9367));
#16592=FACE_OUTER_BOUND('',#16591,.T.);
#16593=FACE_SURFACE('',(#16592),#16590,.T.);
#16594=CARTESIAN_POINT('',(38.423344493,237.027570605,-6.288579665));
#16595=DIRECTION('',(-0.569675861,0.308411849,0.761808076));
#16596=DIRECTION('',(0.800847024,0.,0.59886897));
#16597=AXIS2_PLACEMENT_3D('',#16594,#16595,#16596);
#16598=PLANE('',#16597);
#16599=POLY_LOOP('',(#1113,#2242,#9154));
#16600=FACE_OUTER_BOUND('',#16599,.T.);
#16601=FACE_SURFACE('',(#16600),#16598,.T.);
#16602=CARTESIAN_POINT('',(47.213803977,312.6039505,-1.733566402));
#16603=DIRECTION('',(0.003258224,0.957931124,-0.286979695));
#16604=DIRECTION('',(-0.,0.286981219,0.957936209));
#16605=AXIS2_PLACEMENT_3D('',#16602,#16603,#16604);
#16606=PLANE('',#16605);
#16607=POLY_LOOP('',(#2551,#3104,#2601));
#16608=FACE_OUTER_BOUND('',#16607,.T.);
#16609=FACE_SURFACE('',(#16608),#16606,.T.);
#16610=CARTESIAN_POINT('',(20.535770804,403.05736661,-7.625215221));
#16611=DIRECTION('',(0.376582595,0.512646526,0.771608119));
#16612=DIRECTION('',(0.,0.832925561,-0.553385047));
#16613=AXIS2_PLACEMENT_3D('',#16610,#16611,#16612);
#16614=PLANE('',#16613);
#16615=POLY_LOOP('',(#2379,#3896,#6680));
#16616=FACE_OUTER_BOUND('',#16615,.T.);
#16617=FACE_SURFACE('',(#16616),#16614,.T.);
#16618=CARTESIAN_POINT('',(28.340591118,434.367865324,11.116977781));
#16619=DIRECTION('',(0.120995546,-0.170925402,0.97782646));
#16620=DIRECTION('',(0.,0.985063673,0.172190476));
#16621=AXIS2_PLACEMENT_3D('',#16618,#16619,#16620);
#16622=PLANE('',#16621);
#16623=POLY_LOOP('',(#4013,#9476,#721));
#16624=FACE_OUTER_BOUND('',#16623,.T.);
#16625=FACE_SURFACE('',(#16624),#16622,.T.);
#16626=CARTESIAN_POINT('',(37.678465247,232.781663537,-1.230555354));
#16627=DIRECTION('',(-0.839864281,0.209444388,0.50076046));
#16628=DIRECTION('',(-0.512118972,0.,-0.858914523));
#16629=AXIS2_PLACEMENT_3D('',#16626,#16627,#16628);
#16630=PLANE('',#16629);
#16631=POLY_LOOP('',(#1111,#9154,#3284));
#16632=FACE_OUTER_BOUND('',#16631,.T.);
#16633=FACE_SURFACE('',(#16632),#16630,.T.);
#16634=CARTESIAN_POINT('',(112.336337566,466.015934944,12.371375225));
#16635=DIRECTION('',(-0.076276494,-0.002137054,0.997084414));
#16636=DIRECTION('',(0.997086691,0.,0.076276668));
#16637=AXIS2_PLACEMENT_3D('',#16634,#16635,#16636);
#16638=PLANE('',#16637);
#16639=POLY_LOOP('',(#7192,#1206,#7703));
#16640=FACE_OUTER_BOUND('',#16639,.T.);
#16641=FACE_SURFACE('',(#16640),#16638,.T.);
#16642=CARTESIAN_POINT('',(43.748166412,245.368793607,-9.861069731));
#16643=DIRECTION('',(-0.093590359,0.124992892,0.987733578));
#16644=DIRECTION('',(0.,0.992088061,-0.12554393));
#16645=AXIS2_PLACEMENT_3D('',#16642,#16643,#16644);
#16646=PLANE('',#16645);
#16647=POLY_LOOP('',(#5450,#8823,#2243));
#16648=FACE_OUTER_BOUND('',#16647,.T.);
#16649=FACE_SURFACE('',(#16648),#16646,.T.);
#16650=CARTESIAN_POINT('',(203.934952617,260.994911194,-0.75388368));
#16651=DIRECTION('',(0.001035665,-0.931043356,0.364907108));
#16652=DIRECTION('',(0.,-0.364907304,-0.931043855));
#16653=AXIS2_PLACEMENT_3D('',#16650,#16651,#16652);
#16654=PLANE('',#16653);
#16655=POLY_LOOP('',(#13488,#9111,#9128));
#16656=FACE_OUTER_BOUND('',#16655,.T.);
#16657=FACE_SURFACE('',(#16656),#16654,.T.);
#16658=CARTESIAN_POINT('',(41.712701321,412.085920572,2.691674279));
#16659=DIRECTION('',(-0.003279382,0.999657584,-0.025960764));
#16660=DIRECTION('',(0.,0.025960904,0.999662959));
#16661=AXIS2_PLACEMENT_3D('',#16658,#16659,#16660);
#16662=PLANE('',#16661);
#16663=POLY_LOOP('',(#1523,#1216,#6284));
#16664=FACE_OUTER_BOUND('',#16663,.T.);
#16665=FACE_SURFACE('',(#16664),#16662,.T.);
#16666=CARTESIAN_POINT('',(15.064517967,324.735045433,8.043613285));
#16667=DIRECTION('',(-0.891905263,-0.088374386,0.443503067));
#16668=DIRECTION('',(-0.445245165,0.,-0.895408702));
#16669=AXIS2_PLACEMENT_3D('',#16666,#16667,#16668);
#16670=PLANE('',#16669);
#16671=POLY_LOOP('',(#1633,#4192,#1634));
#16672=FACE_OUTER_BOUND('',#16671,.T.);
#16673=FACE_SURFACE('',(#16672),#16670,.T.);
#16674=CARTESIAN_POINT('',(212.617143989,410.501331091,-0.000013177));
#16675=DIRECTION('',(0.193658458,0.975593232,0.103509653));
#16676=DIRECTION('',(0.980861982,-0.194704322,0.));
#16677=AXIS2_PLACEMENT_3D('',#16674,#16675,#16676);
#16678=PLANE('',#16677);
#16679=POLY_LOOP('',(#2144,#1216,#1524));
#16680=FACE_OUTER_BOUND('',#16679,.T.);
#16681=FACE_SURFACE('',(#16680),#16678,.T.);
#16682=CARTESIAN_POINT('',(34.803658724,347.41589427,12.502923608));
#16683=DIRECTION('',(0.00530421,-0.289437094,0.957182341));
#16684=DIRECTION('',(0.,0.957195806,0.289441166));
#16685=AXIS2_PLACEMENT_3D('',#16682,#16683,#16684);
#16686=PLANE('',#16685);
#16687=POLY_LOOP('',(#811,#5250,#810));
#16688=FACE_OUTER_BOUND('',#16687,.T.);
#16689=FACE_SURFACE('',(#16688),#16686,.T.);
#16690=CARTESIAN_POINT('',(43.999306858,261.105775833,-5.841500591));
#16691=DIRECTION('',(-0.235847563,0.727441701,-0.644363638));
#16692=DIRECTION('',(0.,0.663068766,0.748558489));
#16693=AXIS2_PLACEMENT_3D('',#16690,#16691,#16692);
#16694=PLANE('',#16693);
#16695=POLY_LOOP('',(#5314,#3652,#5315));
#16696=FACE_OUTER_BOUND('',#16695,.T.);
#16697=FACE_SURFACE('',(#16696),#16694,.T.);
#16698=CARTESIAN_POINT('',(204.426527023,354.312062263,-9.863850661));
#16699=DIRECTION('',(-0.00096988,-0.609171823,0.793037672));
#16700=DIRECTION('',(0.,0.793038045,0.60917211));
#16701=AXIS2_PLACEMENT_3D('',#16698,#16699,#16700);
#16702=PLANE('',#16701);
#16703=POLY_LOOP('',(#1947,#5132,#9652));
#16704=FACE_OUTER_BOUND('',#16703,.T.);
#16705=FACE_SURFACE('',(#16704),#16702,.T.);
#16706=CARTESIAN_POINT('',(45.595176518,354.900568724,-9.606039152));
#16707=DIRECTION('',(0.124082317,-0.746823558,0.653343823));
#16708=DIRECTION('',(0.,-0.658432235,-0.752640015));
#16709=AXIS2_PLACEMENT_3D('',#16706,#16707,#16708);
#16710=PLANE('',#16709);
#16711=POLY_LOOP('',(#9652,#15872,#389));
#16712=FACE_OUTER_BOUND('',#16711,.T.);
#16713=FACE_SURFACE('',(#16712),#16710,.T.);
#16714=CARTESIAN_POINT('',(225.204691291,348.243266344,-5.08728344));
#16715=DIRECTION('',(0.696723454,-0.703148008,-0.141983475));
#16716=DIRECTION('',(-0.710344488,-0.703854181,0.));
#16717=AXIS2_PLACEMENT_3D('',#16714,#16715,#16716);
#16718=PLANE('',#16717);
#16719=POLY_LOOP('',(#2684,#780,#2290));
#16720=FACE_OUTER_BOUND('',#16719,.T.);
#16721=FACE_SURFACE('',(#16720),#16718,.T.);
#16722=CARTESIAN_POINT('',(129.791229963,175.340399146,-12.155449018));
#16723=DIRECTION('',(-0.031598186,-0.035443297,-0.998872028));
#16724=DIRECTION('',(0.,-0.999371061,0.035461004));
#16725=AXIS2_PLACEMENT_3D('',#16722,#16723,#16724);
#16726=PLANE('',#16725);
#16727=POLY_LOOP('',(#1513,#1037,#6310));
#16728=FACE_OUTER_BOUND('',#16727,.T.);
#16729=FACE_SURFACE('',(#16728),#16726,.T.);
#16730=CARTESIAN_POINT('',(220.692485571,245.896071196,1.679047011));
#16731=DIRECTION('',(-0.613669299,0.667507432,-0.42171533));
#16732=DIRECTION('',(0.736171402,0.676795144,0.));
#16733=AXIS2_PLACEMENT_3D('',#16730,#16731,#16732);
#16734=PLANE('',#16733);
#16735=POLY_LOOP('',(#1925,#1927,#15647));
#16736=FACE_OUTER_BOUND('',#16735,.T.);
#16737=FACE_SURFACE('',(#16736),#16734,.T.);
#16738=CARTESIAN_POINT('',(43.211076409,249.908536673,10.661797598));
#16739=DIRECTION('',(-0.161306305,0.205545786,-0.965262247));
#16740=DIRECTION('',(0.,-0.978070679,-0.208273251));
#16741=AXIS2_PLACEMENT_3D('',#16738,#16739,#16740);
#16742=PLANE('',#16741);
#16743=POLY_LOOP('',(#875,#339,#15881));
#16744=FACE_OUTER_BOUND('',#16743,.T.);
#16745=FACE_SURFACE('',(#16744),#16742,.T.);
#16746=CARTESIAN_POINT('',(220.018073916,371.36682868,-11.400109157));
#16747=DIRECTION('',(-0.199349122,0.003199841,-0.979923307));
#16748=DIRECTION('',(-0.979928324,-0.,0.199350143));
#16749=AXIS2_PLACEMENT_3D('',#16746,#16747,#16748);
#16750=PLANE('',#16749);
#16751=POLY_LOOP('',(#442,#2705,#989));
#16752=FACE_OUTER_BOUND('',#16751,.T.);
#16753=FACE_SURFACE('',(#16752),#16750,.T.);
#16754=CARTESIAN_POINT('',(18.202640116,219.635441899,10.907248594));
#16755=DIRECTION('',(-0.703732067,-0.271287234,0.65663111));
#16756=DIRECTION('',(-0.68221525,0.,-0.731151388));
#16757=AXIS2_PLACEMENT_3D('',#16754,#16755,#16756);
#16758=PLANE('',#16757);
#16759=POLY_LOOP('',(#9029,#4290,#1460));
#16760=FACE_OUTER_BOUND('',#16759,.T.);
#16761=FACE_SURFACE('',(#16760),#16758,.T.);
#16762=CARTESIAN_POINT('',(42.422942817,192.53385067,7.192787714));
#16763=DIRECTION('',(0.014308729,0.910714527,-0.412788457));
#16764=DIRECTION('',(0.,0.412830721,0.910807771));
#16765=AXIS2_PLACEMENT_3D('',#16762,#16763,#16764);
#16766=PLANE('',#16765);
#16767=POLY_LOOP('',(#4764,#4763,#5971));
#16768=FACE_OUTER_BOUND('',#16767,.T.);
#16769=FACE_SURFACE('',(#16768),#16766,.T.);
#16770=CARTESIAN_POINT('',(41.974950582,188.582316041,-4.90314886));
#16771=DIRECTION('',(-0.276464692,-0.701947004,-0.656382265));
#16772=DIRECTION('',(0.,0.683002935,-0.730415628));
#16773=AXIS2_PLACEMENT_3D('',#16770,#16771,#16772);
#16774=PLANE('',#16773);
#16775=POLY_LOOP('',(#67,#4735,#15574));
#16776=FACE_OUTER_BOUND('',#16775,.T.);
#16777=FACE_SURFACE('',(#16776),#16774,.T.);
#16778=CARTESIAN_POINT('',(47.550458461,339.44028616,1.235938165));
#16779=DIRECTION('',(-0.002478136,0.998650945,0.051866636));
#16780=DIRECTION('',(-0.,-0.051866796,0.998654012));
#16781=AXIS2_PLACEMENT_3D('',#16778,#16779,#16780);
#16782=PLANE('',#16781);
#16783=POLY_LOOP('',(#3293,#3570,#14957));
#16784=FACE_OUTER_BOUND('',#16783,.T.);
#16785=FACE_SURFACE('',(#16784),#16782,.T.);
#16786=CARTESIAN_POINT('',(20.066607744,449.404448271,7.830685936));
#16787=DIRECTION('',(-0.707201099,0.631697228,0.317529868));
#16788=DIRECTION('',(-0.666172824,-0.745797405,0.));
#16789=AXIS2_PLACEMENT_3D('',#16786,#16787,#16788);
#16790=PLANE('',#16789);
#16791=POLY_LOOP('',(#481,#480,#1347));
#16792=FACE_OUTER_BOUND('',#16791,.T.);
#16793=FACE_SURFACE('',(#16792),#16790,.T.);
#16794=CARTESIAN_POINT('',(35.13514623,324.67725873,2.347741975));
#16795=DIRECTION('',(-0.87802184,-0.253822459,-0.405773099));
#16796=DIRECTION('',(0.419511763,0.,-0.9077499));
#16797=AXIS2_PLACEMENT_3D('',#16794,#16795,#16796);
#16798=PLANE('',#16797);
#16799=POLY_LOOP('',(#5422,#5424,#7847));
#16800=FACE_OUTER_BOUND('',#16799,.T.);
#16801=FACE_SURFACE('',(#16800),#16798,.T.);
#16802=CARTESIAN_POINT('',(38.352362812,297.238647938,-9.929081425));
#16803=DIRECTION('',(0.002646386,0.056435241,0.998402754));
#16804=DIRECTION('',(-0.,0.998406251,-0.056435439));
#16805=AXIS2_PLACEMENT_3D('',#16802,#16803,#16804);
#16806=PLANE('',#16805);
#16807=POLY_LOOP('',(#10973,#6205,#5946));
#16808=FACE_OUTER_BOUND('',#16807,.T.);
#16809=FACE_SURFACE('',(#16808),#16806,.T.);
#16810=CARTESIAN_POINT('',(203.431785107,410.014867783,3.671732731));
#16811=DIRECTION('',(-0.158771354,-0.986444927,-0.041449521));
#16812=DIRECTION('',(-0.987293408,0.15890792,0.));
#16813=AXIS2_PLACEMENT_3D('',#16810,#16811,#16812);
#16814=PLANE('',#16813);
#16815=POLY_LOOP('',(#3208,#3199,#5224));
#16816=FACE_OUTER_BOUND('',#16815,.T.);
#16817=FACE_SURFACE('',(#16816),#16814,.T.);
#16818=CARTESIAN_POINT('',(44.82344538,192.393496633,-10.178664699));
#16819=DIRECTION('',(-0.010558158,-0.807840078,-0.589307165));
#16820=DIRECTION('',(0.,0.589340014,-0.807885108));
#16821=AXIS2_PLACEMENT_3D('',#16818,#16819,#16820);
#16822=PLANE('',#16821);
#16823=POLY_LOOP('',(#15574,#7651,#67));
#16824=FACE_OUTER_BOUND('',#16823,.T.);
#16825=FACE_SURFACE('',(#16824),#16822,.T.);
#16826=CARTESIAN_POINT('',(119.614347816,580.999493599,10.989995673));
#16827=DIRECTION('',(-0.000059901,0.999999997,0.000050683));
#16828=DIRECTION('',(0.999999998,0.000059901,0.));
#16829=AXIS2_PLACEMENT_3D('',#16826,#16827,#16828);
#16830=PLANE('',#16829);
#16831=POLY_LOOP('',(#9696,#3491,#3227));
#16832=FACE_OUTER_BOUND('',#16831,.T.);
#16833=FACE_SURFACE('',(#16832),#16830,.T.);
#16834=CARTESIAN_POINT('',(215.957760811,366.560965776,7.864592597));
#16835=DIRECTION('',(0.63446616,-0.607545371,-0.477850722));
#16836=DIRECTION('',(0.691617688,0.722263784,-0.));
#16837=AXIS2_PLACEMENT_3D('',#16834,#16835,#16836);
#16838=PLANE('',#16837);
#16839=POLY_LOOP('',(#7117,#5179,#4578));
#16840=FACE_OUTER_BOUND('',#16839,.T.);
#16841=FACE_SURFACE('',(#16840),#16838,.T.);
#16842=CARTESIAN_POINT('',(26.046991348,208.018422127,-12.082017958));
#16843=DIRECTION('',(-0.03577639,-0.010672639,-0.999302829));
#16844=DIRECTION('',(-0.999359747,0.,0.035778428));
#16845=AXIS2_PLACEMENT_3D('',#16842,#16843,#16844);
#16846=PLANE('',#16845);
#16847=POLY_LOOP('',(#8517,#863,#9004));
#16848=FACE_OUTER_BOUND('',#16847,.T.);
#16849=FACE_SURFACE('',(#16848),#16846,.T.);
#16850=CARTESIAN_POINT('',(121.773973107,177.107810974,-8.958791383));
#16851=DIRECTION('',(-0.38845181,-0.10664859,-0.915276608));
#16852=DIRECTION('',(-0.920526578,-0.,0.390679945));
#16853=AXIS2_PLACEMENT_3D('',#16850,#16851,#16852);
#16854=PLANE('',#16853);
#16855=POLY_LOOP('',(#1411,#1513,#1412));
#16856=FACE_OUTER_BOUND('',#16855,.T.);
#16857=FACE_SURFACE('',(#16856),#16854,.T.);
#16858=CARTESIAN_POINT('',(13.851442374,226.730003953,0.195855973));
#16859=CARTESIAN_POINT('',(16.532400623,222.640782595,-6.743870676));
#16860=DIRECTION('',(0.945380267,0.086393688,0.314312396));
#16861=DIRECTION('',(-0.315491997,0.,0.948928238));
#16862=AXIS2_PLACEMENT_3D('',#16859,#16860,#16861);
#16863=PLANE('',#16862);
#16864=POLY_LOOP('',(#1000,#16858,#1279));
#16865=FACE_OUTER_BOUND('',#16864,.T.);
#16866=FACE_SURFACE('',(#16865),#16863,.T.);
#16867=CARTESIAN_POINT('',(29.46741879,394.663572311,-6.407568231));
#16868=DIRECTION('',(0.229157612,0.740675982,0.631574127));
#16869=DIRECTION('',(-0.,-0.648840199,0.760924698));
#16870=AXIS2_PLACEMENT_3D('',#16867,#16868,#16869);
#16871=PLANE('',#16870);
#16872=POLY_LOOP('',(#3896,#3633,#7523));
#16873=FACE_OUTER_BOUND('',#16872,.T.);
#16874=FACE_SURFACE('',(#16873),#16871,.T.);
#16875=CARTESIAN_POINT('',(36.764461547,233.201429248,4.519285168));
#16876=DIRECTION('',(-0.674792649,0.720484623,-0.159864907));
#16877=DIRECTION('',(0.729871573,0.683584294,0.));
#16878=AXIS2_PLACEMENT_3D('',#16875,#16876,#16877);
#16879=PLANE('',#16878);
#16880=POLY_LOOP('',(#1150,#1149,#1111));
#16881=FACE_OUTER_BOUND('',#16880,.T.);
#16882=FACE_SURFACE('',(#16881),#16879,.T.);
#16883=CARTESIAN_POINT('',(100.784406066,453.921616077,12.428896502));
#16884=DIRECTION('',(-0.010203052,0.014500791,0.9998428));
#16885=DIRECTION('',(0.,0.999894847,-0.014501546));
#16886=AXIS2_PLACEMENT_3D('',#16883,#16884,#16885);
#16887=PLANE('',#16886);
#16888=POLY_LOOP('',(#7668,#7192,#7703));
#16889=FACE_OUTER_BOUND('',#16888,.T.);
#16890=FACE_SURFACE('',(#16889),#16887,.T.);
#16891=CARTESIAN_POINT('',(43.933149427,250.702530146,-10.518500581));
#16892=DIRECTION('',(0.000633991,0.122311495,0.99249156));
#16893=DIRECTION('',(0.,0.992491759,-0.12231152));
#16894=AXIS2_PLACEMENT_3D('',#16891,#16892,#16893);
#16895=PLANE('',#16894);
#16896=POLY_LOOP('',(#8823,#5450,#4607));
#16897=FACE_OUTER_BOUND('',#16896,.T.);
#16898=FACE_SURFACE('',(#16897),#16895,.T.);
#16899=CARTESIAN_POINT('',(203.934952617,260.994911194,-0.75388368));
#16900=DIRECTION('',(0.479945816,-0.810905333,0.334790315));
#16901=DIRECTION('',(-0.860566332,-0.509338383,0.));
#16902=AXIS2_PLACEMENT_3D('',#16899,#16900,#16901);
#16903=PLANE('',#16902);
#16904=POLY_LOOP('',(#13488,#9128,#11542));
#16905=FACE_OUTER_BOUND('',#16904,.T.);
#16906=FACE_SURFACE('',(#16905),#16903,.T.);
#16907=CARTESIAN_POINT('',(30.438056216,391.712874174,1.823248109));
#16908=DIRECTION('',(0.35532604,0.892436269,0.278030415));
#16909=DIRECTION('',(0.929067281,-0.369910782,0.));
#16910=AXIS2_PLACEMENT_3D('',#16907,#16908,#16909);
#16911=PLANE('',#16910);
#16912=POLY_LOOP('',(#573,#3633,#3896));
#16913=FACE_OUTER_BOUND('',#16912,.T.);
#16914=FACE_SURFACE('',(#16913),#16911,.T.);
#16915=CARTESIAN_POINT('',(16.427746043,307.275533676,-1.059968257));
#16916=DIRECTION('',(-0.96214317,-0.27144152,0.024495318));
#16917=DIRECTION('',(0.271522992,-0.962431953,0.));
#16918=AXIS2_PLACEMENT_3D('',#16915,#16916,#16917);
#16919=PLANE('',#16918);
#16920=POLY_LOOP('',(#10047,#4192,#4193));
#16921=FACE_OUTER_BOUND('',#16920,.T.);
#16922=FACE_SURFACE('',(#16921),#16919,.T.);
#16923=CARTESIAN_POINT('',(17.686530948,239.878937602,-8.007855155));
#16924=DIRECTION('',(-0.524898758,0.146496873,-0.838462856));
#16925=DIRECTION('',(-0.847607581,0.,0.530623585));
#16926=AXIS2_PLACEMENT_3D('',#16923,#16924,#16925);
#16927=PLANE('',#16926);
#16928=POLY_LOOP('',(#935,#864,#863));
#16929=FACE_OUTER_BOUND('',#16928,.T.);
#16930=FACE_SURFACE('',(#16929),#16927,.T.);
#16931=CARTESIAN_POINT('',(33.462993801,258.041769266,-5.444088951));
#16932=DIRECTION('',(-0.299106317,0.618323562,-0.726781524));
#16933=DIRECTION('',(0.,-0.76165002,-0.647988616));
#16934=AXIS2_PLACEMENT_3D('',#16931,#16932,#16933);
#16935=PLANE('',#16934);
#16936=POLY_LOOP('',(#5315,#3652,#3651));
#16937=FACE_OUTER_BOUND('',#16936,.T.);
#16938=FACE_SURFACE('',(#16937),#16935,.T.);
#16939=CARTESIAN_POINT('',(45.595176518,354.900568724,-9.606039152));
#16940=DIRECTION('',(0.219477491,-0.509052179,0.832283311));
#16941=DIRECTION('',(-0.,0.853083567,0.521774307));
#16942=AXIS2_PLACEMENT_3D('',#16939,#16940,#16941);
#16943=PLANE('',#16942);
#16944=POLY_LOOP('',(#9652,#389,#7633));
#16945=FACE_OUTER_BOUND('',#16944,.T.);
#16946=FACE_SURFACE('',(#16945),#16943,.T.);
#16947=CARTESIAN_POINT('',(231.567591429,289.263665676,-8.356672712));
#16948=DIRECTION('',(0.844121556,0.246890606,-0.475924182));
#16949=DIRECTION('',(0.491127851,-0.,0.871087501));
#16950=AXIS2_PLACEMENT_3D('',#16947,#16948,#16949);
#16951=PLANE('',#16950);
#16952=POLY_LOOP('',(#4328,#5095,#4650));
#16953=FACE_OUTER_BOUND('',#16952,.T.);
#16954=FACE_SURFACE('',(#16953),#16951,.T.);
#16955=CARTESIAN_POINT('',(233.953744173,279.138535261,-9.376996197));
#16956=DIRECTION('',(0.907268923,0.062807581,-0.415834473));
#16957=DIRECTION('',(0.416657098,0.,0.909063729));
#16958=AXIS2_PLACEMENT_3D('',#16955,#16956,#16957);
#16959=PLANE('',#16958);
#16960=POLY_LOOP('',(#4650,#2442,#632));
#16961=FACE_OUTER_BOUND('',#16960,.T.);
#16962=FACE_SURFACE('',(#16961),#16959,.T.);
#16963=CARTESIAN_POINT('',(38.328487426,446.683734655,-12.347361073));
#16964=DIRECTION('',(-0.005501023,-0.400606121,-0.916233854));
#16965=DIRECTION('',(0.,-0.916247717,0.400612182));
#16966=AXIS2_PLACEMENT_3D('',#16963,#16964,#16965);
#16967=PLANE('',#16966);
#16968=POLY_LOOP('',(#5555,#1897,#2570));
#16969=FACE_OUTER_BOUND('',#16968,.T.);
#16970=FACE_SURFACE('',(#16969),#16967,.T.);
#16971=CARTESIAN_POINT('',(16.522478312,213.608533144,-7.77427759));
#16972=DIRECTION('',(-0.499559193,-0.202003966,-0.842398368));
#16973=DIRECTION('',(-0.860130207,0.,0.510074531));
#16974=AXIS2_PLACEMENT_3D('',#16971,#16972,#16973);
#16975=PLANE('',#16974);
#16976=POLY_LOOP('',(#3428,#863,#8517));
#16977=FACE_OUTER_BOUND('',#16976,.T.);
#16978=FACE_SURFACE('',(#16977),#16975,.T.);
#16979=CARTESIAN_POINT('',(36.587223411,322.969406843,-4.804014694));
#16980=DIRECTION('',(0.988325859,-0.04478955,-0.145622435));
#16981=DIRECTION('',(0.145768722,0.,0.989318695));
#16982=AXIS2_PLACEMENT_3D('',#16979,#16980,#16981);
#16983=PLANE('',#16982);
#16984=POLY_LOOP('',(#2106,#2105,#3607));
#16985=FACE_OUTER_BOUND('',#16984,.T.);
#16986=FACE_SURFACE('',(#16985),#16983,.T.);
#16987=CARTESIAN_POINT('',(121.773973107,177.107810974,-8.958791383));
#16988=DIRECTION('',(-0.41178637,-0.335476775,-0.847282314));
#16989=DIRECTION('',(-0.899404154,0.,0.437118025));
#16990=AXIS2_PLACEMENT_3D('',#16987,#16988,#16989);
#16991=PLANE('',#16990);
#16992=POLY_LOOP('',(#1411,#5215,#1513));
#16993=FACE_OUTER_BOUND('',#16992,.T.);
#16994=FACE_SURFACE('',(#16993),#16991,.T.);
#16995=CARTESIAN_POINT('',(229.060381651,254.453361034,3.047111211));
#16996=DIRECTION('',(-0.6015904,0.568778251,-0.560874578));
#16997=DIRECTION('',(-0.687012577,-0.726645525,0.));
#16998=AXIS2_PLACEMENT_3D('',#16995,#16996,#16997);
#16999=PLANE('',#16998);
#17000=POLY_LOOP('',(#15647,#1927,#4423));
#17001=FACE_OUTER_BOUND('',#17000,.T.);
#17002=FACE_SURFACE('',(#17001),#16999,.T.);
#17003=CARTESIAN_POINT('',(210.664585233,362.577646971,8.907174692));
#17004=DIRECTION('',(-0.706959175,0.427801374,0.563200416));
#17005=DIRECTION('',(-0.623097005,-0.,-0.782144566));
#17006=AXIS2_PLACEMENT_3D('',#17003,#17004,#17005);
#17007=PLANE('',#17006);
#17008=POLY_LOOP('',(#4116,#1572,#4724));
#17009=FACE_OUTER_BOUND('',#17008,.T.);
#17010=FACE_SURFACE('',(#17009),#17007,.T.);
#17011=CARTESIAN_POINT('',(220.018073916,371.36682868,-11.400109157));
#17012=DIRECTION('',(-0.224212632,0.149581167,-0.9629923));
#17013=DIRECTION('',(-0.973949771,0.,0.22676385));
#17014=AXIS2_PLACEMENT_3D('',#17011,#17012,#17013);
#17015=PLANE('',#17014);
#17016=POLY_LOOP('',(#442,#989,#622));
#17017=FACE_OUTER_BOUND('',#17016,.T.);
#17018=FACE_SURFACE('',(#17017),#17015,.T.);
#17019=CARTESIAN_POINT('',(43.211076409,249.908536673,10.661797598));
#17020=DIRECTION('',(0.003061141,-0.268367916,-0.963311627));
#17021=DIRECTION('',(0.,-0.963316141,0.268369173));
#17022=AXIS2_PLACEMENT_3D('',#17019,#17020,#17021);
#17023=PLANE('',#17022);
#17024=POLY_LOOP('',(#875,#4641,#4715));
#17025=FACE_OUTER_BOUND('',#17024,.T.);
#17026=FACE_SURFACE('',(#17025),#17023,.T.);
#17027=CARTESIAN_POINT('',(41.659764946,361.031740904,-5.457021296));
#17028=DIRECTION('',(-0.005405319,0.979358859,-0.202056941));
#17029=DIRECTION('',(0.,0.202059893,0.979373167));
#17030=AXIS2_PLACEMENT_3D('',#17027,#17028,#17029);
#17031=PLANE('',#17030);
#17032=POLY_LOOP('',(#2990,#4397,#2837));
#17033=FACE_OUTER_BOUND('',#17032,.T.);
#17034=FACE_SURFACE('',(#17033),#17031,.T.);
#17035=CARTESIAN_POINT('',(112.581394613,198.605746031,10.646774434));
#17036=DIRECTION('',(0.331478708,0.296335857,-0.895715873));
#17037=DIRECTION('',(-0.937840089,0.,-0.34706767));
#17038=AXIS2_PLACEMENT_3D('',#17035,#17036,#17037);
#17039=PLANE('',#17038);
#17040=POLY_LOOP('',(#10374,#2580,#4963));
#17041=FACE_OUTER_BOUND('',#17040,.T.);
#17042=FACE_SURFACE('',(#17041),#17039,.T.);
#17043=CARTESIAN_POINT('',(20.238243043,243.158400059,-4.34954837));
#17044=DIRECTION('',(0.852289116,-0.52056248,0.051166078));
#17045=DIRECTION('',(0.521245229,0.853406944,-0.));
#17046=AXIS2_PLACEMENT_3D('',#17043,#17044,#17045);
#17047=PLANE('',#17046);
#17048=POLY_LOOP('',(#5591,#2125,#4472));
#17049=FACE_OUTER_BOUND('',#17048,.T.);
#17050=FACE_SURFACE('',(#17049),#17047,.T.);
#17051=CARTESIAN_POINT('',(35.745512694,315.716922283,6.631957833));
#17052=DIRECTION('',(-0.604575979,-0.658928814,-0.447549667));
#17053=DIRECTION('',(-0.736843305,0.676063565,0.));
#17054=AXIS2_PLACEMENT_3D('',#17051,#17052,#17053);
#17055=PLANE('',#17054);
#17056=POLY_LOOP('',(#7847,#5424,#8087));
#17057=FACE_OUTER_BOUND('',#17056,.T.);
#17058=FACE_SURFACE('',(#17057),#17055,.T.);
#17059=CARTESIAN_POINT('',(34.512609243,337.686181068,11.540547013));
#17060=DIRECTION('',(0.137755888,-0.101572352,0.985244321));
#17061=DIRECTION('',(0.990366343,0.,-0.138472044));
#17062=AXIS2_PLACEMENT_3D('',#17059,#17060,#17061);
#17063=PLANE('',#17062);
#17064=POLY_LOOP('',(#5251,#811,#13717));
#17065=FACE_OUTER_BOUND('',#17064,.T.);
#17066=FACE_SURFACE('',(#17065),#17063,.T.);
#17067=CARTESIAN_POINT('',(44.032905251,209.36486125,-9.068235755));
#17068=DIRECTION('',(0.572609094,0.647535056,-0.502809284));
#17069=DIRECTION('',(0.749117332,-0.662437335,0.));
#17070=AXIS2_PLACEMENT_3D('',#17067,#17068,#17069);
#17071=PLANE('',#17070);
#17072=POLY_LOOP('',(#13545,#591,#954));
#17073=FACE_OUTER_BOUND('',#17072,.T.);
#17074=FACE_SURFACE('',(#17073),#17071,.T.);
#17075=CARTESIAN_POINT('',(20.238243043,243.158400059,-4.34954837));
#17076=DIRECTION('',(0.899664202,-0.362658132,0.243070778));
#17077=DIRECTION('',(0.373871065,0.927480688,0.));
#17078=AXIS2_PLACEMENT_3D('',#17075,#17076,#17077);
#17079=PLANE('',#17078);
#17080=POLY_LOOP('',(#5591,#4472,#7441));
#17081=FACE_OUTER_BOUND('',#17080,.T.);
#17082=FACE_SURFACE('',(#17081),#17079,.T.);
#17083=CARTESIAN_POINT('',(46.328429133,309.456557035,5.632781889));
#17084=DIRECTION('',(0.000016694,-0.978256466,-0.207398856));
#17085=DIRECTION('',(0.,0.207398856,-0.978256467));
#17086=AXIS2_PLACEMENT_3D('',#17083,#17084,#17085);
#17087=PLANE('',#17086);
#17088=POLY_LOOP('',(#3724,#3237,#711));
#17089=FACE_OUTER_BOUND('',#17088,.T.);
#17090=FACE_SURFACE('',(#17089),#17087,.T.);
#17091=CARTESIAN_POINT('',(228.081882,280.76389432,12.536755763));
#17092=DIRECTION('',(-0.076506663,-0.049955477,0.995816841));
#17093=DIRECTION('',(0.997061727,0.,0.076602305));
#17094=AXIS2_PLACEMENT_3D('',#17091,#17092,#17093);
#17095=PLANE('',#17094);
#17096=POLY_LOOP('',(#5760,#7202,#1591));
#17097=FACE_OUTER_BOUND('',#17096,.T.);
#17098=FACE_SURFACE('',(#17097),#17095,.T.);
#17099=CARTESIAN_POINT('',(227.214336395,286.485701799,10.30702237));
#17100=DIRECTION('',(0.0176921,0.036994617,-0.99915884));
#17101=DIRECTION('',(0.,-0.99931525,-0.037000408));
#17102=AXIS2_PLACEMENT_3D('',#17099,#17100,#17101);
#17103=PLANE('',#17102);
#17104=POLY_LOOP('',(#7414,#2628,#2001));
#17105=FACE_OUTER_BOUND('',#17104,.T.);
#17106=FACE_SURFACE('',(#17105),#17103,.T.);
#17107=CARTESIAN_POINT('',(116.936057806,190.706044436,-11.991669424));
#17108=DIRECTION('',(-0.098543421,-0.071863935,-0.992534518));
#17109=DIRECTION('',(-0.995107423,-0.,0.098798871));
#17110=AXIS2_PLACEMENT_3D('',#17107,#17108,#17109);
#17111=PLANE('',#17110);
#17112=POLY_LOOP('',(#5215,#1037,#1513));
#17113=FACE_OUTER_BOUND('',#17112,.T.);
#17114=FACE_SURFACE('',(#17113),#17111,.T.);
#17115=CARTESIAN_POINT('',(13.851442374,226.730003953,0.195855973));
#17116=DIRECTION('',(0.935452401,0.101937323,-0.338434024));
#17117=DIRECTION('',(0.340206218,0.,0.940350854));
#17118=AXIS2_PLACEMENT_3D('',#17115,#17116,#17117);
#17119=PLANE('',#17118);
#17120=POLY_LOOP('',(#16858,#5789,#7323));
#17121=FACE_OUTER_BOUND('',#17120,.T.);
#17122=FACE_SURFACE('',(#17121),#17119,.T.);
#17123=CARTESIAN_POINT('',(17.462683842,234.891712666,-6.410306785));
#17124=DIRECTION('',(0.913005397,-0.080220298,0.399982311));
#17125=DIRECTION('',(-0.401275559,-0.,0.915957382));
#17126=AXIS2_PLACEMENT_3D('',#17123,#17124,#17125);
#17127=PLANE('',#17126);
#17128=POLY_LOOP('',(#7441,#16858,#1000));
#17129=FACE_OUTER_BOUND('',#17128,.T.);
#17130=FACE_SURFACE('',(#17129),#17127,.T.);
#17131=CARTESIAN_POINT('',(37.678465247,232.781663537,-1.230555354));
#17132=DIRECTION('',(-0.737031284,0.672330638,-0.068966653));
#17133=DIRECTION('',(-0.673935301,-0.738790369,0.));
#17134=AXIS2_PLACEMENT_3D('',#17131,#17132,#17133);
#17135=PLANE('',#17134);
#17136=POLY_LOOP('',(#1111,#1149,#1112));
#17137=FACE_OUTER_BOUND('',#17136,.T.);
#17138=FACE_SURFACE('',(#17137),#17135,.T.);
#17139=CARTESIAN_POINT('',(100.802004337,480.976223946,4.646124784));
#17140=DIRECTION('',(-0.787872417,0.277358395,0.549844866));
#17141=DIRECTION('',(-0.572298107,0.,-0.820045655));
#17142=AXIS2_PLACEMENT_3D('',#17139,#17140,#17141);
#17143=PLANE('',#17142);
#17144=POLY_LOOP('',(#8660,#1084,#7943));
#17145=FACE_OUTER_BOUND('',#17144,.T.);
#17146=FACE_SURFACE('',(#17145),#17143,.T.);
#17147=CARTESIAN_POINT('',(209.824874997,260.770469904,-7.263137493));
#17148=CARTESIAN_POINT('',(204.139724374,258.729487658,-6.534586661));
#17149=DIRECTION('',(0.302351225,-0.569295959,0.764516742));
#17150=DIRECTION('',(0.,0.802055684,0.597249261));
#17151=AXIS2_PLACEMENT_3D('',#17148,#17149,#17150);
#17152=PLANE('',#17151);
#17153=POLY_LOOP('',(#9128,#9129,#17147));
#17154=FACE_OUTER_BOUND('',#17153,.T.);
#17155=FACE_SURFACE('',(#17154),#17152,.T.);
#17156=CARTESIAN_POINT('',(208.427399397,263.050466776,-2.215306042));
#17157=DIRECTION('',(0.351358197,-0.812917021,0.464449496));
#17158=DIRECTION('',(0.,-0.496078938,-0.868277425));
#17159=AXIS2_PLACEMENT_3D('',#17156,#17157,#17158);
#17160=PLANE('',#17159);
#17161=POLY_LOOP('',(#11542,#9128,#17147));
#17162=FACE_OUTER_BOUND('',#17161,.T.);
#17163=FACE_SURFACE('',(#17162),#17160,.T.);
#17164=CARTESIAN_POINT('',(209.480151534,263.320833445,3.521081293));
#17165=CARTESIAN_POINT('',(209.480151534,263.320833445,3.521081293));
#17166=DIRECTION('',(0.407308898,-0.912739069,-0.031730963));
#17167=DIRECTION('',(-0.913198913,-0.407514104,0.));
#17168=AXIS2_PLACEMENT_3D('',#17165,#17166,#17167);
#17169=PLANE('',#17168);
#17170=POLY_LOOP('',(#17164,#13488,#11542));
#17171=FACE_OUTER_BOUND('',#17170,.T.);
#17172=FACE_SURFACE('',(#17171),#17169,.T.);
#17173=CARTESIAN_POINT('',(14.672332443,315.203368664,5.355585832));
#17174=DIRECTION('',(-0.955405959,-0.282123914,0.087209805));
#17175=DIRECTION('',(0.283202927,-0.95906001,-0.));
#17176=AXIS2_PLACEMENT_3D('',#17173,#17174,#17175);
#17177=PLANE('',#17176);
#17178=POLY_LOOP('',(#1634,#4192,#10047));
#17179=FACE_OUTER_BOUND('',#17178,.T.);
#17180=FACE_SURFACE('',(#17179),#17177,.T.);
#17181=CARTESIAN_POINT('',(37.074610591,356.083571911,-6.635556929));
#17182=DIRECTION('',(0.397669277,-0.582917234,0.708566613));
#17183=DIRECTION('',(0.,0.772255425,0.635312175));
#17184=AXIS2_PLACEMENT_3D('',#17181,#17182,#17183);
#17185=PLANE('',#17184);
#17186=POLY_LOOP('',(#389,#2925,#7633));
#17187=FACE_OUTER_BOUND('',#17186,.T.);
#17188=FACE_SURFACE('',(#17187),#17185,.T.);
#17189=CARTESIAN_POINT('',(203.719392419,391.91275835,6.968333852));
#17190=DIRECTION('',(0.303584108,0.54527828,-0.781350297));
#17191=DIRECTION('',(0.,-0.82005299,-0.572287597));
#17192=AXIS2_PLACEMENT_3D('',#17189,#17190,#17191);
#17193=PLANE('',#17192);
#17194=POLY_LOOP('',(#89,#14183,#328));
#17195=FACE_OUTER_BOUND('',#17194,.T.);
#17196=FACE_SURFACE('',(#17195),#17193,.T.);
#17197=CARTESIAN_POINT('',(236.611098051,371.739327908,-5.473745521));
#17198=DIRECTION('',(0.987024339,-0.000498409,-0.16056994));
#17199=DIRECTION('',(0.16056996,-0.,0.987024462));
#17200=AXIS2_PLACEMENT_3D('',#17197,#17198,#17199);
#17201=PLANE('',#17200);
#17202=POLY_LOOP('',(#6337,#1718,#7933));
#17203=FACE_OUTER_BOUND('',#17202,.T.);
#17204=FACE_SURFACE('',(#17203),#17201,.T.);
#17205=CARTESIAN_POINT('',(47.634456307,292.194187641,-7.375446614));
#17206=CARTESIAN_POINT('',(47.634456307,292.194187641,-7.375446614));
#17207=DIRECTION('',(0.001372319,0.453660086,0.891173745));
#17208=DIRECTION('',(-0.,0.891174584,-0.453660513));
#17209=AXIS2_PLACEMENT_3D('',#17206,#17207,#17208);
#17210=PLANE('',#17209);
#17211=POLY_LOOP('',(#17205,#10972,#10973));
#17212=FACE_OUTER_BOUND('',#17211,.T.);
#17213=FACE_SURFACE('',(#17212),#17210,.T.);
#17214=CARTESIAN_POINT('',(30.334843323,297.217041254,-5.61204087));
#17215=DIRECTION('',(0.34010143,0.693526038,0.635100506));
#17216=DIRECTION('',(0.,-0.675359525,0.737488652));
#17217=AXIS2_PLACEMENT_3D('',#17214,#17215,#17216);
#17218=PLANE('',#17217);
#17219=POLY_LOOP('',(#1623,#12102,#10973));
#17220=FACE_OUTER_BOUND('',#17219,.T.);
#17221=FACE_SURFACE('',(#17220),#17218,.T.);
#17222=CARTESIAN_POINT('',(79.338513315,436.622142792,-3.109754995));
#17223=DIRECTION('',(0.095946841,-0.830782595,-0.548264976));
#17224=DIRECTION('',(-0.,0.550806142,-0.834633209));
#17225=AXIS2_PLACEMENT_3D('',#17222,#17223,#17224);
#17226=PLANE('',#17225);
#17227=POLY_LOOP('',(#1898,#1897,#2205));
#17228=FACE_OUTER_BOUND('',#17227,.T.);
#17229=FACE_SURFACE('',(#17228),#17226,.T.);
#17230=CARTESIAN_POINT('',(223.230138421,350.208550692,-6.682890002));
#17231=DIRECTION('',(-0.385993596,0.342309733,0.856640526));
#17232=DIRECTION('',(0.91172012,0.,0.410811907));
#17233=AXIS2_PLACEMENT_3D('',#17230,#17231,#17232);
#17234=PLANE('',#17233);
#17235=POLY_LOOP('',(#3762,#5929,#5359));
#17236=FACE_OUTER_BOUND('',#17235,.T.);
#17237=FACE_SURFACE('',(#17236),#17234,.T.);
#17238=CARTESIAN_POINT('',(233.842730522,387.321084738,1.350750215));
#17239=DIRECTION('',(-0.976586152,-0.119299677,-0.17901697));
#17240=DIRECTION('',(0.180304653,0.,-0.983610813));
#17241=AXIS2_PLACEMENT_3D('',#17238,#17239,#17240);
#17242=PLANE('',#17241);
#17243=POLY_LOOP('',(#5304,#4982,#894));
#17244=FACE_OUTER_BOUND('',#17243,.T.);
#17245=FACE_SURFACE('',(#17244),#17242,.T.);
#17246=CARTESIAN_POINT('',(27.401406318,197.05337286,-1.751606469));
#17247=DIRECTION('',(0.46043541,0.878950614,-0.124278121));
#17248=DIRECTION('',(0.885817986,-0.46403286,0.));
#17249=AXIS2_PLACEMENT_3D('',#17246,#17247,#17248);
#17250=PLANE('',#17249);
#17251=POLY_LOOP('',(#1563,#1554,#5971));
#17252=FACE_OUTER_BOUND('',#17251,.T.);
#17253=FACE_SURFACE('',(#17252),#17250,.T.);
#17254=CARTESIAN_POINT('',(228.002652526,400.628000498,1.442107256));
#17255=DIRECTION('',(0.648065039,0.605348837,0.462130383));
#17256=DIRECTION('',(-0.682612371,0.730780645,0.));
#17257=AXIS2_PLACEMENT_3D('',#17254,#17255,#17256);
#17258=PLANE('',#17257);
#17259=POLY_LOOP('',(#9677,#14539,#9678));
#17260=FACE_OUTER_BOUND('',#17259,.T.);
#17261=FACE_SURFACE('',(#17260),#17258,.T.);
#17262=CARTESIAN_POINT('',(23.389572278,441.716372967,-12.718893588));
#17263=DIRECTION('',(0.010148908,0.044195828,-0.998971335));
#17264=DIRECTION('',(0.,-0.999022786,-0.044198104));
#17265=AXIS2_PLACEMENT_3D('',#17262,#17263,#17264);
#17266=PLANE('',#17265);
#17267=POLY_LOOP('',(#8062,#6154,#5555));
#17268=FACE_OUTER_BOUND('',#17267,.T.);
#17269=FACE_SURFACE('',(#17268),#17266,.T.);
#17270=CARTESIAN_POINT('',(229.060381651,254.453361034,3.047111211));
#17271=DIRECTION('',(-0.788687913,0.3755511,-0.48675738));
#17272=DIRECTION('',(0.525201222,0.,-0.850978071));
#17273=AXIS2_PLACEMENT_3D('',#17270,#17271,#17272);
#17274=PLANE('',#17273);
#17275=POLY_LOOP('',(#15647,#4423,#7107));
#17276=FACE_OUTER_BOUND('',#17275,.T.);
#17277=FACE_SURFACE('',(#17276),#17274,.T.);
#17278=CARTESIAN_POINT('',(229.814916849,293.070971966,-4.349564668));
#17279=DIRECTION('',(-0.765433699,-0.630580187,0.128373984));
#17280=DIRECTION('',(0.635841246,-0.771819868,0.));
#17281=AXIS2_PLACEMENT_3D('',#17278,#17279,#17280);
#17282=PLANE('',#17281);
#17283=POLY_LOOP('',(#884,#1252,#2011));
#17284=FACE_OUTER_BOUND('',#17283,.T.);
#17285=FACE_SURFACE('',(#17284),#17282,.T.);
#17286=CARTESIAN_POINT('',(228.217050433,252.823352814,-2.840038855));
#17287=DIRECTION('',(-0.70426258,0.703695566,-0.093950882));
#17288=DIRECTION('',(-0.706821957,-0.70739149,0.));
#17289=AXIS2_PLACEMENT_3D('',#17286,#17287,#17288);
#17290=PLANE('',#17289);
#17291=POLY_LOOP('',(#3503,#1925,#15647));
#17292=FACE_OUTER_BOUND('',#17291,.T.);
#17293=FACE_SURFACE('',(#17292),#17290,.T.);
#17294=CARTESIAN_POINT('',(144.06901598,171.046227217,5.131386686));
#17295=DIRECTION('',(-0.961562788,-0.247573048,-0.11876275));
#17296=DIRECTION('',(0.249337696,-0.968416601,0.));
#17297=AXIS2_PLACEMENT_3D('',#17294,#17295,#17296);
#17298=PLANE('',#17297);
#17299=POLY_LOOP('',(#238,#2561,#379));
#17300=FACE_OUTER_BOUND('',#17299,.T.);
#17301=FACE_SURFACE('',(#17300),#17298,.T.);
#17302=CARTESIAN_POINT('',(41.659764946,361.031740904,-5.457021296));
#17303=DIRECTION('',(-0.311403505,0.698364858,-0.644448899));
#17304=DIRECTION('',(0.,0.678168966,0.734906017));
#17305=AXIS2_PLACEMENT_3D('',#17302,#17303,#17304);
#17306=PLANE('',#17305);
#17307=POLY_LOOP('',(#2990,#555,#914));
#17308=FACE_OUTER_BOUND('',#17307,.T.);
#17309=FACE_SURFACE('',(#17308),#17306,.T.);
#17310=CARTESIAN_POINT('',(110.426768661,208.731800318,-1.097482163));
#17311=DIRECTION('',(0.017891205,-0.765888392,-0.642724572));
#17312=DIRECTION('',(-0.,0.642827463,-0.766011001));
#17313=AXIS2_PLACEMENT_3D('',#17310,#17311,#17312);
#17314=PLANE('',#17313);
#17315=POLY_LOOP('',(#411,#6424,#6423));
#17316=FACE_OUTER_BOUND('',#17315,.T.);
#17317=FACE_SURFACE('',(#17316),#17314,.T.);
#17318=CARTESIAN_POINT('',(17.216408625,336.862057447,4.656618927));
#17319=DIRECTION('',(0.77463251,-0.124744427,-0.619986534));
#17320=DIRECTION('',(0.624867431,-0.,0.780730872));
#17321=AXIS2_PLACEMENT_3D('',#17318,#17319,#17320);
#17322=PLANE('',#17321);
#17323=POLY_LOOP('',(#1691,#175,#5488));
#17324=FACE_OUTER_BOUND('',#17323,.T.);
#17325=FACE_SURFACE('',(#17324),#17322,.T.);
#17326=CARTESIAN_POINT('',(44.029805809,205.456227064,9.490648285));
#17327=DIRECTION('',(-0.007035409,-0.234459337,-0.972100469));
#17328=DIRECTION('',(0.,-0.972124528,0.23446514));
#17329=AXIS2_PLACEMENT_3D('',#17326,#17327,#17328);
#17330=PLANE('',#17329);
#17331=POLY_LOOP('',(#4003,#2040,#10374));
#17332=FACE_OUTER_BOUND('',#17331,.T.);
#17333=FACE_SURFACE('',(#17332),#17330,.T.);
#17334=CARTESIAN_POINT('',(37.486433983,357.368290424,5.383182317));
#17335=DIRECTION('',(0.281589853,-0.557656501,-0.780849782));
#17336=DIRECTION('',(-0.,-0.813779479,0.581173777));
#17337=AXIS2_PLACEMENT_3D('',#17334,#17335,#17336);
#17338=PLANE('',#17337);
#17339=POLY_LOOP('',(#247,#226,#227));
#17340=FACE_OUTER_BOUND('',#17339,.T.);
#17341=FACE_SURFACE('',(#17340),#17338,.T.);
#17342=CARTESIAN_POINT('',(203.460276127,240.305885673,4.14791517));
#17343=DIRECTION('',(-0.083449073,0.758220057,-0.646636371));
#17344=DIRECTION('',(0.,0.648899705,0.760873953));
#17345=AXIS2_PLACEMENT_3D('',#17342,#17343,#17344);
#17346=PLANE('',#17345);
#17347=POLY_LOOP('',(#513,#340,#1926));
#17348=FACE_OUTER_BOUND('',#17347,.T.);
#17349=FACE_SURFACE('',(#17348),#17346,.T.);
#17350=CARTESIAN_POINT('',(212.845414877,368.196278811,-1.716579543));
#17351=DIRECTION('',(0.863515072,-0.497221013,-0.084338511));
#17352=DIRECTION('',(0.498998866,0.866602638,0.));
#17353=AXIS2_PLACEMENT_3D('',#17350,#17351,#17352);
#17354=PLANE('',#17353);
#17355=POLY_LOOP('',(#4862,#7116,#4578));
#17356=FACE_OUTER_BOUND('',#17355,.T.);
#17357=FACE_SURFACE('',(#17356),#17354,.T.);
#17358=CARTESIAN_POINT('',(43.464288116,355.163246393,9.113682434));
#17359=DIRECTION('',(0.004208289,-0.26288386,-0.964818307));
#17360=DIRECTION('',(0.,-0.964826851,0.262886188));
#17361=AXIS2_PLACEMENT_3D('',#17358,#17359,#17360);
#17362=PLANE('',#17361);
#17363=POLY_LOOP('',(#226,#2610,#349));
#17364=FACE_OUTER_BOUND('',#17363,.T.);
#17365=FACE_SURFACE('',(#17364),#17362,.T.);
#17366=CARTESIAN_POINT('',(205.400466919,358.745276928,-9.500077926));
#17367=DIRECTION('',(-0.001737844,0.838652883,-0.544663495));
#17368=DIRECTION('',(0.,0.544664317,0.838654149));
#17369=AXIS2_PLACEMENT_3D('',#17366,#17367,#17368);
#17370=PLANE('',#17369);
#17371=POLY_LOOP('',(#546,#2990,#2837));
#17372=FACE_OUTER_BOUND('',#17371,.T.);
#17373=FACE_SURFACE('',(#17372),#17370,.T.);
#17374=CARTESIAN_POINT('',(23.357996717,340.968936682,8.851090446));
#17375=DIRECTION('',(0.654842783,-0.251321782,-0.712754019));
#17376=DIRECTION('',(-0.736389476,0.,-0.676557861));
#17377=AXIS2_PLACEMENT_3D('',#17374,#17375,#17376);
#17378=PLANE('',#17377);
#17379=POLY_LOOP('',(#1690,#175,#1691));
#17380=FACE_OUTER_BOUND('',#17379,.T.);
#17381=FACE_SURFACE('',(#17380),#17378,.T.);
#17382=CARTESIAN_POINT('',(214.485287666,276.997178793,2.215296729));
#17383=DIRECTION('',(0.972237131,-0.165007115,0.165914474));
#17384=DIRECTION('',(-0.168220376,-0.,0.985749413));
#17385=AXIS2_PLACEMENT_3D('',#17382,#17383,#17384);
#17386=PLANE('',#17385);
#17387=POLY_LOOP('',(#792,#10341,#2665));
#17388=FACE_OUTER_BOUND('',#17387,.T.);
#17389=FACE_SURFACE('',(#17388),#17386,.T.);
#17390=CARTESIAN_POINT('',(204.243957996,294.687449932,11.60989888));
#17391=DIRECTION('',(0.000840438,-0.26878876,0.963198783));
#17392=DIRECTION('',(0.,0.963199123,0.268788855));
#17393=AXIS2_PLACEMENT_3D('',#17390,#17391,#17392);
#17394=PLANE('',#17393);
#17395=POLY_LOOP('',(#2806,#7202,#13587));
#17396=FACE_OUTER_BOUND('',#17395,.T.);
#17397=FACE_SURFACE('',(#17396),#17394,.T.);
#17398=CARTESIAN_POINT('',(31.256262213,414.721041918,-6.506827194));
#17399=DIRECTION('',(-0.614043211,-0.169816973,0.770787344));
#17400=DIRECTION('',(0.782147553,0.,0.623093255));
#17401=AXIS2_PLACEMENT_3D('',#17398,#17399,#17400);
#17402=PLANE('',#17401);
#17403=POLY_LOOP('',(#6850,#4181,#10898));
#17404=FACE_OUTER_BOUND('',#17403,.T.);
#17405=FACE_SURFACE('',(#17404),#17402,.T.);
#17406=CARTESIAN_POINT('',(231.269404292,393.974989653,-5.129890982));
#17407=DIRECTION('',(0.823587945,0.548190925,-0.145566502));
#17408=DIRECTION('',(-0.554092862,0.832454864,0.));
#17409=AXIS2_PLACEMENT_3D('',#17406,#17407,#17408);
#17410=PLANE('',#17409);
#17411=POLY_LOOP('',(#690,#9677,#1717));
#17412=FACE_OUTER_BOUND('',#17411,.T.);
#17413=FACE_SURFACE('',(#17412),#17410,.T.);
#17414=CARTESIAN_POINT('',(219.710469246,407.333403826,-1.804064377));
#17415=DIRECTION('',(0.567008618,0.798702776,0.201432624));
#17416=DIRECTION('',(0.815416888,-0.578874165,0.));
#17417=AXIS2_PLACEMENT_3D('',#17414,#17415,#17416);
#17418=PLANE('',#17417);
#17419=POLY_LOOP('',(#1840,#2880,#9677));
#17420=FACE_OUTER_BOUND('',#17419,.T.);
#17421=FACE_SURFACE('',(#17420),#17418,.T.);
#17422=CARTESIAN_POINT('',(16.317417845,237.30738461,1.432749908));
#17423=DIRECTION('',(0.911135944,-0.16843759,-0.376111779));
#17424=DIRECTION('',(0.381563435,-0.,0.924342656));
#17425=AXIS2_PLACEMENT_3D('',#17422,#17423,#17424);
#17426=PLANE('',#17425);
#17427=POLY_LOOP('',(#4472,#4659,#16858));
#17428=FACE_OUTER_BOUND('',#17427,.T.);
#17429=FACE_SURFACE('',(#17428),#17426,.T.);
#17430=CARTESIAN_POINT('',(13.851442374,226.730003953,0.195855973));
#17431=DIRECTION('',(0.887531771,-0.083060031,-0.453197955));
#17432=DIRECTION('',(0.45476939,0.,0.890609231));
#17433=AXIS2_PLACEMENT_3D('',#17430,#17431,#17432);
#17434=PLANE('',#17433);
#17435=POLY_LOOP('',(#16858,#4659,#5789));
#17436=FACE_OUTER_BOUND('',#17435,.T.);
#17437=FACE_SURFACE('',(#17436),#17434,.T.);
#17438=CARTESIAN_POINT('',(37.678465247,232.781663537,-1.230555354));
#17439=DIRECTION('',(-0.801734318,0.510644715,0.310586635));
#17440=DIRECTION('',(-0.537212519,-0.843446921,-0.));
#17441=AXIS2_PLACEMENT_3D('',#17438,#17439,#17440);
#17442=PLANE('',#17441);
#17443=POLY_LOOP('',(#1111,#1113,#9154));
#17444=FACE_OUTER_BOUND('',#17443,.T.);
#17445=FACE_SURFACE('',(#17444),#17442,.T.);
#17446=CARTESIAN_POINT('',(29.00733985,401.309221983,10.153210722));
#17447=DIRECTION('',(0.159005518,0.375487822,-0.913086053));
#17448=DIRECTION('',(0.,-0.924852307,-0.380326451));
#17449=AXIS2_PLACEMENT_3D('',#17446,#17447,#17448);
#17450=PLANE('',#17449);
#17451=POLY_LOOP('',(#8422,#98,#3887));
#17452=FACE_OUTER_BOUND('',#17451,.T.);
#17453=FACE_SURFACE('',(#17452),#17450,.T.);
#17454=CARTESIAN_POINT('',(209.824874997,260.770469904,-7.263137493));
#17455=DIRECTION('',(0.439966875,-0.645653329,0.624148161));
#17456=DIRECTION('',(-0.,-0.695031658,-0.718979133));
#17457=AXIS2_PLACEMENT_3D('',#17454,#17455,#17456);
#17458=PLANE('',#17457);
#17459=POLY_LOOP('',(#17147,#9129,#3178));
#17460=FACE_OUTER_BOUND('',#17459,.T.);
#17461=FACE_SURFACE('',(#17460),#17458,.T.);
#17462=CARTESIAN_POINT('',(208.427399397,263.050466776,-2.215306042));
#17463=DIRECTION('',(0.674302481,-0.584854817,0.450844771));
#17464=DIRECTION('',(0.65522436,0.755434338,-0.));
#17465=AXIS2_PLACEMENT_3D('',#17462,#17463,#17464);
#17466=PLANE('',#17465);
#17467=POLY_LOOP('',(#11542,#17147,#2666));
#17468=FACE_OUTER_BOUND('',#17467,.T.);
#17469=FACE_SURFACE('',(#17468),#17466,.T.);
#17470=CARTESIAN_POINT('',(223.989397287,402.133524418,-6.973039359));
#17471=CARTESIAN_POINT('',(216.07363224,399.502396584,-12.078865431));
#17472=DIRECTION('',(0.350374264,0.492213624,-0.796846047));
#17473=DIRECTION('',(-0.,-0.85077699,-0.525526891));
#17474=AXIS2_PLACEMENT_3D('',#17471,#17472,#17473);
#17475=PLANE('',#17474);
#17476=POLY_LOOP('',(#2715,#1217,#17470));
#17477=FACE_OUTER_BOUND('',#17476,.T.);
#17478=FACE_SURFACE('',(#17477),#17475,.T.);
#17479=CARTESIAN_POINT('',(211.274400353,260.901987553,7.864556275));
#17480=DIRECTION('',(0.631939054,-0.53615903,-0.559630705));
#17481=DIRECTION('',(0.662977657,0.,0.748639183));
#17482=AXIS2_PLACEMENT_3D('',#17479,#17480,#17481);
#17483=PLANE('',#17482);
#17484=POLY_LOOP('',(#6808,#17164,#4300));
#17485=FACE_OUTER_BOUND('',#17484,.T.);
#17486=FACE_SURFACE('',(#17485),#17483,.T.);
#17487=CARTESIAN_POINT('',(137.508317828,178.03953588,-9.904186241));
#17488=DIRECTION('',(-0.784977167,-0.252541217,0.565715282));
#17489=DIRECTION('',(-0.584666584,0.,-0.811273681));
#17490=AXIS2_PLACEMENT_3D('',#17487,#17488,#17489);
#17491=PLANE('',#17490);
#17492=POLY_LOOP('',(#1421,#1877,#2561));
#17493=FACE_OUTER_BOUND('',#17492,.T.);
#17494=FACE_SURFACE('',(#17493),#17491,.T.);
#17495=CARTESIAN_POINT('',(46.344257891,340.590626001,-8.747301064));
#17496=DIRECTION('',(0.441953499,-0.770017047,-0.460163941));
#17497=DIRECTION('',(-0.,0.512981569,-0.858399622));
#17498=AXIS2_PLACEMENT_3D('',#17495,#17496,#17497);
#17499=PLANE('',#17498);
#17500=POLY_LOOP('',(#12709,#564,#369));
#17501=FACE_OUTER_BOUND('',#17500,.T.);
#17502=FACE_SURFACE('',(#17501),#17499,.T.);
#17503=CARTESIAN_POINT('',(36.723643541,337.704926729,-8.192152716));
#17504=DIRECTION('',(-0.346686914,0.249996962,0.904051825));
#17505=DIRECTION('',(0.933699954,-0.,0.358056415));
#17506=AXIS2_PLACEMENT_3D('',#17503,#17504,#17505);
#17507=PLANE('',#17506);
#17508=POLY_LOOP('',(#9392,#2164,#2163));
#17509=FACE_OUTER_BOUND('',#17508,.T.);
#17510=FACE_SURFACE('',(#17509),#17507,.T.);
#17511=CARTESIAN_POINT('',(23.959575221,252.334654331,-1.833538176));
#17512=DIRECTION('',(-0.579247438,0.692008396,-0.430809454));
#17513=DIRECTION('',(0.766816809,0.641866015,0.));
#17514=AXIS2_PLACEMENT_3D('',#17511,#17512,#17513);
#17515=PLANE('',#17514);
#17516=POLY_LOOP('',(#3733,#5315,#3651));
#17517=FACE_OUTER_BOUND('',#17516,.T.);
#17518=FACE_SURFACE('',(#17517),#17515,.T.);
#17519=CARTESIAN_POINT('',(204.194650054,395.668566227,9.774042293));
#17520=DIRECTION('',(0.241321939,0.499225162,-0.832188656));
#17521=DIRECTION('',(0.,-0.857532944,-0.514429053));
#17522=AXIS2_PLACEMENT_3D('',#17519,#17520,#17521);
#17523=PLANE('',#17522);
#17524=POLY_LOOP('',(#14183,#11460,#328));
#17525=FACE_OUTER_BOUND('',#17524,.T.);
#17526=FACE_SURFACE('',(#17525),#17523,.T.);
#17527=CARTESIAN_POINT('',(38.352362812,297.238647938,-9.929081425));
#17528=DIRECTION('',(0.210973175,0.721856289,0.659100764));
#17529=DIRECTION('',(0.,-0.674277503,0.738478063));
#17530=AXIS2_PLACEMENT_3D('',#17527,#17528,#17529);
#17531=PLANE('',#17530);
#17532=POLY_LOOP('',(#10973,#12102,#17205));
#17533=FACE_OUTER_BOUND('',#17532,.T.);
#17534=FACE_SURFACE('',(#17533),#17531,.T.);
#17535=CARTESIAN_POINT('',(232.124105096,389.648705721,-3.000197699));
#17536=DIRECTION('',(-0.938389561,-0.253164822,0.235228835));
#17537=DIRECTION('',(0.26047371,-0.96548094,-0.));
#17538=AXIS2_PLACEMENT_3D('',#17535,#17536,#17537);
#17539=PLANE('',#17538);
#17540=POLY_LOOP('',(#7490,#1186,#5304));
#17541=FACE_OUTER_BOUND('',#17540,.T.);
#17542=FACE_SURFACE('',(#17541),#17539,.T.);
#17543=CARTESIAN_POINT('',(26.219815016,354.495644569,-2.842536895));
#17544=CARTESIAN_POINT('',(22.109409794,350.581020117,1.755851437));
#17545=DIRECTION('',(-0.778519346,0.599590638,-0.185468853));
#17546=DIRECTION('',(-0.610177123,-0.79226503,0.));
#17547=AXIS2_PLACEMENT_3D('',#17544,#17545,#17546);
#17548=PLANE('',#17547);
#17549=POLY_LOOP('',(#4933,#17543,#1542));
#17550=FACE_OUTER_BOUND('',#17549,.T.);
#17551=FACE_SURFACE('',(#17550),#17548,.T.);
#17552=CARTESIAN_POINT('',(47.142248601,212.490752339,-3.58170853));
#17553=DIRECTION('',(0.002962177,0.868147848,-0.496296826));
#17554=DIRECTION('',(-0.,0.496299003,0.868151657));
#17555=AXIS2_PLACEMENT_3D('',#17552,#17553,#17554);
#17556=PLANE('',#17555);
#17557=POLY_LOOP('',(#821,#820,#13545));
#17558=FACE_OUTER_BOUND('',#17557,.T.);
#17559=FACE_SURFACE('',(#17558),#17556,.T.);
#17560=CARTESIAN_POINT('',(97.691856325,473.45417738,3.298545489));
#17561=DIRECTION('',(-0.826291629,0.251346637,0.504050605));
#17562=DIRECTION('',(-0.520768774,0.,-0.853697771));
#17563=AXIS2_PLACEMENT_3D('',#17560,#17561,#17562);
#17564=PLANE('',#17563);
#17565=POLY_LOOP('',(#1082,#1084,#8660));
#17566=FACE_OUTER_BOUND('',#17565,.T.);
#17567=FACE_SURFACE('',(#17566),#17564,.T.);
#17568=CARTESIAN_POINT('',(228.002652526,400.628000498,1.442107256));
#17569=DIRECTION('',(0.577254493,0.695046199,0.428588418));
#17570=DIRECTION('',(0.769282035,-0.638909344,0.));
#17571=AXIS2_PLACEMENT_3D('',#17568,#17569,#17570);
#17572=PLANE('',#17571);
#17573=POLY_LOOP('',(#9677,#2880,#14539));
#17574=FACE_OUTER_BOUND('',#17573,.T.);
#17575=FACE_SURFACE('',(#17574),#17572,.T.);
#17576=CARTESIAN_POINT('',(23.389572278,441.716372967,-12.718893588));
#17577=DIRECTION('',(-0.076547712,-0.007647579,-0.99703659));
#17578=DIRECTION('',(-0.997065748,0.,0.076549951));
#17579=AXIS2_PLACEMENT_3D('',#17576,#17577,#17578);
#17580=PLANE('',#17579);
#17581=POLY_LOOP('',(#8062,#8552,#7796));
#17582=FACE_OUTER_BOUND('',#17581,.T.);
#17583=FACE_SURFACE('',(#17582),#17580,.T.);
#17584=CARTESIAN_POINT('',(26.684489101,222.156628966,-12.394247577));
#17585=DIRECTION('',(0.332932751,0.026363105,-0.94258197));
#17586=DIRECTION('',(-0.942909694,0.,-0.333048508));
#17587=AXIS2_PLACEMENT_3D('',#17584,#17585,#17586);
#17588=PLANE('',#17587);
#17589=POLY_LOOP('',(#865,#592,#591));
#17590=FACE_OUTER_BOUND('',#17589,.T.);
#17591=FACE_SURFACE('',(#17590),#17588,.T.);
#17592=CARTESIAN_POINT('',(19.433822483,343.53274107,6.677210331));
#17593=DIRECTION('',(-0.719778934,0.559844651,0.410478078));
#17594=DIRECTION('',(-0.61395195,-0.7893434,0.));
#17595=AXIS2_PLACEMENT_3D('',#17592,#17593,#17594);
#17596=PLANE('',#17595);
#17597=POLY_LOOP('',(#9502,#651,#4933));
#17598=FACE_OUTER_BOUND('',#17597,.T.);
#17599=FACE_SURFACE('',(#17598),#17596,.T.);
#17600=CARTESIAN_POINT('',(228.217050433,252.823352814,-2.840038855));
#17601=DIRECTION('',(-0.893697135,0.448654644,0.00380013));
#17602=DIRECTION('',(-0.448657883,-0.893703588,0.));
#17603=AXIS2_PLACEMENT_3D('',#17600,#17601,#17602);
#17604=PLANE('',#17603);
#17605=POLY_LOOP('',(#3503,#15647,#5037));
#17606=FACE_OUTER_BOUND('',#17605,.T.);
#17607=FACE_SURFACE('',(#17606),#17604,.T.);
#17608=CARTESIAN_POINT('',(34.225545824,418.927848339,0.418230484));
#17609=DIRECTION('',(0.742433001,0.628408885,-0.23215407));
#17610=DIRECTION('',(-0.64605987,0.763286738,0.));
#17611=AXIS2_PLACEMENT_3D('',#17608,#17609,#17610);
#17612=PLANE('',#17611);
#17613=POLY_LOOP('',(#2195,#3437,#2196));
#17614=FACE_OUTER_BOUND('',#17613,.T.);
#17615=FACE_SURFACE('',(#17614),#17612,.T.);
#17616=CARTESIAN_POINT('',(25.995155796,432.837754488,9.393211454));
#17617=DIRECTION('',(-0.192428112,-0.007373733,-0.981283369));
#17618=DIRECTION('',(-0.981310047,-0.,0.192433344));
#17619=AXIS2_PLACEMENT_3D('',#17616,#17617,#17618);
#17620=PLANE('',#17619);
#17621=POLY_LOOP('',(#7779,#7778,#8243));
#17622=FACE_OUTER_BOUND('',#17621,.T.);
#17623=FACE_SURFACE('',(#17622),#17620,.T.);
#17624=CARTESIAN_POINT('',(215.33626318,404.767781496,9.345945902));
#17625=DIRECTION('',(0.222929277,0.418942986,0.880221172));
#17626=DIRECTION('',(-0.,0.902944103,-0.429758009));
#17627=AXIS2_PLACEMENT_3D('',#17624,#17625,#17626);
#17628=PLANE('',#17627);
#17629=POLY_LOOP('',(#2898,#3715,#14539));
#17630=FACE_OUTER_BOUND('',#17629,.T.);
#17631=FACE_SURFACE('',(#17630),#17628,.T.);
#17632=CARTESIAN_POINT('',(36.29880026,340.095669031,-11.563753709));
#17633=DIRECTION('',(0.422570109,-0.306423335,-0.85295911));
#17634=DIRECTION('',(-0.896063961,0.,-0.443924968));
#17635=AXIS2_PLACEMENT_3D('',#17632,#17633,#17634);
#17636=PLANE('',#17635);
#17637=POLY_LOOP('',(#13133,#369,#2398));
#17638=FACE_OUTER_BOUND('',#17637,.T.);
#17639=FACE_SURFACE('',(#17638),#17636,.T.);
#17640=CARTESIAN_POINT('',(19.586300477,223.731055856,-12.018528767));
#17641=DIRECTION('',(-0.061138822,-0.037617097,-0.997420172));
#17642=DIRECTION('',(-0.998126619,-0.,0.061182125));
#17643=AXIS2_PLACEMENT_3D('',#17640,#17641,#17642);
#17644=PLANE('',#17643);
#17645=POLY_LOOP('',(#863,#865,#9004));
#17646=FACE_OUTER_BOUND('',#17645,.T.);
#17647=FACE_SURFACE('',(#17646),#17644,.T.);
#17648=CARTESIAN_POINT('',(92.262499034,440.668106079,-0.160905474));
#17649=DIRECTION('',(-0.225230241,0.901728151,0.368995502));
#17650=DIRECTION('',(-0.,-0.378726669,0.925508568));
#17651=AXIS2_PLACEMENT_3D('',#17648,#17649,#17650);
#17652=PLANE('',#17651);
#17653=POLY_LOOP('',(#533,#13950,#6479));
#17654=FACE_OUTER_BOUND('',#17653,.T.);
#17655=FACE_SURFACE('',(#17654),#17652,.T.);
#17656=CARTESIAN_POINT('',(215.658679605,359.353095293,-10.085969232));
#17657=DIRECTION('',(0.241046127,-0.500446545,0.831534738));
#17658=DIRECTION('',(0.,0.856798592,0.515651212));
#17659=AXIS2_PLACEMENT_3D('',#17656,#17657,#17658);
#17660=PLANE('',#17659);
#17661=POLY_LOOP('',(#5369,#14852,#1947));
#17662=FACE_OUTER_BOUND('',#17661,.T.);
#17663=FACE_SURFACE('',(#17662),#17660,.T.);
#17664=CARTESIAN_POINT('',(211.11600101,242.401301861,5.616937764));
#17665=DIRECTION('',(-0.226296407,0.527181332,-0.819066407));
#17666=DIRECTION('',(0.,-0.84088011,-0.541221434));
#17667=AXIS2_PLACEMENT_3D('',#17664,#17665,#17666);
#17668=PLANE('',#17667);
#17669=POLY_LOOP('',(#1926,#340,#874));
#17670=FACE_OUTER_BOUND('',#17669,.T.);
#17671=FACE_SURFACE('',(#17670),#17668,.T.);
#17672=CARTESIAN_POINT('',(37.486433983,357.368290424,5.383182317));
#17673=DIRECTION('',(0.485307369,-0.729526682,-0.481941466));
#17674=DIRECTION('',(-0.83259968,-0.553875232,-0.));
#17675=AXIS2_PLACEMENT_3D('',#17672,#17673,#17674);
#17676=PLANE('',#17675);
#17677=POLY_LOOP('',(#247,#227,#248));
#17678=FACE_OUTER_BOUND('',#17677,.T.);
#17679=FACE_SURFACE('',(#17678),#17676,.T.);
#17680=CARTESIAN_POINT('',(215.718775988,371.934145689,5.666105542));
#17681=DIRECTION('',(0.708146989,-0.240169997,-0.66396251));
#17682=DIRECTION('',(0.683982088,-0.,0.729498802));
#17683=AXIS2_PLACEMENT_3D('',#17680,#17681,#17682);
#17684=PLANE('',#17683);
#17685=POLY_LOOP('',(#7116,#7117,#4578));
#17686=FACE_OUTER_BOUND('',#17685,.T.);
#17687=FACE_SURFACE('',(#17686),#17684,.T.);
#17688=CARTESIAN_POINT('',(211.747631431,365.352094173,3.811568953));
#17689=DIRECTION('',(0.580027722,-0.619588227,-0.52884617));
#17690=DIRECTION('',(-0.730028641,-0.683416552,-0.));
#17691=AXIS2_PLACEMENT_3D('',#17688,#17689,#17690);
#17692=PLANE('',#17691);
#17693=POLY_LOOP('',(#4578,#5179,#4579));
#17694=FACE_OUTER_BOUND('',#17693,.T.);
#17695=FACE_SURFACE('',(#17694),#17692,.T.);
#17696=CARTESIAN_POINT('',(35.614207387,360.064804554,2.237796318));
#17697=DIRECTION('',(-0.570085887,0.802954823,0.173970209));
#17698=DIRECTION('',(0.815388755,0.578913792,-0.));
#17699=AXIS2_PLACEMENT_3D('',#17696,#17697,#17698);
#17700=PLANE('',#17699);
#17701=POLY_LOOP('',(#4098,#17543,#4933));
#17702=FACE_OUTER_BOUND('',#17701,.T.);
#17703=FACE_SURFACE('',(#17702),#17700,.T.);
#17704=CARTESIAN_POINT('',(47.550458461,339.44028616,1.235938165));
#17705=DIRECTION('',(-0.264071593,0.954322125,0.139769367));
#17706=DIRECTION('',(0.963782531,0.266689393,0.));
#17707=AXIS2_PLACEMENT_3D('',#17704,#17705,#17706);
#17708=PLANE('',#17707);
#17709=POLY_LOOP('',(#3293,#6099,#3294));
#17710=FACE_OUTER_BOUND('',#17709,.T.);
#17711=FACE_SURFACE('',(#17710),#17708,.T.);
#17712=CARTESIAN_POINT('',(47.080885619,310.223072767,-3.177178325));
#17713=DIRECTION('',(0.000873204,-0.999943433,-0.010600416));
#17714=DIRECTION('',(0.,0.01060042,-0.999943814));
#17715=AXIS2_PLACEMENT_3D('',#17712,#17713,#17714);
#17716=PLANE('',#17715);
#17717=POLY_LOOP('',(#3149,#2253,#3236));
#17718=FACE_OUTER_BOUND('',#17717,.T.);
#17719=FACE_SURFACE('',(#17718),#17716,.T.);
#17720=CARTESIAN_POINT('',(15.431054868,216.012850404,-1.609481871));
#17721=DIRECTION('',(0.979420228,0.164141851,-0.117445602));
#17722=DIRECTION('',(-0.165285741,0.986245722,-0.));
#17723=AXIS2_PLACEMENT_3D('',#17720,#17721,#17722);
#17724=PLANE('',#17723);
#17725=POLY_LOOP('',(#1279,#16858,#7323));
#17726=FACE_OUTER_BOUND('',#17725,.T.);
#17727=FACE_SURFACE('',(#17726),#17724,.T.);
#17728=CARTESIAN_POINT('',(17.462683842,234.891712666,-6.410306785));
#17729=DIRECTION('',(0.945572735,-0.245433664,0.213669183));
#17730=DIRECTION('',(0.251235682,0.967925944,0.));
#17731=AXIS2_PLACEMENT_3D('',#17728,#17729,#17730);
#17732=PLANE('',#17731);
#17733=POLY_LOOP('',(#7441,#4472,#16858));
#17734=FACE_OUTER_BOUND('',#17733,.T.);
#17735=FACE_SURFACE('',(#17734),#17732,.T.);
#17736=CARTESIAN_POINT('',(210.650622845,254.91335988,-10.213918053));
#17737=CARTESIAN_POINT('',(204.319953918,254.892855883,-9.462804534));
#17738=DIRECTION('',(0.117863658,-0.026446627,0.992677558));
#17739=DIRECTION('',(0.993024891,0.,-0.117904898));
#17740=AXIS2_PLACEMENT_3D('',#17737,#17738,#17739);
#17741=PLANE('',#17740);
#17742=POLY_LOOP('',(#9129,#4607,#17736));
#17743=FACE_OUTER_BOUND('',#17742,.T.);
#17744=FACE_SURFACE('',(#17743),#17741,.T.);
#17745=CARTESIAN_POINT('',(204.319953918,254.892855883,-9.462804534));
#17746=DIRECTION('',(0.114277891,-0.270969562,0.955780341));
#17747=DIRECTION('',(0.,0.962083118,0.272756438));
#17748=AXIS2_PLACEMENT_3D('',#17745,#17746,#17747);
#17749=PLANE('',#17748);
#17750=POLY_LOOP('',(#9129,#17736,#3178));
#17751=FACE_OUTER_BOUND('',#17750,.T.);
#17752=FACE_SURFACE('',(#17751),#17749,.T.);
#17753=CARTESIAN_POINT('',(209.824874997,260.770469904,-7.263137493));
#17754=DIRECTION('',(0.409117807,-0.503221411,0.761177267));
#17755=DIRECTION('',(0.,0.834183714,0.551486656));
#17756=AXIS2_PLACEMENT_3D('',#17753,#17754,#17755);
#17757=PLANE('',#17756);
#17758=POLY_LOOP('',(#17147,#3178,#2666));
#17759=FACE_OUTER_BOUND('',#17758,.T.);
#17760=FACE_SURFACE('',(#17759),#17757,.T.);
#17761=CARTESIAN_POINT('',(223.989397287,402.133524418,-6.973039359));
#17762=DIRECTION('',(0.417013219,0.789974098,-0.449489598));
#17763=DIRECTION('',(0.,0.494542183,0.869153628));
#17764=AXIS2_PLACEMENT_3D('',#17761,#17762,#17763);
#17765=PLANE('',#17764);
#17766=POLY_LOOP('',(#17470,#1217,#1840));
#17767=FACE_OUTER_BOUND('',#17766,.T.);
#17768=FACE_SURFACE('',(#17767),#17765,.T.);
#17769=CARTESIAN_POINT('',(231.269404292,393.974989653,-5.129890982));
#17770=DIRECTION('',(0.74999026,0.613209309,-0.247969661));
#17771=DIRECTION('',(-0.632978625,0.774169271,-0.));
#17772=AXIS2_PLACEMENT_3D('',#17769,#17770,#17771);
#17773=PLANE('',#17772);
#17774=POLY_LOOP('',(#690,#17470,#9677));
#17775=FACE_OUTER_BOUND('',#17774,.T.);
#17776=FACE_SURFACE('',(#17775),#17773,.T.);
#17777=CARTESIAN_POINT('',(25.817649439,415.824502707,9.555864148));
#17778=DIRECTION('',(-0.129927556,-0.123782846,-0.983766556));
#17779=DIRECTION('',(-0.991391017,0.,0.13093453));
#17780=AXIS2_PLACEMENT_3D('',#17777,#17778,#17779);
#17781=PLANE('',#17780);
#17782=POLY_LOOP('',(#7778,#8508,#8242));
#17783=FACE_OUTER_BOUND('',#17782,.T.);
#17784=FACE_SURFACE('',(#17783),#17781,.T.);
#17785=CARTESIAN_POINT('',(232.571288943,360.707372427,-2.272121375));
#17786=DIRECTION('',(-0.754387408,0.485673467,0.441611734));
#17787=DIRECTION('',(-0.541317518,-0.840818259,0.));
#17788=AXIS2_PLACEMENT_3D('',#17785,#17786,#17787);
#17789=PLANE('',#17788);
#17790=POLY_LOOP('',(#6980,#3762,#7532));
#17791=FACE_OUTER_BOUND('',#17790,.T.);
#17792=FACE_SURFACE('',(#17791),#17789,.T.);
#17793=CARTESIAN_POINT('',(39.127923548,443.25748086,11.336077936));
#17794=DIRECTION('',(-0.009348748,-0.138608539,0.990303122));
#17795=DIRECTION('',(-0.,0.990346401,0.138614596));
#17796=AXIS2_PLACEMENT_3D('',#17793,#17794,#17795);
#17797=PLANE('',#17796);
#17798=POLY_LOOP('',(#9476,#7431,#721));
#17799=FACE_OUTER_BOUND('',#17798,.T.);
#17800=FACE_SURFACE('',(#17799),#17797,.T.);
#17801=CARTESIAN_POINT('',(210.710972548,248.080208898,12.234253809));
#17802=DIRECTION('',(-0.00115328,-0.008014562,0.999967218));
#17803=DIRECTION('',(-0.,0.999967883,0.008014567));
#17804=AXIS2_PLACEMENT_3D('',#17801,#17802,#17803);
#17805=PLANE('',#17804);
#17806=POLY_LOOP('',(#7023,#6773,#6127));
#17807=FACE_OUTER_BOUND('',#17806,.T.);
#17808=FACE_SURFACE('',(#17807),#17805,.T.);
#17809=CARTESIAN_POINT('',(212.84301579,408.600926399,1.272222842));
#17810=DIRECTION('',(-0.476208219,-0.793528338,-0.378864763));
#17811=DIRECTION('',(-0.857449438,0.514568228,0.));
#17812=AXIS2_PLACEMENT_3D('',#17809,#17810,#17811);
#17813=PLANE('',#17812);
#17814=POLY_LOOP('',(#5224,#1664,#1663));
#17815=FACE_OUTER_BOUND('',#17814,.T.);
#17816=FACE_SURFACE('',(#17815),#17813,.T.);
#17817=CARTESIAN_POINT('',(212.426379323,278.041809797,3.656912362));
#17818=DIRECTION('',(-0.91379986,-0.405346703,-0.025765596));
#17819=DIRECTION('',(0.405481318,-0.914103332,-0.));
#17820=AXIS2_PLACEMENT_3D('',#17817,#17818,#17819);
#17821=PLANE('',#17820);
#17822=POLY_LOOP('',(#4811,#10643,#3410));
#17823=FACE_OUTER_BOUND('',#17822,.T.);
#17824=FACE_SURFACE('',(#17823),#17821,.T.);
#17825=CARTESIAN_POINT('',(131.986737251,174.583733082,12.529339641));
#17826=DIRECTION('',(-0.407620903,-0.362956948,0.837918524));
#17827=DIRECTION('',(0.899241479,-0.,0.437452584));
#17828=AXIS2_PLACEMENT_3D('',#17825,#17826,#17827);
#17829=PLANE('',#17828);
#17830=POLY_LOOP('',(#4144,#841,#843));
#17831=FACE_OUTER_BOUND('',#17830,.T.);
#17832=FACE_SURFACE('',(#17831),#17829,.T.);
#17833=CARTESIAN_POINT('',(226.917639375,262.230604887,12.366358191));
#17834=DIRECTION('',(-0.047368742,0.106810169,0.993150437));
#17835=DIRECTION('',(0.,0.99426653,-0.106930202));
#17836=AXIS2_PLACEMENT_3D('',#17833,#17834,#17835);
#17837=PLANE('',#17836);
#17838=POLY_LOOP('',(#6773,#6128,#6127));
#17839=FACE_OUTER_BOUND('',#17838,.T.);
#17840=FACE_SURFACE('',(#17839),#17837,.T.);
#17841=CARTESIAN_POINT('',(89.86403048,447.418242693,12.397405691));
#17842=DIRECTION('',(0.008624742,0.040522899,0.999141386));
#17843=DIRECTION('',(0.,0.999178549,-0.040524406));
#17844=AXIS2_PLACEMENT_3D('',#17841,#17842,#17843);
#17845=PLANE('',#17844);
#17846=POLY_LOOP('',(#7431,#2592,#721));
#17847=FACE_OUTER_BOUND('',#17846,.T.);
#17848=FACE_SURFACE('',(#17847),#17845,.T.);
#17849=CARTESIAN_POINT('',(214.196503162,273.048758507,-0.01929085));
#17850=DIRECTION('',(0.970252968,-0.189165936,0.151080862));
#17851=DIRECTION('',(0.191362509,0.981519429,0.));
#17852=AXIS2_PLACEMENT_3D('',#17849,#17850,#17851);
#17853=PLANE('',#17852);
#17854=POLY_LOOP('',(#10341,#2666,#2665));
#17855=FACE_OUTER_BOUND('',#17854,.T.);
#17856=FACE_SURFACE('',(#17855),#17853,.T.);
#17857=CARTESIAN_POINT('',(99.907800555,480.891376734,-0.619609666));
#17858=DIRECTION('',(-0.922786396,0.35449518,0.150991503));
#17859=DIRECTION('',(-0.358606583,-0.933488789,0.));
#17860=AXIS2_PLACEMENT_3D('',#17857,#17858,#17859);
#17861=PLANE('',#17860);
#17862=POLY_LOOP('',(#3968,#1082,#8660));
#17863=FACE_OUTER_BOUND('',#17862,.T.);
#17864=FACE_SURFACE('',(#17863),#17861,.T.);
#17865=CARTESIAN_POINT('',(234.534740448,289.792954922,-2.819423098));
#17866=DIRECTION('',(0.867855069,0.493054775,0.061029243));
#17867=DIRECTION('',(-0.493975556,0.86947579,-0.));
#17868=AXIS2_PLACEMENT_3D('',#17865,#17866,#17867);
#17869=PLANE('',#17868);
#17870=POLY_LOOP('',(#5095,#502,#504));
#17871=FACE_OUTER_BOUND('',#17870,.T.);
#17872=FACE_SURFACE('',(#17871),#17869,.T.);
#17873=CARTESIAN_POINT('',(114.556334913,460.794001818,6.375017576));
#17874=DIRECTION('',(-0.8650625,0.39151132,-0.313665039));
#17875=DIRECTION('',(-0.412319564,-0.911039284,0.));
#17876=AXIS2_PLACEMENT_3D('',#17873,#17874,#17875);
#17877=PLANE('',#17876);
#17878=POLY_LOOP('',(#400,#582,#2407));
#17879=FACE_OUTER_BOUND('',#17878,.T.);
#17880=FACE_SURFACE('',(#17879),#17877,.T.);
#17881=CARTESIAN_POINT('',(125.944599509,340.90295434,-0.844641763));
#17882=DIRECTION('',(0.939600174,0.292653961,0.177496963));
#17883=DIRECTION('',(-0.297375889,0.954760483,-0.));
#17884=AXIS2_PLACEMENT_3D('',#17881,#17882,#17883);
#17885=PLANE('',#17884);
#17886=POLY_LOOP('',(#118,#147,#166));
#17887=FACE_OUTER_BOUND('',#17886,.T.);
#17888=FACE_SURFACE('',(#17887),#17885,.T.);
#17889=CARTESIAN_POINT('',(27.863249183,397.406846285,8.349206299));
#17890=DIRECTION('',(0.475009515,0.747318684,-0.464629686));
#17891=DIRECTION('',(0.843946237,-0.536427767,-0.));
#17892=AXIS2_PLACEMENT_3D('',#17889,#17890,#17891);
#17893=PLANE('',#17892);
#17894=POLY_LOOP('',(#3887,#573,#5277));
#17895=FACE_OUTER_BOUND('',#17894,.T.);
#17896=FACE_SURFACE('',(#17895),#17893,.T.);
#17897=CARTESIAN_POINT('',(229.814916849,293.070971966,-4.349564668));
#17898=DIRECTION('',(-0.887166651,-0.447987628,0.110645464));
#17899=DIRECTION('',(0.450755292,-0.89264756,0.));
#17900=AXIS2_PLACEMENT_3D('',#17897,#17898,#17899);
#17901=PLANE('',#17900);
#17902=POLY_LOOP('',(#884,#524,#1252));
#17903=FACE_OUTER_BOUND('',#17902,.T.);
#17904=FACE_SURFACE('',(#17903),#17901,.T.);
#17905=CARTESIAN_POINT('',(23.689148948,235.749229789,12.529790401));
#17906=DIRECTION('',(-0.539669693,0.265455,0.798930702));
#17907=DIRECTION('',(0.828660341,0.,0.559751766));
#17908=AXIS2_PLACEMENT_3D('',#17905,#17906,#17907);
#17909=PLANE('',#17908);
#17910=POLY_LOOP('',(#2329,#3513,#3512));
#17911=FACE_OUTER_BOUND('',#17910,.T.);
#17912=FACE_SURFACE('',(#17911),#17909,.T.);
#17913=CARTESIAN_POINT('',(222.86465764,399.71396327,9.844641201));
#17914=DIRECTION('',(0.281526888,0.231334003,0.931250337));
#17915=DIRECTION('',(0.957215388,0.,-0.289376399));
#17916=AXIS2_PLACEMENT_3D('',#17913,#17914,#17915);
#17917=PLANE('',#17916);
#17918=POLY_LOOP('',(#14539,#3122,#471));
#17919=FACE_OUTER_BOUND('',#17918,.T.);
#17920=FACE_SURFACE('',(#17919),#17917,.T.);
#17921=CARTESIAN_POINT('',(40.078401566,315.146952868,-5.240871105));
#17922=DIRECTION('',(0.434968288,0.862149997,-0.259807564));
#17923=DIRECTION('',(0.89280868,-0.450436078,0.));
#17924=AXIS2_PLACEMENT_3D('',#17921,#17922,#17923);
#17925=PLANE('',#17924);
#17926=POLY_LOOP('',(#8319,#2542,#2551));
#17927=FACE_OUTER_BOUND('',#17926,.T.);
#17928=FACE_SURFACE('',(#17927),#17925,.T.);
#17929=CARTESIAN_POINT('',(121.989779174,168.26415062,-0.060301903));
#17930=DIRECTION('',(-0.98486613,-0.031159882,-0.170492719));
#17931=DIRECTION('',(0.170575548,0.,-0.985344601));
#17932=AXIS2_PLACEMENT_3D('',#17929,#17930,#17931);
#17933=PLANE('',#17932);
#17934=POLY_LOOP('',(#431,#771,#6698));
#17935=FACE_OUTER_BOUND('',#17934,.T.);
#17936=FACE_SURFACE('',(#17935),#17933,.T.);
#17937=CARTESIAN_POINT('',(117.09870398,178.896963596,-3.76998866));
#17938=DIRECTION('',(-0.74562728,-0.397626495,-0.534727155));
#17939=DIRECTION('',(0.582778801,0.,-0.812630832));
#17940=AXIS2_PLACEMENT_3D('',#17937,#17938,#17939);
#17941=PLANE('',#17940);
#17942=POLY_LOOP('',(#433,#1411,#771));
#17943=FACE_OUTER_BOUND('',#17942,.T.);
#17944=FACE_SURFACE('',(#17943),#17941,.T.);
#17945=CARTESIAN_POINT('',(145.461916924,143.998906016,7.764129899));
#17946=DIRECTION('',(0.543758219,0.000329621,0.839241854));
#17947=DIRECTION('',(0.8392419,-0.,-0.543758249));
#17948=AXIS2_PLACEMENT_3D('',#17945,#17946,#17947);
#17949=PLANE('',#17948);
#17950=POLY_LOOP('',(#5460,#4143,#4142));
#17951=FACE_OUTER_BOUND('',#17950,.T.);
#17952=FACE_SURFACE('',(#17951),#17949,.T.);
#17953=CARTESIAN_POINT('',(102.821059525,581.000387669,-5.368477665));
#17954=DIRECTION('',(0.998792648,-0.006451724,0.0486993));
#17955=DIRECTION('',(-0.048700314,-0.,0.998813436));
#17956=AXIS2_PLACEMENT_3D('',#17953,#17954,#17955);
#17957=PLANE('',#17956);
#17958=POLY_LOOP('',(#1317,#1316,#10864));
#17959=FACE_OUTER_BOUND('',#17958,.T.);
#17960=FACE_SURFACE('',(#17959),#17957,.T.);
#17961=CARTESIAN_POINT('',(213.719055057,241.870760918,-1.810026355));
#17962=DIRECTION('',(-0.409374287,0.888584249,-0.206955856));
#17963=DIRECTION('',(0.908247552,0.418433249,0.));
#17964=AXIS2_PLACEMENT_3D('',#17961,#17962,#17963);
#17965=PLANE('',#17964);
#17966=POLY_LOOP('',(#701,#1926,#1925));
#17967=FACE_OUTER_BOUND('',#17966,.T.);
#17968=FACE_SURFACE('',(#17967),#17965,.T.);
#17969=CARTESIAN_POINT('',(128.964960575,197.712674737,8.408426307));
#17970=DIRECTION('',(0.294919428,0.416589142,0.859927914));
#17971=DIRECTION('',(0.,0.899956047,-0.435980634));
#17972=AXIS2_PLACEMENT_3D('',#17969,#17970,#17971);
#17973=PLANE('',#17972);
#17974=POLY_LOOP('',(#5295,#11435,#4442));
#17975=FACE_OUTER_BOUND('',#17974,.T.);
#17976=FACE_SURFACE('',(#17975),#17973,.T.);
#17977=CARTESIAN_POINT('',(46.57124728,359.421253204,4.915019963));
#17978=DIRECTION('',(0.209167421,-0.96359235,-0.166549611));
#17979=DIRECTION('',(-0.977241406,-0.212130228,0.));
#17980=AXIS2_PLACEMENT_3D('',#17977,#17978,#17979);
#17981=PLANE('',#17980);
#17982=POLY_LOOP('',(#1385,#247,#388));
#17983=FACE_OUTER_BOUND('',#17982,.T.);
#17984=FACE_SURFACE('',(#17983),#17981,.T.);
#17985=CARTESIAN_POINT('',(216.140404344,266.217321157,8.26688204));
#17986=DIRECTION('',(0.626203331,-0.572193715,-0.529588275));
#17987=DIRECTION('',(0.67455403,0.738225481,0.));
#17988=AXIS2_PLACEMENT_3D('',#17985,#17986,#17987);
#17989=PLANE('',#17988);
#17990=POLY_LOOP('',(#4300,#17164,#9211));
#17991=FACE_OUTER_BOUND('',#17990,.T.);
#17992=FACE_SURFACE('',(#17991),#17989,.T.);
#17993=CARTESIAN_POINT('',(209.480151534,263.320833445,3.521081293));
#17994=DIRECTION('',(0.795404207,-0.594490427,-0.117954567));
#17995=DIRECTION('',(0.598669744,0.800995966,0.));
#17996=AXIS2_PLACEMENT_3D('',#17993,#17994,#17995);
#17997=PLANE('',#17996);
#17998=POLY_LOOP('',(#17164,#11542,#9211));
#17999=FACE_OUTER_BOUND('',#17998,.T.);
#18000=FACE_SURFACE('',(#17999),#17997,.T.);
#18001=CARTESIAN_POINT('',(233.557194471,284.455388784,4.349536728));
#18002=DIRECTION('',(-0.698409174,-0.349873299,-0.624350302));
#18003=DIRECTION('',(0.666473401,0.,-0.74552881));
#18004=AXIS2_PLACEMENT_3D('',#18001,#18002,#18003);
#18005=PLANE('',#18004);
#18006=POLY_LOOP('',(#1708,#7414,#1252));
#18007=FACE_OUTER_BOUND('',#18006,.T.);
#18008=FACE_SURFACE('',(#18007),#18005,.T.);
#18009=CARTESIAN_POINT('',(226.153194904,264.293670654,10.333189741));
#18010=DIRECTION('',(0.000053128,-0.001181673,-0.9999993));
#18011=DIRECTION('',(0.,-0.999999302,0.001181673));
#18012=AXIS2_PLACEMENT_3D('',#18009,#18010,#18011);
#18013=PLANE('',#18012);
#18014=POLY_LOOP('',(#4424,#4828,#7414));
#18015=FACE_OUTER_BOUND('',#18014,.T.);
#18016=FACE_SURFACE('',(#18015),#18013,.T.);
#18017=CARTESIAN_POINT('',(46.321570873,343.345195055,8.410938084));
#18018=DIRECTION('',(-0.187671616,0.295404668,-0.936757944));
#18019=DIRECTION('',(-0.,-0.953703512,-0.300748418));
#18020=AXIS2_PLACEMENT_3D('',#18017,#18018,#18019);
#18021=PLANE('',#18020);
#18022=POLY_LOOP('',(#2863,#138,#349));
#18023=FACE_OUTER_BOUND('',#18022,.T.);
#18024=FACE_SURFACE('',(#18023),#18021,.T.);
#18025=CARTESIAN_POINT('',(212.783291936,282.046020031,-1.341849333));
#18026=DIRECTION('',(0.898543461,0.179659488,0.400427419));
#18027=DIRECTION('',(-0.407050596,0.,0.913405612));
#18028=AXIS2_PLACEMENT_3D('',#18025,#18026,#18027);
#18029=PLANE('',#18028);
#18030=POLY_LOOP('',(#55,#2665,#2797));
#18031=FACE_OUTER_BOUND('',#18030,.T.);
#18032=FACE_SURFACE('',(#18031),#18029,.T.);
#18033=CARTESIAN_POINT('',(214.485287666,276.997178793,2.215296729));
#18034=DIRECTION('',(0.945147164,0.326455211,0.011128048));
#18035=DIRECTION('',(-0.326475425,0.94520569,-0.));
#18036=AXIS2_PLACEMENT_3D('',#18033,#18034,#18035);
#18037=PLANE('',#18036);
#18038=POLY_LOOP('',(#792,#2665,#55));
#18039=FACE_OUTER_BOUND('',#18038,.T.);
#18040=FACE_SURFACE('',(#18039),#18037,.T.);
#18041=CARTESIAN_POINT('',(19.433822483,343.53274107,6.677210331));
#18042=DIRECTION('',(-0.79890898,0.517397766,0.306665931));
#18043=DIRECTION('',(-0.54358942,-0.839351263,0.));
#18044=AXIS2_PLACEMENT_3D('',#18041,#18042,#18043);
#18045=PLANE('',#18044);
#18046=POLY_LOOP('',(#9502,#4933,#9220));
#18047=FACE_OUTER_BOUND('',#18046,.T.);
#18048=FACE_SURFACE('',(#18047),#18045,.T.);
#18049=CARTESIAN_POINT('',(48.865221441,210.440710187,2.111729002));
#18050=DIRECTION('',(-0.302457963,-0.95088925,0.065793728));
#18051=DIRECTION('',(-0.952954068,0.303114739,-0.));
#18052=AXIS2_PLACEMENT_3D('',#18049,#18050,#18051);
#18053=PLANE('',#18052);
#18054=POLY_LOOP('',(#680,#76,#13182));
#18055=FACE_OUTER_BOUND('',#18054,.T.);
#18056=FACE_SURFACE('',(#18055),#18053,.T.);
#18057=CARTESIAN_POINT('',(114.556334913,460.794001818,6.375017576));
#18058=DIRECTION('',(-0.425928141,0.325370257,-0.844227111));
#18059=DIRECTION('',(-0.892807731,0.,0.450437959));
#18060=AXIS2_PLACEMENT_3D('',#18057,#18058,#18059);
#18061=PLANE('',#18060);
#18062=POLY_LOOP('',(#400,#9554,#398));
#18063=FACE_OUTER_BOUND('',#18062,.T.);
#18064=FACE_SURFACE('',(#18063),#18061,.T.);
#18065=CARTESIAN_POINT('',(210.650622845,254.91335988,-10.213918053));
#18066=DIRECTION('',(0.052453853,-0.06766268,0.996328437));
#18067=DIRECTION('',(0.,0.997701925,0.067755957));
#18068=AXIS2_PLACEMENT_3D('',#18065,#18066,#18067);
#18069=PLANE('',#18068);
#18070=POLY_LOOP('',(#17736,#4607,#2943));
#18071=FACE_OUTER_BOUND('',#18070,.T.);
#18072=FACE_SURFACE('',(#18071),#18069,.T.);
#18073=CARTESIAN_POINT('',(214.618220925,262.920051813,-8.418357931));
#18074=DIRECTION('',(0.448667635,-0.401396775,0.798484804));
#18075=DIRECTION('',(0.871799413,0.,-0.489863025));
#18076=AXIS2_PLACEMENT_3D('',#18073,#18074,#18075);
#18077=PLANE('',#18076);
#18078=POLY_LOOP('',(#3178,#17736,#2943));
#18079=FACE_OUTER_BOUND('',#18078,.T.);
#18080=FACE_SURFACE('',(#18079),#18077,.T.);
#18081=CARTESIAN_POINT('',(227.403879166,392.411828041,-10.545647703));
#18082=DIRECTION('',(0.659022789,0.452298078,-0.600928792));
#18083=DIRECTION('',(0.673787576,0.,0.7389251));
#18084=AXIS2_PLACEMENT_3D('',#18081,#18082,#18083);
#18085=PLANE('',#18084);
#18086=POLY_LOOP('',(#689,#17470,#690));
#18087=FACE_OUTER_BOUND('',#18086,.T.);
#18088=FACE_SURFACE('',(#18087),#18085,.T.);
#18089=CARTESIAN_POINT('',(223.989397287,402.133524418,-6.973039359));
#18090=DIRECTION('',(0.660696511,0.727515869,-0.184934531));
#18091=DIRECTION('',(0.740285164,-0.672292998,0.));
#18092=AXIS2_PLACEMENT_3D('',#18089,#18090,#18091);
#18093=PLANE('',#18092);
#18094=POLY_LOOP('',(#17470,#1840,#9677));
#18095=FACE_OUTER_BOUND('',#18094,.T.);
#18096=FACE_SURFACE('',(#18095),#18093,.T.);
#18097=CARTESIAN_POINT('',(22.72936888,332.969963551,-10.397871025));
#18098=DIRECTION('',(0.238712428,0.052127173,0.969690226));
#18099=DIRECTION('',(0.971010359,0.,-0.239037411));
#18100=AXIS2_PLACEMENT_3D('',#18097,#18098,#18099);
#18101=PLANE('',#18100);
#18102=POLY_LOOP('',(#7634,#2215,#4433));
#18103=FACE_OUTER_BOUND('',#18102,.T.);
#18104=FACE_SURFACE('',(#18103),#18101,.T.);
#18105=CARTESIAN_POINT('',(16.453688964,322.227627039,6.648172159));
#18106=DIRECTION('',(0.611919586,0.182133566,-0.769663423));
#18107=DIRECTION('',(-0.782755956,0.,-0.622328782));
#18108=AXIS2_PLACEMENT_3D('',#18105,#18106,#18107);
#18109=PLANE('',#18108);
#18110=POLY_LOOP('',(#5488,#129,#1936));
#18111=FACE_OUTER_BOUND('',#18110,.T.);
#18112=FACE_SURFACE('',(#18111),#18109,.T.);
#18113=CARTESIAN_POINT('',(28.87099795,417.92589426,7.478058804));
#18114=DIRECTION('',(-0.499785472,-0.121732315,-0.857552171));
#18115=DIRECTION('',(-0.863977601,0.,0.503530243));
#18116=AXIS2_PLACEMENT_3D('',#18113,#18114,#18115);
#18117=PLANE('',#18116);
#18118=POLY_LOOP('',(#8012,#7778,#4953));
#18119=FACE_OUTER_BOUND('',#18118,.T.);
#18120=FACE_SURFACE('',(#18119),#18117,.T.);
#18121=CARTESIAN_POINT('',(207.772374153,406.438201666,8.108641021));
#18122=DIRECTION('',(-0.310679223,-0.554405656,-0.772083408));
#18123=DIRECTION('',(0.,-0.812279191,0.583268819));
#18124=AXIS2_PLACEMENT_3D('',#18121,#18122,#18123);
#18125=PLANE('',#18124);
#18126=POLY_LOOP('',(#11681,#1663,#6346));
#18127=FACE_OUTER_BOUND('',#18126,.T.);
#18128=FACE_SURFACE('',(#18127),#18125,.T.);
#18129=CARTESIAN_POINT('',(223.263591528,399.775236845,6.659556646));
#18130=DIRECTION('',(-0.763196917,-0.451074174,-0.462668948));
#18131=DIRECTION('',(0.518404443,-0.,-0.855135565));
#18132=AXIS2_PLACEMENT_3D('',#18129,#18130,#18131);
#18133=PLANE('',#18132);
#18134=POLY_LOOP('',(#1663,#1665,#5304));
#18135=FACE_OUTER_BOUND('',#18134,.T.);
#18136=FACE_SURFACE('',(#18135),#18133,.T.);
#18137=CARTESIAN_POINT('',(131.986737251,174.583733082,12.529339641));
#18138=DIRECTION('',(-0.283658228,-0.131747819,0.949831839));
#18139=DIRECTION('',(0.958184075,0.,0.286152544));
#18140=AXIS2_PLACEMENT_3D('',#18137,#18138,#18139);
#18141=PLANE('',#18140);
#18142=POLY_LOOP('',(#4144,#843,#4163));
#18143=FACE_OUTER_BOUND('',#18142,.T.);
#18144=FACE_SURFACE('',(#18143),#18141,.T.);
#18145=CARTESIAN_POINT('',(41.688859463,313.222378492,0.743197917));
#18146=DIRECTION('',(-0.414195588,-0.867593414,-0.275179364));
#18147=DIRECTION('',(-0.90243376,0.43082863,0.));
#18148=AXIS2_PLACEMENT_3D('',#18145,#18146,#18147);
#18149=PLANE('',#18148);
#18150=POLY_LOOP('',(#8979,#3237,#3724));
#18151=FACE_OUTER_BOUND('',#18150,.T.);
#18152=FACE_SURFACE('',(#18151),#18149,.T.);
#18153=CARTESIAN_POINT('',(120.807424188,477.317750454,9.824033827));
#18154=DIRECTION('',(0.781935901,-0.280999522,0.556431051));
#18155=DIRECTION('',(-0.579792088,-0.,0.814764466));
#18156=AXIS2_PLACEMENT_3D('',#18153,#18154,#18155);
#18157=PLANE('',#18156);
#18158=POLY_LOOP('',(#6605,#6604,#7838));
#18159=FACE_OUTER_BOUND('',#18158,.T.);
#18160=FACE_SURFACE('',(#18159),#18157,.T.);
#18161=CARTESIAN_POINT('',(44.032905251,209.36486125,-9.068235755));
#18162=DIRECTION('',(0.396631421,0.682664,-0.613720929));
#18163=DIRECTION('',(-0.,0.668557376,0.743660564));
#18164=AXIS2_PLACEMENT_3D('',#18161,#18162,#18163);
#18165=PLANE('',#18164);
#18166=POLY_LOOP('',(#13545,#954,#821));
#18167=FACE_OUTER_BOUND('',#18166,.T.);
#18168=FACE_SURFACE('',(#18167),#18165,.T.);
#18169=CARTESIAN_POINT('',(222.628027201,298.087477684,-10.69096569));
#18170=DIRECTION('',(0.589509651,0.572891964,-0.569449882));
#18171=DIRECTION('',(-0.696926773,0.717142296,0.));
#18172=AXIS2_PLACEMENT_3D('',#18169,#18170,#18171);
#18173=PLANE('',#18172);
#18174=POLY_LOOP('',(#3771,#3772,#502));
#18175=FACE_OUTER_BOUND('',#18174,.T.);
#18176=FACE_SURFACE('',(#18175),#18173,.T.);
#18177=CARTESIAN_POINT('',(19.563324749,333.678424358,-11.124143377));
#18178=DIRECTION('',(-0.207971332,0.011145497,-0.97807142));
#18179=DIRECTION('',(-0.978132175,-0.,0.207984251));
#18180=AXIS2_PLACEMENT_3D('',#18177,#18178,#18179);
#18181=PLANE('',#18180);
#18182=POLY_LOOP('',(#1533,#318,#317));
#18183=FACE_OUTER_BOUND('',#18182,.T.);
#18184=FACE_SURFACE('',(#18183),#18181,.T.);
#18185=CARTESIAN_POINT('',(33.314049244,210.784643888,-12.371731922));
#18186=DIRECTION('',(0.450290779,0.260816627,-0.853939636));
#18187=DIRECTION('',(-0.884555554,0.,-0.466434853));
#18188=AXIS2_PLACEMENT_3D('',#18185,#18186,#18187);
#18189=PLANE('',#18188);
#18190=POLY_LOOP('',(#9004,#865,#591));
#18191=FACE_OUTER_BOUND('',#18190,.T.);
#18192=FACE_SURFACE('',(#18191),#18189,.T.);
#18193=CARTESIAN_POINT('',(95.962099731,455.76685667,-10.456576012));
#18194=DIRECTION('',(0.113648486,-0.227280703,0.967175012));
#18195=DIRECTION('',(0.,0.973482181,0.228762852));
#18196=AXIS2_PLACEMENT_3D('',#18193,#18194,#18195);
#18197=PLANE('',#18196);
#18198=POLY_LOOP('',(#8677,#8412,#3933));
#18199=FACE_OUTER_BOUND('',#18198,.T.);
#18200=FACE_SURFACE('',(#18199),#18197,.T.);
#18201=CARTESIAN_POINT('',(29.603891075,458.923459053,-1.135124476));
#18202=DIRECTION('',(-0.281386363,0.897141404,-0.340527555));
#18203=DIRECTION('',(0.,0.354866076,0.934917145));
#18204=AXIS2_PLACEMENT_3D('',#18201,#18202,#18203);
#18205=PLANE('',#18204);
#18206=POLY_LOOP('',(#5507,#5725,#5609));
#18207=FACE_OUTER_BOUND('',#18206,.T.);
#18208=FACE_SURFACE('',(#18207),#18205,.T.);
#18209=CARTESIAN_POINT('',(226.951509714,357.142746449,10.71064081));
#18210=DIRECTION('',(0.186903338,-0.16732018,0.968024328));
#18211=DIRECTION('',(0.981866077,0.,-0.189575862));
#18212=AXIS2_PLACEMENT_3D('',#18209,#18210,#18211);
#18213=PLANE('',#18212);
#18214=POLY_LOOP('',(#186,#185,#810));
#18215=FACE_OUTER_BOUND('',#18214,.T.);
#18216=FACE_SURFACE('',(#18215),#18213,.T.);
#18217=CARTESIAN_POINT('',(34.437157214,318.976670504,-9.45595745));
#18218=DIRECTION('',(0.701156682,0.347691441,-0.622486923));
#18219=DIRECTION('',(0.663908851,0.,0.747813504));
#18220=AXIS2_PLACEMENT_3D('',#18217,#18218,#18219);
#18221=PLANE('',#18220);
#18222=POLY_LOOP('',(#2115,#2106,#8319));
#18223=FACE_OUTER_BOUND('',#18222,.T.);
#18224=FACE_SURFACE('',(#18223),#18221,.T.);
#18225=CARTESIAN_POINT('',(210.960865021,361.146569252,-7.644786965));
#18226=DIRECTION('',(0.300220864,-0.541908562,0.784985696));
#18227=DIRECTION('',(0.,0.822948547,0.568115911));
#18228=AXIS2_PLACEMENT_3D('',#18225,#18226,#18227);
#18229=PLANE('',#18228);
#18230=POLY_LOOP('',(#14852,#5132,#1947));
#18231=FACE_OUTER_BOUND('',#18230,.T.);
#18232=FACE_SURFACE('',(#18231),#18229,.T.);
#18233=CARTESIAN_POINT('',(106.785655022,477.60489583,-9.082159959));
#18234=DIRECTION('',(0.627617739,-0.106939954,0.771141894));
#18235=DIRECTION('',(0.775589527,-0.,-0.631237583));
#18236=AXIS2_PLACEMENT_3D('',#18233,#18234,#18235);
#18237=PLANE('',#18236);
#18238=POLY_LOOP('',(#3255,#12963,#3256));
#18239=FACE_OUTER_BOUND('',#18238,.T.);
#18240=FACE_SURFACE('',(#18239),#18237,.T.);
#18241=CARTESIAN_POINT('',(215.774059296,272.522717714,5.708587822));
#18242=DIRECTION('',(0.882030046,-0.380537615,-0.27787429));
#18243=DIRECTION('',(0.396138563,0.918190742,-0.));
#18244=AXIS2_PLACEMENT_3D('',#18241,#18242,#18243);
#18245=PLANE('',#18244);
#18246=POLY_LOOP('',(#4301,#9211,#10341));
#18247=FACE_OUTER_BOUND('',#18246,.T.);
#18248=FACE_SURFACE('',(#18247),#18245,.T.);
#18249=CARTESIAN_POINT('',(98.446205258,457.556694746,10.456576943));
#18250=DIRECTION('',(0.237671312,-0.217887416,-0.946592532));
#18251=DIRECTION('',(-0.969895324,0.,-0.243522198));
#18252=AXIS2_PLACEMENT_3D('',#18249,#18250,#18251);
#18253=PLANE('',#18252);
#18254=POLY_LOOP('',(#5028,#5877,#266));
#18255=FACE_OUTER_BOUND('',#18254,.T.);
#18256=FACE_SURFACE('',(#18255),#18253,.T.);
#18257=CARTESIAN_POINT('',(12.116060592,437.209784985,-7.752683479));
#18258=DIRECTION('',(-0.474747766,0.261539346,-0.840364045));
#18259=DIRECTION('',(-0.870669603,0.,0.491868318));
#18260=AXIS2_PLACEMENT_3D('',#18257,#18258,#18259);
#18261=PLANE('',#18260);
#18262=POLY_LOOP('',(#5771,#6145,#8062));
#18263=FACE_OUTER_BOUND('',#18262,.T.);
#18264=FACE_SURFACE('',(#18263),#18261,.T.);
#18265=CARTESIAN_POINT('',(230.215519667,294.024944305,2.725007012));
#18266=DIRECTION('',(-0.658009726,-0.387424043,-0.645697926));
#18267=DIRECTION('',(0.700397859,0.,-0.713752646));
#18268=AXIS2_PLACEMENT_3D('',#18265,#18266,#18267);
#18269=PLANE('',#18268);
#18270=POLY_LOOP('',(#1252,#7414,#1253));
#18271=FACE_OUTER_BOUND('',#18270,.T.);
#18272=FACE_SURFACE('',(#18271),#18269,.T.);
#18273=CARTESIAN_POINT('',(36.454435438,453.57722044,9.847215377));
#18274=DIRECTION('',(0.336328043,-0.504693557,-0.795089845));
#18275=DIRECTION('',(0.,-0.84427306,0.535913239));
#18276=AXIS2_PLACEMENT_3D('',#18273,#18274,#18275);
#18277=PLANE('',#18276);
#18278=POLY_LOOP('',(#9990,#11575,#2022));
#18279=FACE_OUTER_BOUND('',#18278,.T.);
#18280=FACE_SURFACE('',(#18279),#18277,.T.);
#18281=CARTESIAN_POINT('',(26.219815016,354.495644569,-2.842536895));
#18282=DIRECTION('',(-0.411782091,0.793475339,-0.448143276));
#18283=DIRECTION('',(0.,0.491772149,0.870723925));
#18284=AXIS2_PLACEMENT_3D('',#18281,#18282,#18283);
#18285=PLANE('',#18284);
#18286=POLY_LOOP('',(#17543,#2990,#914));
#18287=FACE_OUTER_BOUND('',#18286,.T.);
#18288=FACE_SURFACE('',(#18287),#18285,.T.);
#18289=CARTESIAN_POINT('',(15.064517967,324.735045433,8.043613285));
#18290=DIRECTION('',(-0.91900459,0.090067969,0.383820694));
#18291=DIRECTION('',(-0.385387053,-0.,-0.922755016));
#18292=AXIS2_PLACEMENT_3D('',#18289,#18290,#18291);
#18293=PLANE('',#18292);
#18294=POLY_LOOP('',(#1633,#9220,#4192));
#18295=FACE_OUTER_BOUND('',#18294,.T.);
#18296=FACE_SURFACE('',(#18295),#18293,.T.);
#18297=CARTESIAN_POINT('',(103.345178068,212.075978518,3.928195219));
#18298=DIRECTION('',(0.006473674,0.826888436,0.562328735));
#18299=DIRECTION('',(-0.,-0.562340518,0.826905763));
#18300=AXIS2_PLACEMENT_3D('',#18297,#18298,#18299);
#18301=PLANE('',#18300);
#18302=POLY_LOOP('',(#832,#4244,#4942));
#18303=FACE_OUTER_BOUND('',#18302,.T.);
#18304=FACE_SURFACE('',(#18303),#18301,.T.);
#18305=CARTESIAN_POINT('',(32.30240941,417.326509953,-2.488386817));
#18306=DIRECTION('',(-0.87378588,-0.271465472,0.403490685));
#18307=DIRECTION('',(-0.419233673,0.,-0.907878366));
#18308=AXIS2_PLACEMENT_3D('',#18305,#18306,#18307);
#18309=PLANE('',#18308);
#18310=POLY_LOOP('',(#7072,#4182,#6850));
#18311=FACE_OUTER_BOUND('',#18310,.T.);
#18312=FACE_SURFACE('',(#18311),#18309,.T.);
#18313=CARTESIAN_POINT('',(30.468290672,426.726132631,6.907721981));
#18314=DIRECTION('',(0.524449666,-0.294104344,0.799033906));
#18315=DIRECTION('',(0.836007756,-0.,-0.548717626));
#18316=AXIS2_PLACEMENT_3D('',#18313,#18314,#18315);
#18317=PLANE('',#18316);
#18318=POLY_LOOP('',(#4125,#5664,#4013));
#18319=FACE_OUTER_BOUND('',#18318,.T.);
#18320=FACE_SURFACE('',(#18319),#18317,.T.);
#18321=CARTESIAN_POINT('',(39.718758315,459.485918283,-8.011455648));
#18322=DIRECTION('',(0.007931276,0.698495962,-0.715570043));
#18323=DIRECTION('',(-0.,-0.71559255,-0.698517933));
#18324=AXIS2_PLACEMENT_3D('',#18321,#18322,#18323);
#18325=PLANE('',#18324);
#18326=POLY_LOOP('',(#5609,#2300,#2302));
#18327=FACE_OUTER_BOUND('',#18326,.T.);
#18328=FACE_SURFACE('',(#18327),#18325,.T.);
#18329=CARTESIAN_POINT('',(220.240920782,266.146183014,-9.955976158));
#18330=DIRECTION('',(0.183348905,-0.126193113,0.9749146));
#18331=DIRECTION('',(0.982771173,0.,-0.184826464));
#18332=AXIS2_PLACEMENT_3D('',#18329,#18330,#18331);
#18333=PLANE('',#18332);
#18334=POLY_LOOP('',(#2943,#4607,#3523));
#18335=FACE_OUTER_BOUND('',#18334,.T.);
#18336=FACE_SURFACE('',(#18335),#18333,.T.);
#18337=CARTESIAN_POINT('',(227.403879166,392.411828041,-10.545647703));
#18338=DIRECTION('',(0.382014966,0.434007967,-0.815905418));
#18339=DIRECTION('',(0.,-0.882865335,-0.469626235));
#18340=AXIS2_PLACEMENT_3D('',#18337,#18338,#18339);
#18341=PLANE('',#18340);
#18342=POLY_LOOP('',(#689,#2715,#17470));
#18343=FACE_OUTER_BOUND('',#18342,.T.);
#18344=FACE_SURFACE('',(#18343),#18341,.T.);
#18345=CARTESIAN_POINT('',(20.939698443,306.417614222,-5.77722583));
#18346=DIRECTION('',(0.512814632,0.535703858,0.670852093));
#18347=DIRECTION('',(-0.,0.781424102,-0.624000299));
#18348=AXIS2_PLACEMENT_3D('',#18345,#18346,#18347);
#18349=PLANE('',#18348);
#18350=POLY_LOOP('',(#1613,#1623,#4433));
#18351=FACE_OUTER_BOUND('',#18350,.T.);
#18352=FACE_SURFACE('',(#18351),#18349,.T.);
#18353=CARTESIAN_POINT('',(36.245737225,311.494976282,-8.811120875));
#18354=DIRECTION('',(-0.281034858,-0.216910853,0.93486314));
#18355=DIRECTION('',(0.957663758,-0.,0.287889089));
#18356=AXIS2_PLACEMENT_3D('',#18353,#18354,#18355);
#18357=PLANE('',#18356);
#18358=POLY_LOOP('',(#7712,#6452,#5413));
#18359=FACE_OUTER_BOUND('',#18358,.T.);
#18360=FACE_SURFACE('',(#18359),#18357,.T.);
#18361=CARTESIAN_POINT('',(154.381021857,289.628654718,0.445051934));
#18362=DIRECTION('',(-0.000424318,0.99747255,0.071051616));
#18363=DIRECTION('',(0.,-0.071051622,0.99747264));
#18364=AXIS2_PLACEMENT_3D('',#18361,#18362,#18363);
#18365=PLANE('',#18364);
#18366=POLY_LOOP('',(#7865,#3169,#8113));
#18367=FACE_OUTER_BOUND('',#18366,.T.);
#18368=FACE_SURFACE('',(#18367),#18365,.T.);
#18369=CARTESIAN_POINT('',(40.546890348,311.561197042,6.264466792));
#18370=DIRECTION('',(-0.354383513,-0.872700448,-0.335866422));
#18371=DIRECTION('',(-0.926522484,0.3762394,0.));
#18372=AXIS2_PLACEMENT_3D('',#18369,#18370,#18371);
#18373=PLANE('',#18372);
#18374=POLY_LOOP('',(#8087,#8979,#3724));
#18375=FACE_OUTER_BOUND('',#18374,.T.);
#18376=FACE_SURFACE('',(#18375),#18373,.T.);
#18377=CARTESIAN_POINT('',(102.033503354,189.729377627,-7.551597897));
#18378=DIRECTION('',(0.000172314,-0.919050568,-0.3941396));
#18379=DIRECTION('',(0.,0.394139606,-0.919050581));
#18380=AXIS2_PLACEMENT_3D('',#18377,#18378,#18379);
#18381=PLANE('',#18380);
#18382=POLY_LOOP('',(#7651,#7574,#67));
#18383=FACE_OUTER_BOUND('',#18382,.T.);
#18384=FACE_SURFACE('',(#18383),#18381,.T.);
#18385=CARTESIAN_POINT('',(37.385668606,317.162722349,-2.16487213));
#18386=DIRECTION('',(-0.747898765,-0.584373862,0.314888278));
#18387=DIRECTION('',(0.615695042,-0.787984527,0.));
#18388=AXIS2_PLACEMENT_3D('',#18385,#18386,#18387);
#18389=PLANE('',#18388);
#18390=POLY_LOOP('',(#5423,#7713,#8979));
#18391=FACE_OUTER_BOUND('',#18390,.T.);
#18392=FACE_SURFACE('',(#18391),#18389,.T.);
#18393=CARTESIAN_POINT('',(143.099859357,179.770573974,-6.144338287));
#18394=DIRECTION('',(0.855726695,0.460529504,-0.235890651));
#18395=DIRECTION('',(-0.473903241,0.880576923,-0.));
#18396=AXIS2_PLACEMENT_3D('',#18393,#18394,#18395);
#18397=PLANE('',#18396);
#18398=POLY_LOOP('',(#9528,#668,#670));
#18399=FACE_OUTER_BOUND('',#18398,.T.);
#18400=FACE_SURFACE('',(#18399),#18397,.T.);
#18401=CARTESIAN_POINT('',(32.871898264,309.157460928,-10.367711075));
#18402=DIRECTION('',(0.021213115,0.056694719,0.998166175));
#18403=DIRECTION('',(0.,0.998390836,-0.05670748));
#18404=AXIS2_PLACEMENT_3D('',#18401,#18402,#18403);
#18405=PLANE('',#18404);
#18406=POLY_LOOP('',(#6452,#4433,#5946));
#18407=FACE_OUTER_BOUND('',#18406,.T.);
#18408=FACE_SURFACE('',(#18407),#18405,.T.);
#18409=CARTESIAN_POINT('',(46.133298427,240.941748023,9.290238842));
#18410=DIRECTION('',(0.001385579,-0.448910965,0.893575417));
#18411=DIRECTION('',(0.,0.893576275,0.448911395));
#18412=AXIS2_PLACEMENT_3D('',#18409,#18410,#18411);
#18413=PLANE('',#18412);
#18414=POLY_LOOP('',(#1582,#422,#11168));
#18415=FACE_OUTER_BOUND('',#18414,.T.);
#18416=FACE_SURFACE('',(#18415),#18413,.T.);
#18417=CARTESIAN_POINT('',(147.658780217,143.999993801,0.000001409));
#18418=DIRECTION('',(0.001137092,-0.999999337,0.000181637));
#18419=DIRECTION('',(-0.999999354,-0.001137092,0.));
#18420=AXIS2_PLACEMENT_3D('',#18417,#18418,#18419);
#18421=PLANE('',#18420);
#18422=POLY_LOOP('',(#603,#5460,#236));
#18423=FACE_OUTER_BOUND('',#18422,.T.);
#18424=FACE_SURFACE('',(#18423),#18421,.T.);
#18425=CARTESIAN_POINT('',(222.644776106,347.984761,7.967440411));
#18426=DIRECTION('',(0.374053462,-0.42310811,0.825265736));
#18427=DIRECTION('',(0.,0.889863468,0.456226926));
#18428=AXIS2_PLACEMENT_3D('',#18425,#18426,#18427);
#18429=PLANE('',#18428);
#18430=POLY_LOOP('',(#2291,#186,#2134));
#18431=FACE_OUTER_BOUND('',#18430,.T.);
#18432=FACE_SURFACE('',(#18431),#18429,.T.);
#18433=CARTESIAN_POINT('',(215.658679605,359.353095293,-10.085969232));
#18434=DIRECTION('',(0.346392793,-0.301700543,0.888250424));
#18435=DIRECTION('',(0.931663386,0.,-0.363322633));
#18436=AXIS2_PLACEMENT_3D('',#18433,#18434,#18435);
#18437=PLANE('',#18436);
#18438=POLY_LOOP('',(#5369,#5368,#14852));
#18439=FACE_OUTER_BOUND('',#18438,.T.);
#18440=FACE_SURFACE('',(#18439),#18437,.T.);
#18441=CARTESIAN_POINT('',(210.762172937,281.85120225,2.749768319));
#18442=DIRECTION('',(-0.635202082,-0.764151893,-0.112206058));
#18443=DIRECTION('',(-0.76900821,0.639238901,0.));
#18444=AXIS2_PLACEMENT_3D('',#18441,#18442,#18443);
#18445=PLANE('',#18444);
#18446=POLY_LOOP('',(#10643,#4753,#3851));
#18447=FACE_OUTER_BOUND('',#18446,.T.);
#18448=FACE_SURFACE('',(#18447),#18445,.T.);
#18449=CARTESIAN_POINT('',(101.928450167,480.049014091,-0.43573213));
#18450=DIRECTION('',(0.901532536,-0.369318428,0.225483893));
#18451=DIRECTION('',(0.379080939,0.925363519,-0.));
#18452=AXIS2_PLACEMENT_3D('',#18449,#18450,#18451);
#18453=PLANE('',#18452);
#18454=POLY_LOOP('',(#10864,#3256,#12963));
#18455=FACE_OUTER_BOUND('',#18454,.T.);
#18456=FACE_SURFACE('',(#18455),#18453,.T.);
#18457=CARTESIAN_POINT('',(15.507540666,428.716540337,-12.014036067));
#18458=DIRECTION('',(-0.469830151,0.238787299,-0.849847195));
#18459=DIRECTION('',(-0.875164032,0.,0.48382633));
#18460=AXIS2_PLACEMENT_3D('',#18457,#18458,#18459);
#18461=PLANE('',#18460);
#18462=POLY_LOOP('',(#7796,#5771,#8062));
#18463=FACE_OUTER_BOUND('',#18462,.T.);
#18464=FACE_SURFACE('',(#18463),#18461,.T.);
#18465=CARTESIAN_POINT('',(40.083494037,459.365040064,4.217827693));
#18466=DIRECTION('',(0.275012154,-0.753390343,-0.597303362));
#18467=DIRECTION('',(-0.,0.621258629,-0.783605587));
#18468=AXIS2_PLACEMENT_3D('',#18465,#18466,#18467);
#18469=PLANE('',#18468);
#18470=POLY_LOOP('',(#4889,#9990,#2022));
#18471=FACE_OUTER_BOUND('',#18470,.T.);
#18472=FACE_SURFACE('',(#18471),#18469,.T.);
#18473=CARTESIAN_POINT('',(32.875102013,221.744552255,7.441701833));
#18474=DIRECTION('',(-0.792174526,-0.308404348,-0.526636761));
#18475=DIRECTION('',(0.553622911,0.,-0.832767478));
#18476=AXIS2_PLACEMENT_3D('',#18473,#18474,#18475);
#18477=PLANE('',#18476);
#18478=POLY_LOOP('',(#4686,#3579,#5517));
#18479=FACE_OUTER_BOUND('',#18478,.T.);
#18480=FACE_SURFACE('',(#18479),#18477,.T.);
#18481=CARTESIAN_POINT('',(14.529263601,337.714672089,3.716202453));
#18482=DIRECTION('',(-0.946705901,0.29647075,-0.125908818));
#18483=DIRECTION('',(-0.298849045,-0.954300397,0.));
#18484=AXIS2_PLACEMENT_3D('',#18481,#18482,#18483);
#18485=PLANE('',#18484);
#18486=POLY_LOOP('',(#9220,#1542,#1543));
#18487=FACE_OUTER_BOUND('',#18486,.T.);
#18488=FACE_SURFACE('',(#18487),#18485,.T.);
#18489=CARTESIAN_POINT('',(82.140006125,459.878116846,-7.15842424));
#18490=DIRECTION('',(-0.133848891,0.899226527,-0.416504656));
#18491=DIRECTION('',(0.,0.420286497,0.907391459));
#18492=AXIS2_PLACEMENT_3D('',#18489,#18490,#18491);
#18493=PLANE('',#18492);
#18494=POLY_LOOP('',(#2300,#5608,#5268));
#18495=FACE_OUTER_BOUND('',#18494,.T.);
#18496=FACE_SURFACE('',(#18495),#18493,.T.);
#18497=CARTESIAN_POINT('',(15.967419371,322.347790003,-9.631270543));
#18498=DIRECTION('',(-0.33014788,-0.019564926,-0.943726439));
#18499=DIRECTION('',(-0.943907113,0.,0.330211086));
#18500=AXIS2_PLACEMENT_3D('',#18497,#18498,#18499);
#18501=PLANE('',#18500);
#18502=POLY_LOOP('',(#3312,#1533,#317));
#18503=FACE_OUTER_BOUND('',#18502,.T.);
#18504=FACE_SURFACE('',(#18503),#18501,.T.);
#18505=CARTESIAN_POINT('',(220.240920782,266.146183014,-9.955976158));
#18506=DIRECTION('',(0.182654312,-0.010930616,0.983116435));
#18507=DIRECTION('',(0.98317517,0.,-0.182665225));
#18508=AXIS2_PLACEMENT_3D('',#18505,#18506,#18507);
#18509=PLANE('',#18508);
#18510=POLY_LOOP('',(#2943,#3523,#2796));
#18511=FACE_OUTER_BOUND('',#18510,.T.);
#18512=FACE_SURFACE('',(#18511),#18509,.T.);
#18513=CARTESIAN_POINT('',(35.614207387,360.064804554,2.237796318));
#18514=DIRECTION('',(-0.411175544,0.886649625,-0.211629664));
#18515=DIRECTION('',(0.907197717,0.420704532,0.));
#18516=AXIS2_PLACEMENT_3D('',#18513,#18514,#18515);
#18517=PLANE('',#18516);
#18518=POLY_LOOP('',(#4098,#2990,#17543));
#18519=FACE_OUTER_BOUND('',#18518,.T.);
#18520=FACE_SURFACE('',(#18519),#18517,.T.);
#18521=CARTESIAN_POINT('',(237.704113126,371.208935976,1.246670727));
#18522=DIRECTION('',(0.925463638,-0.002113296,0.378830554));
#18523=DIRECTION('',(-0.3788314,0.,0.925465705));
#18524=AXIS2_PLACEMENT_3D('',#18521,#18522,#18523);
#18525=PLANE('',#18524);
#18526=POLY_LOOP('',(#7933,#7934,#8190));
#18527=FACE_OUTER_BOUND('',#18526,.T.);
#18528=FACE_SURFACE('',(#18527),#18525,.T.);
#18529=CARTESIAN_POINT('',(79.13454622,438.84986639,-3.730743192));
#18530=DIRECTION('',(0.135640403,0.897141163,0.420403871));
#18531=DIRECTION('',(0.,-0.424325429,0.905509763));
#18532=AXIS2_PLACEMENT_3D('',#18529,#18530,#18531);
#18533=PLANE('',#18532);
#18534=POLY_LOOP('',(#6479,#5816,#3815));
#18535=FACE_OUTER_BOUND('',#18534,.T.);
#18536=FACE_SURFACE('',(#18535),#18533,.T.);
#18537=CARTESIAN_POINT('',(215.774059296,272.522717714,5.708587822));
#18538=DIRECTION('',(0.96309208,0.075741477,-0.258296098));
#18539=DIRECTION('',(0.259040194,0.,0.965866542));
#18540=AXIS2_PLACEMENT_3D('',#18537,#18538,#18539);
#18541=PLANE('',#18540);
#18542=POLY_LOOP('',(#4301,#10341,#792));
#18543=FACE_OUTER_BOUND('',#18542,.T.);
#18544=FACE_SURFACE('',(#18543),#18541,.T.);
#18545=CARTESIAN_POINT('',(27.281399816,305.700808764,-10.052567348));
#18546=DIRECTION('',(0.39975961,0.533874619,0.745097407));
#18547=DIRECTION('',(0.,0.812874903,-0.582438316));
#18548=AXIS2_PLACEMENT_3D('',#18545,#18546,#18547);
#18549=PLANE('',#18548);
#18550=POLY_LOOP('',(#4433,#1623,#10973));
#18551=FACE_OUTER_BOUND('',#18550,.T.);
#18552=FACE_SURFACE('',(#18551),#18549,.T.);
#18553=CARTESIAN_POINT('',(36.764461547,233.201429248,4.519285168));
#18554=DIRECTION('',(-0.955254093,0.242373181,-0.169543089));
#18555=DIRECTION('',(-0.245933617,-0.969286674,0.));
#18556=AXIS2_PLACEMENT_3D('',#18553,#18554,#18555);
#18557=PLANE('',#18556);
#18558=POLY_LOOP('',(#1150,#1111,#3579));
#18559=FACE_OUTER_BOUND('',#18558,.T.);
#18560=FACE_SURFACE('',(#18559),#18557,.T.);
#18561=CARTESIAN_POINT('',(160.211026669,289.805084467,0.776122266));
#18562=DIRECTION('',(-0.007327804,0.930300741,-0.366724466));
#18563=DIRECTION('',(0.,0.366734313,0.930325719));
#18564=AXIS2_PLACEMENT_3D('',#18561,#18562,#18563);
#18565=PLANE('',#18564);
#18566=POLY_LOOP('',(#3167,#7865,#3742));
#18567=FACE_OUTER_BOUND('',#18566,.T.);
#18568=FACE_SURFACE('',(#18567),#18565,.T.);
#18569=CARTESIAN_POINT('',(34.254793078,434.545606375,7.300585508));
#18570=DIRECTION('',(0.395067448,-0.55875863,0.729184822));
#18571=DIRECTION('',(-0.,0.793755121,0.60823746));
#18572=AXIS2_PLACEMENT_3D('',#18569,#18570,#18571);
#18573=PLANE('',#18572);
#18574=POLY_LOOP('',(#5664,#5619,#9476));
#18575=FACE_OUTER_BOUND('',#18574,.T.);
#18576=FACE_SURFACE('',(#18575),#18573,.T.);
#18577=CARTESIAN_POINT('',(40.427073836,438.74835968,7.176964544));
#18578=DIRECTION('',(0.520244057,-0.752146823,0.404501271));
#18579=DIRECTION('',(-0.822434154,-0.568860318,-0.));
#18580=AXIS2_PLACEMENT_3D('',#18577,#18578,#18579);
#18581=PLANE('',#18580);
#18582=POLY_LOOP('',(#5619,#5664,#5620));
#18583=FACE_OUTER_BOUND('',#18582,.T.);
#18584=FACE_SURFACE('',(#18583),#18581,.T.);
#18585=CARTESIAN_POINT('',(40.240477771,458.412259817,8.918480016));
#18586=DIRECTION('',(-0.011430157,0.513767972,0.857853031));
#18587=DIRECTION('',(0.,0.857909075,-0.513801536));
#18588=AXIS2_PLACEMENT_3D('',#18585,#18586,#18587);
#18589=PLANE('',#18588);
#18590=POLY_LOOP('',(#722,#721,#2591));
#18591=FACE_OUTER_BOUND('',#18590,.T.);
#18592=FACE_SURFACE('',(#18591),#18589,.T.);
#18593=CARTESIAN_POINT('',(94.369493425,463.44730258,9.901603684));
#18594=DIRECTION('',(-0.399235532,0.717707079,0.57053268));
#18595=DIRECTION('',(-0.,-0.622275917,0.782797983));
#18596=AXIS2_PLACEMENT_3D('',#18593,#18594,#18595);
#18597=PLANE('',#18596);
#18598=POLY_LOOP('',(#1083,#7978,#2591));
#18599=FACE_OUTER_BOUND('',#18598,.T.);
#18600=FACE_SURFACE('',(#18599),#18597,.T.);
#18601=CARTESIAN_POINT('',(27.281399816,305.700808764,-10.052567348));
#18602=DIRECTION('',(0.019744938,0.040410061,0.99898807));
#18603=DIRECTION('',(0.,0.999182861,-0.040417941));
#18604=AXIS2_PLACEMENT_3D('',#18601,#18602,#18603);
#18605=PLANE('',#18604);
#18606=POLY_LOOP('',(#4433,#10973,#5946));
#18607=FACE_OUTER_BOUND('',#18606,.T.);
#18608=FACE_SURFACE('',(#18607),#18605,.T.);
#18609=CARTESIAN_POINT('',(108.790852129,476.319760084,10.051740333));
#18610=DIRECTION('',(0.029014706,-0.037548633,-0.998873489));
#18611=DIRECTION('',(-0.,-0.999294207,0.037564448));
#18612=AXIS2_PLACEMENT_3D('',#18609,#18610,#18611);
#18613=PLANE('',#18612);
#18614=POLY_LOOP('',(#924,#398,#5028));
#18615=FACE_OUTER_BOUND('',#18614,.T.);
#18616=FACE_SURFACE('',(#18615),#18613,.T.);
#18617=CARTESIAN_POINT('',(105.623006821,480.363249779,7.996987551));
#18618=DIRECTION('',(0.543544762,-0.000705438,-0.839379886));
#18619=DIRECTION('',(-0.839380095,-0.,-0.543544898));
#18620=AXIS2_PLACEMENT_3D('',#18617,#18618,#18619);
#18621=PLANE('',#18620);
#18622=POLY_LOOP('',(#10064,#925,#924));
#18623=FACE_OUTER_BOUND('',#18622,.T.);
#18624=FACE_SURFACE('',(#18623),#18621,.T.);
#18625=CARTESIAN_POINT('',(29.441870749,455.023407936,-5.2922084));
#18626=DIRECTION('',(0.321955292,-0.64885172,0.689446326));
#18627=DIRECTION('',(0.,0.728220519,0.685342889));
#18628=AXIS2_PLACEMENT_3D('',#18625,#18626,#18627);
#18629=PLANE('',#18628);
#18630=POLY_LOOP('',(#5478,#5168,#3931));
#18631=FACE_OUTER_BOUND('',#18630,.T.);
#18632=FACE_SURFACE('',(#18631),#18629,.T.);
#18633=CARTESIAN_POINT('',(47.371882945,237.486049533,2.662251005));
#18634=DIRECTION('',(-0.001648705,-0.88684057,0.462072598));
#18635=DIRECTION('',(0.,-0.462073226,-0.886841775));
#18636=AXIS2_PLACEMENT_3D('',#18633,#18634,#18635);
#18637=PLANE('',#18636);
#18638=POLY_LOOP('',(#6443,#1581,#1582));
#18639=FACE_OUTER_BOUND('',#18638,.T.);
#18640=FACE_SURFACE('',(#18639),#18637,.T.);
#18641=CARTESIAN_POINT('',(23.960707709,445.279479027,9.829388));
#18642=DIRECTION('',(0.091851686,-0.136179795,-0.986416916));
#18643=DIRECTION('',(-0.,-0.990604499,0.136757912));
#18644=AXIS2_PLACEMENT_3D('',#18641,#18642,#18643);
#18645=PLANE('',#18644);
#18646=POLY_LOOP('',(#11575,#9990,#9366));
#18647=FACE_OUTER_BOUND('',#18646,.T.);
#18648=FACE_SURFACE('',(#18647),#18645,.T.);
#18649=CARTESIAN_POINT('',(110.879994929,204.153746367,11.490460485));
#18650=DIRECTION('',(0.233934985,0.335678702,0.912466017));
#18651=DIRECTION('',(0.,0.938507495,-0.345258861));
#18652=AXIS2_PLACEMENT_3D('',#18649,#18650,#18651);
#18653=PLANE('',#18652);
#18654=POLY_LOOP('',(#11435,#11370,#4442));
#18655=FACE_OUTER_BOUND('',#18654,.T.);
#18656=FACE_SURFACE('',(#18655),#18653,.T.);
#18657=CARTESIAN_POINT('',(106.776542962,477.078735828,-11.59942802));
#18658=DIRECTION('',(-0.665384229,-0.001406912,-0.746499731));
#18659=DIRECTION('',(-0.74650047,-0.,0.665384888));
#18660=AXIS2_PLACEMENT_3D('',#18657,#18658,#18659);
#18661=PLANE('',#18660);
#18662=POLY_LOOP('',(#8148,#3246,#5017));
#18663=FACE_OUTER_BOUND('',#18662,.T.);
#18664=FACE_SURFACE('',(#18663),#18661,.T.);
#18665=CARTESIAN_POINT('',(216.515406966,407.824099064,5.24399057));
#18666=DIRECTION('',(0.409633975,0.67117549,0.617837736));
#18667=DIRECTION('',(-0.,-0.677268026,0.73573638));
#18668=AXIS2_PLACEMENT_3D('',#18665,#18666,#18667);
#18669=PLANE('',#18668);
#18670=POLY_LOOP('',(#2880,#2898,#14539));
#18671=FACE_OUTER_BOUND('',#18670,.T.);
#18672=FACE_SURFACE('',(#18671),#18669,.T.);
#18673=CARTESIAN_POINT('',(222.385331988,278.503239155,-10.216998868));
#18674=DIRECTION('',(0.485916074,0.031118305,0.873451327));
#18675=DIRECTION('',(0.873874537,-0.,-0.486151513));
#18676=AXIS2_PLACEMENT_3D('',#18673,#18674,#18675);
#18677=PLANE('',#18676);
#18678=POLY_LOOP('',(#2796,#3523,#3525));
#18679=FACE_OUTER_BOUND('',#18678,.T.);
#18680=FACE_SURFACE('',(#18679),#18677,.T.);
#18681=CARTESIAN_POINT('',(16.883857548,342.174261808,-3.487185575));
#18682=DIRECTION('',(-0.723052229,0.568398892,-0.392578877));
#18683=DIRECTION('',(-0.618014089,-0.786167022,0.));
#18684=AXIS2_PLACEMENT_3D('',#18681,#18682,#18683);
#18685=PLANE('',#18684);
#18686=POLY_LOOP('',(#1542,#17543,#1226));
#18687=FACE_OUTER_BOUND('',#18686,.T.);
#18688=FACE_SURFACE('',(#18687),#18685,.T.);
#18689=CARTESIAN_POINT('',(220.649451017,386.235773563,10.526319966));
#18690=DIRECTION('',(0.60252261,0.047824242,-0.796667651));
#18691=DIRECTION('',(-0.797580269,0.,-0.603212827));
#18692=AXIS2_PLACEMENT_3D('',#18689,#18690,#18691);
#18693=PLANE('',#18692);
#18694=POLY_LOOP('',(#6347,#2815,#7364));
#18695=FACE_OUTER_BOUND('',#18694,.T.);
#18696=FACE_SURFACE('',(#18695),#18693,.T.);
#18697=CARTESIAN_POINT('',(33.718865365,227.210536599,6.264450029));
#18698=DIRECTION('',(-0.84636515,0.302589921,-0.438298268));
#18699=DIRECTION('',(0.459855927,0.,-0.88799354));
#18700=AXIS2_PLACEMENT_3D('',#18697,#18698,#18699);
#18701=PLANE('',#18700);
#18702=POLY_LOOP('',(#1781,#1150,#3579));
#18703=FACE_OUTER_BOUND('',#18702,.T.);
#18704=FACE_SURFACE('',(#18703),#18701,.T.);
#18705=CARTESIAN_POINT('',(228.579640388,288.030982018,-9.052732959));
#18706=DIRECTION('',(-0.378722495,-0.361319611,0.852066553));
#18707=DIRECTION('',(0.913801101,0.,0.406161973));
#18708=AXIS2_PLACEMENT_3D('',#18705,#18706,#18707);
#18709=PLANE('',#18708);
#18710=POLY_LOOP('',(#522,#5833,#2085));
#18711=FACE_OUTER_BOUND('',#18710,.T.);
#18712=FACE_SURFACE('',(#18711),#18709,.T.);
#18713=CARTESIAN_POINT('',(236.422628164,280.220717192,5.025555845));
#18714=DIRECTION('',(0.734338347,0.108625798,0.670035542));
#18715=DIRECTION('',(-0.674023937,0.,0.738709505));
#18716=AXIS2_PLACEMENT_3D('',#18713,#18714,#18715);
#18717=PLANE('',#18716);
#18718=POLY_LOOP('',(#4792,#5759,#4793));
#18719=FACE_OUTER_BOUND('',#18718,.T.);
#18720=FACE_SURFACE('',(#18719),#18717,.T.);
#18721=CARTESIAN_POINT('',(16.91778563,443.814903498,-6.143359002));
#18722=DIRECTION('',(0.855613453,-0.342762907,0.387864935));
#18723=DIRECTION('',(-0.412876171,0.,0.910787169));
#18724=AXIS2_PLACEMENT_3D('',#18721,#18722,#18723);
#18725=PLANE('',#18724);
#18726=POLY_LOOP('',(#5169,#2311,#5342));
#18727=FACE_OUTER_BOUND('',#18726,.T.);
#18728=FACE_SURFACE('',(#18727),#18725,.T.);
#18729=CARTESIAN_POINT('',(11.316753924,436.934947968,0.132342408));
#18730=DIRECTION('',(0.972507813,-0.15742046,0.171602309));
#18731=DIRECTION('',(-0.173768917,0.,0.984786456));
#18732=AXIS2_PLACEMENT_3D('',#18729,#18730,#18731);
#18733=PLANE('',#18732);
#18734=POLY_LOOP('',(#2311,#10129,#5342));
#18735=FACE_OUTER_BOUND('',#18734,.T.);
#18736=FACE_SURFACE('',(#18735),#18733,.T.);
#18737=CARTESIAN_POINT('',(202.773690224,312.526226044,2.305694856));
#18738=DIRECTION('',(0.005423197,0.981775615,-0.189966396));
#18739=DIRECTION('',(0.,0.189969189,0.981790052));
#18740=AXIS2_PLACEMENT_3D('',#18737,#18738,#18739);
#18741=PLANE('',#18740);
#18742=POLY_LOOP('',(#2787,#3104,#2551));
#18743=FACE_OUTER_BOUND('',#18742,.T.);
#18744=FACE_SURFACE('',(#18743),#18741,.T.);
#18745=CARTESIAN_POINT('',(218.458786607,347.644388676,-10.285098106));
#18746=DIRECTION('',(0.560449846,-0.484718839,-0.671523356));
#18747=DIRECTION('',(-0.767744795,-0.,-0.640755749));
#18748=AXIS2_PLACEMENT_3D('',#18745,#18746,#18747);
#18749=PLANE('',#18748);
#18750=POLY_LOOP('',(#1727,#6328,#2684));
#18751=FACE_OUTER_BOUND('',#18750,.T.);
#18752=FACE_SURFACE('',(#18751),#18749,.T.);
#18753=CARTESIAN_POINT('',(39.876755327,435.527026653,0.707627041));
#18754=DIRECTION('',(0.320062406,-0.85865812,0.400332722));
#18755=DIRECTION('',(0.,-0.422560922,-0.906334523));
#18756=AXIS2_PLACEMENT_3D('',#18753,#18754,#18755);
#18757=PLANE('',#18756);
#18758=POLY_LOOP('',(#5618,#5581,#5619));
#18759=FACE_OUTER_BOUND('',#18758,.T.);
#18760=FACE_SURFACE('',(#18759),#18757,.T.);
#18761=CARTESIAN_POINT('',(81.829048693,453.487485647,9.898851626));
#18762=DIRECTION('',(0.000976797,-0.079682196,-0.99681984));
#18763=DIRECTION('',(0.,-0.996820316,0.079682234));
#18764=AXIS2_PLACEMENT_3D('',#18761,#18762,#18763);
#18765=PLANE('',#18764);
#18766=POLY_LOOP('',(#5027,#4782,#9990));
#18767=FACE_OUTER_BOUND('',#18766,.T.);
#18768=FACE_SURFACE('',(#18767),#18765,.T.);
#18769=CARTESIAN_POINT('',(36.454435438,453.57722044,9.847215377));
#18770=DIRECTION('',(-0.000273904,-0.091238685,-0.995829015));
#18771=DIRECTION('',(0.,-0.995829052,0.091238688));
#18772=AXIS2_PLACEMENT_3D('',#18769,#18770,#18771);
#18773=PLANE('',#18772);
#18774=POLY_LOOP('',(#9990,#4782,#9366));
#18775=FACE_OUTER_BOUND('',#18774,.T.);
#18776=FACE_SURFACE('',(#18775),#18773,.T.);
#18777=CARTESIAN_POINT('',(35.155639052,224.977344275,-2.197606023));
#18778=DIRECTION('',(-0.951062374,0.308803242,-0.01099634));
#18779=DIRECTION('',(-0.308821913,-0.95111988,-0.));
#18780=AXIS2_PLACEMENT_3D('',#18777,#18778,#18779);
#18781=PLANE('',#18780);
#18782=POLY_LOOP('',(#3284,#3579,#1111));
#18783=FACE_OUTER_BOUND('',#18782,.T.);
#18784=FACE_SURFACE('',(#18783),#18781,.T.);
#18785=CARTESIAN_POINT('',(222.165778279,289.973914623,-10.503521189));
#18786=DIRECTION('',(-0.00509957,-0.034788652,0.999381681));
#18787=DIRECTION('',(-0.,0.999394676,0.034789104));
#18788=AXIS2_PLACEMENT_3D('',#18785,#18786,#18787);
#18789=PLANE('',#18788);
#18790=POLY_LOOP('',(#3525,#2452,#6205));
#18791=FACE_OUTER_BOUND('',#18790,.T.);
#18792=FACE_SURFACE('',(#18791),#18789,.T.);
#18793=CARTESIAN_POINT('',(215.537905693,291.078984737,-10.055464692));
#18794=CARTESIAN_POINT('',(222.385331988,278.503239155,-10.216998868));
#18795=DIRECTION('',(0.071785659,0.026279596,0.99707382));
#18796=DIRECTION('',(0.997418296,0.,-0.07181046));
#18797=AXIS2_PLACEMENT_3D('',#18794,#18795,#18796);
#18798=PLANE('',#18797);
#18799=POLY_LOOP('',(#2796,#3525,#18793));
#18800=FACE_OUTER_BOUND('',#18799,.T.);
#18801=FACE_SURFACE('',(#18800),#18798,.T.);
#18802=CARTESIAN_POINT('',(26.219815016,354.495644569,-2.842536895));
#18803=DIRECTION('',(-0.656237161,0.577367002,-0.48579845));
#18804=DIRECTION('',(-0.660549423,-0.750782565,0.));
#18805=AXIS2_PLACEMENT_3D('',#18802,#18803,#18804);
#18806=PLANE('',#18805);
#18807=POLY_LOOP('',(#17543,#914,#1226));
#18808=FACE_OUTER_BOUND('',#18807,.T.);
#18809=FACE_SURFACE('',(#18808),#18806,.T.);
#18810=CARTESIAN_POINT('',(75.026057661,440.889298916,-6.757313386));
#18811=DIRECTION('',(-0.080896297,0.650105174,0.755525679));
#18812=DIRECTION('',(-0.,0.758010039,-0.652242885));
#18813=AXIS2_PLACEMENT_3D('',#18810,#18811,#18812);
#18814=PLANE('',#18813);
#18815=POLY_LOOP('',(#5816,#13950,#6081));
#18816=FACE_OUTER_BOUND('',#18815,.T.);
#18817=FACE_SURFACE('',(#18816),#18814,.T.);
#18818=CARTESIAN_POINT('',(69.380946457,438.931703568,-0.75845205));
#18819=DIRECTION('',(-0.017951016,0.955368482,0.294870862));
#18820=DIRECTION('',(0.,-0.294918383,0.955522447));
#18821=AXIS2_PLACEMENT_3D('',#18818,#18819,#18820);
#18822=PLANE('',#18821);
#18823=POLY_LOOP('',(#3815,#5816,#5815));
#18824=FACE_OUTER_BOUND('',#18823,.T.);
#18825=FACE_SURFACE('',(#18824),#18822,.T.);
#18826=CARTESIAN_POINT('',(32.867547125,312.29019165,11.988963932));
#18827=DIRECTION('',(0.006172593,0.039074352,0.999217241));
#18828=DIRECTION('',(0.,0.999236277,-0.039075096));
#18829=AXIS2_PLACEMENT_3D('',#18826,#18827,#18828);
#18830=PLANE('',#18829);
#18831=POLY_LOOP('',(#2762,#2733,#13587));
#18832=FACE_OUTER_BOUND('',#18831,.T.);
#18833=FACE_SURFACE('',(#18832),#18830,.T.);
#18834=CARTESIAN_POINT('',(42.178232223,303.825467825,12.156895362));
#18835=DIRECTION('',(0.033747778,0.056916013,0.997808426));
#18836=DIRECTION('',(0.,0.99837712,-0.056948452));
#18837=AXIS2_PLACEMENT_3D('',#18834,#18835,#18836);
#18838=PLANE('',#18837);
#18839=POLY_LOOP('',(#3321,#2762,#13587));
#18840=FACE_OUTER_BOUND('',#18839,.T.);
#18841=FACE_SURFACE('',(#18840),#18838,.T.);
#18842=CARTESIAN_POINT('',(204.002887011,401.766479015,10.548402555));
#18843=DIRECTION('',(-0.039254334,-0.040655106,-0.998401853));
#18844=DIRECTION('',(0.,-0.999171963,0.040686465));
#18845=AXIS2_PLACEMENT_3D('',#18842,#18843,#18844);
#18846=PLANE('',#18845);
#18847=POLY_LOOP('',(#12846,#6346,#6347));
#18848=FACE_OUTER_BOUND('',#18847,.T.);
#18849=FACE_SURFACE('',(#18848),#18846,.T.);
#18850=CARTESIAN_POINT('',(29.700040817,349.711865187,10.917868465));
#18851=DIRECTION('',(-0.547744541,0.429404039,0.718044629));
#18852=DIRECTION('',(0.795077729,-0.,0.606507547));
#18853=AXIS2_PLACEMENT_3D('',#18850,#18851,#18852);
#18854=PLANE('',#18853);
#18855=POLY_LOOP('',(#650,#651,#9493));
#18856=FACE_OUTER_BOUND('',#18855,.T.);
#18857=FACE_SURFACE('',(#18856),#18854,.T.);
#18858=CARTESIAN_POINT('',(11.316753924,436.934947968,0.132342408));
#18859=DIRECTION('',(0.864134565,-0.294194649,-0.408314783));
#18860=DIRECTION('',(0.427221235,-0.,0.904147121));
#18861=AXIS2_PLACEMENT_3D('',#18858,#18859,#18860);
#18862=PLANE('',#18861);
#18863=POLY_LOOP('',(#2311,#2312,#11828));
#18864=FACE_OUTER_BOUND('',#18863,.T.);
#18865=FACE_SURFACE('',(#18864),#18862,.T.);
#18866=CARTESIAN_POINT('',(209.004506469,311.083912849,-4.970523529));
#18867=DIRECTION('',(0.189611502,0.981332585,-0.03215331));
#18868=DIRECTION('',(0.981840247,-0.189709592,0.));
#18869=AXIS2_PLACEMENT_3D('',#18866,#18867,#18868);
#18870=PLANE('',#18869);
#18871=POLY_LOOP('',(#3104,#2787,#3346));
#18872=FACE_OUTER_BOUND('',#18871,.T.);
#18873=FACE_SURFACE('',(#18872),#18870,.T.);
#18874=CARTESIAN_POINT('',(37.483006716,231.171280146,6.280740723));
#18875=DIRECTION('',(0.659181448,-0.061611174,0.749455724));
#18876=DIRECTION('',(0.750882229,0.,-0.660436127));
#18877=AXIS2_PLACEMENT_3D('',#18874,#18875,#18876);
#18878=PLANE('',#18877);
#18879=POLY_LOOP('',(#5387,#8122,#7883));
#18880=FACE_OUTER_BOUND('',#18879,.T.);
#18881=FACE_SURFACE('',(#18880),#18878,.T.);
#18882=CARTESIAN_POINT('',(28.211457655,321.783065796,10.049737059));
#18883=DIRECTION('',(-0.438317274,-0.209438508,-0.874078645));
#18884=DIRECTION('',(-0.893903805,0.,0.44825884));
#18885=AXIS2_PLACEMENT_3D('',#18882,#18883,#18884);
#18886=PLANE('',#18885);
#18887=POLY_LOOP('',(#8491,#8310,#1800));
#18888=FACE_OUTER_BOUND('',#18887,.T.);
#18889=FACE_SURFACE('',(#18888),#18886,.T.);
#18890=CARTESIAN_POINT('',(14.710999094,319.435507059,1.598266535));
#18891=DIRECTION('',(0.857424901,0.263889144,-0.441797532));
#18892=DIRECTION('',(0.458033436,-0.,0.888934965));
#18893=AXIS2_PLACEMENT_3D('',#18890,#18891,#18892);
#18894=PLANE('',#18893);
#18895=POLY_LOOP('',(#5489,#5488,#1612));
#18896=FACE_OUTER_BOUND('',#18895,.T.);
#18897=FACE_SURFACE('',(#18896),#18894,.T.);
#18898=CARTESIAN_POINT('',(33.347330987,435.404866934,-8.812401444));
#18899=DIRECTION('',(0.404799243,-0.243979972,-0.881255551));
#18900=DIRECTION('',(-0.908716725,0.,-0.417413362));
#18901=AXIS2_PLACEMENT_3D('',#18898,#18899,#18900);
#18902=PLANE('',#18901);
#18903=POLY_LOOP('',(#3113,#8570,#8543));
#18904=FACE_OUTER_BOUND('',#18903,.T.);
#18905=FACE_SURFACE('',(#18904),#18902,.T.);
#18906=CARTESIAN_POINT('',(115.587733686,477.939128876,-12.439967133));
#18907=DIRECTION('',(-0.094582004,-0.003933583,-0.995509303));
#18908=DIRECTION('',(-0.995517004,0.,0.094582736));
#18909=AXIS2_PLACEMENT_3D('',#18906,#18907,#18908);
#18910=PLANE('',#18909);
#18911=POLY_LOOP('',(#8619,#8148,#10873));
#18912=FACE_OUTER_BOUND('',#18911,.T.);
#18913=FACE_SURFACE('',(#18912),#18910,.T.);
#18914=CARTESIAN_POINT('',(215.537905693,291.078984737,-10.055464692));
#18915=DIRECTION('',(0.103633048,0.229134423,0.967862391));
#18916=DIRECTION('',(0.,0.973101961,-0.230374854));
#18917=AXIS2_PLACEMENT_3D('',#18914,#18915,#18916);
#18918=PLANE('',#18917);
#18919=POLY_LOOP('',(#18793,#3525,#6205));
#18920=FACE_OUTER_BOUND('',#18919,.T.);
#18921=FACE_SURFACE('',(#18920),#18918,.T.);
#18922=CARTESIAN_POINT('',(215.236365795,282.632291317,-7.109493017));
#18923=DIRECTION('',(0.509733778,0.267042266,0.817838556));
#18924=DIRECTION('',(0.848657716,0.,-0.528942418));
#18925=AXIS2_PLACEMENT_3D('',#18922,#18923,#18924);
#18926=PLANE('',#18925);
#18927=POLY_LOOP('',(#2797,#2796,#18793));
#18928=FACE_OUTER_BOUND('',#18927,.T.);
#18929=FACE_SURFACE('',(#18928),#18926,.T.);
#18930=CARTESIAN_POINT('',(79.13454622,438.84986639,-3.730743192));
#18931=DIRECTION('',(-0.097282219,0.759149598,0.643605515));
#18932=DIRECTION('',(-0.,-0.64667279,0.762767529));
#18933=AXIS2_PLACEMENT_3D('',#18930,#18931,#18932);
#18934=PLANE('',#18933);
#18935=POLY_LOOP('',(#6479,#13950,#5816));
#18936=FACE_OUTER_BOUND('',#18935,.T.);
#18937=FACE_SURFACE('',(#18936),#18934,.T.);
#18938=CARTESIAN_POINT('',(42.521055788,297.411441803,12.511163019));
#18939=DIRECTION('',(0.000684966,0.055185702,0.998475873));
#18940=DIRECTION('',(0.,0.998476107,-0.055185715));
#18941=AXIS2_PLACEMENT_3D('',#18938,#18939,#18940);
#18942=PLANE('',#18941);
#18943=POLY_LOOP('',(#13587,#3616,#3321));
#18944=FACE_OUTER_BOUND('',#18943,.T.);
#18945=FACE_SURFACE('',(#18944),#18942,.T.);
#18946=CARTESIAN_POINT('',(215.193867683,382.74499774,7.220766973));
#18947=DIRECTION('',(0.446438376,0.139287145,-0.88390716));
#18948=DIRECTION('',(-0.892608275,-0.,-0.450833081));
#18949=AXIS2_PLACEMENT_3D('',#18946,#18947,#18948);
#18950=PLANE('',#18949);
#18951=POLY_LOOP('',(#11461,#6347,#7364));
#18952=FACE_OUTER_BOUND('',#18951,.T.);
#18953=FACE_SURFACE('',(#18952),#18950,.T.);
#18954=CARTESIAN_POINT('',(222.488090396,299.427062273,7.358463481));
#18955=DIRECTION('',(-0.359237695,-0.330081982,-0.872922771));
#18956=DIRECTION('',(-0.924753083,0.,0.380567648));
#18957=AXIS2_PLACEMENT_3D('',#18954,#18955,#18956);
#18958=PLANE('',#18957);
#18959=POLY_LOOP('',(#1253,#7414,#2001));
#18960=FACE_OUTER_BOUND('',#18959,.T.);
#18961=FACE_SURFACE('',(#18960),#18958,.T.);
#18962=CARTESIAN_POINT('',(97.307875752,473.156869411,-2.136081923));
#18963=DIRECTION('',(-0.728033945,0.685399271,0.013943224));
#18964=DIRECTION('',(-0.685465907,-0.728104725,0.));
#18965=AXIS2_PLACEMENT_3D('',#18962,#18963,#18964);
#18966=PLANE('',#18965);
#18967=POLY_LOOP('',(#3188,#2049,#1082));
#18968=FACE_OUTER_BOUND('',#18967,.T.);
#18969=FACE_SURFACE('',(#18968),#18966,.T.);
#18970=CARTESIAN_POINT('',(217.437908053,296.593725681,10.508168489));
#18971=DIRECTION('',(0.004725718,0.074878251,-0.997181486));
#18972=DIRECTION('',(-0.,-0.99719262,-0.074879087));
#18973=AXIS2_PLACEMENT_3D('',#18970,#18971,#18972);
#18974=PLANE('',#18973);
#18975=POLY_LOOP('',(#2001,#2629,#2002));
#18976=FACE_OUTER_BOUND('',#18975,.T.);
#18977=FACE_SURFACE('',(#18976),#18974,.T.);
#18978=CARTESIAN_POINT('',(117.09870398,178.896963596,-3.76998866));
#18979=DIRECTION('',(-0.699641067,-0.56686051,-0.434938547));
#18980=DIRECTION('',(0.629523158,-0.77698172,0.));
#18981=AXIS2_PLACEMENT_3D('',#18978,#18979,#18980);
#18982=PLANE('',#18981);
#18983=POLY_LOOP('',(#433,#5214,#1411));
#18984=FACE_OUTER_BOUND('',#18983,.T.);
#18985=FACE_SURFACE('',(#18984),#18982,.T.);
#18986=CARTESIAN_POINT('',(39.994653314,442.140638828,-10.370980948));
#18987=DIRECTION('',(0.358748579,-0.531578249,-0.767283535));
#18988=DIRECTION('',(0.,-0.822000642,0.569486562));
#18989=AXIS2_PLACEMENT_3D('',#18986,#18987,#18988);
#18990=PLANE('',#18989);
#18991=POLY_LOOP('',(#2570,#3113,#8543));
#18992=FACE_OUTER_BOUND('',#18991,.T.);
#18993=FACE_SURFACE('',(#18992),#18990,.T.);
#18994=CARTESIAN_POINT('',(132.674917579,176.707968116,10.838217102));
#18995=DIRECTION('',(0.260150722,0.154291858,-0.95316086));
#18996=DIRECTION('',(-0.964712994,0.,-0.263303701));
#18997=AXIS2_PLACEMENT_3D('',#18994,#18995,#18996);
#18998=PLANE('',#18997);
#18999=POLY_LOOP('',(#2580,#2582,#4963));
#19000=FACE_OUTER_BOUND('',#18999,.T.);
#19001=FACE_SURFACE('',(#19000),#18998,.T.);
#19002=CARTESIAN_POINT('',(210.597366095,289.179503918,-7.554094773));
#19003=CARTESIAN_POINT('',(210.597366095,289.179503918,-7.554094773));
#19004=DIRECTION('',(0.247138132,0.471767211,0.846379609));
#19005=DIRECTION('',(0.,0.873474563,-0.486869785));
#19006=AXIS2_PLACEMENT_3D('',#19003,#19004,#19005);
#19007=PLANE('',#19006);
#19008=POLY_LOOP('',(#19002,#18793,#6205));
#19009=FACE_OUTER_BOUND('',#19008,.T.);
#19010=FACE_SURFACE('',(#19009),#19007,.T.);
#19011=CARTESIAN_POINT('',(215.236365795,282.632291317,-7.109493017));
#19012=DIRECTION('',(0.33688925,0.299322003,0.892699262));
#19013=DIRECTION('',(0.93559424,-0.,-0.353077072));
#19014=AXIS2_PLACEMENT_3D('',#19011,#19012,#19013);
#19015=PLANE('',#19014);
#19016=POLY_LOOP('',(#2797,#18793,#19002));
#19017=FACE_OUTER_BOUND('',#19016,.T.);
#19018=FACE_SURFACE('',(#19017),#19015,.T.);
#19019=CARTESIAN_POINT('',(208.893820643,287.381201982,-3.319684649));
#19020=CARTESIAN_POINT('',(212.783291936,282.046020031,-1.341849333));
#19021=DIRECTION('',(0.687071147,0.633078354,0.356574026));
#19022=DIRECTION('',(-0.677620321,0.735411926,0.));
#19023=AXIS2_PLACEMENT_3D('',#19020,#19021,#19022);
#19024=PLANE('',#19023);
#19025=POLY_LOOP('',(#55,#2797,#19019));
#19026=FACE_OUTER_BOUND('',#19025,.T.);
#19027=FACE_SURFACE('',(#19026),#19024,.T.);
#19028=CARTESIAN_POINT('',(42.521055788,297.411441803,12.511163019));
#19029=DIRECTION('',(-0.248918852,-0.478571717,0.842026435));
#19030=DIRECTION('',(0.,0.869391089,0.494124613));
#19031=AXIS2_PLACEMENT_3D('',#19028,#19029,#19030);
#19032=PLANE('',#19031);
#19033=POLY_LOOP('',(#13587,#2733,#4837));
#19034=FACE_OUTER_BOUND('',#19033,.T.);
#19035=FACE_SURFACE('',(#19034),#19032,.T.);
#19036=CARTESIAN_POINT('',(45.372836292,290.838241577,8.607792668));
#19037=DIRECTION('',(-0.003833205,-0.511815478,0.859086854));
#19038=DIRECTION('',(0.,0.859093166,0.511819238));
#19039=AXIS2_PLACEMENT_3D('',#19036,#19037,#19038);
#19040=PLANE('',#19039);
#19041=POLY_LOOP('',(#3044,#2806,#13587));
#19042=FACE_OUTER_BOUND('',#19041,.T.);
#19043=FACE_SURFACE('',(#19042),#19040,.T.);
#19044=CARTESIAN_POINT('',(30.507974327,424.202591181,-1.7481799));
#19045=DIRECTION('',(-0.98278217,0.16010431,-0.092226983));
#19046=DIRECTION('',(-0.160789594,-0.986988706,0.));
#19047=AXIS2_PLACEMENT_3D('',#19044,#19045,#19046);
#19048=PLANE('',#19047);
#19049=POLY_LOOP('',(#4182,#4952,#4954));
#19050=FACE_OUTER_BOUND('',#19049,.T.);
#19051=FACE_SURFACE('',(#19050),#19048,.T.);
#19052=CARTESIAN_POINT('',(126.925721765,168.461933732,-7.440073881));
#19053=DIRECTION('',(0.823355155,0.398780896,0.403806991));
#19054=DIRECTION('',(-0.440334386,0.,0.897833853));
#19055=AXIS2_PLACEMENT_3D('',#19052,#19053,#19054);
#19056=PLANE('',#19055);
#19057=POLY_LOOP('',(#8482,#1652,#3448));
#19058=FACE_OUTER_BOUND('',#19057,.T.);
#19059=FACE_SURFACE('',(#19058),#19056,.T.);
#19060=CARTESIAN_POINT('',(203.983217478,300.714790821,10.753856041));
#19061=DIRECTION('',(0.194154756,0.28371418,-0.939047493));
#19062=DIRECTION('',(0.,-0.957263342,-0.289217729));
#19063=AXIS2_PLACEMENT_3D('',#19060,#19061,#19062);
#19064=PLANE('',#19063);
#19065=POLY_LOOP('',(#2002,#2629,#5141));
#19066=FACE_OUTER_BOUND('',#19065,.T.);
#19067=FACE_SURFACE('',(#19066),#19064,.T.);
#19068=CARTESIAN_POINT('',(124.511949718,168.585330248,-2.640296938));
#19069=DIRECTION('',(0.893449343,0.009805799,0.44905692));
#19070=DIRECTION('',(-0.44907851,0.,0.893492301));
#19071=AXIS2_PLACEMENT_3D('',#19068,#19069,#19070);
#19072=PLANE('',#19071);
#19073=POLY_LOOP('',(#3448,#9102,#8482));
#19074=FACE_OUTER_BOUND('',#19073,.T.);
#19075=FACE_SURFACE('',(#19074),#19072,.T.);
#19076=CARTESIAN_POINT('',(27.586115524,435.291111469,-11.427286081));
#19077=DIRECTION('',(0.248392178,-0.308374267,-0.918262837));
#19078=DIRECTION('',(-0.,-0.947972728,0.318351547));
#19079=AXIS2_PLACEMENT_3D('',#19076,#19077,#19078);
#19080=PLANE('',#19079);
#19081=POLY_LOOP('',(#8543,#5555,#2570));
#19082=FACE_OUTER_BOUND('',#19081,.T.);
#19083=FACE_SURFACE('',(#19082),#19080,.T.);
#19084=CARTESIAN_POINT('',(120.452232659,180.111289024,5.829396658));
#19085=DIRECTION('',(0.649704128,0.249808476,-0.717969548));
#19086=DIRECTION('',(-0.741477906,-0.,-0.670977283));
#19087=AXIS2_PLACEMENT_3D('',#19084,#19085,#19086);
#19088=PLANE('',#19087);
#19089=POLY_LOOP('',(#3790,#4963,#2582));
#19090=FACE_OUTER_BOUND('',#19089,.T.);
#19091=FACE_SURFACE('',(#19090),#19088,.T.);
#19092=CARTESIAN_POINT('',(210.597366095,289.179503918,-7.554094773));
#19093=DIRECTION('',(0.159842751,0.429745611,0.888689487));
#19094=DIRECTION('',(-0.,0.900264649,-0.435343039));
#19095=AXIS2_PLACEMENT_3D('',#19092,#19093,#19094);
#19096=PLANE('',#19095);
#19097=POLY_LOOP('',(#19002,#6205,#10972));
#19098=FACE_OUTER_BOUND('',#19097,.T.);
#19099=FACE_SURFACE('',(#19098),#19096,.T.);
#19100=CARTESIAN_POINT('',(208.893820643,287.381201982,-3.319684649));
#19101=DIRECTION('',(0.69031851,0.523066386,0.499861891));
#19102=DIRECTION('',(-0.603929443,0.797037783,-0.));
#19103=AXIS2_PLACEMENT_3D('',#19100,#19101,#19102);
#19104=PLANE('',#19103);
#19105=POLY_LOOP('',(#19019,#2797,#19002));
#19106=FACE_OUTER_BOUND('',#19105,.T.);
#19107=FACE_SURFACE('',(#19106),#19104,.T.);
#19108=CARTESIAN_POINT('',(209.235772491,286.115437746,0.939098943));
#19109=DIRECTION('',(0.780621427,0.613445396,0.119645033));
#19110=DIRECTION('',(-0.61788382,0.78626941,-0.));
#19111=AXIS2_PLACEMENT_3D('',#19108,#19109,#19110);
#19112=PLANE('',#19111);
#19113=POLY_LOOP('',(#56,#55,#19019));
#19114=FACE_OUTER_BOUND('',#19113,.T.);
#19115=FACE_SURFACE('',(#19114),#19112,.T.);
#19116=CARTESIAN_POINT('',(42.521055788,297.411441803,12.511163019));
#19117=DIRECTION('',(-0.169038995,-0.556429805,0.813518094));
#19118=DIRECTION('',(0.,0.825396069,0.564554098));
#19119=AXIS2_PLACEMENT_3D('',#19116,#19117,#19118);
#19120=PLANE('',#19119);
#19121=POLY_LOOP('',(#13587,#4837,#3044));
#19122=FACE_OUTER_BOUND('',#19121,.T.);
#19123=FACE_SURFACE('',(#19122),#19120,.T.);
#19124=CARTESIAN_POINT('',(215.687394142,290.300518274,10.027316399));
#19125=DIRECTION('',(0.26289254,0.441103959,-0.85808788));
#19126=DIRECTION('',(0.,-0.889371412,-0.457185401));
#19127=AXIS2_PLACEMENT_3D('',#19124,#19125,#19126);
#19128=PLANE('',#19127);
#19129=POLY_LOOP('',(#2629,#5396,#5141));
#19130=FACE_OUTER_BOUND('',#19129,.T.);
#19131=FACE_SURFACE('',(#19130),#19128,.T.);
#19132=CARTESIAN_POINT('',(102.250784636,471.002072096,-10.520363227));
#19133=DIRECTION('',(-0.577569338,0.294993883,-0.761178211));
#19134=DIRECTION('',(-0.796628881,0.,0.604468714));
#19135=AXIS2_PLACEMENT_3D('',#19132,#19133,#19134);
#19136=PLANE('',#19135);
#19137=POLY_LOOP('',(#5868,#3246,#8148));
#19138=FACE_OUTER_BOUND('',#19137,.T.);
#19139=FACE_SURFACE('',(#19138),#19136,.T.);
#19140=CARTESIAN_POINT('',(138.606607914,177.50659585,9.242079221));
#19141=DIRECTION('',(-0.639845647,-0.401015796,-0.655579041));
#19142=DIRECTION('',(-0.715642065,0.,0.698467204));
#19143=AXIS2_PLACEMENT_3D('',#19140,#19141,#19142);
#19144=PLANE('',#19143);
#19145=POLY_LOOP('',(#6799,#1771,#6998));
#19146=FACE_OUTER_BOUND('',#19145,.T.);
#19147=FACE_SURFACE('',(#19146),#19144,.T.);
#19148=CARTESIAN_POINT('',(203.983217478,300.714790821,10.753856041));
#19149=DIRECTION('',(-0.001758921,0.216349124,-0.976314479));
#19150=DIRECTION('',(0.,-0.97631599,-0.216349458));
#19151=AXIS2_PLACEMENT_3D('',#19148,#19149,#19150);
#19152=PLANE('',#19151);
#19153=POLY_LOOP('',(#2002,#5141,#1801));
#19154=FACE_OUTER_BOUND('',#19153,.T.);
#19155=FACE_SURFACE('',(#19154),#19152,.T.);
#19156=CARTESIAN_POINT('',(208.459928632,243.479803205,-7.971029729));
#19157=DIRECTION('',(-0.004683433,0.772980277,0.634412766));
#19158=DIRECTION('',(0.,-0.634419724,0.772988754));
#19159=AXIS2_PLACEMENT_3D('',#19156,#19157,#19158);
#19160=PLANE('',#19159);
#19161=POLY_LOOP('',(#700,#279,#278));
#19162=FACE_OUTER_BOUND('',#19161,.T.);
#19163=FACE_SURFACE('',(#19162),#19160,.T.);
#19164=CARTESIAN_POINT('',(27.395762503,422.215610743,-10.112187825));
#19165=DIRECTION('',(0.450283648,-0.095840391,-0.887727016));
#19166=DIRECTION('',(-0.891832375,-0.,-0.452366018));
#19167=AXIS2_PLACEMENT_3D('',#19164,#19165,#19166);
#19168=PLANE('',#19167);
#19169=POLY_LOOP('',(#13391,#8552,#8543));
#19170=FACE_OUTER_BOUND('',#19169,.T.);
#19171=FACE_SURFACE('',(#19170),#19168,.T.);
#19172=CARTESIAN_POINT('',(202.864080667,289.515912533,-3.077446716));
#19173=DIRECTION('',(0.345422012,0.768237352,0.538975884));
#19174=DIRECTION('',(-0.,-0.574327182,0.818625854));
#19175=AXIS2_PLACEMENT_3D('',#19172,#19173,#19174);
#19176=PLANE('',#19175);
#19177=POLY_LOOP('',(#5007,#19002,#10972));
#19178=FACE_OUTER_BOUND('',#19177,.T.);
#19179=FACE_SURFACE('',(#19178),#19176,.T.);
#19180=CARTESIAN_POINT('',(210.597366095,289.179503918,-7.554094773));
#19181=DIRECTION('',(0.310619276,0.823513432,0.474701267));
#19182=DIRECTION('',(-0.,-0.499404611,0.866368879));
#19183=AXIS2_PLACEMENT_3D('',#19180,#19181,#19182);
#19184=PLANE('',#19183);
#19185=POLY_LOOP('',(#19002,#5007,#19019));
#19186=FACE_OUTER_BOUND('',#19185,.T.);
#19187=FACE_SURFACE('',(#19186),#19184,.T.);
#19188=CARTESIAN_POINT('',(203.14180851,289.588540792,3.187594237));
#19189=DIRECTION('',(0.539764125,0.817782534,0.199715841));
#19190=DIRECTION('',(0.834596432,-0.550861866,0.));
#19191=AXIS2_PLACEMENT_3D('',#19188,#19189,#19190);
#19192=PLANE('',#19191);
#19193=POLY_LOOP('',(#3743,#56,#19019));
#19194=FACE_OUTER_BOUND('',#19193,.T.);
#19195=FACE_SURFACE('',(#19194),#19192,.T.);
#19196=CARTESIAN_POINT('',(44.029805809,205.456227064,9.490648285));
#19197=DIRECTION('',(0.001671248,-0.150128847,-0.988665027));
#19198=DIRECTION('',(0.,-0.988666408,0.150129057));
#19199=AXIS2_PLACEMENT_3D('',#19196,#19197,#19198);
#19200=PLANE('',#19199);
#19201=POLY_LOOP('',(#4003,#10374,#5469));
#19202=FACE_OUTER_BOUND('',#19201,.T.);
#19203=FACE_SURFACE('',(#19202),#19200,.T.);
#19204=CARTESIAN_POINT('',(211.274400353,260.901987553,7.864556275));
#19205=DIRECTION('',(0.308147903,-0.771340936,-0.556846505));
#19206=DIRECTION('',(0.,0.585329541,-0.810795491));
#19207=AXIS2_PLACEMENT_3D('',#19204,#19205,#19206);
#19208=PLANE('',#19207);
#19209=POLY_LOOP('',(#6808,#12896,#17164));
#19210=FACE_OUTER_BOUND('',#19209,.T.);
#19211=FACE_SURFACE('',(#19210),#19208,.T.);
#19212=CARTESIAN_POINT('',(41.137907654,337.268918753,3.946199082));
#19213=DIRECTION('',(-0.525878913,0.170514145,-0.833292443));
#19214=DIRECTION('',(-0.845677192,-0.,0.53369475));
#19215=AXIS2_PLACEMENT_3D('',#19212,#19213,#19214);
#19216=PLANE('',#19215);
#19217=POLY_LOOP('',(#3294,#10855,#128));
#19218=FACE_OUTER_BOUND('',#19217,.T.);
#19219=FACE_SURFACE('',(#19218),#19216,.T.);
#19220=CARTESIAN_POINT('',(98.117612302,461.771190166,-11.702195741));
#19221=DIRECTION('',(-0.262023326,0.538556567,-0.800812463));
#19222=DIRECTION('',(0.,-0.829804556,-0.558054119));
#19223=AXIS2_PLACEMENT_3D('',#19220,#19221,#19222);
#19224=PLANE('',#19223);
#19225=POLY_LOOP('',(#7813,#2302,#2301));
#19226=FACE_OUTER_BOUND('',#19225,.T.);
#19227=FACE_SURFACE('',(#19226),#19224,.T.);
#19228=CARTESIAN_POINT('',(44.133909047,347.431361675,-10.613437742));
#19229=DIRECTION('',(0.046676332,-0.035131824,0.998292079));
#19230=DIRECTION('',(0.998908718,0.,-0.046705164));
#19231=AXIS2_PLACEMENT_3D('',#19228,#19229,#19230);
#19232=PLANE('',#19231);
#19233=POLY_LOOP('',(#1948,#7633,#2164));
#19234=FACE_OUTER_BOUND('',#19233,.T.);
#19235=FACE_SURFACE('',(#19234),#19232,.T.);
#19236=CARTESIAN_POINT('',(215.801924467,244.038209319,-8.2989363));
#19237=DIRECTION('',(0.518324656,-0.689530009,-0.505853653));
#19238=DIRECTION('',(-0.799344505,-0.600873,-0.));
#19239=AXIS2_PLACEMENT_3D('',#19236,#19237,#19238);
#19240=PLANE('',#19239);
#19241=POLY_LOOP('',(#6005,#1791,#9793));
#19242=FACE_OUTER_BOUND('',#19241,.T.);
#19243=FACE_SURFACE('',(#19242),#19240,.T.);
#19244=CARTESIAN_POINT('',(27.586115524,435.291111469,-11.427286081));
#19245=DIRECTION('',(0.62829572,-0.086903578,-0.773105592));
#19246=DIRECTION('',(-0.776041568,-0.,-0.630681761));
#19247=AXIS2_PLACEMENT_3D('',#19244,#19245,#19246);
#19248=PLANE('',#19247);
#19249=POLY_LOOP('',(#8543,#8570,#13391));
#19250=FACE_OUTER_BOUND('',#19249,.T.);
#19251=FACE_SURFACE('',(#19250),#19248,.T.);
#19252=CARTESIAN_POINT('',(202.864080667,289.515912533,-3.077446716));
#19253=DIRECTION('',(-0.0016389,0.821064287,0.570833383));
#19254=DIRECTION('',(-0.,-0.57083415,0.821065389));
#19255=AXIS2_PLACEMENT_3D('',#19252,#19253,#19254);
#19256=PLANE('',#19255);
#19257=POLY_LOOP('',(#5007,#10972,#17205));
#19258=FACE_OUTER_BOUND('',#19257,.T.);
#19259=FACE_SURFACE('',(#19258),#19256,.T.);
#19260=CARTESIAN_POINT('',(203.14180851,289.588540792,3.187594237));
#19261=DIRECTION('',(0.332706062,0.942680949,-0.025676929));
#19262=DIRECTION('',(0.94299186,-0.332815793,-0.));
#19263=AXIS2_PLACEMENT_3D('',#19260,#19261,#19262);
#19264=PLANE('',#19263);
#19265=POLY_LOOP('',(#3743,#19019,#5007));
#19266=FACE_OUTER_BOUND('',#19265,.T.);
#19267=FACE_SURFACE('',(#19266),#19264,.T.);
#19268=CARTESIAN_POINT('',(203.736364841,258.966445923,6.374258082));
#19269=DIRECTION('',(0.517143679,-0.826899972,-0.220904622));
#19270=DIRECTION('',(-0.847845646,-0.530243114,-0.));
#19271=AXIS2_PLACEMENT_3D('',#19268,#19269,#19270);
#19272=PLANE('',#19271);
#19273=POLY_LOOP('',(#12896,#13488,#17164));
#19274=FACE_OUTER_BOUND('',#19273,.T.);
#19275=FACE_SURFACE('',(#19274),#19272,.T.);
#19276=CARTESIAN_POINT('',(203.736364841,258.966445923,6.374258082));
#19277=DIRECTION('',(-0.002002917,-0.554271093,-0.832333794));
#19278=DIRECTION('',(0.,-0.832335463,0.554272204));
#19279=AXIS2_PLACEMENT_3D('',#19276,#19277,#19278);
#19280=PLANE('',#19279);
#19281=POLY_LOOP('',(#12896,#4715,#4641));
#19282=FACE_OUTER_BOUND('',#19281,.T.);
#19283=FACE_SURFACE('',(#19282),#19280,.T.);
#19284=CARTESIAN_POINT('',(219.470828772,252.200335264,-11.730954982));
#19285=DIRECTION('',(0.349873433,-0.492377816,-0.796964659));
#19286=DIRECTION('',(-0.,-0.850733591,0.525597143));
#19287=AXIS2_PLACEMENT_3D('',#19284,#19285,#19286);
#19288=PLANE('',#19287);
#19289=POLY_LOOP('',(#1790,#1791,#6005));
#19290=FACE_OUTER_BOUND('',#19289,.T.);
#19291=FACE_SURFACE('',(#19290),#19288,.T.);
#19292=CARTESIAN_POINT('',(203.460276127,240.305885673,4.14791517));
#19293=DIRECTION('',(-0.004374556,0.995855125,-0.090848413));
#19294=DIRECTION('',(0.,0.090849282,0.995864653));
#19295=AXIS2_PLACEMENT_3D('',#19292,#19293,#19294);
#19296=PLANE('',#19295);
#19297=POLY_LOOP('',(#513,#278,#277));
#19298=FACE_OUTER_BOUND('',#19297,.T.);
#19299=FACE_SURFACE('',(#19298),#19296,.T.);
#19300=CARTESIAN_POINT('',(43.748166412,245.368793607,-9.861069731));
#19301=DIRECTION('',(-0.00079178,0.671959361,0.740587598));
#19302=DIRECTION('',(0.,0.74058783,-0.671959571));
#19303=AXIS2_PLACEMENT_3D('',#19300,#19301,#19302);
#19304=PLANE('',#19303);
#19305=POLY_LOOP('',(#5450,#279,#700));
#19306=FACE_OUTER_BOUND('',#19305,.T.);
#19307=FACE_SURFACE('',(#19306),#19304,.T.);
#19308=CARTESIAN_POINT('',(46.955965459,289.79074955,-2.472087741));
#19309=DIRECTION('',(0.003292922,0.897747948,0.440497195));
#19310=DIRECTION('',(0.,-0.440499584,0.897752815));
#19311=AXIS2_PLACEMENT_3D('',#19308,#19309,#19310);
#19312=PLANE('',#19311);
#19313=POLY_LOOP('',(#8113,#5007,#17205));
#19314=FACE_OUTER_BOUND('',#19313,.T.);
#19315=FACE_SURFACE('',(#19314),#19312,.T.);
#19316=CARTESIAN_POINT('',(229.139581323,379.418313503,-10.137619451));
#19317=DIRECTION('',(-0.288390219,0.069957631,0.954953932));
#19318=DIRECTION('',(0.95729935,0.,0.289098521));
#19319=AXIS2_PLACEMENT_3D('',#19316,#19317,#19318);
#19320=PLANE('',#19319);
#19321=POLY_LOOP('',(#1187,#1496,#5929));
#19322=FACE_OUTER_BOUND('',#19321,.T.);
#19323=FACE_SURFACE('',(#19322),#19320,.T.);
#19324=CARTESIAN_POINT('',(125.222578645,581.000268459,2.329900395));
#19325=DIRECTION('',(0.863475055,-0.000312482,0.504391447));
#19326=DIRECTION('',(-0.504391472,0.,0.863475097));
#19327=AXIS2_PLACEMENT_3D('',#19324,#19325,#19326);
#19328=PLANE('',#19327);
#19329=POLY_LOOP('',(#3491,#6605,#7838));
#19330=FACE_OUTER_BOUND('',#19329,.T.);
#19331=FACE_SURFACE('',(#19330),#19328,.T.);
#19332=CARTESIAN_POINT('',(43.594341725,436.77675724,0.415948831));
#19333=DIRECTION('',(-0.014638123,-0.961733073,0.273596823));
#19334=DIRECTION('',(-0.,-0.27362614,-0.961836127));
#19335=AXIS2_PLACEMENT_3D('',#19332,#19333,#19334);
#19336=PLANE('',#19335);
#19337=POLY_LOOP('',(#5581,#5842,#5619));
#19338=FACE_OUTER_BOUND('',#19337,.T.);
#19339=FACE_SURFACE('',(#19338),#19336,.T.);
#19340=CARTESIAN_POINT('',(205.33105731,253.072023392,10.295658372));
#19341=DIRECTION('',(0.286562659,-0.475719377,-0.831608632));
#19342=DIRECTION('',(-0.,-0.86801174,0.496543673));
#19343=AXIS2_PLACEMENT_3D('',#19340,#19341,#19342);
#19344=PLANE('',#19343);
#19345=POLY_LOOP('',(#4715,#12896,#6808));
#19346=FACE_OUTER_BOUND('',#19345,.T.);
#19347=FACE_SURFACE('',(#19346),#19344,.T.);
#19348=CARTESIAN_POINT('',(38.276549429,292.16632247,-4.349533003));
#19349=DIRECTION('',(0.143375169,0.880671278,0.451510422));
#19350=DIRECTION('',(0.,-0.456223941,0.889864999));
#19351=AXIS2_PLACEMENT_3D('',#19348,#19349,#19350);
#19352=PLANE('',#19351);
#19353=POLY_LOOP('',(#12102,#8113,#17205));
#19354=FACE_OUTER_BOUND('',#19353,.T.);
#19355=FACE_SURFACE('',(#19354),#19352,.T.);
#19356=CARTESIAN_POINT('',(226.077854633,252.113044262,-8.776491508));
#19357=DIRECTION('',(0.733732394,-0.58534754,-0.34497106));
#19358=DIRECTION('',(0.623630121,0.781719561,0.));
#19359=AXIS2_PLACEMENT_3D('',#19356,#19357,#19358);
#19360=PLANE('',#19359);
#19361=POLY_LOOP('',(#1791,#633,#9793));
#19362=FACE_OUTER_BOUND('',#19361,.T.);
#19363=FACE_SURFACE('',(#19362),#19360,.T.);
#19364=CARTESIAN_POINT('',(104.815796018,204.544872046,-12.122177519));
#19365=DIRECTION('',(0.001623187,0.66773976,-0.744393027));
#19366=DIRECTION('',(0.,-0.744394007,-0.66774064));
#19367=AXIS2_PLACEMENT_3D('',#19364,#19365,#19366);
#19368=PLANE('',#19367);
#19369=POLY_LOOP('',(#1038,#8394,#820));
#19370=FACE_OUTER_BOUND('',#19369,.T.);
#19371=FACE_SURFACE('',(#19370),#19368,.T.);
#19372=CARTESIAN_POINT('',(160.496041179,289.567172527,-1.132955309));
#19373=DIRECTION('',(0.001813757,0.999911756,0.013160174));
#19374=DIRECTION('',(0.,-0.013160196,0.999913401));
#19375=AXIS2_PLACEMENT_3D('',#19372,#19373,#19374);
#19376=PLANE('',#19375);
#19377=POLY_LOOP('',(#3168,#5007,#8113));
#19378=FACE_OUTER_BOUND('',#19377,.T.);
#19379=FACE_SURFACE('',(#19378),#19376,.T.);
#19380=CARTESIAN_POINT('',(86.271606386,460.687726736,-4.408444278));
#19381=DIRECTION('',(0.529019364,-0.845842351,0.068477949));
#19382=DIRECTION('',(-0.847832527,-0.53026409,0.));
#19383=AXIS2_PLACEMENT_3D('',#19380,#19381,#19382);
#19384=PLANE('',#19383);
#19385=POLY_LOOP('',(#13554,#8413,#6248));
#19386=FACE_OUTER_BOUND('',#19385,.T.);
#19387=FACE_SURFACE('',(#19386),#19384,.T.);
#19388=CARTESIAN_POINT('',(38.276549429,292.16632247,-4.349533003));
#19389=DIRECTION('',(0.230257504,0.961220963,0.151775301));
#19390=DIRECTION('',(0.972487205,-0.232956297,-0.));
#19391=AXIS2_PLACEMENT_3D('',#19388,#19389,#19390);
#19392=PLANE('',#19391);
#19393=POLY_LOOP('',(#12102,#9285,#8113));
#19394=FACE_OUTER_BOUND('',#19393,.T.);
#19395=FACE_SURFACE('',(#19394),#19392,.T.);
#19396=CARTESIAN_POINT('',(155.024260283,289.733529091,-1.023406861));
#19397=DIRECTION('',(0.00932725,0.74558777,-0.666342164));
#19398=DIRECTION('',(0.,0.666371151,0.745620204));
#19399=AXIS2_PLACEMENT_3D('',#19396,#19397,#19398);
#19400=PLANE('',#19399);
#19401=POLY_LOOP('',(#3169,#3168,#8113));
#19402=FACE_OUTER_BOUND('',#19401,.T.);
#19403=FACE_SURFACE('',(#19402),#19400,.T.);
#19404=CARTESIAN_POINT('',(96.987262368,462.402999401,-9.017582051));
#19405=DIRECTION('',(0.383236146,-0.661239275,0.644897417));
#19406=DIRECTION('',(0.,-0.698205099,-0.715897786));
#19407=AXIS2_PLACEMENT_3D('',#19404,#19405,#19406);
#19408=PLANE('',#19407);
#19409=POLY_LOOP('',(#8412,#13554,#3933));
#19410=FACE_OUTER_BOUND('',#19409,.T.);
#19411=FACE_SURFACE('',(#19410),#19408,.T.);
#19412=CARTESIAN_POINT('',(96.987262368,462.402999401,-9.017582051));
#19413=DIRECTION('',(0.395010709,-0.6012509,0.69459621));
#19414=DIRECTION('',(0.,0.75608356,0.654475096));
#19415=AXIS2_PLACEMENT_3D('',#19412,#19413,#19414);
#19416=PLANE('',#19415);
#19417=POLY_LOOP('',(#8412,#8413,#13554));
#19418=FACE_OUTER_BOUND('',#19417,.T.);
#19419=FACE_SURFACE('',(#19418),#19416,.T.);
#19420=CARTESIAN_POINT('',(38.406834006,291.221320629,1.437683823));
#19421=DIRECTION('',(0.179419806,0.983233671,0.032558898));
#19422=DIRECTION('',(0.98375524,-0.179514981,0.));
#19423=AXIS2_PLACEMENT_3D('',#19420,#19421,#19422);
#19424=PLANE('',#19423);
#19425=POLY_LOOP('',(#9285,#3742,#8113));
#19426=FACE_OUTER_BOUND('',#19425,.T.);
#19427=FACE_SURFACE('',(#19426),#19424,.T.);
#19428=CARTESIAN_POINT('',(26.877878234,392.08099246,4.604955204));
#19429=DIRECTION('',(-0.259237335,-0.765555265,0.588830315));
#19430=DIRECTION('',(-0.,-0.609672804,-0.792653185));
#19431=AXIS2_PLACEMENT_3D('',#19428,#19429,#19430);
#19432=PLANE('',#19431);
#19433=POLY_LOOP('',(#1328,#4235,#3382));
#19434=FACE_OUTER_BOUND('',#19433,.T.);
#19435=FACE_SURFACE('',(#19434),#19432,.T.);
#19436=CARTESIAN_POINT('',(76.858200133,459.187269211,-3.373135347));
#19437=DIRECTION('',(0.166960365,-0.981288912,0.095897376));
#19438=DIRECTION('',(-0.985832391,-0.16773341,0.));
#19439=AXIS2_PLACEMENT_3D('',#19436,#19437,#19438);
#19440=PLANE('',#19439);
#19441=POLY_LOOP('',(#5159,#13554,#6248));
#19442=FACE_OUTER_BOUND('',#19441,.T.);
#19443=FACE_SURFACE('',(#19442),#19440,.T.);
#19444=CARTESIAN_POINT('',(42.713671923,393.323391676,-11.09595038));
#19445=DIRECTION('',(0.001604975,-0.674775173,-0.738021605));
#19446=DIRECTION('',(0.,-0.738022556,0.674776042));
#19447=AXIS2_PLACEMENT_3D('',#19444,#19445,#19446);
#19448=PLANE('',#19447);
#19449=POLY_LOOP('',(#3862,#2908,#2907));
#19450=FACE_OUTER_BOUND('',#19449,.T.);
#19451=FACE_SURFACE('',(#19450),#19448,.T.);
#19452=CARTESIAN_POINT('',(24.451216683,297.736078501,-3.531792434));
#19453=DIRECTION('',(-0.611532796,-0.552609521,-0.566259973));
#19454=DIRECTION('',(0.679424764,0.,-0.73374518));
#19455=AXIS2_PLACEMENT_3D('',#19452,#19453,#19454);
#19456=PLANE('',#19455);
#19457=POLY_LOOP('',(#4598,#10489,#1167));
#19458=FACE_OUTER_BOUND('',#19457,.T.);
#19459=FACE_SURFACE('',(#19458),#19456,.T.);
#19460=CARTESIAN_POINT('',(211.613893509,391.364991665,-11.596349999));
#19461=DIRECTION('',(-0.049590018,-0.132039275,-0.990003263));
#19462=DIRECTION('',(0.,-0.991222805,0.132201929));
#19463=AXIS2_PLACEMENT_3D('',#19460,#19461,#19462);
#19464=PLANE('',#19463);
#19465=POLY_LOOP('',(#2704,#2908,#2714));
#19466=FACE_OUTER_BOUND('',#19465,.T.);
#19467=FACE_SURFACE('',(#19466),#19464,.T.);
#19468=CLOSED_SHELL('',(#64,#75,#86,#97,#106,#115,#126,#137,#146,#156,#165,#174,#183,#194,#205,#216,#225,#235,#246,#257,#265,#276,#287,#298,#308,#316,
#327,#337,#348,#357,#368,#378,#387,#397,#408,#419,#430,#441,#450,#459,#470,#479,#490,#501,#512,#521,#532,#543,#554,#563,#572,
#581,#590,#601,#611,#621,#630,#641,#649,#659,#667,#678,#688,#699,#709,#720,#731,#740,#749,#760,#770,#779,#790,#800,#809,#819,
#830,#840,#851,#862,#873,#883,#892,#903,#913,#922,#933,#944,#952,#962,#970,#980,#988,#998,#1009,#1017,#1028,#1036,#1047,#1056,#1065,
#1073,#1081,#1092,#1100,#1110,#1121,#1130,#1138,#1147,#1158,#1166,#1176,#1185,#1196,#1205,#1214,#1225,#1234,#1242,#1250,#1261,#1270,#1278,#1287,#1295,
#1305,#1314,#1325,#1336,#1346,#1355,#1365,#1373,#1384,#1393,#1401,#1410,#1420,#1431,#1441,#1450,#1459,#1468,#1476,#1485,#1494,#1504,#1512,#1522,#1532,
#1541,#1551,#1562,#1571,#1580,#1590,#1601,#1610,#1621,#1631,#1642,#1651,#1662,#1673,#1681,#1689,#1699,#1707,#1716,#1726,#1736,#1744,#1752,#1760,#1769,
#1780,#1789,#1799,#1809,#1820,#1831,#1839,#1848,#1856,#1866,#1876,#1885,#1895,#1906,#1915,#1924,#1935,#1945,#1956,#1964,#1972,#1982,#1992,#2000,#2010,
#2019,#2030,#2038,#2048,#2057,#2065,#2074,#2084,#2094,#2103,#2114,#2123,#2133,#2143,#2152,#2162,#2173,#2184,#2193,#2204,#2214,#2223,#2232,#2241,#2252,
#2261,#2271,#2280,#2289,#2299,#2310,#2320,#2328,#2339,#2350,#2360,#2368,#2378,#2389,#2397,#2406,#2415,#2423,#2433,#2441,#2451,#2460,#2469,#2478,#2486,
#2494,#2503,#2512,#2521,#2530,#2541,#2550,#2560,#2569,#2579,#2590,#2600,#2609,#2619,#2627,#2637,#2646,#2655,#2664,#2675,#2683,#2693,#2703,#2713,#2723,
#2732,#2741,#2752,#2761,#2770,#2778,#2786,#2795,#2805,#2814,#2824,#2835,#2845,#2853,#2862,#2871,#2879,#2888,#2897,#2906,#2916,#2924,#2933,#2942,#2951,
#2960,#2970,#2981,#2989,#2998,#3006,#3014,#3023,#3031,#3041,#3052,#3060,#3068,#3077,#3085,#3094,#3102,#3112,#3121,#3130,#3138,#3148,#3157,#3166,#3177,
#3186,#3197,#3207,#3216,#3226,#3235,#3245,#3254,#3265,#3274,#3283,#3292,#3302,#3310,#3320,#3329,#3337,#3345,#3354,#3362,#3372,#3380,#3390,#3399,#3409,
#3419,#3427,#3436,#3446,#3457,#3465,#3473,#3481,#3490,#3500,#3511,#3522,#3533,#3543,#3553,#3561,#3569,#3578,#3587,#3596,#3606,#3615,#3624,#3632,#3641,
#3650,#3661,#3671,#3682,#3690,#3698,#3706,#3714,#3723,#3732,#3741,#3751,#3761,#3770,#3780,#3789,#3798,#3806,#3814,#3823,#3833,#3842,#3850,#3861,#3870,
#3878,#3886,#3895,#3904,#3913,#3921,#3930,#3941,#3949,#3959,#3967,#3976,#3984,#3993,#4002,#4012,#4021,#4029,#4038,#4046,#4055,#4064,#4072,#4081,#4089,
#4097,#4106,#4115,#4124,#4133,#4141,#4152,#4162,#4172,#4180,#4191,#4201,#4209,#4217,#4225,#4234,#4243,#4254,#4262,#4272,#4280,#4289,#4299,#4309,#4317,
#4326,#4336,#4344,#4352,#4360,#4369,#4379,#4388,#4396,#4405,#4414,#4422,#4432,#4441,#4450,#4460,#4470,#4480,#4489,#4497,#4505,#4514,#4523,#4531,#4541,
#4549,#4558,#4567,#4576,#4587,#4596,#4606,#4615,#4623,#4631,#4640,#4649,#4658,#4668,#4676,#4684,#4695,#4706,#4714,#4723,#4733,#4743,#4752,#4761,#4772,
#4781,#4791,#4801,#4810,#4819,#4827,#4836,#4845,#4853,#4861,#4870,#4879,#4887,#4897,#4906,#4916,#4924,#4932,#4941,#4951,#4962,#4971,#4981,#4990,#4998,
#5006,#5016,#5026,#5036,#5045,#5053,#5061,#5069,#5077,#5085,#5094,#5103,#5113,#5122,#5131,#5140,#5149,#5157,#5167,#5178,#5188,#5196,#5204,#5213,#5223,
#5233,#5241,#5249,#5259,#5267,#5276,#5286,#5294,#5303,#5312,#5323,#5331,#5340,#5350,#5358,#5367,#5377,#5386,#5395,#5404,#5412,#5421,#5432,#5440,#5449,
#5458,#5468,#5477,#5486,#5497,#5506,#5515,#5526,#5537,#5546,#5554,#5563,#5572,#5580,#5590,#5599,#5607,#5617,#5628,#5637,#5647,#5655,#5663,#5673,#5681,
#5689,#5697,#5705,#5714,#5724,#5733,#5741,#5749,#5758,#5768,#5779,#5788,#5797,#5805,#5814,#5824,#5832,#5841,#5851,#5859,#5867,#5876,#5885,#5893,#5901,
#5910,#5920,#5928,#5937,#5945,#5954,#5962,#5970,#5979,#5987,#5995,#6004,#6013,#6021,#6029,#6039,#6047,#6056,#6064,#6072,#6080,#6089,#6097,#6107,#6116,
#6126,#6136,#6144,#6153,#6162,#6171,#6179,#6187,#6196,#6204,#6213,#6222,#6230,#6239,#6247,#6256,#6264,#6273,#6283,#6292,#6300,#6308,#6318,#6327,#6336,
#6345,#6355,#6363,#6372,#6380,#6388,#6397,#6406,#6414,#6422,#6433,#6442,#6451,#6460,#6470,#6478,#6487,#6495,#6503,#6511,#6519,#6527,#6535,#6543,#6551,
#6560,#6568,#6577,#6585,#6594,#6602,#6613,#6622,#6631,#6639,#6647,#6655,#6663,#6671,#6679,#6689,#6697,#6706,#6714,#6722,#6731,#6739,#6747,#6756,#6764,
#6772,#6781,#6789,#6798,#6807,#6816,#6824,#6832,#6840,#6848,#6859,#6867,#6876,#6884,#6893,#6904,#6912,#6920,#6928,#6936,#6945,#6954,#6963,#6971,#6979,
#6989,#6997,#7006,#7014,#7022,#7031,#7039,#7047,#7055,#7063,#7071,#7080,#7088,#7097,#7106,#7115,#7125,#7133,#7141,#7150,#7158,#7166,#7174,#7182,#7191,
#7200,#7210,#7218,#7226,#7234,#7242,#7250,#7258,#7266,#7274,#7282,#7290,#7298,#7306,#7314,#7322,#7331,#7339,#7347,#7355,#7363,#7372,#7380,#7388,#7396,
#7404,#7413,#7422,#7430,#7440,#7449,#7457,#7465,#7473,#7481,#7489,#7498,#7506,#7514,#7522,#7531,#7540,#7548,#7556,#7565,#7573,#7582,#7591,#7599,#7608,
#7616,#7624,#7632,#7642,#7650,#7659,#7667,#7676,#7684,#7692,#7701,#7711,#7721,#7729,#7737,#7745,#7753,#7761,#7769,#7777,#7787,#7795,#7804,#7812,#7821,
#7829,#7837,#7846,#7856,#7864,#7873,#7882,#7891,#7900,#7908,#7916,#7924,#7932,#7942,#7951,#7959,#7969,#7977,#7986,#7994,#8002,#8011,#8021,#8029,#8037,
#8045,#8053,#8061,#8070,#8078,#8086,#8095,#8104,#8112,#8121,#8131,#8139,#8147,#8156,#8164,#8173,#8181,#8189,#8198,#8206,#8216,#8225,#8233,#8241,#8251,
#8259,#8267,#8276,#8284,#8293,#8301,#8309,#8318,#8327,#8335,#8344,#8352,#8360,#8368,#8377,#8385,#8393,#8402,#8411,#8421,#8430,#8439,#8447,#8455,#8464,
#8472,#8480,#8490,#8499,#8507,#8516,#8525,#8534,#8542,#8551,#8560,#8568,#8578,#8586,#8594,#8602,#8610,#8618,#8627,#8635,#8643,#8651,#8659,#8668,#8676,
#8685,#8693,#8701,#8709,#8717,#8725,#8733,#8741,#8749,#8757,#8765,#8773,#8781,#8789,#8797,#8805,#8813,#8822,#8831,#8839,#8847,#8855,#8864,#8872,#8880,
#8888,#8896,#8904,#8912,#8920,#8928,#8937,#8945,#8954,#8962,#8970,#8978,#8987,#8995,#9003,#9012,#9020,#9028,#9037,#9045,#9053,#9061,#9069,#9077,#9085,
#9093,#9101,#9110,#9119,#9127,#9137,#9145,#9153,#9162,#9170,#9178,#9186,#9194,#9202,#9210,#9219,#9228,#9236,#9244,#9252,#9260,#9268,#9276,#9284,#9293,
#9301,#9309,#9317,#9325,#9333,#9341,#9349,#9357,#9365,#9375,#9383,#9391,#9400,#9408,#9416,#9425,#9433,#9441,#9449,#9457,#9466,#9474,#9484,#9492,#9501,
#9510,#9519,#9527,#9536,#9545,#9553,#9562,#9570,#9578,#9586,#9594,#9602,#9611,#9619,#9627,#9635,#9643,#9651,#9660,#9668,#9676,#9686,#9695,#9704,#9712,
#9720,#9728,#9736,#9744,#9752,#9760,#9768,#9776,#9784,#9792,#9801,#9809,#9817,#9825,#9833,#9841,#9849,#9857,#9865,#9873,#9882,#9890,#9899,#9907,#9915,
#9923,#9931,#9941,#9949,#9957,#9965,#9973,#9981,#9989,#9998,#10006,#10014,#10022,#10030,#10038,#10046,#10055,#10063,#10072,#10080,#10088,#10096,#10104,#10112,#10120,
#10128,#10137,#10145,#10153,#10161,#10169,#10177,#10186,#10194,#10202,#10210,#10218,#10226,#10234,#10243,#10251,#10259,#10267,#10275,#10283,#10291,#10299,#10307,#10315,#10323,
#10332,#10340,#10349,#10357,#10365,#10373,#10382,#10390,#10398,#10406,#10414,#10422,#10430,#10438,#10447,#10455,#10464,#10472,#10480,#10488,#10497,#10505,#10513,#10521,#10529,
#10537,#10545,#10553,#10561,#10569,#10577,#10585,#10593,#10601,#10609,#10617,#10625,#10633,#10642,#10651,#10659,#10667,#10675,#10683,#10691,#10699,#10707,#10715,#10723,#10732,
#10740,#10748,#10756,#10764,#10772,#10780,#10790,#10798,#10806,#10814,#10822,#10830,#10838,#10846,#10854,#10863,#10872,#10881,#10889,#10897,#10906,#10914,#10923,#10931,#10939,
#10947,#10955,#10963,#10971,#10981,#10989,#10997,#11006,#11014,#11022,#11030,#11038,#11046,#11054,#11062,#11070,#11078,#11086,#11094,#11102,#11110,#11118,#11126,#11134,#11143,
#11151,#11159,#11167,#11176,#11184,#11192,#11200,#11208,#11216,#11224,#11232,#11240,#11248,#11256,#11264,#11272,#11280,#11288,#11296,#11304,#11312,#11320,#11328,#11336,#11344,
#11353,#11361,#11369,#11378,#11386,#11394,#11402,#11410,#11418,#11426,#11434,#11443,#11451,#11459,#11469,#11477,#11485,#11493,#11501,#11509,#11517,#11525,#11533,#11541,#11550,
#11558,#11566,#11574,#11583,#11591,#11599,#11607,#11615,#11623,#11631,#11639,#11647,#11655,#11664,#11672,#11680,#11689,#11697,#11705,#11713,#11721,#11729,#11738,#11746,#11754,
#11762,#11770,#11778,#11786,#11794,#11802,#11810,#11818,#11827,#11836,#11844,#11852,#11860,#11868,#11876,#11884,#11892,#11900,#11908,#11916,#11925,#11933,#11941,#11949,#11957,
#11965,#11973,#11981,#11989,#11997,#12005,#12013,#12021,#12029,#12037,#12045,#12053,#12061,#12069,#12077,#12085,#12093,#12101,#12110,#12118,#12126,#12134,#12142,#12150,#12158,
#12167,#12176,#12184,#12192,#12200,#12209,#12217,#12225,#12233,#12241,#12250,#12258,#12266,#12274,#12282,#12290,#12298,#12306,#12314,#12322,#12330,#12338,#12346,#12354,#12362,
#12370,#12378,#12386,#12394,#12402,#12410,#12418,#12426,#12434,#12442,#12451,#12459,#12467,#12475,#12483,#12491,#12499,#12507,#12515,#12523,#12531,#12539,#12548,#12556,#12564,
#12572,#12580,#12588,#12596,#12604,#12612,#12620,#12628,#12636,#12644,#12652,#12660,#12668,#12676,#12684,#12692,#12700,#12708,#12717,#12725,#12733,#12741,#12749,#12757,#12765,
#12773,#12781,#12789,#12797,#12805,#12813,#12821,#12829,#12837,#12845,#12854,#12862,#12870,#12878,#12886,#12894,#12904,#12912,#12920,#12928,#12937,#12945,#12954,#12962,#12971,
#12979,#12987,#12995,#13003,#13011,#13019,#13027,#13035,#13043,#13051,#13059,#13067,#13075,#13083,#13091,#13099,#13108,#13116,#13124,#13132,#13141,#13149,#13157,#13165,#13173,
#13181,#13190,#13198,#13206,#13214,#13222,#13230,#13238,#13246,#13254,#13262,#13270,#13278,#13286,#13294,#13302,#13310,#13318,#13326,#13334,#13342,#13350,#13358,#13366,#13374,
#13382,#13390,#13399,#13407,#13415,#13423,#13431,#13439,#13447,#13455,#13463,#13471,#13479,#13487,#13496,#13504,#13512,#13520,#13528,#13536,#13544,#13553,#13562,#13570,#13578,
#13586,#13595,#13603,#13611,#13619,#13627,#13635,#13643,#13651,#13659,#13667,#13675,#13683,#13692,#13700,#13708,#13716,#13725,#13733,#13741,#13749,#13757,#13765,#13773,#13781,
#13789,#13797,#13805,#13813,#13821,#13829,#13837,#13845,#13853,#13861,#13869,#13877,#13885,#13893,#13901,#13909,#13917,#13925,#13933,#13941,#13949,#13958,#13966,#13974,#13982,
#13990,#13998,#14006,#14014,#14022,#14030,#14038,#14046,#14054,#14062,#14070,#14078,#14086,#14094,#14102,#14110,#14118,#14126,#14134,#14142,#14150,#14158,#14166,#14174,#14182,
#14191,#14199,#14207,#14215,#14223,#14231,#14239,#14247,#14255,#14263,#14271,#14279,#14287,#14295,#14303,#14311,#14319,#14327,#14335,#14344,#14352,#14360,#14368,#14376,#14384,
#14392,#14400,#14408,#14416,#14424,#14432,#14440,#14449,#14457,#14465,#14473,#14481,#14489,#14497,#14505,#14514,#14522,#14530,#14538,#14547,#14555,#14563,#14571,#14579,#14587,
#14595,#14603,#14611,#14619,#14627,#14635,#14643,#14651,#14659,#14667,#14675,#14683,#14691,#14699,#14707,#14715,#14723,#14731,#14739,#14747,#14755,#14763,#14771,#14779,#14787,
#14795,#14803,#14811,#14819,#14827,#14835,#14843,#14851,#14860,#14868,#14876,#14884,#14892,#14900,#14908,#14916,#14924,#14932,#14940,#14948,#14956,#14965,#14973,#14981,#14989,
#14997,#15005,#15013,#15021,#15029,#15037,#15045,#15053,#15061,#15069,#15077,#15085,#15093,#15101,#15109,#15117,#15125,#15133,#15141,#15149,#15157,#15165,#15173,#15181,#15189,
#15197,#15205,#15213,#15221,#15229,#15237,#15245,#15253,#15261,#15269,#15277,#15285,#15293,#15301,#15309,#15317,#15325,#15333,#15341,#15349,#15357,#15365,#15373,#15381,#15389,
#15397,#15405,#15413,#15421,#15429,#15437,#15445,#15453,#15461,#15469,#15477,#15485,#15493,#15501,#15509,#15517,#15525,#15533,#15541,#15549,#15557,#15565,#15573,#15582,#15590,
#15598,#15606,#15614,#15622,#15630,#15638,#15646,#15655,#15663,#15671,#15679,#15687,#15695,#15703,#15711,#15719,#15727,#15735,#15743,#15751,#15759,#15767,#15775,#15783,#15791,
#15799,#15807,#15815,#15823,#15831,#15839,#15847,#15855,#15863,#15871,#15880,#15889,#15897,#15905,#15913,#15921,#15929,#15937,#15945,#15953,#15961,#15969,#15977,#15985,#15993,
#16001,#16009,#16017,#16025,#16033,#16041,#16049,#16057,#16065,#16073,#16081,#16089,#16097,#16105,#16113,#16121,#16129,#16137,#16145,#16153,#16161,#16169,#16177,#16185,#16193,
#16201,#16209,#16217,#16225,#16233,#16241,#16249,#16257,#16265,#16273,#16281,#16289,#16297,#16305,#16313,#16321,#16329,#16337,#16345,#16353,#16361,#16369,#16377,#16385,#16393,
#16401,#16409,#16417,#16425,#16433,#16441,#16449,#16457,#16465,#16473,#16481,#16489,#16497,#16505,#16513,#16521,#16529,#16537,#16545,#16553,#16561,#16569,#16577,#16585,#16593,
#16601,#16609,#16617,#16625,#16633,#16641,#16649,#16657,#16665,#16673,#16681,#16689,#16697,#16705,#16713,#16721,#16729,#16737,#16745,#16753,#16761,#16769,#16777,#16785,#16793,
#16801,#16809,#16817,#16825,#16833,#16841,#16849,#16857,#16866,#16874,#16882,#16890,#16898,#16906,#16914,#16922,#16930,#16938,#16946,#16954,#16962,#16970,#16978,#16986,#16994,
#17002,#17010,#17018,#17026,#17034,#17042,#17050,#17058,#17066,#17074,#17082,#17090,#17098,#17106,#17114,#17122,#17130,#17138,#17146,#17155,#17163,#17172,#17180,#17188,#17196,
#17204,#17213,#17221,#17229,#17237,#17245,#17253,#17261,#17269,#17277,#17285,#17293,#17301,#17309,#17317,#17325,#17333,#17341,#17349,#17357,#17365,#17373,#17381,#17389,#17397,
#17405,#17413,#17421,#17429,#17437,#17445,#17453,#17461,#17469,#17478,#17486,#17494,#17502,#17510,#17518,#17526,#17534,#17542,#17551,#17559,#17567,#17575,#17583,#17591,#17599,
#17607,#17615,#17623,#17631,#17639,#17647,#17655,#17663,#17671,#17679,#17687,#17695,#17703,#17711,#17719,#17727,#17735,#17744,#17752,#17760,#17768,#17776,#17784,#17792,#17800,
#17808,#17816,#17824,#17832,#17840,#17848,#17856,#17864,#17872,#17880,#17888,#17896,#17904,#17912,#17920,#17928,#17936,#17944,#17952,#17960,#17968,#17976,#17984,#17992,#18000,
#18008,#18016,#18024,#18032,#18040,#18048,#18056,#18064,#18072,#18080,#18088,#18096,#18104,#18112,#18120,#18128,#18136,#18144,#18152,#18160,#18168,#18176,#18184,#18192,#18200,
#18208,#18216,#18224,#18232,#18240,#18248,#18256,#18264,#18272,#18280,#18288,#18296,#18304,#18312,#18320,#18328,#18336,#18344,#18352,#18360,#18368,#18376,#18384,#18392,#18400,
#18408,#18416,#18424,#18432,#18440,#18448,#18456,#18464,#18472,#18480,#18488,#18496,#18504,#18512,#18520,#18528,#18536,#18544,#18552,#18560,#18568,#18576,#18584,#18592,#18600,
#18608,#18616,#18624,#18632,#18640,#18648,#18656,#18664,#18672,#18680,#18688,#18696,#18704,#18712,#18720,#18728,#18736,#18744,#18752,#18760,#18768,#18776,#18784,#18792,#18801,
#18809,#18817,#18825,#18833,#18841,#18849,#18857,#18865,#18873,#18881,#18889,#18897,#18905,#18913,#18921,#18929,#18937,#18945,#18953,#18961,#18969,#18977,#18985,#18993,#19001,
#19010,#19018,#19027,#19035,#19043,#19051,#19059,#19067,#19075,#19083,#19091,#19099,#19107,#19115,#19123,#19131,#19139,#19147,#19155,#19163,#19171,#19179,#19187,#19195,#19203,
#19211,#19219,#19227,#19235,#19243,#19251,#19259,#19267,#19275,#19283,#19291,#19299,#19307,#19315,#19323,#19331,#19339,#19347,#19355,#19363,#19371,#19379,#19387,#19395,#19403,
#19411,#19419,#19427,#19435,#19443,#19451,#19459,#19467));
#19469=FACETED_BREP('',#19468);
#19470=CARTESIAN_POINT('',(112.5,531.,0.));
#19471=DIRECTION('',(0.,-1.,0.));
#19472=VECTOR('',#19471,51.);
#19473=LINE('',#19470,#19472);
#19474=TRIMMED_CURVE('Line',#19473,(PARAMETER_VALUE(0.)),(PARAMETER_VALUE(1.)),.T.,.PARAMETER.);
#19475=COLOUR_RGB('',0.56078434,0.686274529,0.56078434);
#19476=DRAUGHTING_PRE_DEFINED_CURVE_FONT('continuous');
#19477=CURVE_STYLE('',#19476,POSITIVE_LENGTH_MEASURE(0.100000),#19475);
#19478=PRESENTATION_STYLE_ASSIGNMENT((#19477));
#19479=STYLED_ITEM('',(#19478),#19474);
#19480=CARTESIAN_POINT('',(70.224271987,449.539609246,0.));
#19481=DIRECTION('',(-1.,0.,0.));
#19482=VECTOR('',#19481,25.);
#19483=LINE('',#19480,#19482);
#19484=TRIMMED_CURVE('Line',#19483,(PARAMETER_VALUE(0.)),(PARAMETER_VALUE(1.)),.T.,.PARAMETER.);
#19485=PRESENTATION_STYLE_ASSIGNMENT((#19477));
#19486=STYLED_ITEM('',(#19485),#19484);
#19487=CARTESIAN_POINT('',(50.,400.,0.));
#19488=DIRECTION('',(1.,0.,0.));
#19489=VECTOR('',#19488,150.);
#19490=LINE('',#19487,#19489);
#19491=TRIMMED_CURVE('Line',#19490,(PARAMETER_VALUE(0.)),(PARAMETER_VALUE(1.)),.T.,.PARAMETER.);
#19492=PRESENTATION_STYLE_ASSIGNMENT((#19477));
#19493=STYLED_ITEM('',(#19492),#19491);
#19494=CARTESIAN_POINT('',(45.224271987,424.539609246,0.));
#19495=DIRECTION('',(0.,-0.,1.));
#19496=DIRECTION('',(0.,1.,0.));
#19497=AXIS2_PLACEMENT_3D('',#19494,#19495,#19496);
#19498=CIRCLE('',#19497,25.);
#19499=TRIMMED_CURVE('Arc',#19498,(PARAMETER_VALUE(0.)),(PARAMETER_VALUE(191.012848582)),.T.,.PARAMETER.);
#19500=PRESENTATION_STYLE_ASSIGNMENT((#19477));
#19501=STYLED_ITEM('',(#19500),#19499);
#19502=CARTESIAN_POINT('',(200.,350.,0.));
#19503=DIRECTION('',(-1.,0.,0.));
#19504=VECTOR('',#19503,150.);
#19505=LINE('',#19502,#19504);
#19506=TRIMMED_CURVE('Line',#19505,(PARAMETER_VALUE(0.)),(PARAMETER_VALUE(1.)),.T.,.PARAMETER.);
#19507=PRESENTATION_STYLE_ASSIGNMENT((#19477));
#19508=STYLED_ITEM('',(#19507),#19506);
#19509=CARTESIAN_POINT('',(200.,375.,0.));
#19510=DIRECTION('',(0.,0.,1.));
#19511=DIRECTION('',(0.,-1.,0.));
#19512=AXIS2_PLACEMENT_3D('',#19509,#19510,#19511);
#19513=CIRCLE('',#19512,25.);
#19514=TRIMMED_CURVE('Arc',#19513,(PARAMETER_VALUE(0.)),(PARAMETER_VALUE(180.)),.T.,.PARAMETER.);
#19515=PRESENTATION_STYLE_ASSIGNMENT((#19477));
#19516=STYLED_ITEM('',(#19515),#19514);
#19517=CARTESIAN_POINT('',(76.131940616,485.90766863,0.));
#19518=DIRECTION('',(0.,0.,1.));
#19519=DIRECTION('',(-0.160339455,-0.987061933,0.));
#19520=AXIS2_PLACEMENT_3D('',#19517,#19518,#19519);
#19521=CIRCLE('',#19520,36.844759355);
#19522=TRIMMED_CURVE('Arc',#19521,(PARAMETER_VALUE(0.)),(PARAMETER_VALUE(90.)),.T.,.PARAMETER.);
#19523=PRESENTATION_STYLE_ASSIGNMENT((#19477));
#19524=STYLED_ITEM('',(#19523),#19522);
#19525=CARTESIAN_POINT('',(50.,300.,0.));
#19526=DIRECTION('',(1.,0.,0.));
#19527=VECTOR('',#19526,150.);
#19528=LINE('',#19525,#19527);
#19529=TRIMMED_CURVE('Line',#19528,(PARAMETER_VALUE(0.)),(PARAMETER_VALUE(1.)),.T.,.PARAMETER.);
#19530=PRESENTATION_STYLE_ASSIGNMENT((#19477));
#19531=STYLED_ITEM('',(#19530),#19529);
#19532=CARTESIAN_POINT('',(50.,325.,0.));
#19533=DIRECTION('',(0.,-0.,1.));
#19534=DIRECTION('',(0.,1.,0.));
#19535=AXIS2_PLACEMENT_3D('',#19532,#19533,#19534);
#19536=CIRCLE('',#19535,25.);
#19537=TRIMMED_CURVE('Arc',#19536,(PARAMETER_VALUE(0.)),(PARAMETER_VALUE(180.)),.T.,.PARAMETER.);
#19538=PRESENTATION_STYLE_ASSIGNMENT((#19477));
#19539=STYLED_ITEM('',(#19538),#19537);
#19540=CARTESIAN_POINT('',(200.,250.,0.));
#19541=DIRECTION('',(-1.,-0.,0.));
#19542=VECTOR('',#19541,150.);
#19543=LINE('',#19540,#19542);
#19544=TRIMMED_CURVE('Line',#19543,(PARAMETER_VALUE(0.)),(PARAMETER_VALUE(1.)),.T.,.PARAMETER.);
#19545=PRESENTATION_STYLE_ASSIGNMENT((#19477));
#19546=STYLED_ITEM('',(#19545),#19544);
#19547=CARTESIAN_POINT('',(200.,275.,0.));
#19548=DIRECTION('',(0.,0.,-1.));
#19549=DIRECTION('',(0.,1.,0.));
#19550=AXIS2_PLACEMENT_3D('',#19547,#19548,#19549);
#19551=CIRCLE('',#19550,25.);
#19552=TRIMMED_CURVE('Arc',#19551,(PARAMETER_VALUE(0.)),(PARAMETER_VALUE(180.)),.T.,.PARAMETER.);
#19553=PRESENTATION_STYLE_ASSIGNMENT((#19477));
#19554=STYLED_ITEM('',(#19553),#19552);
#19555=CARTESIAN_POINT('',(50.,200.,0.));
#19556=DIRECTION('',(1.,0.,0.));
#19557=VECTOR('',#19556,45.);
#19558=LINE('',#19555,#19557);
#19559=TRIMMED_CURVE('Line',#19558,(PARAMETER_VALUE(0.)),(PARAMETER_VALUE(1.)),.T.,.PARAMETER.);
#19560=PRESENTATION_STYLE_ASSIGNMENT((#19477));
#19561=STYLED_ITEM('',(#19560),#19559);
#19562=CARTESIAN_POINT('',(50.,225.,0.));
#19563=DIRECTION('',(0.,0.,-1.));
#19564=DIRECTION('',(0.,-1.,0.));
#19565=AXIS2_PLACEMENT_3D('',#19562,#19563,#19564);
#19566=CIRCLE('',#19565,25.);
#19567=TRIMMED_CURVE('Arc',#19566,(PARAMETER_VALUE(0.)),(PARAMETER_VALUE(180.)),.T.,.PARAMETER.);
#19568=PRESENTATION_STYLE_ASSIGNMENT((#19477));
#19569=STYLED_ITEM('',(#19568),#19567);
#19570=CARTESIAN_POINT('',(97.164340926,162.164340926,0.));
#19571=DIRECTION('',(0.,0.,-1.));
#19572=DIRECTION('',(0.384313017,0.923202851,0.));
#19573=AXIS2_PLACEMENT_3D('',#19570,#19571,#19572);
#19574=CIRCLE('',#19573,37.897512705);
#19575=TRIMMED_CURVE('Arc',#19574,(PARAMETER_VALUE(334.124937371)),(PARAMETER_VALUE(67.398901839)),.T.,.PARAMETER.);
#19576=PRESENTATION_STYLE_ASSIGNMENT((#19477));
#19577=STYLED_ITEM('',(#19576),#19575);
#19578=CARTESIAN_POINT('',(135.061853631,162.164340926,0.));
#19579=DIRECTION('',(0.,-1.,0.));
#19580=VECTOR('',#19579,18.164340926);
#19581=LINE('',#19578,#19580);
#19582=TRIMMED_CURVE('Line',#19581,(PARAMETER_VALUE(0.)),(PARAMETER_VALUE(1.)),.T.,.PARAMETER.);
#19583=PRESENTATION_STYLE_ASSIGNMENT((#19477));
#19584=STYLED_ITEM('',(#19583),#19582);
#19585=GEOMETRIC_CURVE_SET('',(#19474,#19484,#19491,#19499,#19506,#19514,#19522,#19529,#19537,#19544,#19552,#19559,#19567,#19575,#19582));
#35=SHAPE_REPRESENTATION('Geom',(#15),#33);
#37=GEOMETRICALLY_BOUNDED_WIREFRAME_SHAPE_REPRESENTATION('Geom',(#19585),#33);
#19593=SHAPE_REPRESENTATION_RELATIONSHIP('','',#35,#37);
#39=FACETED_BREP_SHAPE_REPRESENTATION('Geom',(#19469),#33);
#19601=SHAPE_REPRESENTATION_RELATIONSHIP('','',#35,#39);
#19602=APPLICATION_CONTEXT('data for automotive mechanical design processes');
#19603=APPLICATION_PROTOCOL_DEFINITION('international standard','automotive_design',1994,#19602);
#19604=PRODUCT_CONTEXT('',#19602,'mechanical');
#19605=PRODUCT_DEFINITION_CONTEXT('part definition',#19602,'design');
#43=PRODUCT('Geom','Geom','',(#19604));
#19606=PRODUCT_RELATED_PRODUCT_CATEGORY('part','',(#43));
#19607=PRODUCT_DEFINITION_FORMATION_WITH_SPECIFIED_SOURCE('','',#43,.NOT_KNOWN.);
#44=PRODUCT_DEFINITION('design','',#19607,#19605);
#42=PRODUCT_DEFINITION_SHAPE('','',#44);
#19608=SHAPE_DEFINITION_REPRESENTATION(#42,#35);
#34=DRAUGHTING_MODEL('',(),#33);
#16=SHAPE_REPRESENTATION('Geom',(#15,#48),#10);
#24=PRODUCT('Geom','Geom','',(#19604));
#19609=PRODUCT_RELATED_PRODUCT_CATEGORY('part','',(#24));
#19610=PRODUCT_DEFINITION_FORMATION_WITH_SPECIFIED_SOURCE('','',#24,.NOT_KNOWN.);
#25=PRODUCT_DEFINITION('design','',#19610,#19605);
#23=PRODUCT_DEFINITION_SHAPE('','',#25);
#19611=SHAPE_DEFINITION_REPRESENTATION(#23,#16);
#11=DRAUGHTING_MODEL('',(),#10);
#1=MECHANICAL_DESIGN_GEOMETRIC_PRESENTATION_REPRESENTATION('',(#19479,#19486,#19493,#19501,#19508,#19516,#19524,#19531,#19539,#19546,#19554,#19561,#19569,#19577,#19584),#10);
ENDSEC;
END-ISO-10303-21;
